# Blender v2.82 (sub 7) OBJ File: ''
# www.blender.org
o asteroid3
v 1.657936 -0.204783 0.614350
v 1.575608 -0.406831 0.601813
v 1.609308 -0.394635 0.442221
v 1.704843 -0.188941 0.439058
v 1.427028 -0.597027 0.587604
v 1.441272 -0.588309 0.439264
v 1.489245 0.393147 0.748681
v 1.591698 0.411718 0.589142
v 1.460157 0.578962 0.574999
v 1.381989 0.569091 0.727129
v 1.617634 0.396396 0.427190
v 1.662982 0.273603 0.592740
v 1.687912 0.283020 0.435523
v 1.396829 -0.161314 -0.366892
v 1.311527 -0.319952 -0.366892
v 1.165939 -0.304979 -0.513973
v 1.238094 -0.155950 -0.511249
v 1.162482 -0.469920 -0.379969
v 1.397388 -0.328340 -0.231487
v 1.237117 -0.492147 -0.236021
v 1.235094 0.300960 -0.465934
v 1.332408 0.315949 -0.356760
v 1.407057 0.159993 -0.358549
v 1.285787 0.153717 -0.476644
v 1.382041 0.331519 -0.255049
v 1.480817 0.167060 -0.242913
v -1.400901 -0.153257 0.309314
v -1.337133 -0.306105 0.300481
v -1.261705 -0.291829 0.417337
v -1.306273 -0.147860 0.429469
v -1.237645 -0.437031 0.285805
v -1.141030 -0.463221 0.413385
v -1.345473 0.329125 0.204331
v -1.292088 0.322812 0.322703
v -1.155013 0.485066 0.299131
v -1.192248 0.305577 0.452413
v -1.380077 0.162458 0.322703
v -1.261937 0.145027 0.460341
v -1.867045 -0.135016 -0.781634
v -1.816971 -0.230060 -0.750865
v -1.843475 -0.228842 -0.588175
v -1.899544 -0.118447 -0.627628
v -1.651588 0.511785 -0.978281
v -1.751784 0.502042 -0.801050
v -1.575219 0.710026 -0.787543
v -1.522119 0.702044 -0.950580
v -1.740065 0.479906 -0.631821
v -1.522542 0.712345 -0.627656
v 0.720251 -0.613939 1.046867
v 0.709869 -0.423121 1.163101
v 0.512075 -0.479975 1.188794
v 0.494124 -0.645196 1.079857
v 0.788642 -0.316169 1.178637
v 0.979121 -0.367355 1.081517
v 0.548992 -0.402829 1.233528
v 0.419017 0.325035 1.224830
v 0.706507 0.418848 1.142817
v 0.374345 0.462367 1.119416
v 0.776390 0.610547 0.990384
v 1.022616 0.396099 1.042503
v 1.016964 0.577472 0.954422
v 0.746551 0.175824 1.197867
v 1.026809 0.183989 1.088744
v 0.339563 -0.118509 -1.466805
v 0.343640 -0.221765 -1.417717
v 0.087969 -0.214023 -1.469732
v 0.090639 -0.133391 -1.518063
v 0.354253 -0.308285 -1.327386
v 0.503939 -0.208379 -1.333942
v 0.506953 -0.309796 -1.259283
v 0.376594 0.561057 -1.374347
v 0.112094 0.550757 -1.443746
v 0.116031 0.684229 -1.382727
v 0.337744 0.343086 -1.450995
v 0.089966 0.343478 -1.506491
v 0.482148 0.577987 -1.319391
v 0.456778 0.323966 -1.398836
v 0.662185 -1.015070 0.436502
v 0.683032 -0.992543 0.600383
v 0.392563 -1.046123 0.608631
v 0.369362 -1.080108 0.416179
v 0.686278 -0.914877 0.771408
v 0.404323 -0.941171 0.812684
v 0.829397 0.973448 0.408393
v 0.845058 0.944977 0.543894
v 1.067225 0.863758 0.553462
v 1.049273 0.878546 0.414629
v 0.836147 0.872965 0.691814
v 1.048158 0.812688 0.698012
v 0.339242 -0.886370 -0.338139
v 0.542304 -0.832040 -0.345918
v 0.384266 -0.941197 -0.177794
v 0.758707 -0.724644 -0.384081
v 0.498765 -0.739018 -0.503041
v 0.112576 1.208151 -0.795983
v 0.346069 1.179866 -0.776318
v 0.349784 1.066591 -0.941276
v 0.116703 1.101965 -0.966767
v 0.467052 1.142736 -0.733844
v 0.462069 1.040022 -0.900112
v -0.347385 -0.321760 1.205070
v -0.351503 -0.456807 1.145955
v -0.099102 -0.461578 1.194792
v -0.107572 -0.343650 1.247211
v -0.358066 -0.627888 1.034223
v -0.530435 -0.418584 1.067676
v -0.542588 -0.596007 0.948275
v -0.360595 0.116508 1.229612
v -0.388581 0.256644 1.182723
v -0.528843 0.248557 1.114025
v -0.534072 0.109572 1.148074
v -0.395648 0.365809 1.102278
v -0.241146 0.268333 1.217438
v -0.248361 0.377696 1.134608
v -0.788295 -0.111699 -1.492882
v -0.798210 -0.198143 -1.416140
v -1.117344 -0.215232 -1.265150
v -1.164559 -0.134466 -1.308106
v -0.641777 -0.285485 -1.344150
v -0.812470 0.767871 -1.286941
v -0.877795 0.556564 -1.387289
v -1.173937 0.537581 -1.285971
v -1.125697 0.732764 -1.208269
v -0.884791 0.328475 -1.448991
v -1.188570 0.322959 -1.332922
v -0.632367 0.569010 -1.438330
v -0.682350 0.339284 -1.503565
v -0.364924 -1.071960 0.435080
v -0.369755 -1.041427 0.564970
v -0.536132 -0.965257 0.561008
v -0.525041 -1.013602 0.422969
v -0.377909 -0.980905 0.676635
v -0.526937 0.853102 0.297387
v -0.345370 0.891416 0.325093
v -0.265441 0.948970 0.134923
v -0.542934 0.753087 0.483942
v -0.371237 0.816923 0.458173
v -0.206494 -0.875579 -0.378781
v -0.468218 -0.838761 -0.344005
v -0.438475 -0.758938 -0.486778
v -1.046257 1.032955 -0.792573
v -0.727199 1.158423 -0.782672
v -0.784054 1.065592 -0.961971
v -1.053507 0.986670 -0.940630
v -0.522927 1.110174 -0.991178
v -0.634040 1.211820 -0.723027
v -0.671579 1.195200 -0.684665
v 1.462444 -0.345810 0.007896
v 1.334662 -0.511234 0.056654
v 1.242179 -0.542671 -0.067698
v 1.563772 -0.330652 0.161538
v 1.579992 0.287346 0.083256
v 1.503090 0.334545 0.048662
v 1.514868 0.395648 0.133618
v 1.587206 0.317279 0.113680
v 1.421489 0.357179 -0.101033
v 1.546607 0.242865 0.018180
v 1.491528 0.239295 -0.140053
v 0.459228 -0.972228 -0.026267
v 0.541973 -0.941347 0.024078
v 0.426428 -0.980431 0.042571
v 0.331716 -0.994479 -0.011621
v 0.593418 -0.913303 -0.031418
v 0.500208 -0.962100 -0.048525
v 0.583269 0.914763 0.009081
v 0.651227 0.924806 0.087206
v 0.880452 0.819873 0.058005
v 0.812692 0.818887 -0.032689
v -0.114161 0.929951 0.333675
v 0.128948 0.953256 0.382282
v 0.109302 0.985632 0.257021
v -0.815650 -0.398187 0.788236
v -0.917648 -0.306399 0.717114
v -0.896475 -0.455203 0.654793
v -0.912594 -0.176486 0.762863
v -1.169746 -0.144597 0.551430
v -0.397511 0.561537 0.847829
v -0.433298 0.570381 0.789603
v -0.471126 0.512387 0.875810
v -0.413233 0.539575 0.889555
v -0.418316 0.728642 0.573061
v -0.655352 0.252494 1.014182
v -0.875658 0.280991 0.750583
v -0.906569 0.134064 0.770267
v -0.669155 0.118831 1.036322
v -0.790392 0.381492 0.768726
v -0.940394 0.421184 0.596078
v -0.761112 -0.840874 0.403016
v -0.855300 -0.739308 0.389190
v -0.827701 -0.786890 0.263026
v -0.745918 -0.861770 0.336383
v -1.110749 -0.559752 0.276705
v -0.892849 -0.680733 0.430729
v -1.096160 -0.540667 0.359833
v -0.423380 -0.957497 0.023518
v -0.622524 -0.894257 0.052816
v -0.048163 0.604945 0.825252
v 0.069213 0.650034 0.795518
v -1.592875 -0.190727 -0.168193
v -1.595601 -0.252801 -0.209910
v -1.487219 -0.299071 -0.087644
v -1.492065 -0.215566 0.009906
v -1.530261 -0.348557 -0.241692
v -1.305566 -0.446681 -0.024507
v -1.688344 -0.220869 -0.266899
v -1.660621 -0.204625 -0.235750
v -1.077803 -0.585257 -0.351406
v -1.259824 -0.493360 -0.433458
v -1.101262 -0.492080 -0.583508
v -0.960323 -0.583567 -0.474446
v -1.546451 0.373605 -0.273561
v -1.474201 0.357122 -0.173328
v -1.336691 0.527964 -0.202264
v -1.420149 0.343072 -0.043625
v -1.249812 0.511235 -0.028695
v -1.593130 0.178059 -0.209752
v -1.517188 0.163707 -0.022662
v 0.446413 -0.572021 -0.752032
v 0.417664 -0.490962 -0.900485
v 0.568462 -0.462915 -0.888312
v 0.642663 -0.548018 -0.701122
v 0.616707 -0.226795 -1.200822
v 0.790658 -0.252779 -0.900485
v 0.746737 -0.349074 -0.888312
v 0.605229 -0.311816 -1.161348
v 0.917598 -0.271137 -0.752032
v 0.879740 -0.396666 -0.701373
v 0.808030 -0.114219 -0.920133
v 0.958700 -0.137715 -0.754953
v 0.711397 0.305725 -1.032548
v 0.813361 0.379395 -0.835494
v 0.827041 0.190256 -0.882611
v 0.952772 0.318616 -0.707200
v 0.987460 0.164766 -0.724113
v 0.899277 0.505847 -0.640223
v 0.773641 0.839105 -0.453711
v 0.791929 0.714622 -0.588112
v 0.698442 0.829428 -0.665923
v 0.918905 0.716140 -0.385322
v 0.932672 0.621418 -0.494048
v 0.765773 0.881297 -0.360463
v 0.932737 0.737516 -0.294882
v 0.397265 1.100588 -0.344332
v 0.466326 0.969655 -0.154559
v 0.630189 0.927886 -0.200044
v 0.546650 1.062707 -0.346007
v 0.221570 1.050672 -0.214251
v 0.250838 1.001498 -0.102065
v -0.469397 -0.597924 -0.703986
v -0.523362 -0.509400 -0.839564
v -0.276291 -0.510076 -0.895758
v -0.243279 -0.615595 -0.724773
v -0.595123 0.973652 -0.243318
v -0.379876 1.011863 -0.197897
v -0.465802 1.118537 -0.420467
v -0.513492 0.918386 -0.037818
v -0.257138 0.990560 -0.080156
v -0.821982 0.850534 -0.186640
v -0.781260 0.809370 -0.023420
v 1.743723 -0.008389 0.435965
v 1.703466 -0.017650 0.607066
v 1.704995 0.127597 0.596785
v 1.737275 0.137133 0.446305
v 1.423338 -0.559526 0.296066
v 1.586042 -0.367868 0.253960
v 1.297825 -0.288246 0.944441
v 1.264713 -0.423694 0.917824
v 1.454509 -0.407727 0.771408
v 1.495686 -0.210878 0.812684
v 1.181483 -0.738883 0.722545
v 1.220929 -0.764237 0.580082
v 1.349228 -0.587986 0.737589
v 0.966042 -0.897328 0.587604
v 0.952915 -0.847647 0.737589
v 1.687143 0.250804 0.237576
v 1.617882 0.357657 0.276626
v 1.629833 0.324539 0.186653
v 1.657421 0.300438 0.217221
v 1.234540 0.560143 0.859804
v 1.289473 0.388720 0.909663
v 1.271498 0.740603 0.418373
v 1.281090 0.741065 0.559907
v 1.469891 0.564405 0.422017
v 1.299011 -0.000561 -0.481999
v 1.427820 -0.000330 -0.364806
v 1.018775 -0.640000 -0.261877
v 0.963473 -0.604454 -0.401709
v 0.772442 -0.771629 -0.257238
v 1.210078 0.465076 -0.349011
v 1.135444 0.428102 -0.467799
v -1.313515 0.002597 0.434984
v -1.414613 0.002300 0.319356
v -1.407485 -0.326945 0.045104
v -1.457602 -0.159641 0.169582
v -1.098616 -0.433829 0.490241
v -1.159603 -0.283967 0.523405
v -1.097594 -0.590472 0.152510
v -1.248531 -0.459141 0.155187
v -0.890703 0.585663 0.459337
v -0.958757 0.622581 0.322539
v -1.072942 0.457914 0.436822
v -0.739339 0.761735 0.297993
v -0.715920 0.690920 0.457403
v -1.854053 0.293185 -0.807664
v -1.897154 0.110899 -0.806680
v -1.902936 0.085575 -0.623374
v -1.855898 0.261345 -0.628360
v -1.896218 -0.017374 -0.797390
v -1.914074 -0.018492 -0.622964
v -1.483076 -0.124623 -1.144738
v -1.432915 -0.224297 -1.101415
v -1.676603 -0.214657 -0.928547
v -1.739275 -0.067577 -0.975009
v -1.438101 -0.382972 -0.754014
v -1.592193 -0.378224 -0.615085
v -1.720968 -0.311619 -0.694165
v -1.572148 -0.314268 -0.851112
v -1.370020 0.704317 -1.097308
v -1.454099 0.520007 -1.145820
v -1.320137 0.885677 -0.664593
v -1.351611 0.887309 -0.790052
v -1.038801 1.034926 -0.697527
v 0.648208 -0.124335 1.274447
v 1.007664 -0.083756 1.119070
v 0.692645 -0.174294 1.256736
v 0.514949 -0.813203 0.944441
v 0.709564 -0.791785 0.917824
v 0.253423 -0.376903 1.280248
v 0.203590 -0.322878 1.298493
v 0.338564 -0.410214 1.261215
v 1.021572 0.719278 0.835819
v 0.810609 0.760470 0.843521
v -0.141221 0.297835 1.218686
v 0.168797 0.293208 1.245578
v -0.034669 0.397392 1.147432
v 0.328380 0.141315 -1.500063
v 0.072842 0.140963 -1.550402
v 0.336770 0.007564 -1.495495
v 0.068731 0.006834 -1.556272
v 0.513815 -0.371651 -1.160560
v 0.374278 -0.378687 -1.203028
v -0.225068 -0.288658 -1.395205
v -0.200528 -0.197180 -1.508929
v 0.116853 -0.300597 -1.368096
v -0.134756 -0.103212 -1.560952
v -0.292066 -0.157080 -1.555839
v -0.238744 -0.109916 -1.575111
v 0.381431 0.917523 -1.116772
v 0.125213 0.971869 -1.139286
v 0.121179 0.869421 -1.247103
v -0.182696 0.339028 -1.544831
v -0.160934 0.555726 -1.485276
v -0.382419 0.573812 -1.470981
v -0.428152 0.357638 -1.538833
v 0.449753 -1.051439 0.288748
v 0.661281 -0.992907 0.288085
v 0.110021 -0.974103 0.787947
v 0.108735 -1.073729 0.608035
v -0.158165 -1.067362 0.598153
v -0.189632 -0.967623 0.763629
v 1.014696 0.862754 0.283667
v 0.784691 0.969133 0.274330
v 0.983889 0.822085 0.162730
v 0.471209 1.031271 0.373194
v 0.428512 0.989671 0.472266
v 0.641086 0.982655 0.519436
v 0.638053 1.020521 0.397274
v 0.324835 1.017200 0.328078
v 0.011448 -0.895466 -0.373737
v 0.014802 -0.948972 -0.251072
v -0.225611 -0.935660 -0.201675
v 0.183317 -0.896741 -0.359165
v 0.178643 -0.972580 -0.178732
v -0.139327 1.128852 -0.981318
v -0.159892 1.238975 -0.788640
v -0.320459 1.129964 -0.989662
v -0.173639 1.268835 -0.686066
v -0.233463 1.269885 -0.725534
v -0.351420 -0.045180 1.246207
v -0.101219 -0.043946 1.292226
v -0.126129 0.142024 1.271594
v -0.346854 -0.178682 1.237891
v -0.106285 -0.165676 1.287509
v -0.545421 -0.741908 0.829238
v -0.366990 -0.788683 0.905146
v -0.409037 -0.909288 0.756620
v -0.529750 -0.859349 0.723207
v -0.351424 0.464945 1.018781
v -0.388246 0.513796 0.948809
v -0.353783 0.502047 0.983286
v -0.758598 0.039709 -1.538907
v -1.188757 0.135266 -1.351364
v -0.804438 -0.001742 -1.519598
v -1.193659 0.020872 -1.343535
v -0.409437 -0.370910 -1.237912
v -0.686546 -0.380409 -1.145130
v -1.075128 0.888972 -1.094820
v -0.811785 0.941534 -1.140877
v -0.529355 -1.021874 0.308174
v -0.378363 -1.064770 0.282401
v -0.579713 -0.974062 0.208907
v 0.518932 -0.909197 -0.154756
v 0.443427 -0.960292 -0.116464
v 0.588322 -0.908697 -0.088361
v 0.493956 -0.956267 -0.090842
v 0.753135 0.838038 -0.112014
v 0.526241 0.923826 -0.064790
v -0.714651 -0.380726 0.923688
v -0.712102 -0.548556 0.823690
v -0.734329 -0.847372 0.527427
v -0.666703 -0.934718 0.386110
v -0.754325 -0.841487 0.496573
v -0.493574 -0.878578 -0.187069
v -0.743882 -0.790287 -0.135960
v -0.432860 -0.943259 -0.032971
v -0.711453 0.467635 0.746547
v -0.581941 0.509148 0.788212
v 0.369964 0.717058 0.824431
v 0.216233 0.544091 0.998668
v 0.559945 0.648840 0.947090
v 0.131416 0.585597 0.918306
v -0.257372 0.607427 0.775789
v -0.236959 0.577398 0.857644
v -0.175299 0.555661 0.917277
v -0.102226 0.862053 0.464639
v 0.078066 0.866307 0.511641
v -0.785430 -0.815979 0.131510
v 0.207605 0.993468 0.146876
v 0.374490 0.970456 0.069555
v -0.880201 -0.603013 0.555507
v -0.805782 -0.596633 0.668057
v -0.834222 -0.655694 0.596314
v -1.094063 -0.001307 0.622528
v -0.909742 -0.016033 0.781556
v 1.014944 -0.700608 -0.060173
v 1.088603 -0.685678 0.046046
v 0.810047 -0.815984 -0.002472
v 1.042984 0.685148 -0.057782
v 1.092593 0.692198 0.049822
v 1.310105 0.510933 0.033085
v 1.249585 0.511726 -0.119823
v 1.620801 0.013922 0.043760
v 1.569988 -0.162474 0.029266
v 1.602688 0.103808 0.022583
v 1.687818 0.055188 0.116778
v 1.660148 0.081559 0.086417
v -0.031697 -1.004309 -0.067949
v 0.067181 -1.021577 0.026220
v -0.167439 -1.007766 0.035430
v 0.203734 -1.017452 0.051014
v 0.149252 -1.021809 -0.024085
v -1.811878 -0.220817 -0.445307
v -1.842306 -0.144606 -0.413286
v -1.815333 -0.184378 -0.390776
v -1.777347 -0.211013 -0.355320
v -0.699331 -0.763367 -0.321891
v -0.648119 -0.714519 -0.455671
v -1.691096 0.435638 -0.486169
v -1.494326 0.630491 -0.474400
v -1.620287 0.380749 -0.345732
v 0.596845 0.325832 -1.231108
v 0.618018 0.474672 -1.151252
v 0.539739 0.460257 -1.276952
v 0.613220 0.599983 -1.125843
v 0.628570 1.010293 -0.625351
v 0.531838 1.087116 -0.712832
v 0.544644 1.001955 -0.818451
v 0.513745 1.130934 -0.455983
v 0.341310 1.172202 -0.454302
v 0.343837 1.205771 -0.587928
v 0.493425 1.158134 -0.591696
v -0.568600 1.176387 -0.545161
v -0.750429 1.125718 -0.596954
v -0.637697 1.176848 -0.588741
v 0.695355 -0.430158 -0.835979
v -0.740468 -0.580372 -0.622803
v -0.749641 -0.496793 -0.775722
v 0.004115 1.057941 -0.199577
v 0.004437 1.011921 -0.074805
v -0.180555 1.062583 -0.241054
v 0.008254 -0.617843 -0.738143
v 0.107423 -0.515093 -0.906330
v 0.247268 -0.613525 -0.729140
v 0.988407 0.004593 -0.739723
v 0.828303 0.026681 -0.903929
v -1.037136 0.676212 -0.048349
v -1.108477 0.705784 -0.214147
v -1.352639 -0.467978 -0.216796
v -1.347072 -0.481673 -0.327179
v -1.140909 -0.580377 -0.237196
v -1.642382 0.004424 -0.198442
v -1.566490 0.013854 -0.040189
v -1.621046 -0.078589 -0.168463
v -1.547000 -0.081997 -0.006008
v 0.746379 0.885749 -0.264251
v 0.788337 0.539975 -0.753382
v 1.505355 0.000634 -0.258296
v 1.554346 -0.011053 -0.161791
v 1.515986 -0.164206 -0.164084
v 1.472269 -0.164526 -0.263423
v 1.540550 0.107656 -0.157846
v -1.475252 0.001336 0.195644
v -1.439394 0.164983 0.204331
v 1.328148 0.192558 0.932675
v 1.327744 -0.063280 0.957789
v 1.556895 -0.005544 0.782191
v 1.575658 0.199357 0.740605
v 0.941332 -0.748843 0.873011
v 1.113072 -0.693710 0.824603
v 1.197466 -0.580123 0.873011
v 0.961335 -0.592374 0.977662
v 1.048105 -0.671339 -0.104772
v 0.788892 -0.811977 -0.088262
v 1.239693 0.713500 0.701667
v 1.170678 0.668048 0.801067
v 0.988672 0.705720 -0.165780
v 1.225749 0.495749 -0.256208
v 0.107189 -0.832618 0.952709
v -0.142032 -0.824191 0.932943
v 0.238670 -0.638451 1.107759
v 0.362465 -0.798717 0.977720
v 0.116801 0.121330 1.292382
v 0.263190 -0.132182 1.332698
v 0.345875 -0.098466 1.327642
v 0.355811 0.159883 1.279164
v 0.108719 -0.201406 1.311392
v 0.205415 -0.192478 1.327949
v -0.310771 0.043929 -1.606829
v -0.248960 -0.001393 -1.602803
v -1.500969 0.318363 -1.175010
v -1.517489 0.134119 -1.184080
v -1.757665 0.112304 -0.995469
v -1.729270 0.310314 -0.994902
v -1.510519 0.002012 -1.172234
v -0.139065 1.000583 -1.164061
v -0.353030 0.984712 -1.179102
v 0.050500 -0.983486 -0.152241
v 0.141443 -1.008747 -0.117104
v -0.230771 -0.977529 -0.055417
v -0.990599 0.647312 0.176718
v 0.268059 -0.817024 -0.459063
v -1.043536 -0.641831 -0.028957
v -1.327285 0.865527 -0.931471
v -1.265379 0.823754 -1.043880
v 0.022487 0.989653 0.065563
v 0.290320 0.975085 -0.009878
v -0.531054 0.438650 0.958481
v -0.627098 0.413615 0.920963
v -0.639547 0.368799 0.958060
v -0.516898 0.352650 1.054860
v -0.077785 0.486247 1.032294
v -0.197901 0.450867 1.066058
v -0.163479 0.516092 0.999689
v -0.074637 0.537619 0.948165
v -0.154168 0.530951 0.971672
v 0.411832 0.916247 0.583434
v 0.607042 0.785650 0.804738
v 0.632419 0.900643 0.658722
v -0.635177 -0.964651 0.286664
v 0.439818 1.031013 0.266676
v 0.608852 1.025223 0.292002
v 0.539016 1.007743 0.203388
v -0.687230 -0.703580 0.730886
v -0.655881 -0.802690 0.668510
v -0.743463 -0.729537 0.667586
v -0.777357 -0.687726 0.660036
v -0.671591 -0.043559 1.040302
v -0.528097 -0.055466 1.159141
v -0.667485 -0.221417 1.019088
v -0.506432 -0.237716 1.149360
v -0.794023 -0.222129 0.883994
v 1.216479 -0.761670 0.436255
v 1.188076 -0.736780 0.294863
v 0.904725 -0.887336 0.277710
v 1.417019 0.540276 0.225970
v 1.236378 0.725077 0.293705
v 1.200595 0.689986 0.168471
v 1.690106 -0.175193 0.302007
v 1.736056 0.020399 0.280155
v 1.738335 0.080429 0.220098
v 1.731946 0.053477 0.191728
v 0.045868 -1.099256 0.281841
v -0.160340 -1.095103 0.298483
v -0.164424 -1.055934 0.163786
v 0.096014 -1.108044 0.439489
v 0.247479 -1.080790 0.266795
v 0.589752 -0.365720 -1.096300
v -1.142289 -0.381405 -0.952782
v -1.341670 -0.311311 -1.012804
v -1.048418 -0.302337 -1.165210
v -0.083751 1.198058 -0.482594
v 0.180895 1.122601 -0.345881
v -0.279101 1.171452 -0.450327
v -0.052989 1.241487 -0.594008
v -0.146640 1.250553 -0.585305
v -0.075385 -0.380042 -1.239212
v 0.183513 -0.381056 -1.227073
v 0.617622 -0.082757 -1.236274
v 0.635183 0.073206 -1.214229
v 0.526547 0.147120 -1.357462
v -0.888442 0.938369 -0.387659
v -1.236797 0.809591 -0.463368
v -1.662271 -0.371587 -0.499403
v -1.647541 -0.371546 -0.399271
v -1.751780 -0.301405 -0.447216
v -1.769243 -0.303778 -0.555994
v -1.699397 -0.313572 -0.370069
v -1.842067 -0.029123 -0.397410
v -1.797798 0.230984 -0.480972
v -1.856450 -0.060053 -0.417588
v -1.813890 -0.014055 -0.363745
v -1.720723 0.226227 -0.366008
v 0.615208 1.049978 -0.404222
v 0.602949 1.077776 -0.515612
v 0.616289 0.792525 -0.928226
v 0.545466 0.890486 -0.964131
v 0.646778 0.665852 -0.983535
v 0.614966 0.719679 -1.037435
v 0.032489 0.793989 -1.323954
v 0.486091 0.869994 -1.103505
v 0.456374 0.796438 -1.148189
v 0.523193 0.576642 -1.213354
v 0.452888 0.637093 -1.267079
v -1.730726 -0.224340 -0.310797
v -1.855122 -0.101342 -0.421789
v -1.773779 -0.012511 -0.319518
v -1.669783 -0.173285 -0.279544
v -1.785604 -0.133446 -0.394226
v -1.792555 -0.052999 -0.388222
v -0.570699 1.187374 -0.704473
v -0.330622 1.188589 -0.562898
v -0.233897 1.230648 -0.678038
v 1.604883 0.329338 0.149160
v 1.714438 0.045355 0.155986
v 1.637239 0.246090 0.209306
v 1.639450 0.107069 0.127021
v 1.582767 0.259651 0.127187
v -0.721625 -0.834002 0.569521
v -0.729637 -0.794917 0.536407
v -0.803401 -0.677584 0.552463
v -0.792277 -0.745025 0.482324
v -0.312908 0.491610 0.949953
v -0.254067 0.536368 0.873640
v -0.364194 0.527038 0.864030
v 0.352961 -0.956924 -0.042895
v 0.417684 -0.941971 -0.079499
v 0.226100 -0.969707 -0.089273
v -1.311222 -0.049791 -1.268316
v -0.814251 -0.055850 -1.504107
v -0.441520 -0.307018 -1.349770
v -0.611679 0.040127 -1.531480
v -0.317942 -0.005878 -1.562468
v -0.713834 -0.093837 -1.480590
v -0.350846 -0.123937 -1.526971
v 1.154609 -0.213220 1.036053
v 0.706130 -0.240620 1.241979
v 0.452461 -0.081623 1.314402
v 0.564405 -0.091657 1.295060
v 0.562281 0.170235 1.249094
v 0.622675 -0.177884 1.239569
v 0.633222 -0.278229 1.217535
v 0.333343 -0.350618 1.246059
v -0.269152 -0.257945 1.242611
v 0.270394 -0.056687 -1.503818
v -0.518515 0.498516 -1.483914
v -0.164623 0.870260 -1.287786
v -0.170362 0.715202 -1.401472
v -0.453660 0.790121 -1.336804
v -0.469154 1.028432 -1.115568
v -0.629361 0.444313 0.869793
v -0.690220 -0.915277 0.253749
v 1.365906 0.525769 0.132197
v 1.703907 0.199929 0.545374
v 1.666235 -0.162908 0.201666
v 0.356512 1.208935 -0.663368
v 0.146057 1.218878 -0.556038
v -1.019339 1.001349 -0.591877
v -1.588852 -0.380038 -0.338773
v -1.903144 -0.079489 -0.732308
v 0.712571 0.502219 -0.938849
v 0.699200 0.660365 -0.841314
v 0.431010 0.751212 -1.267762
v 0.437928 0.813079 -1.214355
v 0.522918 0.548443 -1.285765
v 0.475678 0.591983 -1.276003
v 0.528076 0.858903 -1.054741
v 0.564229 0.828340 -1.027166
v 0.621245 0.657468 -1.074056
v 0.573482 0.624473 -1.117008
v 0.595953 0.779930 -1.019739
v 0.459310 0.858778 -1.150357
v 0.483682 0.827147 -1.096529
v 0.455982 0.617753 -1.328122
v 0.436611 0.683079 -1.309418
v 0.594043 0.558255 -1.181741
v 0.560660 0.541995 -1.239348
v -1.644001 -0.160630 -0.209157
v -1.660155 -0.097357 -0.213307
v -1.689914 -0.054387 -0.234655
v -1.734299 -0.024072 -0.276709
v -0.442790 1.249523 -0.761776
v -0.541499 1.233610 -0.753209
v -0.669551 1.184032 -0.636646
v -0.366746 1.200276 -0.509513
v -0.266033 1.218421 -0.518542
v -0.143897 1.261564 -0.632671
v -0.477165 1.185338 -0.518795
v -0.187292 1.236347 -0.544544
v -0.334557 1.263614 -0.754284
v 1.590883 0.219544 0.059849
v 1.713727 0.189548 0.245502
v 1.732107 0.126985 0.238296
v 1.627614 0.132746 0.066064
v -0.796338 -0.807422 0.461410
v -0.857638 -0.675718 0.521145
v -0.850642 -0.716524 0.476927
v -0.720372 -0.786833 0.635566
v -0.834786 -0.753740 0.458187
v -0.307637 0.582101 0.828659
v -0.367301 0.572780 0.831157
v -0.210252 0.501420 1.019110
v -0.299054 0.497312 1.007100
v 0.505788 -0.957883 -0.069471
v 0.286840 -0.983282 -0.130245
v 0.082516 -1.025202 -0.071311
v 0.088676 -1.020843 -0.091886
v 0.092269 -1.026817 -0.051142
v -0.505959 -0.200257 -1.514107
v -0.609034 -0.192917 -1.500891
v -0.226828 -0.056289 -1.591682
v -0.537249 0.082275 -1.583912
v -0.411918 0.072150 -1.599769
v -0.726894 -0.157506 -1.491352
v -0.735516 0.026565 -1.522581
v -0.662058 0.070961 -1.562418
v -0.402544 -0.192183 -1.531472
v 0.442449 -0.419172 1.244938
v 0.514423 -0.365568 1.220320
v 0.188937 -0.258750 1.315853
v 0.625845 -0.137607 1.259921
v 0.524377 -0.119117 1.270034
v 0.272585 -0.150849 1.311520
v 0.634969 -0.367447 1.227369
v 0.688950 -0.308027 1.231631
v 0.441389 0.724142 -1.225294
v 0.559129 0.742205 -1.047032
v 0.531333 0.797163 -1.049521
v -1.754425 -0.176230 -0.363792
v -1.676184 -0.094368 -0.269103
v -1.655056 -0.152524 -0.255626
v -1.810343 -0.074908 -0.407944
v -1.711930 -0.053638 -0.295609
v -0.436111 1.214511 -0.725125
v -0.566304 1.163602 -0.603640
v -0.617965 1.175361 -0.673589
v -0.237706 1.208651 -0.568178
v -0.191870 1.223558 -0.607616
v -0.516415 1.166607 -0.570174
v -0.282472 1.234011 -0.709091
v 1.609811 0.281620 0.179524
v 1.588801 0.212876 0.102570
v 1.688869 0.111127 0.213041
v 1.674278 0.179648 0.225049
v 1.688648 0.080966 0.189236
v -0.749434 -0.797630 0.501738
v -0.813756 -0.710836 0.494936
v -0.748312 -0.707548 0.617067
v -0.727175 -0.744313 0.615792
v -0.785354 -0.677554 0.595980
v -0.360146 0.504688 0.917965
v -0.343941 0.540719 0.847653
v -0.205203 0.495068 0.971569
v -0.188267 0.509920 0.950193
v 0.444795 -0.944284 -0.053446
v 0.159627 -0.987877 -0.052611
v 0.133094 -0.990737 -0.077252
v -0.753547 -0.017529 -1.498417
v -0.504223 -0.148767 -1.500505
v -0.665802 -0.130642 -1.481853
v -0.283495 -0.082034 -1.550718
v -0.365788 0.029772 -1.569325
v 0.348351 -0.137179 1.291003
v 0.243897 -0.213343 1.292243
v 0.267904 -0.337922 1.263322
v 0.489960 -0.045058 -1.394319
v 0.950671 -0.906424 0.439264
v 0.129758 1.238866 -0.693370
v -0.111222 -0.638634 1.083350
v -0.153327 -1.104384 0.443188
v 1.605655 -0.166899 0.104507
v -1.523689 -0.422043 -0.405073
v -1.631320 -0.170041 -0.204072
v 0.460824 0.120641 -1.431155
v -0.583911 0.967696 -1.167675
vt 0.429077 0.928603
vt 0.462802 0.893766
vt 0.464382 0.921651
vt 0.443226 0.944212
vt 0.497124 0.893214
vt 0.495879 0.911606
vt 0.438546 0.770140
vt 0.416419 0.772162
vt 0.421421 0.746172
vt 0.440876 0.744969
vt 0.397086 0.770429
vt 0.413828 0.792253
vt 0.394848 0.787556
vt 0.036673 0.175388
vt 0.055366 0.168951
vt 0.070671 0.187047
vt 0.053040 0.194231
vt 0.078230 0.164539
vt 0.046075 0.153745
vt 0.069663 0.148311
vt 0.301971 0.697263
vt 0.314174 0.708773
vt 0.303588 0.727186
vt 0.291185 0.713311
vt 0.324633 0.716790
vt 0.314601 0.737907
vt 0.847467 0.809623
vt 0.835613 0.820428
vt 0.824109 0.810711
vt 0.834636 0.798774
vt 0.822212 0.832429
vt 0.807086 0.823944
vt 0.593696 0.410270
vt 0.601289 0.424080
vt 0.581412 0.441643
vt 0.609090 0.442137
vt 0.619171 0.409548
vt 0.626557 0.429828
vt 0.471735 0.148307
vt 0.454326 0.155888
vt 0.449246 0.133533
vt 0.463379 0.130579
vt 0.475388 0.287517
vt 0.504766 0.287640
vt 0.487847 0.322293
vt 0.467709 0.317106
vt 0.523465 0.305882
vt 0.500675 0.340374
vt 0.578055 0.827516
vt 0.572395 0.803828
vt 0.596633 0.800718
vt 0.603922 0.820107
vt 0.559416 0.796772
vt 0.536408 0.817744
vt 0.579343 0.791921
vt 0.590229 0.791709
vt 0.569707 0.708782
vt 0.532413 0.716247
vt 0.562906 0.683068
vt 0.507527 0.701927
vt 0.498485 0.740642
vt 0.486058 0.722218
vt 0.541567 0.744080
vt 0.508402 0.763264
vt 0.198650 0.307876
vt 0.192720 0.292504
vt 0.226630 0.287702
vt 0.230345 0.299357
vt 0.186662 0.276447
vt 0.162104 0.290737
vt 0.164705 0.271124
vt 0.241051 0.425399
vt 0.236780 0.403632
vt 0.263616 0.384807
vt 0.273476 0.402272
vt 0.225908 0.372098
vt 0.253526 0.358163
vt 0.226636 0.416554
vt 0.209825 0.376759
vt 0.600765 0.907958
vt 0.596583 0.890066
vt 0.629453 0.886897
vt 0.634195 0.908406
vt 0.593056 0.869718
vt 0.623836 0.861809
vt 0.438834 0.656871
vt 0.452342 0.666433
vt 0.439687 0.691232
vt 0.426265 0.682350
vt 0.468924 0.676458
vt 0.455559 0.698699
vt 0.151762 0.141097
vt 0.164438 0.114603
vt 0.174230 0.134146
vt 0.128568 0.152864
vt 0.158574 0.161912
vt 0.338915 0.492002
vt 0.315687 0.515678
vt 0.291816 0.490004
vt 0.318544 0.472342
vt 0.307151 0.537086
vt 0.285007 0.508528
vt 0.691773 0.757982
vt 0.694232 0.776429
vt 0.664656 0.778410
vt 0.662672 0.762455
vt 0.698599 0.800779
vt 0.717412 0.774758
vt 0.721632 0.800907
vt 0.689947 0.536993
vt 0.675260 0.545704
vt 0.662656 0.533613
vt 0.675285 0.523162
vt 0.663129 0.654524
vt 0.672478 0.673465
vt 0.654210 0.679470
vt 0.645196 0.660986
vt 0.332416 0.265130
vt 0.331276 0.251712
vt 0.368442 0.229104
vt 0.376894 0.238173
vt 0.308348 0.240661
vt 0.311303 0.263353
vt 0.379926 0.356983
vt 0.373899 0.329525
vt 0.407746 0.311939
vt 0.413213 0.336160
vt 0.363874 0.304650
vt 0.399586 0.287741
vt 0.346817 0.344793
vt 0.340674 0.317575
vt 0.241306 0.026739
vt 0.244829 0.012480
vt 0.262995 0.016873
vt 0.259233 0.029669
vt 0.732791 0.864660
vt 0.715558 0.875149
vt 0.711672 0.860439
vt 0.518880 0.537879
vt 0.488606 0.530819
vt 0.529422 0.515815
vt 0.556358 0.528069
vt 0.540520 0.544640
vt 0.235315 0.126881
vt 0.263098 0.120215
vt 0.264232 0.139607
vt 0.444353 0.387999
vt 0.418650 0.420697
vt 0.408037 0.399003
vt 0.432301 0.374793
vt 0.405796 0.439614
vt 0.382478 0.419904
vt 0.415458 0.434794
vt 0.422298 0.434195
vt 0.515384 0.957071
vt 0.527820 0.971044
vt 0.496926 0.969959
vt 0.481005 0.958584
vt 0.352642 0.760950
vt 0.352964 0.746234
vt 0.364624 0.748603
vt 0.357692 0.761511
vt 0.340469 0.727188
vt 0.343498 0.755337
vt 0.329102 0.739765
vt 0.624736 0.959813
vt 0.614262 0.954928
vt 0.629599 0.951324
vt 0.638820 0.956886
vt 0.608412 0.961710
vt 0.620180 0.962708
vt 0.403139 0.610481
vt 0.409223 0.622254
vt 0.390956 0.649190
vt 0.382944 0.636732
vt 0.502045 0.561514
vt 0.488412 0.588189
vt 0.472479 0.577169
vt 0.760166 0.790649
vt 0.778875 0.787803
vt 0.774832 0.805320
vt 0.782442 0.770316
vt 0.817854 0.787084
vt 0.610040 0.565381
vt 0.601340 0.557161
vt 0.618380 0.554164
vt 0.618757 0.563408
vt 0.563898 0.549690
vt 0.650591 0.520613
vt 0.628790 0.489121
vt 0.644255 0.480514
vt 0.663215 0.510946
vt 0.618960 0.505102
vt 0.604586 0.480814
vt 0.290724 0.030468
vt 0.305253 0.032296
vt 0.300740 0.046877
vt 0.287280 0.040853
vt 0.340179 0.041799
vt 0.311751 0.026405
vt 0.338430 0.031566
vt 0.423115 0.075675
vt 0.418767 0.084410
vt 0.400535 0.074169
vt 0.405050 0.060299
vt 0.405175 0.093966
vt 0.371211 0.073550
vt 0.431564 0.091194
vt 0.430166 0.084851
vt 0.341945 0.117721
vt 0.368259 0.124362
vt 0.350082 0.144784
vt 0.329464 0.132469
vt 0.559867 0.352820
vt 0.567368 0.367312
vt 0.544232 0.385636
vt 0.576495 0.383002
vt 0.556171 0.407580
vt 0.585939 0.345310
vt 0.598216 0.368941
vt 0.166575 0.196754
vt 0.171581 0.216830
vt 0.152904 0.218749
vt 0.143652 0.194341
vt 0.144983 0.269418
vt 0.116761 0.233385
vt 0.127416 0.225999
vt 0.150784 0.258192
vt 0.099550 0.216264
vt 0.109224 0.204234
vt 0.105718 0.244447
vt 0.085359 0.225324
vt 0.233730 0.644398
vt 0.260502 0.646365
vt 0.245474 0.665359
vt 0.273692 0.665461
vt 0.263035 0.682274
vt 0.290930 0.646317
vt 0.306093 0.619214
vt 0.300310 0.597315
vt 0.327916 0.611393
vt 0.331716 0.637961
vt 0.316554 0.642808
vt 0.343441 0.610974
vt 0.344261 0.641268
vt 0.369363 0.560830
vt 0.390134 0.586396
vt 0.370551 0.602712
vt 0.358256 0.577081
vt 0.402052 0.554876
vt 0.414600 0.566743
vt 0.273268 0.169628
vt 0.283546 0.186151
vt 0.254439 0.198855
vt 0.245624 0.177135
vt 0.456969 0.497636
vt 0.435583 0.473062
vt 0.469315 0.472731
vt 0.488588 0.494058
vt 0.460675 0.518023
vt 0.497358 0.450383
vt 0.512697 0.465923
vt 0.431152 0.962974
vt 0.414729 0.952052
vt 0.408551 0.968623
vt 0.424433 0.974530
vt 0.500483 0.929196
vt 0.476105 0.943824
vt 0.499051 0.831486
vt 0.509633 0.843273
vt 0.483853 0.863668
vt 0.468845 0.841924
vt 0.533733 0.877247
vt 0.529982 0.893831
vt 0.507305 0.873612
vt 0.563121 0.893048
vt 0.562634 0.875497
vt 0.370106 0.782969
vt 0.378475 0.767855
vt 0.366508 0.768581
vt 0.369210 0.774949
vt 0.462697 0.737841
vt 0.466976 0.759155
vt 0.414278 0.711679
vt 0.428679 0.718318
vt 0.404252 0.742858
vt 0.033682 0.199386
vt 0.020210 0.183132
vt 0.289926 0.741507
vt 0.278000 0.727318
vt 0.096584 0.145070
vt 0.103824 0.161317
vt 0.124866 0.137833
vt 0.323038 0.686670
vt 0.308750 0.677538
vt 0.844334 0.786002
vt 0.857272 0.796972
vt 0.866621 0.782322
vt 0.850520 0.769324
vt 0.386431 0.061419
vt 0.374638 0.031899
vt 0.397628 0.039733
vt 0.800761 0.814848
vt 0.811225 0.800784
vt 0.338823 0.057338
vt 0.358520 0.037120
vt 0.360699 0.053428
vt 0.578849 0.483251
vt 0.565671 0.468405
vt 0.591858 0.458632
vt 0.546414 0.491986
vt 0.565257 0.505584
vt 0.536554 0.270691
vt 0.559488 0.262095
vt 0.569642 0.281473
vt 0.549881 0.290126
vt 0.574095 0.258369
vt 0.580814 0.276702
vt 0.416752 0.217960
vt 0.406320 0.206669
vt 0.438577 0.185287
vt 0.455597 0.205013
vt 0.398169 0.160803
vt 0.415129 0.142222
vt 0.435609 0.150530
vt 0.419251 0.172345
vt 0.442384 0.321947
vt 0.443052 0.296542
vt 0.478682 0.366928
vt 0.468769 0.353794
vt 0.452750 0.395279
vt 0.568558 0.766416
vt 0.520759 0.789721
vt 0.565534 0.774913
vt 0.607600 0.844346
vt 0.585940 0.850069
vt 0.621390 0.775888
vt 0.625172 0.767672
vt 0.471981 0.707741
vt 0.488105 0.687810
vt 0.637799 0.677936
vt 0.600708 0.693824
vt 0.616195 0.666618
vt 0.214884 0.343699
vt 0.245477 0.332527
vt 0.206314 0.325760
vt 0.237131 0.316985
vt 0.163517 0.254446
vt 0.181789 0.257196
vt 0.259319 0.260575
vt 0.262304 0.280051
vt 0.217977 0.272635
vt 0.284354 0.274556
vt 0.258187 0.295179
vt 0.275327 0.282853
vt 0.271080 0.290449
vt 0.270608 0.460765
vt 0.300148 0.448234
vt 0.253281 0.446303
vt 0.289170 0.430027
vt 0.283687 0.343814
vt 0.293204 0.369355
vt 0.319190 0.359211
vt 0.311718 0.331959
vt 0.625182 0.923219
vt 0.602043 0.924314
vt 0.657139 0.860662
vt 0.661298 0.884597
vt 0.692187 0.882726
vt 0.689532 0.856949
vt 0.413045 0.673440
vt 0.425959 0.645709
vt 0.399139 0.665938
vt 0.457839 0.619117
vt 0.474126 0.621914
vt 0.463541 0.644826
vt 0.449782 0.636640
vt 0.463811 0.602544
vt 0.209661 0.129496
vt 0.205830 0.113181
vt 0.230649 0.104380
vt 0.190488 0.131695
vt 0.184752 0.108352
vt 0.345450 0.452022
vt 0.367503 0.470071
vt 0.386995 0.459034
vt 0.362797 0.436603
vt 0.379732 0.478259
vt 0.381024 0.469717
vt 0.686303 0.698926
vt 0.688605 0.721470
vt 0.652805 0.724755
vt 0.648022 0.699974
vt 0.690281 0.739033
vt 0.658052 0.739870
vt 0.725291 0.823751
vt 0.703508 0.825071
vt 0.712212 0.846854
vt 0.727723 0.842698
vt 0.652313 0.641858
vt 0.630781 0.564138
vt 0.644279 0.559846
vt 0.637112 0.566512
vt 0.334663 0.283509
vt 0.390868 0.267757
vt 0.338180 0.276038
vt 0.386545 0.254627
vt 0.277185 0.235752
vt 0.312114 0.217291
vt 0.420013 0.357592
vt 0.394972 0.377937
vt 0.258587 0.042205
vt 0.240891 0.043921
vt 0.265611 0.053683
vt 0.039249 0.136027
vt 0.066842 0.128670
vt 0.149884 0.117016
vt 0.156724 0.108016
vt 0.140334 0.111623
vt 0.150678 0.107381
vt 0.376402 0.624925
vt 0.397702 0.599680
vt 0.744980 0.779711
vt 0.745609 0.802064
vt 0.286559 0.017194
vt 0.276293 0.033934
vt 0.289049 0.020958
vt 0.293381 0.094252
vt 0.262316 0.101136
vt 0.251822 0.084820
vt 0.274796 0.072077
vt 0.609124 0.516625
vt 0.528332 0.650568
vt 0.568729 0.657780
vt 0.523064 0.678282
vt 0.569550 0.641802
vt 0.559651 0.620717
vt 0.600693 0.628686
vt 0.588748 0.584037
vt 0.598825 0.595173
vt 0.604562 0.612549
vt 0.512403 0.595068
vt 0.521587 0.573411
vt 0.576258 0.614840
vt 0.774646 0.825068
vt 0.761542 0.818696
vt 0.766820 0.828759
vt 0.816739 0.767291
vt 0.790513 0.753200
vt 0.800717 0.739136
vt 0.556979 0.967559
vt 0.547144 0.955983
vt 0.581733 0.960660
vt 0.367110 0.667859
vt 0.376717 0.679775
vt 0.363389 0.712618
vt 0.349128 0.697349
vt 0.454909 0.990865
vt 0.465355 0.993518
vt 0.457398 0.995962
vt 0.204217 0.089816
vt 0.193085 0.077947
vt 0.221076 0.073705
vt 0.652611 0.950201
vt 0.667741 0.953009
vt 0.658359 0.958576
vt 0.443890 0.115535
vt 0.452165 0.109328
vt 0.446319 0.107593
vt 0.440378 0.103502
vt 0.291339 0.116426
vt 0.288874 0.133742
vt 0.538823 0.322968
vt 0.519343 0.351401
vt 0.554778 0.337646
vt 0.206822 0.638543
vt 0.224007 0.620282
vt 0.206343 0.617612
vt 0.231562 0.606650
vt 0.222925 0.609775
vt 0.313072 0.573661
vt 0.282102 0.563789
vt 0.304895 0.553413
vt 0.345237 0.563095
vt 0.357956 0.544514
vt 0.343458 0.533687
vt 0.327702 0.550457
vt 0.428371 0.453429
vt 0.429409 0.444159
vt 0.439597 0.431585
vt 0.135503 0.215928
vt 0.304545 0.155347
vt 0.311584 0.172723
vt 0.421989 0.534663
vt 0.438797 0.544130
vt 0.434142 0.512998
vt 0.208773 0.210150
vt 0.190414 0.188522
vt 0.217691 0.184210
vt 0.250464 0.696730
vt 0.233624 0.681655
vt 0.090420 0.253903
vt 0.069693 0.234601
vt 0.532639 0.433547
vt 0.519229 0.415124
vt 0.378301 0.109997
vt 0.348769 0.102829
vt 0.378406 0.096246
vt 0.452449 0.037192
vt 0.444583 0.057941
vt 0.429842 0.045341
vt 0.437251 0.028390
vt 0.434478 0.064694
vt 0.418354 0.051670
vt 0.356467 0.613204
vt 0.277160 0.629755
vt 0.011635 0.170245
vt 0.006746 0.158829
vt 0.022763 0.152888
vt 0.028625 0.163424
vt 0.001000 0.147800
vt 0.017360 0.142145
vt 0.322905 0.776495
vt 0.306229 0.761212
vt 0.316748 0.751204
vt 0.330370 0.767412
vt 0.409154 0.026452
vt 0.419854 0.011482
vt 0.471475 0.783287
vt 0.485439 0.809308
vt 0.449492 0.821584
vt 0.436140 0.797784
vt 0.559943 0.857612
vt 0.539421 0.863509
vt 0.524996 0.855296
vt 0.551205 0.839329
vt 0.090944 0.126732
vt 0.118089 0.118984
vt 0.445386 0.721444
vt 0.459926 0.722340
vt 0.357020 0.655153
vt 0.334206 0.689819
vt 0.652140 0.835200
vt 0.679206 0.831019
vt 0.631858 0.811420
vt 0.623512 0.836545
vt 0.618001 0.711753
vt 0.611882 0.748520
vt 0.600488 0.748215
vt 0.587681 0.721855
vt 0.633261 0.749595
vt 0.620267 0.752483
vt 0.285337 0.304741
vt 0.298069 0.303439
vt 0.439157 0.271185
vt 0.432137 0.248878
vt 0.465030 0.231048
vt 0.473307 0.258224
vt 0.425481 0.232849
vt 0.327641 0.429787
vt 0.348133 0.411728
vt 0.199167 0.101019
vt 0.187388 0.097653
vt 0.227016 0.085880
vt 0.552362 0.454760
vt 0.183309 0.148500
vt 0.332828 0.079587
vt 0.295439 0.062430
vt 0.454010 0.345877
vt 0.438954 0.341749
vt 0.455431 0.555681
vt 0.423258 0.577331
vt 0.450811 0.579288
vt 0.427090 0.590992
vt 0.633105 0.545085
vt 0.629404 0.531622
vt 0.637756 0.526699
vt 0.650265 0.541222
vt 0.610128 0.643101
vt 0.631148 0.646190
vt 0.618515 0.630937
vt 0.612413 0.625803
vt 0.493215 0.630087
vt 0.501424 0.666245
vt 0.481067 0.654897
vt 0.272066 0.044556
vt 0.439530 0.627882
vt 0.432913 0.616089
vt 0.448199 0.609782
vt 0.744729 0.825795
vt 0.742699 0.840295
vt 0.754982 0.719219
vt 0.746212 0.735703
vt 0.720185 0.727856
vt 0.727377 0.709699
vt 0.740039 0.755971
vt 0.713681 0.750174
vt 0.761487 0.765813
vt 0.530671 0.909822
vt 0.535327 0.926122
vt 0.383274 0.731134
vt 0.401654 0.703779
vt 0.389213 0.699163
vt 0.454201 0.956158
vt 0.442606 0.976053
vt 0.438933 0.989067
vt 0.443505 0.985782
vt 0.447701 0.985191
vt 0.693172 0.921728
vt 0.692539 0.937749
vt 0.669082 0.922472
vt 0.664861 0.904286
vt 0.648214 0.924969
vt 0.152350 0.247534
vt 0.391362 0.193892
vt 0.357040 0.215794
vt 0.363235 0.187170
vt 0.395250 0.502526
vt 0.387300 0.539487
vt 0.415254 0.487711
vt 0.395411 0.488383
vt 0.377236 0.496398
vt 0.387239 0.488571
vt 0.208453 0.253413
vt 0.237052 0.247914
vt 0.113643 0.287030
vt 0.133364 0.282257
vt 0.203236 0.661743
vt 0.187549 0.649481
vt 0.478673 0.429616
vt 0.497496 0.385628
vt 0.421008 0.126173
vt 0.417626 0.114533
vt 0.432890 0.117990
vt 0.436551 0.131591
vt 0.425841 0.109215
vt 0.592975 0.300110
vt 0.561486 0.307367
vt 0.593620 0.305766
vt 0.570649 0.323184
vt 0.346196 0.581196
vt 0.331732 0.571742
vt 0.263048 0.588843
vt 0.259946 0.573523
vt 0.249463 0.587374
vt 0.251491 0.603069
vt 0.245767 0.594569
vt 0.290093 0.410918
vt 0.247869 0.435240
vt 0.202716 0.603631
vt 0.184994 0.628164
vt 0.239511 0.571157
vt 0.272249 0.551979
vt 0.239539 0.601271
vt 0.226696 0.581355
vt 0.216623 0.603429
vt 0.212148 0.594586
vt 0.596835 0.311911
vt 0.606179 0.297920
vt 0.616214 0.308344
vt 0.598394 0.302826
vt 0.395817 0.448453
vt 0.426932 0.437514
vt 0.381828 0.484906
vt 0.412382 0.442493
vt 0.406836 0.472914
vt 0.387785 0.473599
vt 0.362407 0.764063
vt 0.390296 0.806029
vt 0.369460 0.791171
vt 0.366987 0.798207
vt 0.351745 0.784125
vt 0.336197 0.777603
vt 0.353440 0.769615
vt 0.315629 0.015130
vt 0.751823 0.850332
vt 0.757782 0.829495
vt 0.753155 0.833209
vt 0.757042 0.850700
vt 0.770356 0.845083
vt 0.765845 0.854431
vt 0.645158 0.631207
vt 0.647208 0.620489
vt 0.654414 0.627953
vt 0.619426 0.965171
vt 0.607663 0.966148
vt 0.148547 0.105886
vt 0.173014 0.104798
vt 0.157100 0.103027
vt 0.162542 0.096978
vt 0.176740 0.097641
vt 0.397555 0.238151
vt 0.337564 0.269603
vt 0.284861 0.249312
vt 0.297554 0.268332
vt 0.271561 0.297276
vt 0.276531 0.302345
vt 0.312093 0.298680
vt 0.325151 0.291746
vt 0.317691 0.288707
vt 0.284819 0.297437
vt 0.324331 0.270117
vt 0.284196 0.282862
vt 0.513565 0.812328
vt 0.566583 0.782619
vt 0.602083 0.788656
vt 0.613055 0.783127
vt 0.588037 0.751723
vt 0.576796 0.758223
vt 0.563178 0.731645
vt 0.624843 0.759389
vt 0.577055 0.782497
vt 0.574054 0.772040
vt 0.610089 0.776783
vt 0.097950 0.120594
vt 0.680877 0.749486
vt 0.211322 0.314612
vt 0.330017 0.343363
vt 0.317582 0.408802
vt 0.305611 0.388223
vt 0.341905 0.380390
vt 0.365650 0.410334
vt 0.346690 0.023251
vt 0.250794 0.075367
vt 0.620952 0.531275
vt 0.280725 0.048529
vt 0.373855 0.721808
vt 0.406674 0.802228
vt 0.462902 0.964078
vt 0.329490 0.527973
vt 0.461064 0.405017
vt 0.410630 0.106870
vt 0.583164 0.262944
vt 0.588306 0.274099
vt 0.251896 0.624734
vt 0.270921 0.610384
vt 0.206902 0.600401
vt 0.207591 0.607637
vt 0.230305 0.601040
vt 0.255243 0.465276
vt 0.250149 0.461555
vt 0.256079 0.456852
vt 0.233629 0.418561
vt 0.228118 0.423410
vt 0.760496 0.837413
vt 0.656344 0.961646
vt 0.626062 0.964692
vt 0.181725 0.089755
vt 0.186671 0.085385
vt 0.191278 0.087484
vt 0.192352 0.093187
vt 0.185254 0.091462
vt 0.331124 0.282556
vt 0.592032 0.785786
vt 0.601683 0.754311
vt 0.571949 0.767365
vt 0.581732 0.761181
vt 0.610343 0.751618
vt 0.618241 0.772555
vt 0.390905 0.482097
vt 0.398748 0.481571
vt 0.299704 0.273718
vt 0.317718 0.268551
vt 0.291387 0.299146
vt 0.330725 0.276513
vt 0.615234 0.758162
vt 0.441711 0.860191
vt 0.388337 0.025436
vt 0.612239 0.395211
vt 0.465845 0.166135
vt 0.473870 0.138258
vt 0.498541 0.246734
vt 0.571363 0.788567
vt 0.179657 0.320473
vt 0.566153 0.909068
vt 0.348815 0.503637
vt 0.670650 0.803198
vt 0.660650 0.552972
vt 0.323790 0.263001
vt 0.218594 0.021563
vt 0.223563 0.004239
vt 0.608292 0.536276
vt 0.295247 0.024194
vt 0.301780 0.024323
vt 0.571420 0.927155
vt 0.478594 0.980222
vt 0.472305 0.973172
vt 0.217330 0.056985
vt 0.402097 0.116841
vt 0.429909 0.077596
vt 0.424915 0.834974
vt 0.414154 0.814136
vt 0.299517 0.751813
vt 0.399217 0.014615
vt 0.410044 0.001000
vt 0.491363 0.221195
vt 0.195258 0.346156
vt 0.276313 0.494455
vt 0.692872 0.904029
vt 0.371721 0.394505
vt 0.217059 0.038741
vt 0.754245 0.855076
vt 0.600144 0.580259
vt 0.772238 0.832217
vt 0.335406 0.771127
vt 0.331856 0.777159
vt 0.136161 0.306649
vt 0.214649 0.609892
vt 0.362823 0.517331
vt 0.605976 0.330452
vt 0.582138 0.968207
vt 0.485059 0.206271
vt 0.642580 0.637013
vt 0.649177 0.634717
vt 0.193062 0.061893
vt 0.423674 0.464427
vt 0.175686 0.648758
vt 0.116977 0.301915
vt 0.594807 0.295976
vt 0.602102 0.317302
vt 0.608411 0.320754
vt 0.249554 0.580513
vt 0.245728 0.574830
vt 0.435300 0.097576
vt 0.439410 0.070461
vt 0.598603 0.293341
vt 0.432465 0.077837
vt 0.405669 0.483576
vt 0.415553 0.475077
vt 0.451562 0.987096
vt 0.344544 0.763961
vt 0.305310 0.021768
vt 0.308614 0.015610
vt 0.751435 0.841032
vt 0.605262 0.569538
vt 0.629050 0.634615
vt 0.192716 0.090254
vt 0.552538 0.973638
vt 0.174403 0.668127
vt 0.490378 0.198425
vt 0.483013 0.192996
vt 0.457544 0.108939
vt 0.242622 0.438564
vt 0.248179 0.452325
vt 0.235452 0.575297
vt 0.241644 0.582019
vt 0.444375 0.099346
vt 0.436794 0.086999
vt 0.437869 0.080889
vt 0.444117 0.073739
vt 0.456034 0.103553
vt 0.450867 0.102207
vt 0.606185 0.313620
vt 0.445051 0.067875
vt 0.400033 0.452841
vt 0.419244 0.440856
vt 0.422044 0.449865
vt 0.361257 0.772556
vt 0.364068 0.789992
vt 0.362527 0.795857
vt 0.447166 0.991096
vt 0.452869 0.996620
vt 0.292656 0.017447
vt 0.302541 0.017220
vt 0.764262 0.833596
vt 0.629070 0.569793
vt 0.609082 0.575194
vt 0.605012 0.593682
vt 0.616005 0.619667
vt 0.636191 0.962585
vt 0.278755 0.290546
vt 0.241353 0.588898
vt 0.234063 0.427870
vt 0.619422 0.311456
vt 0.613139 0.314902
vt 0.599577 0.298853
vt 0.447122 0.071090
vt 0.388816 0.467068
vt 0.421435 0.456778
vt 0.336948 0.788038
vt 0.356093 0.779497
vt 0.347227 0.769638
vt 0.344212 0.787796
vt 0.333580 0.785738
vt 0.443354 0.991533
vt 0.364515 0.779586
vt 0.759047 0.854172
vt 0.769381 0.852191
vt 0.756987 0.840133
vt 0.768205 0.840400
vt 0.768713 0.834295
vt 0.305369 0.011932
vt 0.299170 0.019893
vt 0.289820 0.015231
vt 0.629405 0.626382
vt 0.650906 0.631637
vt 0.654149 0.625383
vt 0.635123 0.621838
vt 0.615986 0.569815
vt 0.635868 0.570137
vt 0.153650 0.100148
vn 0.8670 -0.2746 0.4158
vn 0.8075 -0.4871 0.3327
vn 0.8429 -0.5374 -0.0278
vn 0.9458 -0.3226 0.0369
vn 0.6905 -0.6900 0.2170
vn 0.6866 -0.7210 -0.0939
vn 0.6692 0.3871 0.6343
vn 0.7968 0.5217 0.3048
vn 0.7105 0.6738 0.2030
vn 0.6137 0.5773 0.5386
vn 0.8058 0.5907 -0.0416
vn 0.8596 0.3716 0.3506
vn 0.8983 0.4384 0.0302
vn 0.7216 -0.2531 -0.6443
vn 0.6665 -0.4787 -0.5715
vn 0.6036 -0.4123 -0.6824
vn 0.6425 -0.2046 -0.7384
vn 0.5733 -0.6373 -0.5149
vn 0.7465 -0.5546 -0.3676
vn 0.6243 -0.7107 -0.3242
vn 0.6412 0.3803 -0.6665
vn 0.7008 0.4680 -0.5384
vn 0.7462 0.2435 -0.6196
vn 0.6591 0.1839 -0.7292
vn 0.7428 0.5600 -0.3671
vn 0.8351 0.3183 -0.4487
vn -0.8349 -0.2413 0.4946
vn -0.7725 -0.4872 0.4073
vn -0.7050 -0.3882 0.5935
vn -0.7189 -0.1719 0.6735
vn -0.7024 -0.6461 0.2987
vn -0.6499 -0.6062 0.4584
vn -0.7590 0.5700 0.3147
vn -0.7125 0.5156 0.4760
vn -0.6194 0.6947 0.3657
vn -0.6395 0.4361 0.6331
vn -0.7938 0.2911 0.5340
vn -0.6835 0.2128 0.6983
vn -0.8340 -0.4255 -0.3511
vn -0.6707 -0.6643 -0.3300
vn -0.8116 -0.5835 0.0305
vn -0.9484 -0.3148 0.0371
vn -0.7028 0.4406 -0.5586
vn -0.8276 0.5448 -0.1350
vn -0.6955 0.7167 -0.0506
vn -0.6270 0.6409 -0.4428
vn -0.7861 0.5491 0.2838
vn -0.6153 0.7083 0.3459
vn 0.2462 -0.5360 0.8075
vn 0.3132 -0.4615 0.8300
vn 0.1681 -0.5571 0.8132
vn 0.1335 -0.5735 0.8083
vn 0.3994 -0.3195 0.8593
vn 0.3802 -0.3205 0.8676
vn 0.1630 -0.2377 0.9576
vn 0.1229 -0.1693 0.9779
vn 0.0583 0.4148 0.9080
vn 0.1657 0.4656 0.8694
vn -0.0562 0.6757 0.7351
vn 0.1016 0.6333 0.7672
vn 0.3618 0.3325 0.8709
vn 0.3038 0.5380 0.7863
vn 0.3026 0.1912 0.9338
vn 0.4007 0.1517 0.9036
vn 0.3364 -0.3158 -0.8872
vn 0.2960 -0.5364 -0.7903
vn 0.1044 -0.6306 -0.7690
vn 0.1541 -0.3843 -0.9103
vn 0.1896 -0.7666 -0.6135
vn 0.5810 -0.3795 -0.7200
vn 0.4375 -0.6643 -0.6060
vn 0.6650 0.4167 -0.6198
vn 0.3056 0.2926 -0.9061
vn 0.1769 0.3432 -0.9224
vn 0.1675 0.4811 -0.8605
vn 0.3266 0.2225 -0.9186
vn 0.1714 0.2318 -0.9575
vn 0.7300 0.3694 -0.5750
vn 0.5894 0.1676 -0.7903
vn 0.2858 -0.9580 -0.0243
vn 0.2500 -0.9362 0.2471
vn 0.1349 -0.9432 0.3037
vn 0.1573 -0.9875 -0.0043
vn 0.2222 -0.8352 0.5030
vn 0.1005 -0.8149 0.5708
vn 0.3107 0.9504 0.0154
vn 0.2274 0.9244 0.3062
vn 0.4068 0.8897 0.2071
vn 0.4566 0.8857 -0.0845
vn 0.1342 0.8420 0.5225
vn 0.3251 0.8161 0.4779
vn 0.2803 -0.8515 -0.4431
vn 0.1876 -0.8911 -0.4132
vn 0.1612 -0.8775 -0.4516
vn 0.3757 -0.8014 -0.4653
vn 0.2131 -0.7955 -0.5673
vn 0.1283 0.9054 -0.4047
vn 0.2815 0.8761 -0.3915
vn 0.2904 0.7806 -0.5535
vn 0.1493 0.8175 -0.5562
vn 0.5246 0.7701 -0.3631
vn 0.5382 0.6917 -0.4815
vn -0.3034 -0.2998 0.9045
vn -0.3170 -0.4390 0.8407
vn -0.1391 -0.4721 0.8705
vn -0.1525 -0.3280 0.9323
vn -0.3126 -0.5467 0.7768
vn -0.5379 -0.3694 0.7577
vn -0.5220 -0.4893 0.6987
vn -0.3189 0.1532 0.9353
vn -0.3220 0.3914 0.8621
vn -0.4947 0.3448 0.7977
vn -0.5330 0.1253 0.8368
vn -0.2917 0.6160 0.7318
vn -0.2082 0.4413 0.8729
vn -0.1635 0.6633 0.7303
vn -0.1710 -0.3153 -0.9335
vn -0.2590 -0.7348 -0.6268
vn -0.2964 -0.7019 -0.6477
vn -0.3851 -0.4572 -0.8017
vn -0.1466 -0.8539 -0.4993
vn -0.1617 -0.3901 -0.9065
vn -0.2179 0.5522 -0.8048
vn -0.2606 0.3710 -0.8913
vn -0.3769 0.3351 -0.8635
vn -0.3415 0.5337 -0.7737
vn -0.3095 0.2038 -0.9288
vn -0.4022 0.1661 -0.9004
vn -0.1748 0.3867 -0.9055
vn -0.2089 0.2422 -0.9475
vn -0.2478 -0.9625 0.1104
vn -0.2791 -0.8996 0.3360
vn -0.4597 -0.8105 0.3630
vn -0.4325 -0.8872 0.1605
vn -0.3239 -0.8114 0.4865
vn -0.2060 0.9204 0.3323
vn -0.1820 0.9672 0.1774
vn -0.3147 0.9021 0.2953
vn -0.3081 0.8098 0.4993
vn -0.1943 0.8401 0.5064
vn -0.1178 -0.8763 -0.4672
vn -0.2508 -0.8874 -0.3867
vn -0.1964 -0.8111 -0.5510
vn -0.3928 0.9106 -0.1284
vn -0.3382 0.9086 -0.2452
vn -0.2495 0.8545 -0.4557
vn -0.3466 0.8551 -0.3857
vn -0.1586 0.9797 0.1227
vn -0.1306 0.8407 -0.5256
vn -0.1671 0.9719 0.1660
vn -0.2117 0.9516 0.2226
vn 0.6296 -0.6974 -0.3423
vn 0.6165 -0.7510 -0.2364
vn 0.7635 -0.5533 -0.3331
vn 0.7617 -0.4646 -0.4516
vn 0.8421 0.3185 -0.4353
vn 0.6620 0.5938 -0.4572
vn 0.5871 0.6586 -0.4707
vn 0.7827 0.3445 -0.5184
vn 0.7291 0.6223 -0.2849
vn 0.8097 0.4163 -0.4136
vn 0.8328 0.4476 -0.3256
vn 0.1594 -0.9301 -0.3310
vn 0.3488 -0.9234 -0.1604
vn 0.2116 -0.9660 -0.1488
vn 0.1446 -0.9125 -0.3827
vn 0.4231 -0.9005 -0.1006
vn 0.1329 -0.9835 -0.1231
vn 0.2717 0.9378 -0.2162
vn 0.2735 0.8849 -0.3771
vn 0.4074 0.8330 -0.3744
vn 0.4130 0.8861 -0.2104
vn -0.1632 0.9229 0.3487
vn -0.2062 0.8997 0.3847
vn -0.1367 0.9796 0.1475
vn -0.7313 -0.3405 0.5910
vn -0.6754 -0.2903 0.6779
vn -0.6480 -0.4306 0.6282
vn -0.6950 -0.1459 0.7041
vn -0.6409 -0.1113 0.7595
vn -0.0740 0.8526 0.5173
vn -0.2902 0.8389 0.4604
vn -0.3911 0.8145 0.4285
vn -0.1114 0.8873 0.4475
vn -0.1860 0.8033 0.5658
vn -0.6443 0.3147 0.6971
vn -0.6631 0.3525 0.6603
vn -0.6935 0.1474 0.7052
vn -0.6782 0.1110 0.7265
vn -0.6057 0.5435 0.5812
vn -0.5615 0.5552 0.6136
vn -0.7086 -0.7042 0.0457
vn -0.7089 -0.6884 0.1536
vn -0.6570 -0.7526 0.0450
vn -0.6933 -0.7205 0.0097
vn -0.6692 -0.7154 0.2011
vn -0.6883 -0.6215 0.3742
vn -0.6549 -0.6669 0.3554
vn -0.7703 -0.3189 0.5522
vn -0.6505 -0.5069 0.5656
vn -0.7326 -0.5582 0.3894
vn -0.8319 -0.4248 0.3572
vn -0.5858 -0.6625 0.4669
vn -0.6289 -0.7436 0.2270
vn -0.7198 -0.1116 0.6852
vn -0.7305 -0.0826 0.6779
vn -0.3654 -0.8919 -0.2666
vn -0.2896 -0.9329 -0.2140
vn -0.2337 -0.9226 -0.3070
vn -0.3146 -0.8637 -0.3938
vn -0.6445 0.4294 0.6327
vn -0.7160 0.5168 0.4694
vn -0.5912 0.6564 0.4686
vn -0.7567 0.5665 0.3264
vn -0.6236 0.7192 0.3064
vn -0.7703 0.3251 0.5486
vn -0.8680 0.3545 0.3478
vn 0.1710 -0.8283 -0.5336
vn 0.1435 -0.8908 -0.4311
vn 0.2877 -0.8601 -0.4212
vn 0.3172 -0.7849 -0.5324
vn 0.7686 -0.2749 -0.5777
vn 0.7651 -0.3003 -0.5697
vn 0.6704 -0.5398 -0.5091
vn 0.6553 -0.5482 -0.5196
vn 0.6638 -0.3321 -0.6702
vn 0.5747 -0.5484 -0.6075
vn 0.7950 -0.1116 -0.5963
vn 0.6900 -0.1460 -0.7089
vn 0.8534 0.1583 -0.4966
vn 0.7750 0.2939 -0.5595
vn 0.7742 0.1424 -0.6168
vn 0.6773 0.3163 -0.6643
vn 0.6711 0.1508 -0.7258
vn 0.6715 0.4586 -0.5820
vn 0.7670 0.4785 -0.4274
vn 0.8490 0.4077 -0.3362
vn 0.7814 0.5558 -0.2838
vn 0.6711 0.6547 -0.3477
vn 0.6486 0.5692 -0.5052
vn 0.7348 0.6766 -0.0476
vn 0.6379 0.7568 -0.1426
vn 0.1712 0.8540 0.4913
vn 0.2836 0.8843 0.3709
vn 0.3958 0.8282 0.3967
vn 0.3652 0.8124 0.4545
vn 0.1108 0.9082 0.4036
vn 0.1456 0.9421 0.3022
vn -0.1624 -0.8327 -0.5294
vn -0.1330 -0.8997 -0.4157
vn -0.0636 -0.8978 -0.4357
vn -0.0759 -0.8293 -0.5536
vn -0.1889 0.8920 0.4106
vn -0.1714 0.8318 0.5280
vn -0.3066 0.8413 0.4453
vn -0.2936 0.9183 0.2656
vn -0.1563 0.9443 0.2896
vn -0.3964 0.8258 0.4012
vn -0.4130 0.8767 0.2466
vn 0.9924 -0.0975 0.0756
vn 0.8912 -0.0773 0.4470
vn 0.9044 0.1316 0.4058
vn 0.9787 0.1895 0.0797
vn 0.6503 -0.7029 -0.2881
vn 0.7939 -0.5317 -0.2951
vn 0.5138 -0.2208 0.8290
vn 0.5062 -0.3705 0.7788
vn 0.6694 -0.4046 0.6230
vn 0.6660 -0.1918 0.7209
vn 0.4896 -0.7431 0.4563
vn 0.5423 -0.8261 0.1532
vn 0.6060 -0.5972 0.5255
vn 0.3905 -0.9032 0.1780
vn 0.3494 -0.8162 0.4602
vn 0.8189 0.2871 -0.4970
vn 0.7544 0.6392 -0.1496
vn 0.8217 0.3244 -0.4686
vn 0.8526 0.2907 -0.4342
vn 0.4680 0.5096 0.7220
vn 0.5129 0.3092 0.8008
vn 0.5917 0.7942 -0.1384
vn 0.5763 0.8016 0.1592
vn 0.7037 0.6990 -0.1274
vn 0.6593 -0.0116 -0.7518
vn 0.7516 -0.0024 -0.6596
vn 0.5017 -0.8015 -0.3253
vn 0.4698 -0.7337 -0.4909
vn 0.4053 -0.8594 -0.3118
vn 0.6437 0.6164 -0.4535
vn 0.6204 0.5033 -0.6014
vn -0.7119 0.0314 0.7016
vn -0.8393 0.0259 0.5431
vn -0.7541 -0.5949 0.2781
vn -0.8911 -0.2886 0.3502
vn -0.6178 -0.4834 0.6202
vn -0.6429 -0.3198 0.6960
vn -0.6212 -0.7772 0.1004
vn -0.6858 -0.7087 0.1658
vn -0.4851 0.7087 0.5123
vn -0.5234 0.7719 0.3608
vn -0.5747 0.6171 0.5375
vn -0.4208 0.8543 0.3051
vn -0.4030 0.7742 0.4881
vn -0.9149 0.3233 -0.2416
vn -0.9420 0.0871 -0.3241
vn -0.9694 0.1804 0.1664
vn -0.9058 0.3558 0.2299
vn -0.9352 -0.1066 -0.3376
vn -0.9940 0.0015 0.1091
vn -0.4789 -0.4228 -0.7694
vn -0.3884 -0.6794 -0.6225
vn -0.5076 -0.6603 -0.5535
vn -0.6686 -0.3032 -0.6790
vn -0.2249 -0.9371 -0.2668
vn -0.2979 -0.9341 -0.1970
vn -0.4542 -0.8562 -0.2462
vn -0.3307 -0.8636 -0.3806
vn -0.4867 0.5560 -0.6738
vn -0.5260 0.3507 -0.7748
vn -0.4879 0.8198 0.2997
vn -0.5340 0.8440 -0.0498
vn -0.4108 0.8962 0.1676
vn 0.1059 -0.2070 0.9726
vn 0.4201 -0.0026 0.9075
vn 0.1400 -0.1849 0.9727
vn 0.1550 -0.6745 0.7218
vn 0.2223 -0.6809 0.6978
vn 0.1726 -0.1925 0.9660
vn 0.1280 -0.2168 0.9678
vn 0.2792 0.6954 0.6622
vn 0.0847 0.7419 0.6652
vn -0.1245 0.4952 0.8598
vn -0.0401 0.4449 0.8947
vn -0.0697 0.6981 0.7126
vn 0.3461 0.0855 -0.9343
vn 0.1672 0.1133 -0.9794
vn 0.3479 -0.0915 -0.9331
vn 0.1696 -0.0967 -0.9808
vn 0.3182 -0.8387 -0.4419
vn 0.1261 -0.8897 -0.4389
vn 0.0025 -0.8358 -0.5491
vn 0.0716 -0.6893 -0.7210
vn 0.0533 -0.8098 -0.5843
vn -0.1336 -0.3766 -0.9167
vn 0.1466 -0.3773 -0.9144
vn -0.1302 -0.3239 -0.9371
vn -0.1358 -0.2997 -0.9443
vn 0.2879 0.7456 -0.6010
vn 0.1645 0.7489 -0.6419
vn 0.6715 0.4557 -0.5843
vn 0.1619 0.6602 -0.7334
vn 0.0609 0.2303 -0.9712
vn 0.0514 0.3745 -0.9258
vn -0.0691 0.3884 -0.9189
vn -0.0837 0.2530 -0.9638
vn 0.2054 -0.9559 -0.2098
vn 0.3108 -0.9207 -0.2362
vn -0.0069 -0.8226 0.5686
vn 0.0267 -0.9389 0.3432
vn -0.1002 -0.9288 0.3569
vn -0.1468 -0.8005 0.5811
vn 0.4582 0.8377 -0.2972
vn 0.3199 0.9061 -0.2768
vn 0.4381 0.7952 -0.4191
vn -0.0468 0.9825 0.1801
vn -0.1528 0.8945 0.4202
vn 0.0340 0.9179 0.3953
vn 0.1279 0.9833 0.1298
vn -0.1664 0.9755 0.1439
vn -0.0119 -0.8607 -0.5090
vn -0.0386 -0.9362 -0.3493
vn -0.1713 -0.9342 -0.3128
vn 0.0769 -0.8803 -0.4682
vn 0.0776 -0.9064 -0.4151
vn 0.0661 0.8365 -0.5439
vn 0.0732 0.9164 -0.3936
vn -0.1169 0.9889 0.0916
vn -0.0223 0.8393 -0.5432
vn -0.1249 0.9846 0.1220
vn -0.1322 0.9833 0.1252
vn -0.3173 0.0013 0.9483
vn -0.1442 0.0352 0.9889
vn -0.1287 0.2122 0.9687
vn -0.3048 -0.1279 0.9438
vn -0.1524 -0.1109 0.9821
vn -0.5085 -0.5676 0.6476
vn -0.3134 -0.6379 0.7035
vn -0.3769 -0.7218 0.5805
vn -0.4816 -0.6733 0.5610
vn -0.2620 0.6725 0.6922
vn -0.0670 0.9139 0.4004
vn -0.1145 0.9009 0.4186
vn -0.1073 -0.2524 -0.9617
vn -0.4220 0.0288 -0.9061
vn -0.1511 -0.2528 -0.9556
vn -0.4310 -0.1309 -0.8928
vn -0.0571 -0.9070 -0.4172
vn -0.1346 -0.9124 -0.3865
vn -0.3262 0.7250 -0.6065
vn -0.2163 0.7284 -0.6501
vn -0.3961 -0.9159 -0.0656
vn -0.2237 -0.9577 -0.1812
vn -0.4397 -0.8556 -0.2730
vn 0.3354 -0.8625 -0.3789
vn 0.1627 -0.9841 -0.0718
vn 0.4286 -0.8648 -0.2616
vn 0.1834 -0.9565 -0.2269
vn 0.4351 0.8974 0.0734
vn 0.2977 0.9514 0.0785
vn -0.6910 -0.3051 0.6553
vn -0.6663 -0.4165 0.6186
vn -0.7768 -0.4988 0.3844
vn -0.5870 -0.8010 0.1177
vn -0.7753 -0.4920 0.3962
vn -0.4180 -0.8845 -0.2071
vn -0.2972 -0.9122 -0.2821
vn -0.2474 -0.9330 -0.2614
vn -0.4080 -0.8699 -0.2772
vn -0.4787 0.6982 0.5324
vn -0.1851 0.7691 0.6117
vn -0.1291 0.7770 0.6161
vn -0.0766 0.7172 0.6926
vn -0.1651 0.8300 0.5328
vn -0.1960 0.8037 0.5619
vn -0.0477 0.8768 0.4785
vn -0.1054 0.8669 0.4873
vn -0.1835 0.8053 0.5638
vn -0.2208 0.8514 0.4758
vn -0.1919 0.8132 0.5495
vn -0.1569 0.8373 0.5237
vn -0.1380 0.8405 0.5239
vn -0.7233 -0.4724 0.5037
vn -0.7543 -0.3350 0.5646
vn -0.6716 -0.6232 0.4009
vn -0.6505 0.0172 0.7593
vn -0.6994 -0.0009 0.7147
vn 0.4389 -0.8770 -0.1957
vn 0.5078 -0.8051 -0.3064
vn 0.4354 -0.8741 -0.2153
vn 0.5379 0.8132 -0.2222
vn 0.5157 0.7684 -0.3790
vn 0.6052 0.7064 -0.3670
vn 0.6361 0.7402 -0.2179
vn 0.8272 0.2572 -0.4996
vn 0.8720 -0.1101 -0.4770
vn 0.8119 0.3795 -0.4437
vn -0.1283 -0.9676 -0.2175
vn -0.0213 -0.9869 -0.1602
vn -0.1134 -0.9585 -0.2616
vn 0.1100 -0.9806 -0.1625
vn 0.1388 -0.9367 -0.3213
vn -0.7938 -0.5479 0.2638
vn -0.7628 -0.1524 0.6284
vn -0.7346 -0.1747 0.6556
vn -0.7111 -0.1014 0.6957
vn -0.3514 -0.8748 -0.3336
vn -0.2973 -0.8298 -0.4723
vn -0.7074 0.5169 0.4821
vn -0.5729 0.6472 0.5029
vn -0.6653 0.4359 0.6061
vn 0.8289 0.1241 -0.5454
vn 0.8727 0.1281 -0.4711
vn 0.7864 0.1104 -0.6077
vn 0.6842 0.4659 -0.5611
vn 0.7324 0.4000 -0.5510
vn 0.7929 0.5488 -0.2647
vn 0.7374 0.5518 -0.3895
vn 0.6948 0.6372 -0.3334
vn 0.3897 0.8794 0.2734
vn 0.1395 0.9225 0.3600
vn 0.1765 0.9739 0.1424
vn 0.4955 0.8673 -0.0477
vn -0.1223 0.9706 0.2072
vn -0.1542 0.9315 0.3295
vn -0.3876 0.8244 0.4124
vn 0.4731 -0.7333 -0.4882
vn -0.2476 -0.8399 -0.4829
vn -0.1736 -0.9093 -0.3782
vn -0.0050 0.9144 0.4048
vn -0.0016 0.9613 0.2753
vn -0.1016 0.9007 0.4224
vn 0.0262 -0.8921 -0.4510
vn 0.0833 -0.8261 -0.5573
vn -0.0023 -0.8253 -0.5647
vn 0.6821 0.0033 -0.7313
vn 0.7828 0.0247 -0.6218
vn -0.5163 0.8071 0.2864
vn -0.4807 0.7551 0.4458
vn -0.3573 -0.9338 -0.0204
vn -0.4295 -0.8979 -0.0968
vn -0.5093 -0.8431 0.1724
vn -0.7938 0.1381 0.5923
vn -0.9082 0.0970 0.4071
vn -0.8095 -0.1167 0.5755
vn -0.9066 -0.1912 0.3763
vn 0.5743 0.7796 0.2498
vn 0.7992 0.3714 -0.4725
vn 0.8555 -0.0087 -0.5177
vn 0.9235 -0.0472 -0.3808
vn 0.8807 -0.3512 -0.3179
vn 0.8205 -0.3010 -0.4859
vn 0.8687 -0.3645 -0.3355
vn 0.8943 0.2504 -0.3708
vn 0.8660 0.2197 -0.4491
vn -0.9201 0.0276 0.3908
vn -0.8673 0.3331 0.3699
vn 0.5278 0.1470 0.8365
vn 0.5265 -0.0202 0.8500
vn 0.6915 -0.0107 0.7223
vn 0.7156 0.1965 0.6703
vn 0.3244 -0.6614 0.6763
vn 0.4221 -0.6405 0.6416
vn 0.4642 -0.5190 0.7178
vn 0.3369 -0.4990 0.7984
vn 0.5339 -0.8137 -0.2297
vn 0.4181 -0.8857 -0.2019
vn 0.4948 0.7302 0.4711
vn 0.4151 0.6486 0.6380
vn 0.5798 0.8128 -0.0566
vn 0.6597 0.7010 -0.2710
vn -0.0301 -0.6913 0.7219
vn -0.1310 -0.6759 0.7252
vn 0.0008 -0.5830 0.8125
vn 0.0680 -0.6624 0.7460
vn -0.0362 0.2032 0.9785
vn 0.1593 -0.2037 0.9660
vn 0.1618 -0.2208 0.9618
vn 0.0792 0.2283 0.9704
vn -0.1445 -0.1327 0.9806
vn 0.1243 -0.1980 0.9723
vn -0.1424 -0.1939 -0.9706
vn -0.1223 -0.2499 -0.9605
vn -0.5372 0.1707 -0.8260
vn -0.5418 -0.0067 -0.8404
vn -0.7183 0.0014 -0.6957
vn -0.7253 0.2283 -0.6495
vn -0.5209 -0.1795 -0.8346
vn 0.0569 0.7460 -0.6635
vn -0.0413 0.7416 -0.6696
vn -0.0761 -0.9244 -0.3737
vn 0.1745 -0.9830 -0.0572
vn -0.1601 -0.9551 -0.2495
vn -0.5349 0.8138 0.2272
vn 0.1138 -0.8055 -0.5816
vn -0.5360 -0.8442 -0.0022
vn -0.5557 -0.8238 -0.1122
vn -0.4862 0.7911 -0.3712
vn -0.4302 0.7055 -0.5632
vn -0.0362 0.9949 0.0944
vn 0.1469 0.9876 0.0560
vn -0.0260 0.9969 -0.0743
vn 0.1328 0.9709 -0.1994
vn -0.3691 0.7324 0.5722
vn -0.5881 0.6648 0.4606
vn -0.5683 0.5553 0.6071
vn -0.4185 0.5712 0.7061
vn -0.0406 0.7935 0.6073
vn -0.0873 0.7098 0.6989
vn -0.1807 0.8840 0.4312
vn -0.2169 0.8763 0.4301
vn -0.1935 0.8109 0.5523
vn -0.0891 0.7633 0.6398
vn -0.0479 0.8314 0.5537
vn -0.5790 -0.8124 -0.0690
vn 0.1573 0.9734 -0.1666
vn 0.1393 0.9306 -0.3384
vn -0.0335 0.9906 -0.1324
vn -0.5457 -0.5255 0.6527
vn -0.5193 -0.6213 0.5867
vn -0.6875 -0.0303 0.7255
vn -0.5435 -0.0292 0.8389
vn -0.6696 -0.1698 0.7230
vn -0.5122 -0.2002 0.8352
vn -0.7374 -0.1680 0.6543
vn 0.5413 -0.8314 -0.1257
vn 0.5186 -0.8021 -0.2960
vn 0.6375 0.6873 -0.3482
vn 0.5663 0.7652 -0.3062
vn 0.5585 0.7233 -0.4061
vn 0.9213 -0.3444 -0.1803
vn 0.9864 -0.1374 -0.0906
vn 0.8339 0.2629 -0.4853
vn 0.8787 0.2531 -0.4047
vn 0.8754 0.1614 -0.4556
vn -0.0779 -0.9843 -0.1586
vn -0.0952 -0.9453 -0.3121
vn 0.0238 -0.9835 -0.1791
vn 0.0399 -0.9971 0.0650
vn 0.1102 -0.9718 -0.2083
vn 0.4843 -0.7710 -0.4135
vn -0.2581 -0.8622 -0.4358
vn -0.2083 -0.8534 -0.4779
vn -0.1727 -0.9246 -0.3394
vn 0.0166 0.8952 0.4454
vn 0.0570 0.8838 0.4645
vn -0.0952 0.8401 0.5341
vn -0.1643 0.9660 0.1996
vn 0.0900 0.9635 0.2523
vn -0.1137 0.9672 0.2271
vn 0.0460 -0.8942 -0.4454
vn 0.0037 -0.8952 -0.4457
vn 0.8295 0.0336 -0.5576
vn 0.8099 -0.0923 -0.5793
vn 0.7624 0.0636 -0.6440
vn -0.3704 0.7875 0.4926
vn -0.4595 0.7353 0.4982
vn -0.4300 -0.9016 -0.0467
vn -0.5025 -0.8217 0.2690
vn -0.6767 -0.6999 0.2286
vn -0.6139 -0.7894 -0.0056
vn -0.6238 -0.6447 0.4419
vn -0.7552 -0.0773 0.6509
vn -0.8155 0.3506 0.4604
vn -0.7434 -0.1517 0.6514
vn -0.7262 0.3504 0.5915
vn 0.6116 0.7600 0.2199
vn 0.7080 0.7052 -0.0387
vn 0.8627 0.4065 -0.3008
vn 0.7757 0.5161 -0.3633
vn 0.7323 0.3724 -0.5702
vn 0.9079 0.2887 -0.3041
vn 0.7233 0.4098 -0.5558
vn 0.1170 0.5892 -0.7995
vn 0.6709 0.4364 -0.5995
vn 0.6991 0.4172 -0.5807
vn 0.7347 0.3690 -0.5692
vn 0.8863 0.1609 -0.4342
vn 0.6194 0.6306 -0.4677
vn 0.8816 0.3644 -0.3002
vn -0.7409 -0.1573 0.6529
vn -0.5403 0.0989 0.8356
vn -0.7943 0.1641 0.5849
vn -0.5755 -0.4053 0.7103
vn -0.1395 0.9842 0.1091
vn -0.1884 0.9562 0.2242
vn -0.1058 0.9756 0.1926
vn -0.0278 0.8677 0.4963
vn -0.1673 0.9844 -0.0550
vn -0.2878 0.8627 0.4158
vn 0.8093 0.3461 -0.4747
vn 0.8181 0.2946 -0.4939
vn 0.7003 0.0967 -0.7073
vn 0.8370 0.4987 -0.2253
vn 0.9494 0.1034 -0.2966
vn -0.7930 -0.4844 0.3695
vn -0.6836 -0.5469 0.4833
vn -0.7505 -0.5552 0.3584
vn -0.9015 -0.2320 0.3654
vn -0.5064 -0.7761 0.3759
vn -0.5963 -0.4464 0.6672
vn 0.0349 0.9871 0.1564
vn -0.2898 0.6935 0.6596
vn 0.1779 0.8222 0.5407
vn 0.2014 -0.9687 -0.1455
vn 0.1515 -0.9882 -0.0232
vn 0.0479 -0.9886 0.1426
vn 0.1005 -0.8619 -0.4971
vn 0.1836 -0.9615 0.2044
vn -0.4580 -0.2598 -0.8501
vn -0.1718 -0.2610 -0.9499
vn -0.0713 -0.8616 -0.5025
vn -0.1431 -0.3897 -0.9098
vn -0.0635 -0.2407 -0.9685
vn -0.1004 -0.1679 -0.9807
vn -0.1562 -0.2352 -0.9593
vn -0.1320 -0.2690 -0.9540
vn -0.0911 -0.5217 -0.8483
vn -0.3176 -0.4151 -0.8525
vn 0.0407 -0.0618 -0.9973
vn -0.2390 0.0078 -0.9710
vn 0.4558 -0.1489 0.8775
vn 0.1598 -0.1921 0.9683
vn 0.1307 -0.2378 0.9625
vn 0.1200 -0.2145 0.9693
vn 0.1531 -0.2109 0.9654
vn 0.1440 -0.2573 0.9555
vn 0.1953 0.2234 0.9550
vn 0.0862 -0.2414 0.9666
vn -0.0672 -0.0992 0.9928
vn -0.0453 -0.2946 0.9546
vn 0.2017 0.0370 0.9788
vn -0.2389 -0.2242 0.9448
vn 0.2888 -0.2299 -0.9294
vn -0.1650 0.3314 -0.9289
vn 0.0521 0.6529 -0.7556
vn 0.0486 0.5223 -0.8514
vn -0.0885 0.5770 -0.8119
vn -0.0717 0.7722 -0.6314
vn -0.2600 -0.9303 -0.2587
vn -0.4517 0.7596 0.4680
vn -0.6182 -0.7809 -0.0893
vn 0.5990 0.6657 -0.4450
vn 0.9066 0.3405 0.2491
vn 0.8738 -0.3283 -0.3588
vn 0.2629 0.9628 -0.0626
vn -0.3865 0.8218 0.4187
vn -0.4975 -0.7820 0.3753
vn -0.9607 -0.1689 -0.2203
vn 0.8692 0.2580 -0.4217
vn 0.8688 0.3356 -0.3640
vn 0.7601 0.5906 -0.2711
vn 0.7245 0.4066 -0.5566
vn 0.4688 0.5667 -0.6775
vn 0.8147 0.0497 -0.5778
vn 0.6878 0.4500 -0.5696
vn 0.6682 0.3828 -0.6379
vn -0.7800 -0.6204 0.0814
vn 0.2512 -0.8447 -0.4726
vn -0.0973 -0.9181 -0.3843
vn 0.1165 -0.9824 -0.1458
vn 0.0999 -0.9645 -0.2446
vn 0.4052 -0.9110 0.0763
vn 0.0626 -0.6093 -0.7905
vn 0.0761 0.1242 0.9893
vn 0.2099 -0.4616 0.8619
vn -0.0955 -0.5457 0.8326
vn 0.0766 -0.5093 0.8572
vn 0.3719 -0.5300 0.7621
vn 0.3451 0.0553 0.9369
vn -0.3848 0.9188 0.0880
vn -0.3017 0.9469 -0.1111
vn -0.1457 0.0496 -0.9881
vn -0.0285 0.0864 -0.9959
vn -0.2334 -0.5699 -0.7879
vn 0.0754 -0.3465 -0.9350
vn 0.3709 -0.2677 0.8892
vn 0.1489 -0.1917 0.9701
vn 0.6346 -0.1263 -0.7625
vn 0.4132 -0.9058 -0.0939
vn 0.1129 0.9898 -0.0868
vn -0.1260 -0.5700 0.8119
vn -0.1494 -0.3248 -0.9339
vn -0.0854 -0.9926 0.0862
vn -0.3728 0.7848 0.4950
vn -0.7399 -0.5440 0.3957
vn -0.6834 -0.5446 0.4861
vn 0.4198 -0.8592 -0.2924
vn 0.8083 -0.3251 -0.4910
vn -0.3450 -0.9379 0.0368
vn -0.6384 -0.2304 0.7344
vn 0.6033 0.0651 -0.7948
vn -0.1425 0.7332 -0.6649
vn -0.1566 0.8016 0.5770
vn -0.6426 -0.6329 0.4319
vn 0.8674 0.3490 -0.3547
vn 0.7288 0.4269 -0.5353
vn 0.0643 0.9650 0.2543
vn -0.0943 0.9059 0.4129
vn -0.1518 0.9706 0.1870
vn -0.7847 -0.0796 0.6147
vn -0.7607 -0.2345 0.6053
vn -0.7906 -0.2204 0.5712
vn 0.7398 0.3575 -0.5701
vn 0.7356 0.3751 -0.5641
vn -0.7128 -0.1466 0.6858
vn -0.8101 -0.2103 0.5473
vn -0.7615 -0.0933 0.6414
vn -0.7293 -0.0812 0.6794
vn -0.1525 0.9748 0.1629
vn -0.1583 0.9696 0.1867
vn 0.8559 0.2028 -0.4758
vn 0.8807 0.3142 -0.3545
vn -0.6180 -0.6012 0.5066
vn -0.7748 -0.4980 0.3896
vn -0.0523 0.8384 0.5426
vn -0.1119 0.9069 0.4063
vn 0.1017 -0.9803 -0.1695
vn 0.9242 0.2103 -0.3189
vn 0.6281 0.1648 -0.7605
vn -0.5951 0.2586 0.7609
vn -0.9333 -0.0230 0.3583
vn -0.8414 -0.3412 0.4191
vn -0.4419 -0.1665 0.8815
vn -0.7343 -0.4882 0.4716
vn -0.1225 0.8436 0.5228
vn 0.1314 0.9501 0.2830
vn 0.0298 0.9995 0.0116
vn 0.7951 -0.0731 -0.6021
vn 0.5780 0.2102 -0.7885
vn 0.5980 0.3709 -0.7105
vn 0.6359 0.5958 -0.4905
vn -0.7694 -0.1705 0.6156
vn -0.4195 -0.6504 0.6333
vn -0.5521 -0.8281 0.0973
vn 0.2525 0.9437 0.2136
vn -0.0129 0.6407 0.7677
vn -0.4688 0.7722 0.4288
vn -0.4029 -0.1064 -0.9091
vn 0.5399 0.3650 -0.7585
vn -0.2275 0.8054 0.5474
vn -0.0363 0.9891 -0.1428
vn 0.9506 0.2840 -0.1258
vn -0.9299 -0.3607 0.0724
vn -0.2391 0.9628 0.1259
s 1
f 1/1/1 2/2/2 3/3/3
f 3/3/3 4/4/4 1/1/1
f 3/3/3 2/2/2 5/5/5
f 5/5/5 6/6/6 3/3/3
f 7/7/7 8/8/8 9/9/9
f 9/9/9 10/10/10 7/7/7
f 11/11/11 8/8/8 12/12/12
f 12/12/12 13/13/13 11/11/11
f 14/14/14 15/15/15 16/16/16
f 16/16/16 17/17/17 14/14/14
f 16/16/16 15/15/15 18/18/18
f 18/18/18 15/15/15 19/19/19
f 19/19/19 20/20/20 18/18/18
f 21/21/21 22/22/22 23/23/23
f 23/23/23 24/24/24 21/21/21
f 23/23/23 22/22/22 25/25/25
f 25/25/25 26/26/26 23/23/23
f 27/27/27 28/28/28 29/29/29
f 29/29/29 30/30/30 27/27/27
f 29/29/29 28/28/28 31/31/31
f 31/31/31 32/32/32 29/29/29
f 33/33/33 34/34/34 35/35/35
f 36/36/36 34/34/34 37/37/37
f 37/37/37 38/38/38 36/36/36
f 39/39/39 40/40/40 41/41/41
f 41/41/41 42/42/42 39/39/39
f 43/43/43 44/44/44 45/45/45
f 45/45/45 46/46/46 43/43/43
f 45/45/45 44/44/44 47/47/47
f 47/47/47 48/48/48 45/45/45
f 49/49/49 50/50/50 51/51/51
f 51/51/51 52/52/52 49/49/49
f 53/53/53 50/50/50 54/54/54
f 51/51/51 50/50/50 743/55/55
f 743/55/55 55/56/56 51/51/51
f 56/57/57 57/58/58 58/59/59
f 59/60/60 57/58/58 60/61/61
f 60/61/61 61/62/62 59/60/60
f 60/61/61 57/58/58 62/63/63
f 62/63/63 63/64/64 60/61/61
f 64/65/65 65/66/66 66/67/67
f 66/67/67 67/68/68 64/65/65
f 68/69/69 65/66/66 69/70/70
f 69/70/70 70/71/71 68/69/69
f 694/72/72 71/73/73 72/74/74
f 72/74/74 73/75/75 694/72/72
f 72/74/74 71/73/73 74/76/76
f 74/76/76 75/77/77 72/74/74
f 74/76/76 71/73/73 76/78/78
f 76/78/78 77/79/79 74/76/76
f 78/80/80 79/81/81 80/82/82
f 80/82/82 81/83/83 78/80/80
f 80/82/82 79/81/81 82/84/84
f 82/84/84 83/85/85 80/82/82
f 84/86/86 85/87/87 86/88/88
f 86/88/88 87/89/89 84/86/86
f 86/88/88 85/87/87 88/90/90
f 88/90/90 89/91/91 86/88/88
f 91/92/92 92/93/93 90/94/94
f 93/95/95 91/92/92 94/96/96
f 95/97/97 96/98/98 97/99/99
f 97/99/99 98/100/100 95/97/97
f 97/99/99 96/98/98 99/101/101
f 99/101/101 100/102/102 97/99/99
f 101/103/103 102/104/104 103/105/105
f 103/105/105 104/106/106 101/103/103
f 105/107/107 102/104/104 106/108/108
f 106/108/108 107/109/109 105/107/107
f 108/110/110 109/111/111 110/112/112
f 110/112/112 111/113/113 108/110/110
f 112/114/114 109/115/111 113/116/115
f 113/116/115 114/117/116 112/114/114
f 115/118/117 116/119/118 117/120/119
f 117/120/119 118/121/120 115/118/117
f 119/122/121 116/119/118 729/123/122
f 120/124/123 121/125/124 122/126/125
f 122/126/125 123/127/126 120/124/123
f 122/126/125 121/125/124 124/128/127
f 124/128/127 125/129/128 122/126/125
f 124/128/127 121/125/124 126/130/129
f 126/130/129 127/131/130 124/128/127
f 128/132/131 129/133/132 130/134/133
f 130/134/133 131/135/134 128/132/131
f 130/136/133 129/137/132 132/138/135
f 134/139/136 135/140/137 133/141/138
f 134/139/136 133/141/138 136/142/139
f 136/142/139 137/143/140 134/139/136
f 138/144/141 139/145/142 140/146/143
f 141/147/144 142/148/145 143/149/146
f 143/149/146 144/150/147 141/147/144
f 143/149/146 142/148/145 702/151/148
f 702/151/148 145/152/149 143/149/146
f 146/153/150 142/148/145 147/154/151
f 149/155/152 150/156/153 148/157/154
f 149/155/152 148/157/154 151/158/155
f 152/159/156 153/160/157 154/161/158
f 154/161/158 155/162/159 152/159/156
f 156/163/160 153/160/157 157/164/161
f 157/164/161 158/165/162 156/163/160
f 159/166/163 160/167/164 161/168/165
f 161/168/165 162/169/166 159/166/163
f 163/170/167 160/167/164 159/166/163
f 159/166/163 164/171/168 163/170/167
f 165/172/169 166/173/170 167/174/171
f 167/174/171 168/175/172 165/172/169
f 169/176/173 170/177/174 171/178/175
f 172/179/176 173/180/177 174/181/178
f 175/182/179 176/183/180 173/180/177
f 177/184/181 178/185/182 179/186/183
f 179/186/183 180/187/184 177/184/181
f 178/185/182 181/188/185 136/142/139
f 182/189/186 183/190/187 184/191/188
f 184/191/188 185/192/189 182/189/186
f 186/193/190 187/194/191 183/190/187
f 188/195/192 189/196/193 190/197/194
f 190/197/194 191/198/195 188/195/192
f 190/197/194 189/196/193 192/199/196
f 192/199/196 189/196/193 193/200/197
f 193/200/197 194/201/198 192/199/196
f 199/202/199 200/203/200 201/204/201
f 201/204/201 202/205/202 199/202/199
f 201/204/201 200/203/200 203/206/203
f 203/206/203 204/207/204 201/204/201
f 205/208/205 200/203/200 206/209/206
f 207/210/207 208/211/208 209/212/209
f 209/212/209 210/213/210 207/210/207
f 211/214/211 212/215/212 213/216/213
f 213/216/213 212/215/212 214/217/214
f 214/217/214 215/218/215 213/216/213
f 214/217/214 212/215/212 216/219/216
f 216/219/216 217/220/217 214/217/214
f 218/221/218 219/222/219 220/223/220
f 220/223/220 221/224/221 218/221/218
f 222/225/222 223/226/223 224/227/224
f 224/227/224 225/228/225 222/225/222
f 224/227/224 223/226/223 226/229/226
f 226/229/226 227/230/227 224/227/224
f 226/229/226 223/226/223 228/231/228
f 228/231/228 229/232/229 226/229/226
f 230/233/230 231/234/231 232/235/232
f 232/235/232 231/234/231 233/236/233
f 233/236/233 234/237/234 232/235/232
f 231/234/231 235/238/235 233/236/233
f 237/239/236 238/240/237 236/241/238
f 237/239/236 236/241/238 239/242/239
f 239/242/239 240/243/240 237/239/236
f 239/242/239 236/241/238 241/244/241
f 241/244/241 242/245/242 239/242/239
f 243/246/243 244/247/244 245/248/245
f 245/248/245 246/249/246 243/246/243
f 247/250/247 248/251/248 244/247/244
f 249/252/249 250/253/250 251/254/251
f 251/254/251 252/255/252 249/252/249
f 254/256/253 255/257/254 253/258/255
f 254/256/253 253/258/255 256/259/256
f 256/259/256 257/260/257 254/256/253
f 256/259/256 253/258/255 258/261/258
f 258/261/258 259/262/259 256/259/256
f 260/263/260 261/264/261 1/1/1
f 1/1/1 4/4/4 260/263/260
f 262/265/262 261/264/261 260/263/260
f 260/263/260 263/266/263 262/265/262
f 264/267/264 265/268/265 3/3/3
f 3/3/3 6/6/6 264/267/264
f 264/267/264 149/155/152 265/268/265
f 266/269/266 267/270/267 268/271/268
f 268/271/268 269/272/269 266/269/266
f 54/54/54 267/270/267 266/269/266
f 270/273/270 271/274/271 5/5/5
f 5/5/5 272/275/272 270/273/270
f 273/276/273 271/274/271 270/273/270
f 270/273/270 274/277/274 273/276/273
f 275/278/275 276/279/276 11/11/11
f 11/11/11 13/13/13 275/278/275
f 277/280/277 276/279/276 278/281/278
f 279/282/279 280/283/280 7/7/7
f 7/7/7 10/10/10 279/282/279
f 60/61/61 280/283/280 279/282/279
f 279/282/279 61/62/62 60/61/61
f 281/284/281 282/285/282 9/9/9
f 9/9/9 283/286/283 281/284/281
f 86/88/88 282/285/282 281/284/281
f 281/284/281 87/89/89 86/88/88
f 284/287/284 285/288/285 14/14/14
f 14/14/14 17/17/17 284/287/284
f 23/23/23 285/289/285 284/290/284
f 284/290/284 24/24/24 23/23/23
f 16/16/16 18/18/18 227/230/227
f 226/229/226 16/16/16 227/230/227
f 286/291/286 287/292/287 18/18/18
f 18/18/18 20/20/20 286/291/286
f 93/95/95 287/292/287 286/291/286
f 286/291/286 288/293/288 93/95/95
f 234/237/234 233/236/233 21/21/21
f 21/21/21 24/24/24 234/237/234
f 240/243/240 239/242/239 289/294/289
f 289/294/289 290/295/290 240/243/240
f 291/296/291 292/297/292 27/27/27
f 27/27/27 30/30/30 291/296/291
f 37/298/37 292/297/292 291/296/291
f 291/296/291 38/299/38 37/298/37
f 202/205/202 293/300/293 28/301/28
f 28/301/28 294/302/294 202/205/202
f 201/204/201 293/300/293 202/205/202
f 295/303/295 296/304/296 29/29/29
f 29/29/29 32/32/32 295/303/295
f 173/180/177 296/304/296 295/303/295
f 295/303/295 174/181/178 173/180/177
f 297/305/297 192/199/196 31/306/31
f 31/306/31 298/307/298 297/305/297
f 297/305/297 190/197/194 192/199/196
f 215/218/215 214/217/214 33/33/33
f 33/33/33 35/35/35 215/218/215
f 183/190/187 36/36/36 38/38/38
f 38/38/38 184/191/188 183/190/187
f 299/308/299 300/309/300 35/35/35
f 35/35/35 301/310/301 299/308/299
f 302/311/302 300/309/300 299/308/299
f 299/308/299 303/312/303 302/311/302
f 304/313/304 305/314/305 306/315/306
f 306/315/306 307/316/307 304/313/304
f 306/315/306 305/314/305 308/317/308
f 308/317/308 309/318/309 306/315/306
f 310/319/310 311/320/311 312/321/312
f 312/321/312 313/322/313 310/319/310
f 117/120/119 311/320/311 310/319/310
f 310/319/310 118/121/120 117/120/119
f 314/323/314 315/324/315 316/325/316
f 316/325/316 317/326/317 314/323/314
f 314/323/314 209/212/209 315/324/315
f 318/327/318 319/328/319 43/43/43
f 43/43/43 46/46/46 318/327/318
f 122/126/125 319/328/319 318/327/318
f 318/327/318 123/127/126 122/126/125
f 320/329/320 321/330/321 45/45/45
f 45/45/45 48/48/48 320/329/320
f 141/147/144 321/330/321 320/329/320
f 320/329/320 322/331/322 141/147/144
f 62/63/63 323/332/323 324/333/324
f 324/333/324 63/64/64 62/63/63
f 324/333/324 323/332/323 325/334/325
f 326/335/326 327/336/327 49/49/49
f 49/49/49 52/52/52 326/335/326
f 82/84/84 327/336/327 326/335/326
f 326/335/326 83/85/85 82/84/84
f 103/105/105 328/337/328 329/338/329
f 329/338/329 104/106/106 103/105/105
f 331/339/330 332/340/331 59/60/60
f 59/60/60 61/62/62 331/339/330
f 88/90/90 332/340/331 331/339/330
f 331/339/330 89/91/91 88/90/90
f 333/341/332 334/342/333 335/343/334
f 334/342/333 58/59/59 335/343/334
f 74/76/76 336/344/335 337/345/336
f 337/345/336 75/77/77 74/76/76
f 337/345/336 336/344/335 338/346/337
f 338/346/337 339/347/338 337/345/336
f 340/348/339 341/349/340 68/69/69
f 68/69/69 70/71/71 340/348/339
f 342/350/341 343/351/342 66/67/67
f 66/67/67 344/352/343 342/350/341
f 736/353/344 343/351/342 342/350/341
f 345/354/345 343/351/342 346/355/346
f 346/355/346 347/356/347 345/354/345
f 97/99/99 348/357/348 349/358/349
f 349/358/349 98/100/100 97/99/99
f 349/358/349 348/357/348 683/359/350
f 683/359/350 350/360/351 349/358/349
f 351/361/352 352/362/353 72/74/74
f 72/74/74 75/77/77 351/361/352
f 353/363/354 352/362/353 351/361/352
f 351/361/352 354/364/355 353/363/354
f 355/365/356 356/366/357 78/80/80
f 78/80/80 81/83/83 355/365/356
f 355/365/356 161/168/165 356/366/357
f 357/367/358 358/368/359 80/82/82
f 80/82/82 83/85/85 357/367/358
f 359/369/360 358/368/359 357/367/358
f 357/367/358 360/370/361 359/369/360
f 361/371/362 362/372/363 84/86/86
f 84/86/86 87/89/89 361/371/362
f 361/371/362 363/373/364 362/372/363
f 364/374/365 365/375/366 366/376/367
f 366/376/367 367/377/368 364/374/365
f 364/374/365 368/378/369 365/375/366
f 138/144/141 369/379/370 370/380/371
f 370/380/371 371/381/372 138/144/141
f 370/380/371 369/379/370 372/382/373
f 372/382/373 373/383/374 370/380/371
f 374/384/375 375/385/376 95/97/97
f 95/97/97 98/100/100 374/384/375
f 709/386/377 375/385/376 374/384/375
f 374/384/375 376/387/378 709/386/377
f 377/388/379 375/385/376 378/389/380
f 108/390/110 379/391/381 380/392/382
f 380/392/382 381/393/383 108/390/110
f 380/392/382 379/391/381 382/394/384
f 382/394/384 383/395/385 380/392/382
f 384/396/386 385/397/387 105/107/107
f 105/107/107 107/109/109 384/396/386
f 386/398/388 385/397/387 384/396/386
f 384/396/386 387/399/389 386/398/388
f 112/114/114 114/117/116 388/400/390
f 389/401/391 388/402/390 390/403/392
f 124/128/127 391/404/393 392/405/394
f 392/405/394 125/129/128 124/128/127
f 392/405/394 391/404/393 393/406/395
f 393/406/395 394/407/396 392/405/394
f 395/408/397 396/409/398 119/122/121
f 395/408/397 251/254/251 396/409/398
f 397/410/399 398/411/400 120/124/123
f 120/124/123 123/127/126 397/410/399
f 143/149/146 398/411/400 397/410/399
f 397/410/399 144/150/147 143/149/146
f 399/412/401 400/413/402 128/132/131
f 128/132/131 131/135/134 399/412/401
f 399/412/401 401/414/403 400/413/402
f 135/140/137 256/259/256 133/141/138
f 135/140/137 257/260/257 256/259/256
f 20/20/20 19/19/19 148/415/154
f 148/415/154 150/416/153 20/20/20
f 25/25/25 156/163/160 158/165/162
f 158/165/162 26/26/26 25/25/25
f 91/92/92 402/417/404 92/93/93
f 403/418/405 402/417/404 404/419/406
f 404/419/406 405/420/407 403/418/405
f 92/93/93 402/417/404 403/418/405
f 406/421/408 407/422/409 165/172/169
f 165/172/169 168/175/172 406/421/408
f 244/247/244 407/422/409 406/421/408
f 406/421/408 245/248/245 244/247/244
f 134/139/136 169/176/173 171/178/175
f 171/178/175 135/140/137 134/139/136
f 106/108/108 408/423/410 409/424/411
f 409/424/411 107/109/109 106/108/108
f 181/188/185 137/143/140 136/142/139
f 110/112/112 182/189/186 185/192/189
f 185/192/189 111/113/113 110/112/112
f 130/134/133 410/425/412 411/426/413
f 411/426/413 131/135/134 130/134/133
f 411/426/413 410/425/412 412/427/414
f 414/428/415 413/429/416 415/430/417
f 415/430/417 196/431/418 414/428/415
f 416/432/419 187/194/191 186/193/190
f 418/433/420 419/434/421 58/59/59
f 58/59/59 420/435/422 418/433/420
f 421/436/423 419/434/421 418/433/420
f 418/433/420 198/437/424 421/436/423
f 554/438/425 422/439/426 423/440/427
f 423/440/427 424/441/428 554/438/425
f 198/437/424 426/442/429 425/443/430
f 425/443/430 197/444/431 198/437/424
f 295/303/295 430/445/432 174/181/178
f 431/446/433 430/445/432 432/447/434
f 433/448/435 434/449/436 184/450/188
f 175/182/179 434/449/436 433/448/435
f 433/448/435 176/183/180 175/182/179
f 435/451/437 436/452/438 437/453/439
f 149/155/152 436/452/438 435/451/437
f 435/451/437 150/156/153 149/155/152
f 438/454/440 439/455/441 440/456/442
f 440/456/442 441/457/443 438/454/440
f 167/174/171 439/455/441 438/454/440
f 438/454/440 168/175/172 167/174/171
f 445/458/444 442/459/445 446/460/446
f 447/461/447 448/462/448 449/463/449
f 450/464/450 448/465/448 451/466/451
f 41/41/41 452/467/452 453/468/453
f 453/468/453 42/42/42 41/41/41
f 454/469/454 452/467/452 455/470/455
f 453/468/453 452/467/452 454/469/454
f 456/471/456 207/210/207 210/213/210
f 210/213/210 457/472/457 456/471/456
f 47/47/47 458/473/458 459/474/459
f 459/474/459 48/48/48 47/47/47
f 459/474/459 458/473/458 460/475/460
f 460/475/460 213/216/213 459/474/459
f 221/224/221 94/96/96 218/221/218
f 221/224/221 93/95/95 94/96/96
f 69/70/70 222/225/222 225/228/225
f 225/228/225 70/71/71 69/70/70
f 461/476/461 462/477/462 230/233/230
f 463/478/463 462/477/462 461/476/461
f 464/479/464 462/477/462 695/480/465
f 236/241/238 238/240/237 465/481/466
f 465/481/466 467/482/467 466/483/468
f 468/484/469 469/485/470 243/246/243
f 243/246/243 246/249/246 468/484/469
f 470/486/471 469/485/470 468/484/469
f 468/484/469 471/487/472 470/486/471
f 252/255/252 140/146/143 249/252/249
f 252/255/252 138/144/141 140/146/143
f 255/257/254 472/488/473 253/258/255
f 472/488/473 474/489/474 473/490/475
f 224/227/224 227/230/227 475/491/476
f 475/491/476 221/224/221 220/223/220
f 476/492/477 209/212/209 477/493/478
f 476/492/477 210/213/210 209/212/209
f 247/250/247 478/494/479 479/495/480
f 479/495/480 248/251/248 247/250/247
f 479/495/480 478/494/479 480/496/481
f 480/496/481 257/260/257 479/495/480
f 482/497/482 483/498/483 481/499/484
f 251/254/251 482/497/482 481/499/484
f 481/499/484 252/255/252 251/254/251
f 484/500/485 485/501/486 232/235/232
f 232/235/232 234/237/234 484/500/485
f 228/231/228 485/502/486 484/503/485
f 484/503/485 229/232/229 228/231/228
f 486/504/487 487/505/488 213/216/213
f 213/216/213 215/218/215 486/504/487
f 258/261/258 487/505/488 486/504/487
f 486/504/487 259/262/259 258/261/258
f 489/506/489 490/507/490 488/508/491
f 488/508/491 204/207/204 203/206/203
f 216/509/216 491/510/492 492/511/493
f 492/511/493 217/512/217 216/509/216
f 492/511/493 491/510/492 493/513/494
f 493/513/494 494/514/495 492/511/493
f 495/515/496 242/245/242 241/244/241
f 237/239/236 240/243/240 235/238/235
f 496/516/497 237/239/236 235/238/235
f 497/517/498 498/518/499 499/519/500
f 499/519/500 500/520/501 497/517/498
f 499/519/500 498/518/499 442/521/445
f 442/521/445 443/522/502 499/519/500
f 442/523/445 498/524/499 501/525/503
f 501/525/503 444/526/504 442/523/445
f 217/512/217 492/511/493 502/527/505
f 502/527/505 503/528/506 217/512/217
f 502/527/505 492/511/493 494/514/495
f 494/514/495 294/302/294 502/527/505
f 504/529/507 505/530/508 506/531/509
f 506/531/509 507/532/510 504/529/507
f 505/530/508 269/272/269 506/531/509
f 17/17/17 484/503/485 284/287/284
f 284/290/284 484/500/485 234/237/234
f 234/237/234 24/24/24 284/290/284
f 508/533/511 509/534/512 510/535/513
f 510/535/513 511/536/514 508/533/511
f 510/535/513 509/534/512 270/273/270
f 270/273/270 272/275/272 510/535/513
f 20/20/20 512/537/515 286/291/286
f 286/291/286 512/537/515 513/538/516
f 513/538/516 288/293/288 286/291/286
f 514/539/517 515/540/518 279/282/279
f 279/282/279 10/10/10 514/539/517
f 279/282/279 515/540/518 331/339/330
f 331/339/330 61/62/62 279/282/279
f 227/230/227 18/18/18 287/292/287
f 227/230/227 287/292/287 475/491/476
f 475/491/476 287/292/287 221/224/221
f 235/238/235 240/243/240 290/295/290
f 495/515/496 516/541/519 242/245/242
f 242/245/242 516/541/519 441/457/443
f 441/457/443 517/542/520 242/245/242
f 441/457/443 516/541/519 438/454/440
f 438/454/440 516/541/519 406/421/408
f 406/421/408 168/175/172 438/454/440
f 176/183/180 433/448/435 291/296/291
f 291/296/291 30/30/30 176/183/180
f 291/296/291 433/448/435 38/299/38
f 433/448/435 184/450/188 38/299/38
f 357/367/358 518/543/521 519/544/522
f 519/544/522 360/370/361 357/367/358
f 520/545/523 518/543/521 521/546/524
f 522/547/525 523/548/526 524/549/527
f 524/549/527 525/550/528 522/547/525
f 526/551/529 527/552/530 523/548/526
f 337/345/336 528/553/531 351/361/352
f 351/361/352 75/77/77 337/345/336
f 351/361/352 528/553/531 732/554/532
f 732/554/532 354/364/355 351/361/352
f 530/555/533 531/556/534 532/557/535
f 532/557/535 533/558/536 530/555/533
f 532/557/535 531/556/534 534/559/537
f 534/559/537 313/322/313 532/557/535
f 349/358/349 535/560/538 374/384/375
f 374/384/375 98/100/100 349/358/349
f 374/384/375 535/560/538 536/561/539
f 536/561/539 376/387/378 374/384/375
f 32/32/32 430/445/432 295/303/295
f 370/380/371 537/562/540 371/381/372
f 538/563/541 537/562/540 373/383/374
f 371/381/372 537/562/540 447/461/447
f 447/461/447 539/564/542 371/381/372
f 416/432/419 299/308/299 187/194/191
f 299/308/299 301/310/301 187/194/191
f 425/443/430 181/188/185 422/439/426
f 422/439/426 197/444/431 425/443/430
f 215/218/215 35/35/35 540/565/543
f 215/218/215 540/565/543 486/504/487
f 486/504/487 540/565/543 259/262/259
f 210/213/210 476/492/477 457/472/457
f 252/255/252 481/499/484 369/379/370
f 369/379/370 138/144/141 252/255/252
f 369/379/370 481/499/484 483/498/483
f 483/498/483 541/566/544 369/379/370
f 488/508/491 542/567/545 204/207/204
f 204/207/204 542/567/545 297/305/297
f 297/305/297 298/307/298 204/207/204
f 297/305/297 542/567/545 427/568/546
f 427/568/546 190/197/194 297/305/297
f 427/568/546 542/567/545 414/428/415
f 414/428/415 196/431/418 427/568/546
f 414/428/415 542/567/545 490/507/490
f 543/569/547 544/570/548 318/327/318
f 318/327/318 46/46/46 543/569/547
f 318/327/318 544/570/548 397/410/399
f 397/410/399 123/127/126 318/327/318
f 171/178/175 545/571/549 135/140/137
f 135/140/137 545/571/549 479/495/480
f 479/495/480 257/260/257 135/140/137
f 479/495/480 545/571/549 546/572/550
f 546/572/550 248/251/248 479/495/480
f 546/572/550 545/571/549 428/573/551
f 428/573/551 429/574/552 546/572/550
f 547/575/553 548/576/554 549/577/555
f 549/577/555 550/578/556 547/575/553
f 419/434/421 551/579/557 335/343/334
f 335/343/334 58/59/59 419/434/421
f 335/343/334 551/579/557 552/580/558
f 553/581/559 551/579/557 554/438/425
f 554/438/425 555/582/560 553/581/559
f 556/583/561 418/433/420 557/584/562
f 557/584/562 558/585/563 556/583/561
f 418/433/420 420/435/422 557/584/562
f 411/426/413 559/586/564 399/412/401
f 399/412/401 131/135/134 411/426/413
f 559/586/564 401/414/403 399/412/401
f 561/587/565 562/588/566 560/589/567
f 561/587/565 560/589/567 364/374/365
f 364/374/365 367/377/368 561/587/565
f 409/424/411 563/590/568 384/396/386
f 384/396/386 107/109/109 409/424/411
f 384/396/386 563/590/568 564/591/569
f 564/591/569 387/399/389 384/396/386
f 185/592/189 567/593/570 568/594/571
f 568/594/571 111/595/113 185/592/189
f 568/594/571 567/593/570 569/596/572
f 569/596/572 570/597/573 568/594/571
f 567/593/570 571/598/574 569/596/572
f 572/599/575 573/600/576 264/267/264
f 264/267/264 6/6/6 572/599/575
f 573/600/576 149/155/152 264/267/264
f 575/601/577 576/602/578 281/284/281
f 281/284/281 283/286/283 575/601/577
f 281/284/281 576/602/578 361/371/362
f 361/371/362 87/89/89 281/284/281
f 361/371/362 576/602/578 577/603/579
f 577/603/579 363/373/364 361/371/362
f 578/604/580 579/605/581 260/263/260
f 260/263/260 4/4/4 578/604/580
f 260/263/260 579/605/581 712/606/582
f 712/606/582 263/266/263 260/263/260
f 580/607/583 579/605/581 581/608/584
f 583/609/585 584/610/586 582/611/587
f 585/612/588 582/611/587 586/613/589
f 586/613/589 81/83/83 585/612/588
f 225/228/225 587/614/590 340/348/339
f 340/348/339 70/71/71 225/228/225
f 589/615/591 590/616/592 588/617/593
f 589/615/591 588/617/593 314/323/314
f 314/323/314 317/326/317 589/615/591
f 588/617/593 209/212/209 314/323/314
f 591/618/594 592/619/595 469/485/470
f 593/620/596 480/496/481 591/618/594
f 708/621/597 591/618/594 594/622/598
f 594/622/598 595/623/599 708/621/597
f 597/624/600 596/625/601 342/350/341
f 342/350/341 344/352/343 597/624/600
f 342/350/341 596/625/601 395/408/397
f 599/626/602 228/231/228 598/627/603
f 461/476/461 599/628/602 600/629/604
f 601/630/605 602/631/606 487/505/488
f 459/474/459 602/631/606 320/329/320
f 320/329/320 48/48/48 459/474/459
f 603/632/607 604/633/608 605/634/609
f 605/634/609 606/635/610 603/632/607
f 604/633/608 607/636/611 605/634/609
f 306/315/306 608/637/612 609/638/613
f 609/638/613 307/316/307 306/315/306
f 609/638/613 608/637/612 611/639/614
f 611/639/614 612/640/615 609/638/613
f 468/484/469 613/641/616 614/642/617
f 614/642/617 471/487/472 468/484/469
f 613/641/616 241/244/241 614/642/617
f 465/481/466 615/643/618 616/644/619
f 616/644/619 467/482/467 465/481/466
f 690/645/620 615/643/618 617/646/621
f 617/646/621 618/647/622 690/645/620
f 619/648/623 682/649/624 694/72/72
f 694/72/72 73/75/75 619/648/623
f 683/359/350 682/649/624 619/648/623
f 619/648/623 350/360/351 683/359/350
f 463/478/463 461/476/461 600/629/604
f 76/650/78 463/478/463 600/629/604
f 600/629/604 77/651/79 76/650/78
f 467/482/467 616/644/619 620/652/625
f 620/652/625 100/653/102 467/482/467
f 688/654/626 617/646/621 464/479/464
f 688/654/626 618/647/622 617/646/621
f 621/655/627 622/656/628 623/657/629
f 493/513/494 199/202/199 202/205/202
f 202/205/202 494/514/495 493/513/494
f 626/658/630 216/219/216 612/640/615
f 611/639/614 626/658/630 612/640/615
f 628/659/631 627/660/632 629/661/633
f 145/152/149 701/662/634 709/386/377
f 709/386/377 376/387/378 145/152/149
f 702/151/148 701/662/634 145/152/149
f 473/490/475 474/489/474 703/663/635
f 147/154/151 473/490/475 703/663/635
f 480/496/481 593/620/596 255/257/254
f 706/664/636 594/622/598 377/388/379
f 706/664/636 595/623/599 594/622/598
f 630/665/637 631/666/638 632/667/639
f 633/668/640 154/161/158 277/280/277
f 633/668/640 155/162/159 154/161/158
f 158/165/162 157/164/161 444/526/504
f 263/669/263 711/670/641 275/278/275
f 275/278/275 13/13/13 263/669/263
f 712/671/582 711/670/641 263/669/263
f 635/672/642 636/673/643 637/674/644
f 412/427/414 188/195/192 191/198/195
f 191/198/195 411/426/413 412/427/414
f 194/201/198 193/200/197 430/675/432
f 387/399/389 564/591/569 638/676/645
f 638/676/645 130/136/133 387/399/389
f 431/446/433 432/447/434 566/677/646
f 565/678/647 431/446/433 566/677/646
f 639/679/648 640/680/649 641/681/650
f 180/187/184 179/186/183 389/401/391
f 178/185/182 422/439/426 181/188/185
f 114/117/116 552/580/558 388/400/390
f 114/117/116 335/343/334 552/580/558
f 424/441/428 555/582/560 554/438/425
f 642/682/651 643/683/652 644/684/653
f 723/685/654 404/686/406 163/170/167
f 163/170/167 164/171/168 723/685/654
f 723/687/654 405/420/407 404/419/406
f 450/464/450 451/466/451 162/169/166
f 161/168/165 450/464/450 162/169/166
f 724/688/655 373/383/374 92/93/93
f 92/93/93 403/418/405 724/688/655
f 724/688/655 538/563/541 373/383/374
f 447/461/447 449/463/449 539/564/542
f 646/689/656 645/690/657 647/691/658
f 648/692/659 649/693/660 115/118/117
f 115/118/117 118/121/120 648/692/659
f 393/406/395 649/693/660 648/692/659
f 648/692/659 394/407/396 393/406/395
f 650/694/661 728/695/662 736/353/344
f 736/353/344 342/350/341 650/694/661
f 729/123/122 728/695/662 650/694/661
f 650/694/661 119/122/121 729/123/122
f 345/354/345 347/356/347 730/696/663
f 529/697/664 345/354/345 730/696/663
f 354/364/355 731/698/665 735/699/666
f 735/699/666 127/131/130 354/364/355
f 732/554/532 731/698/665 354/364/355
f 651/700/667 652/701/668 653/702/669
f 653/702/669 652/701/668 654/703/670
f 655/704/671 656/705/672 53/53/53
f 53/53/53 54/54/54 655/704/671
f 325/334/325 656/705/672 655/704/671
f 655/704/671 324/333/324 325/334/325
f 51/51/51 55/56/56 737/706/673
f 330/707/674 51/51/51 737/706/673
f 525/550/528 657/708/675 658/709/676
f 658/709/676 659/710/677 525/550/528
f 524/549/527 657/708/675 525/550/528
f 739/711/678 526/551/529 329/338/329
f 739/711/678 527/552/530 526/551/529
f 661/712/679 660/713/680 662/714/681
f 158/165/162 444/526/504 501/525/503
f 202/205/202 294/302/294 494/514/495
f 505/530/508 655/704/671 266/269/266
f 266/269/266 269/272/269 505/530/508
f 655/704/671 54/54/54 266/269/266
f 512/537/515 435/715/437 513/538/516
f 52/52/52 520/545/523 521/546/524
f 56/57/57 58/59/59 334/342/333
f 525/550/528 659/710/677 56/57/57
f 663/716/682 383/395/385 382/394/384
f 338/346/337 664/717/683 339/347/338
f 126/130/129 665/718/684 354/364/355
f 354/364/355 127/131/130 126/130/129
f 534/559/537 648/692/659 310/319/310
f 310/319/310 313/322/313 534/559/537
f 648/692/659 118/121/120 310/319/310
f 666/719/685 619/648/623 667/720/686
f 667/720/686 668/721/687 666/719/685
f 619/648/623 73/75/75 667/720/686
f 536/561/539 669/722/688 145/152/149
f 145/152/149 376/387/378 536/561/539
f 194/201/198 430/675/432 32/723/32
f 90/94/94 373/383/374 372/382/373
f 195/724/689 196/431/418 415/430/417
f 195/724/689 415/430/417 539/564/542
f 539/564/542 449/463/449 195/724/689
f 670/725/690 549/577/555 548/576/554
f 113/116/115 333/341/332 114/117/116
f 671/726/691 401/414/403 559/586/564
f 132/138/135 386/398/388 387/399/389
f 387/399/389 130/136/133 132/138/135
f 172/179/176 409/424/411 408/423/410
f 439/455/441 363/373/364 577/603/579
f 439/455/441 577/603/579 672/727/692
f 12/12/12 673/728/693 263/669/263
f 263/669/263 13/13/13 12/12/12
f 265/268/265 149/155/152 151/158/155
f 265/268/265 151/158/155 674/729/694
f 355/365/356 81/83/83 586/613/589
f 586/613/589 161/168/165 355/365/356
f 470/486/471 471/487/472 675/730/695
f 254/256/253 257/260/257 480/496/481
f 480/496/481 255/257/254 254/256/253
f 650/694/661 342/350/341 395/408/397
f 677/731/696 322/331/322 320/329/320
f 604/633/608 678/732/697 607/636/611
f 308/317/308 679/733/698 42/734/42
f 42/734/42 309/318/309 308/317/308
f 211/214/211 213/216/213 460/475/460
f 211/214/211 460/475/460 612/640/615
f 612/640/615 216/219/216 211/214/211
f 99/101/101 466/483/468 467/482/467
f 467/482/467 100/653/102 99/101/101
f 496/516/497 235/238/235 231/234/231
f 680/735/699 681/736/700 496/516/497
f 76/650/78 685/737/701 684/738/702
f 464/479/464 689/739/703 688/654/626
f 620/740/625 692/741/704 691/742/705
f 693/743/706 685/744/701 76/78/78
f 695/480/465 689/739/703 464/479/464
f 566/677/646 767/745/707 565/678/647
f 451/466/451 775/746/708 162/169/166
f 403/418/405 646/689/656 724/688/655
f 164/171/168 159/166/163 774/747/709
f 775/748/708 451/749/451 727/750/710
f 726/751/711 538/563/541 776/752/712
f 646/689/656 403/418/405 405/420/407
f 734/753/713 391/404/393 735/699/666
f 393/406/395 391/404/393 734/753/713
f 55/56/56 738/754/714 737/706/673
f 524/549/527 782/755/715 657/708/675
f 740/756/716 323/332/323 658/709/676
f 658/709/676 741/757/717 740/756/716
f 325/334/325 323/332/323 740/756/716
f 742/758/718 523/548/526 527/552/530
f 524/549/527 523/548/526 742/758/718
f 742/758/718 782/755/715 524/549/527
f 784/759/719 328/337/328 330/707/674
f 329/338/329 328/337/328 784/759/719
f 743/55/55 738/754/714 55/56/56
f 623/657/629 622/656/628 685/737/701
f 689/739/703 695/480/465 622/656/628
f 757/760/720 631/666/638 756/761/721
f 653/702/669 778/762/722 779/763/723
f 652/701/668 651/700/667 781/764/724
f 777/765/725 734/753/713 651/700/667
f 662/714/681 783/766/726 784/759/719
f 738/754/714 743/55/55 661/712/679
f 782/755/715 742/758/718 783/766/726
f 660/713/680 740/756/716 741/757/717
f 2/2/2 1/767/1 269/272/269
f 269/272/269 268/271/268 2/2/2
f 2/2/2 268/271/268 272/275/272
f 272/275/272 5/5/5 2/2/2
f 8/8/8 11/11/11 283/286/283
f 283/286/283 9/9/9 8/8/8
f 8/8/8 7/7/7 507/532/510
f 507/532/510 12/12/12 8/8/8
f 15/15/15 14/14/14 500/520/501
f 500/520/501 19/19/19 15/15/15
f 22/22/22 21/21/21 290/295/290
f 290/295/290 289/294/289 22/22/22
f 22/22/22 289/294/289 517/542/520
f 517/542/520 25/25/25 22/22/22
f 28/301/28 27/768/27 294/302/294
f 298/307/298 31/306/31 28/301/28
f 34/34/34 33/33/33 503/769/506
f 503/769/506 37/37/37 34/34/34
f 34/34/34 36/36/36 301/310/301
f 301/310/301 35/35/35 34/34/34
f 40/40/40 39/770/39 313/322/313
f 313/322/313 312/321/312 40/40/40
f 679/771/698 39/39/39 42/42/42
f 40/40/40 312/321/312 317/326/317
f 317/326/317 316/325/316 40/40/40
f 40/40/40 316/325/316 606/635/610
f 606/635/610 41/41/41 40/40/40
f 44/44/44 43/43/43 533/558/536
f 533/558/536 304/772/304 44/44/44
f 50/50/50 53/53/53 744/773/727
f 744/773/727 743/55/55 50/50/50
f 50/50/50 49/49/49 511/536/514
f 511/536/514 54/54/54 50/50/50
f 57/58/58 59/60/60 420/435/422
f 420/435/422 58/59/59 57/58/58
f 57/58/58 56/57/57 659/710/677
f 659/710/677 62/63/63 57/58/58
f 65/66/66 64/65/65 785/774/728
f 785/774/728 69/70/70 65/66/66
f 664/717/683 64/65/65 67/68/68
f 67/68/68 339/347/338 664/717/683
f 65/66/66 68/69/69 344/352/343
f 344/352/343 66/67/67 65/66/66
f 694/72/72 693/743/706 71/73/73
f 79/81/81 78/80/80 786/775/729
f 786/775/729 273/276/273 79/81/81
f 85/87/87 84/86/86 367/377/368
f 367/377/368 366/376/367 85/87/87
f 85/87/87 366/376/367 558/585/563
f 558/585/563 88/90/90 85/87/87
f 91/92/92 90/94/94 541/566/544
f 541/566/544 94/96/96 91/92/92
f 96/98/98 95/97/97 787/776/730
f 787/776/730 675/730/695 96/98/98
f 102/104/104 101/103/103 570/597/573
f 570/597/573 106/108/108 102/104/104
f 663/716/682 101/103/103 104/106/106
f 102/104/104 105/107/107 788/777/731
f 788/777/731 103/105/105 102/104/104
f 109/111/111 112/778/114 550/578/556
f 550/578/556 110/112/112 109/111/111
f 115/118/117 733/779/732 116/119/118
f 116/119/118 119/122/121 590/616/592
f 590/616/592 117/120/119 116/119/118
f 121/125/124 120/124/123 668/721/687
f 668/721/687 126/130/129 121/125/124
f 129/133/132 128/132/131 789/780/733
f 789/780/733 359/781/360 129/133/132
f 153/160/157 156/163/160 441/457/443
f 441/457/443 440/456/442 153/160/157
f 160/167/164 163/170/167 437/453/439
f 166/173/170 165/172/169 429/574/552
f 170/177/174 169/176/173 425/443/430
f 425/443/430 426/442/429 170/177/174
f 173/180/177 172/179/176 571/598/574
f 571/598/574 175/182/179 173/180/177
f 178/185/182 136/142/139 417/782/734
f 183/190/187 182/189/186 549/577/555
f 549/577/555 186/193/190 183/190/187
f 189/196/193 188/195/192 714/783/735
f 714/783/735 718/784/736 189/196/193
f 417/782/734 179/186/183 178/185/182
f 170/177/174 426/442/429 556/583/561
f 556/583/561 365/375/366 170/177/174
f 166/173/170 429/574/552 562/588/566
f 562/588/566 362/372/363 166/173/170
f 160/167/164 437/453/439 574/785/737
f 574/785/737 356/366/357 160/167/164
f 153/160/157 440/456/442 672/727/692
f 672/727/692 154/161/158 153/160/157
f 148/157/154 443/786/502 790/787/738
f 790/787/738 151/158/155 148/157/154
f 195/724/689 449/463/449 584/788/586
f 584/788/586 400/413/402 195/724/689
f 200/203/200 205/208/205 203/206/203
f 208/211/208 207/210/207 490/507/490
f 490/507/490 489/506/489 208/211/208
f 212/215/212 211/214/211 216/219/216
f 219/222/219 218/221/218 483/498/483
f 483/498/483 482/497/482 219/222/219
f 223/226/223 222/225/222 228/231/228
f 231/234/231 230/233/230 680/735/699
f 244/247/244 243/246/243 592/619/595
f 592/619/595 247/250/247 244/247/244
f 250/253/250 249/252/249 476/492/477
f 476/492/477 477/493/478 250/253/250
f 601/630/605 258/261/258 253/258/255
f 477/493/478 396/409/398 250/253/250
f 219/222/219 482/497/482 597/624/600
f 597/624/600 341/349/340 219/222/219
f 208/211/208 489/506/489 791/789/739
f 791/789/739 315/324/315 208/211/208
f 200/203/200 199/202/199 792/790/740
f 792/790/740 206/209/206 200/203/200
f 261/791/261 262/792/262 507/532/510
f 507/532/510 506/531/509 261/791/261
f 673/728/693 262/792/262 263/669/263
f 674/729/694 578/604/580 265/268/265
f 267/270/267 54/54/54 511/536/514
f 511/536/514 510/535/513 267/270/267
f 79/81/81 273/276/273 274/277/274
f 274/277/274 82/84/84 79/81/81
f 271/274/271 273/276/273 786/775/729
f 786/775/729 572/599/575 271/274/271
f 276/279/276 277/280/277 575/601/577
f 280/283/280 60/61/61 63/64/64
f 63/64/64 504/529/507 280/283/280
f 282/285/282 86/88/88 89/91/91
f 89/91/91 514/539/517 282/285/282
f 285/289/285 23/23/23 26/26/26
f 26/26/26 497/793/498 285/289/285
f 16/16/16 226/229/226 229/232/229
f 229/232/229 17/17/17 16/16/16
f 91/92/92 93/95/95 288/293/288
f 235/238/235 290/295/290 233/236/233
f 292/794/292 37/795/37 503/528/506
f 503/528/506 502/527/505 292/794/292
f 293/300/293 201/204/201 204/207/204
f 296/304/296 173/180/177 176/183/180
f 36/36/36 183/190/187 187/194/191
f 133/141/138 302/311/302 303/312/303
f 303/312/303 136/142/139 133/141/138
f 302/311/302 540/565/543 300/309/300
f 305/796/305 304/772/304 533/558/536
f 533/558/536 532/557/535 305/796/305
f 44/44/44 304/313/304 307/316/307
f 307/316/307 47/47/47 44/44/44
f 311/320/311 117/120/119 590/616/592
f 590/616/592 589/615/591 311/320/311
f 208/211/208 315/324/315 209/212/209
f 791/789/739 603/632/607 315/324/315
f 319/328/319 122/126/125 125/129/128
f 125/129/128 530/555/533 319/328/319
f 321/330/321 141/147/144 144/150/147
f 144/150/147 543/569/547 321/330/321
f 142/148/145 141/147/144 322/331/322
f 322/331/322 147/154/151 142/148/145
f 323/332/323 62/63/63 659/710/677
f 659/710/677 658/709/676 323/332/323
f 327/336/327 82/84/84 274/277/274
f 274/277/274 508/533/511 327/336/327
f 328/337/328 103/105/105 788/777/731
f 788/777/731 520/545/523 328/337/328
f 332/340/331 88/90/90 558/585/563
f 558/585/563 557/584/562 332/340/331
f 334/342/333 333/341/332 381/393/383
f 381/393/383 522/547/525 334/342/333
f 335/343/334 114/117/116 333/341/332
f 336/344/335 74/76/76 77/79/79
f 77/79/79 793/797/741 336/344/335
f 219/222/219 341/349/340 340/348/339
f 340/348/339 220/223/220 219/222/219
f 736/353/344 346/355/346 343/351/342
f 348/357/348 97/99/99 100/798/102
f 100/798/102 620/740/625 348/357/348
f 352/362/353 353/363/354 668/721/687
f 668/721/687 667/720/686 352/362/353
f 665/718/684 353/363/354 354/364/355
f 160/167/164 356/366/357 161/168/165
f 129/137/132 359/369/360 360/370/361
f 360/370/361 132/138/135 129/137/132
f 358/368/359 359/369/360 789/799/733
f 789/799/733 585/612/588 358/368/359
f 562/588/566 561/587/565 362/372/363
f 166/173/170 362/372/363 363/373/364
f 363/373/364 167/174/171 166/173/170
f 170/177/174 365/375/366 368/378/369
f 368/378/369 171/178/175 170/177/174
f 139/145/142 138/144/141 371/381/372
f 371/381/372 413/429/416 139/145/142
f 709/386/377 378/389/380 375/385/376
f 109/115/111 108/390/110 381/393/383
f 381/393/383 113/116/115 109/115/111
f 379/391/381 108/390/110 111/595/113
f 111/595/113 568/594/571 379/391/381
f 385/397/387 386/398/388 360/370/361
f 360/370/361 519/544/522 385/397/387
f 388/402/390 389/401/391 547/575/553
f 391/404/393 124/128/127 127/131/130
f 127/131/130 735/699/666 391/404/393
f 477/493/478 588/617/593 396/409/398
f 250/253/250 396/409/398 251/254/251
f 398/411/400 143/149/146 145/152/149
f 145/152/149 794/800/742 398/411/400
f 195/724/689 400/413/402 401/414/403
f 401/414/403 196/431/418 195/724/689
f 584/788/586 583/801/585 400/413/402
f 500/520/501 499/519/500 19/19/19
f 156/163/160 25/25/25 517/542/520
f 517/542/520 441/457/443 156/163/160
f 402/417/404 91/92/92 288/293/288
f 288/293/288 513/538/516 402/417/404
f 407/422/409 244/247/244 248/251/248
f 248/251/248 546/572/550 407/422/409
f 169/176/173 134/139/136 137/143/140
f 137/143/140 425/443/430 169/176/173
f 408/423/410 106/108/108 570/597/573
f 570/597/573 569/596/572 408/423/410
f 182/189/186 110/112/112 550/578/556
f 550/578/556 549/577/555 182/189/186
f 130/136/133 638/676/645 410/802/412
f 139/145/142 413/429/416 414/428/415
f 414/428/415 456/471/456 139/145/142
f 416/432/419 186/193/190 549/577/555
f 549/577/555 670/725/690 416/432/419
f 719/803/743 423/440/427 422/439/426
f 198/437/424 418/433/420 426/442/429
f 427/568/546 196/431/418 401/414/403
f 401/414/403 671/726/691 427/568/546
f 428/573/551 171/178/175 368/378/369
f 368/378/369 560/589/567 428/573/551
f 715/804/744 432/447/434 430/445/432
f 434/449/436 175/182/179 571/598/574
f 571/598/574 567/593/570 434/449/436
f 149/155/152 573/600/576 436/452/438
f 439/455/441 167/174/171 363/373/364
f 442/523/445 444/526/504 713/805/745
f 713/805/745 446/806/446 442/523/445
f 448/465/448 450/464/450 586/613/589
f 586/613/589 582/611/587 448/465/448
f 452/467/452 41/41/41 606/635/610
f 606/635/610 605/634/609 452/467/452
f 139/145/142 456/471/456 457/472/457
f 457/472/457 140/146/143 139/145/142
f 207/210/207 456/471/456 414/428/415
f 414/428/415 490/507/490 207/210/207
f 458/473/458 47/47/47 307/316/307
f 307/316/307 609/638/613 458/473/458
f 541/566/544 483/498/483 94/96/96
f 222/225/222 69/70/70 785/807/728
f 785/807/728 598/627/603 222/225/222
f 462/477/462 463/478/463 696/808/746
f 696/808/746 695/480/465 462/477/462
f 465/481/466 466/483/468 471/487/472
f 471/487/472 614/642/617 465/481/466
f 469/485/470 470/486/471 676/809/747
f 472/488/473 473/490/475 677/731/696
f 677/731/696 601/630/605 472/488/473
f 475/491/476 220/223/220 340/348/339
f 340/348/339 587/614/590 475/491/476
f 478/494/479 247/250/247 592/619/595
f 592/619/595 591/618/594 478/494/479
f 251/254/251 596/625/601 482/497/482
f 228/231/228 599/626/602 485/502/486
f 487/505/488 258/261/258 601/630/605
f 203/206/203 678/732/697 488/508/491
f 216/219/216 626/658/630 491/810/492
f 241/244/241 613/641/616 495/515/496
f 237/239/236 496/516/497 681/736/700
f 498/524/499 497/793/498 26/26/26
f 26/26/26 501/525/503 498/524/499
f 285/288/285 497/517/498 500/520/501
f 500/520/501 14/14/14 285/288/285
f 19/19/19 499/519/500 443/522/502
f 443/522/502 148/415/154 19/19/19
f 214/217/214 217/220/217 503/769/506
f 503/769/506 33/33/33 214/217/214
f 292/794/292 502/527/505 294/302/294
f 294/302/294 27/768/27 292/794/292
f 280/283/280 504/529/507 507/532/510
f 507/532/510 7/7/7 280/283/280
f 505/530/508 504/529/507 63/64/64
f 63/64/64 324/333/324 505/530/508
f 261/791/261 506/531/509 269/272/269
f 269/272/269 1/767/1 261/791/261
f 484/503/485 17/17/17 229/232/229
f 327/336/327 508/533/511 511/536/514
f 511/536/514 49/49/49 327/336/327
f 509/534/512 508/533/511 274/277/274
f 274/277/274 270/273/270 509/534/512
f 267/270/267 510/535/513 272/275/272
f 272/275/272 268/271/268 267/270/267
f 512/537/515 20/20/20 150/416/153
f 513/538/516 404/419/406 402/417/404
f 437/453/439 513/811/516 435/451/437
f 282/285/282 514/539/517 10/10/10
f 10/10/10 9/9/9 282/285/282
f 515/540/518 514/539/517 89/91/91
f 89/91/91 331/339/330 515/540/518
f 93/95/95 221/224/221 287/292/287
f 290/295/290 21/21/21 233/236/233
f 516/541/519 495/515/496 245/248/245
f 245/248/245 406/421/408 516/541/519
f 239/242/239 242/245/242 517/542/520
f 517/542/520 289/294/289 239/242/239
f 296/304/296 176/183/180 30/30/30
f 30/30/30 29/29/29 296/304/296
f 520/545/523 330/707/674 328/337/328
f 518/543/521 520/545/523 788/777/731
f 788/777/731 519/544/522 518/543/521
f 521/546/524 326/335/326 52/52/52
f 518/543/521 357/367/358 83/85/85
f 83/85/85 521/546/524 518/543/521
f 385/397/387 519/544/522 788/777/731
f 788/777/731 105/107/107 385/397/387
f 523/548/526 522/547/525 381/393/383
f 381/393/383 380/392/382 523/548/526
f 334/342/333 522/547/525 525/550/528
f 523/548/526 380/392/382 383/395/385
f 383/395/385 526/551/529 523/548/526
f 343/351/342 345/354/345 67/68/68
f 67/68/68 66/67/67 343/351/342
f 528/553/531 337/345/336 339/347/338
f 339/347/338 529/697/664 528/553/531
f 319/328/319 530/555/533 533/558/536
f 533/558/536 43/43/43 319/328/319
f 531/556/534 530/555/533 125/129/128
f 125/129/128 392/405/394 531/556/534
f 305/796/305 532/557/535 313/322/313
f 313/322/313 308/812/308 305/796/305
f 531/556/534 392/405/394 394/407/396
f 394/407/396 534/559/537 531/556/534
f 352/362/353 667/720/686 73/75/75
f 73/75/75 72/74/74 352/362/353
f 535/560/538 349/358/349 350/360/351
f 350/360/351 666/719/685 535/560/538
f 398/411/400 794/800/742 668/721/687
f 668/721/687 120/124/123 398/411/400
f 669/722/688 794/800/742 145/152/149
f 192/199/196 194/201/198 32/723/32
f 32/723/32 31/306/31 192/199/196
f 537/562/540 370/380/371 373/383/374
f 413/429/416 371/381/372 539/564/542
f 539/564/542 415/430/417 413/429/416
f 448/462/448 447/461/447 727/750/710
f 727/750/710 451/749/451 448/462/448
f 299/308/299 416/432/419 417/782/734
f 417/782/734 303/312/303 299/308/299
f 36/36/36 187/194/191 301/310/301
f 136/142/139 303/312/303 417/782/734
f 181/188/185 425/443/430 137/143/140
f 300/309/300 540/565/543 35/35/35
f 302/311/302 259/262/259 540/565/543
f 256/259/256 259/262/259 302/311/302
f 302/311/302 133/141/138 256/259/256
f 140/146/143 457/472/457 476/492/477
f 476/492/477 249/252/249 140/146/143
f 541/566/544 372/382/373 369/379/370
f 483/498/483 218/221/218 94/96/96
f 542/567/545 488/508/491 490/507/490
f 293/300/293 204/207/204 298/307/298
f 298/307/298 28/301/28 293/300/293
f 321/330/321 543/569/547 46/46/46
f 46/46/46 45/45/45 321/330/321
f 544/570/548 543/569/547 144/150/147
f 144/150/147 397/410/399 544/570/548
f 171/178/175 428/573/551 545/571/549
f 407/422/409 546/572/550 429/574/552
f 429/574/552 165/172/169 407/422/409
f 416/432/419 670/725/690 417/782/734
f 388/402/390 547/575/553 550/578/556
f 550/578/556 112/778/114 388/402/390
f 551/579/557 419/434/421 421/436/423
f 421/436/423 554/438/425 551/579/557
f 722/813/748 390/814/392 388/400/390
f 422/439/426 554/438/425 197/444/431
f 365/375/366 556/583/561 558/585/563
f 558/585/563 366/376/367 365/375/366
f 332/340/331 557/584/562 420/435/422
f 420/435/422 59/60/60 332/340/331
f 426/442/429 418/433/420 556/583/561
f 427/568/546 671/726/691 191/198/195
f 191/198/195 190/197/194 427/568/546
f 428/573/551 560/589/567 562/588/566
f 562/588/566 429/574/552 428/573/551
f 368/378/369 364/374/365 560/589/567
f 362/372/363 561/587/565 367/377/368
f 367/377/368 84/86/86 362/372/363
f 409/424/411 565/678/647 563/590/568
f 430/445/432 431/446/433 172/179/176
f 172/179/176 174/181/178 430/445/432
f 379/391/381 568/594/571 570/597/573
f 570/597/573 382/394/384 379/391/381
f 408/423/410 569/596/572 571/598/574
f 434/449/436 567/593/570 185/592/189
f 185/592/189 184/450/188 434/449/436
f 271/274/271 572/599/575 6/6/6
f 6/6/6 5/5/5 271/274/271
f 573/600/576 572/599/575 786/775/729
f 786/775/729 574/785/737 573/600/576
f 436/452/438 573/600/576 574/785/737
f 574/785/737 437/453/439 436/452/438
f 356/366/357 574/785/737 786/775/729
f 786/775/729 78/80/80 356/366/357
f 672/727/692 440/456/442 439/455/441
f 276/279/276 575/601/577 283/286/283
f 283/286/283 11/11/11 276/279/276
f 575/601/577 577/603/579 576/602/578
f 265/268/265 578/604/580 4/4/4
f 4/4/4 3/3/3 265/268/265
f 579/605/581 578/604/580 674/729/694
f 674/729/694 581/608/584 579/605/581
f 275/278/275 278/281/278 276/279/276
f 442/459/445 445/458/444 790/787/738
f 790/787/738 443/786/502 442/459/445
f 358/368/359 585/612/588 81/83/83
f 81/83/83 80/82/82 358/368/359
f 582/611/587 585/612/588 789/799/733
f 789/799/733 583/609/585 582/611/587
f 448/462/448 582/815/587 584/788/586
f 584/788/586 449/463/449 448/462/448
f 400/413/402 583/801/585 789/780/733
f 789/780/733 128/132/131 400/413/402
f 475/491/476 587/614/590 225/228/225
f 225/228/225 224/227/224 475/491/476
f 396/409/398 588/617/593 590/616/592
f 590/616/592 119/122/121 396/409/398
f 311/320/311 589/615/591 317/326/317
f 317/326/317 312/321/312 311/320/311
f 209/212/209 588/617/593 477/493/478
f 472/488/473 255/257/254 707/816/749
f 375/385/376 377/388/379 787/776/730
f 787/776/730 95/97/97 375/385/376
f 591/618/594 469/485/470 676/809/747
f 676/809/747 594/622/598 591/618/594
f 592/619/595 243/246/243 469/485/470
f 478/494/479 591/618/594 480/496/481
f 482/497/482 596/625/601 597/624/600
f 251/254/251 395/408/397 596/625/601
f 341/349/340 597/624/600 344/352/343
f 344/352/343 68/69/69 341/349/340
f 119/122/121 650/694/661 395/408/397
f 599/628/602 461/476/461 230/233/230
f 336/344/335 793/797/741 785/774/728
f 785/774/728 338/346/337 336/344/335
f 600/629/604 793/817/741 77/651/79
f 599/626/602 598/627/603 785/807/728
f 785/807/728 600/818/604 599/626/602
f 222/225/222 598/627/603 228/231/228
f 485/501/486 599/628/602 230/233/230
f 230/233/230 232/235/232 485/501/486
f 602/631/606 459/474/459 213/216/213
f 213/216/213 487/505/488 602/631/606
f 601/630/605 253/258/255 472/488/473
f 602/631/606 601/630/605 677/731/696
f 677/731/696 320/329/320 602/631/606
f 488/508/491 678/732/697 791/789/739
f 791/789/739 489/506/489 488/508/491
f 203/206/203 607/636/611 678/732/697
f 604/633/608 603/632/607 791/789/739
f 315/324/315 603/632/607 606/635/610
f 606/635/610 316/325/316 315/324/315
f 452/467/452 605/634/609 607/636/611
f 607/636/611 455/470/455 452/467/452
f 608/637/612 306/315/306 309/318/309
f 309/318/309 610/819/750 608/637/612
f 458/473/458 609/638/613 612/640/615
f 612/640/615 460/475/460 458/473/458
f 491/810/492 626/658/630 700/820/751
f 700/820/751 699/821/752 491/810/492
f 613/641/616 468/484/469 246/249/246
f 465/481/466 614/642/617 241/244/241
f 241/244/241 236/241/238 465/481/466
f 495/515/496 613/641/616 246/249/246
f 246/249/246 245/248/245 495/515/496
f 615/643/618 465/481/466 238/240/237
f 238/240/237 681/736/700 615/643/618
f 620/740/625 691/742/705 348/357/348
f 462/477/462 464/479/464 680/735/699
f 680/735/699 230/233/230 462/477/462
f 681/736/700 617/646/621 615/643/618
f 237/239/236 681/736/700 238/240/237
f 76/650/78 684/738/702 463/478/463
f 687/822/753 686/823/754 616/644/619
f 681/736/700 680/735/699 617/646/621
f 616/644/619 686/823/754 620/652/625
f 463/478/463 684/738/702 696/808/746
f 624/824/755 455/470/455 607/636/611
f 199/202/199 493/513/494 698/825/756
f 698/825/756 792/790/740 199/202/199
f 625/826/757 610/819/750 309/318/309
f 309/318/309 42/734/42 625/826/757
f 697/827/758 792/790/740 698/825/756
f 473/490/475 147/154/151 322/331/322
f 322/331/322 677/731/696 473/490/475
f 705/828/759 704/829/760 593/620/596
f 676/809/747 470/486/471 594/622/598
f 593/620/596 704/829/760 707/816/749
f 707/816/749 255/257/254 593/620/596
f 634/830/761 581/608/584 674/729/694
f 157/164/161 710/831/762 713/805/745
f 713/805/745 444/526/504 157/164/161
f 412/427/414 714/783/735 188/195/192
f 716/832/763 715/833/744 193/200/197
f 431/446/433 565/678/647 409/424/411
f 409/424/411 172/179/176 431/446/433
f 564/591/569 717/834/764 638/676/645
f 715/833/744 430/675/432 193/200/197
f 417/782/734 670/725/690 179/186/183
f 422/439/426 178/185/182 720/835/765
f 720/835/765 719/803/743 422/439/426
f 421/436/423 197/444/431 554/438/425
f 552/580/558 721/836/766 722/813/748
f 722/813/748 388/400/390 552/580/558
f 161/168/165 586/613/589 450/464/450
f 726/751/711 725/837/767 447/461/447
f 447/461/447 725/837/767 727/750/710
f 345/354/345 529/697/664 339/347/338
f 51/51/51 330/707/674 520/545/523
f 520/545/523 52/52/52 51/51/51
f 383/395/385 663/716/682 526/551/529
f 744/773/727 53/53/53 656/705/672
f 26/26/26 158/165/162 501/525/503
f 655/704/671 505/530/508 324/333/324
f 435/451/437 512/838/515 150/156/153
f 404/686/406 513/811/516 437/453/439
f 437/453/439 163/170/167 404/686/406
f 83/85/85 326/335/326 521/546/524
f 56/57/57 334/342/333 525/550/528
f 663/716/682 382/394/384 570/597/573
f 570/597/573 101/103/103 663/716/682
f 526/551/529 663/716/682 104/106/106
f 104/106/106 329/338/329 526/551/529
f 664/717/683 338/346/337 785/774/728
f 785/774/728 64/65/65 664/717/683
f 345/354/345 339/347/338 67/68/68
f 665/718/684 126/130/129 668/721/687
f 668/721/687 353/363/354 665/718/684
f 648/692/659 534/559/537 394/407/396
f 535/560/538 666/719/685 668/721/687
f 668/721/687 536/561/539 535/560/538
f 619/648/623 666/719/685 350/360/351
f 669/722/688 536/561/539 668/721/687
f 668/721/687 794/800/742 669/722/688
f 90/94/94 372/382/373 541/566/544
f 373/383/374 90/94/94 92/93/93
f 670/725/690 548/576/554 547/575/553
f 179/186/183 670/725/690 547/575/553
f 547/575/553 389/401/391 179/186/183
f 333/341/332 113/116/115 381/393/383
f 421/436/423 198/437/424 197/444/431
f 671/726/691 559/586/564 411/426/413
f 411/426/413 191/198/195 671/726/691
f 386/398/388 132/138/135 360/370/361
f 172/179/176 408/423/410 571/598/574
f 575/601/577 672/727/692 577/603/579
f 154/161/158 672/727/692 575/601/577
f 575/601/577 277/280/277 154/161/158
f 673/728/693 12/12/12 507/532/510
f 507/532/510 262/792/262 673/728/693
f 790/787/738 674/729/694 151/158/155
f 634/830/761 674/729/694 790/787/738
f 790/787/738 445/458/444 634/830/761
f 96/98/98 675/730/695 471/487/472
f 471/487/472 99/101/101 96/98/98
f 470/486/471 675/730/695 787/776/730
f 594/622/598 470/486/471 787/776/730
f 787/776/730 377/388/379 594/622/598
f 785/839/728 793/817/741 600/629/604
f 678/732/697 604/633/608 791/789/739
f 624/824/755 607/636/611 203/206/203
f 203/206/203 205/208/205 624/824/755
f 679/840/698 308/812/308 313/322/313
f 313/322/313 39/841/39 679/840/698
f 42/42/42 453/468/453 625/842/757
f 466/483/468 99/101/101 471/487/472
f 496/516/497 231/234/231 680/735/699
f 680/735/699 464/479/464 617/646/621
f 745/843/768 682/649/624 683/359/350
f 683/359/350 621/844/627 745/843/768
f 622/656/628 684/738/702 685/737/701
f 692/845/704 620/652/625 686/823/754
f 747/846/769 686/823/754 687/822/753
f 615/643/618 690/645/620 687/822/753
f 687/822/753 616/644/619 615/643/618
f 348/357/348 691/742/705 683/359/350
f 71/73/73 693/743/706 76/78/78
f 748/847/770 624/824/755 205/208/205
f 205/208/205 627/848/632 748/847/770
f 750/849/771 697/827/758 698/825/756
f 698/825/756 749/850/772 750/849/771
f 751/851/773 625/842/757 453/468/453
f 453/468/453 628/852/631 751/851/773
f 752/853/774 626/658/630 611/639/614
f 611/639/614 629/661/633 752/853/774
f 491/510/492 699/854/752 698/825/756
f 698/825/756 493/513/494 491/510/492
f 792/790/740 697/827/758 206/209/206
f 753/855/775 701/662/634 702/151/148
f 702/151/148 630/665/637 753/855/775
f 755/856/776 703/663/635 474/489/474
f 474/489/474 754/857/777 755/856/776
f 631/666/638 704/829/760 705/828/759
f 705/828/759 756/761/721 631/666/638
f 757/760/720 706/664/636 377/388/379
f 377/388/379 632/667/639 757/760/720
f 142/148/145 146/153/150 702/151/148
f 591/618/594 708/621/597 705/828/759
f 705/828/759 593/620/596 591/618/594
f 760/858/778 633/668/640 277/280/277
f 763/859/779 711/670/641 712/671/582
f 712/671/582 762/860/780 763/859/779
f 764/861/781 634/830/761 445/458/444
f 445/458/444 636/862/643 764/861/781
f 153/160/157 152/159/156 710/831/762
f 710/831/762 157/164/161 153/160/157
f 579/605/581 580/607/583 712/606/582
f 765/863/782 714/783/735 412/427/414
f 766/864/783 715/833/744 716/832/763
f 769/865/784 566/677/646 432/447/434
f 189/196/193 718/784/736 716/832/763
f 716/832/763 193/200/197 189/196/193
f 563/590/568 565/678/647 717/834/764
f 717/834/764 564/591/569 563/590/568
f 770/866/785 180/187/184 389/401/391
f 771/867/786 719/803/743 720/835/765
f 424/441/428 643/868/652 773/869/787
f 178/185/182 177/184/181 720/835/765
f 551/579/557 553/581/559 721/836/766
f 721/836/766 552/580/558 551/579/557
f 774/747/709 723/685/654 164/171/168
f 645/870/657 162/169/166 775/746/708
f 774/747/709 159/166/163 162/169/166
f 647/691/658 724/688/655 646/689/656
f 776/752/712 725/837/767 726/751/711
f 537/562/540 538/563/541 726/751/711
f 726/751/711 447/461/447 537/562/540
f 777/765/725 649/693/660 393/406/395
f 778/762/722 728/695/662 729/123/122
f 729/123/122 779/763/723 778/762/722
f 780/871/788 730/696/663 347/356/347
f 651/700/667 731/698/665 732/554/532
f 732/554/532 781/764/724 651/700/667
f 116/119/118 733/779/732 729/123/122
f 661/712/679 656/705/672 325/334/325
f 325/334/325 660/713/680 661/712/679
f 741/757/717 657/708/675 782/755/715
f 741/757/717 658/709/676 657/708/675
f 783/766/726 739/711/678 329/338/329
f 329/338/329 784/759/719 783/766/726
f 621/655/627 746/872/789 622/656/628
f 745/843/768 621/844/627 623/873/629
f 747/846/769 746/872/789 621/655/627
f 621/655/627 692/845/704 747/846/769
f 689/739/703 622/656/628 746/872/789
f 621/844/627 691/742/705 692/741/704
f 683/359/350 691/742/705 621/844/627
f 692/845/704 686/823/754 747/846/769
f 746/872/789 690/645/620 618/647/622
f 746/872/789 747/846/769 687/822/753
f 687/822/753 690/645/620 746/872/789
f 689/739/703 746/872/789 618/647/622
f 618/647/622 688/654/626 689/739/703
f 623/873/629 693/743/706 694/72/72
f 685/744/701 693/743/706 623/873/629
f 745/843/768 623/873/629 694/72/72
f 694/72/72 682/649/624 745/843/768
f 696/808/746 622/656/628 695/480/465
f 696/808/746 684/738/702 622/656/628
f 748/847/770 627/848/632 628/852/631
f 750/874/771 749/875/772 627/660/632
f 749/875/772 629/661/633 627/660/632
f 751/876/773 628/659/631 629/661/633
f 752/853/774 629/661/633 749/875/772
f 748/847/770 454/469/454 455/470/455
f 748/847/770 628/852/631 453/468/453
f 453/468/453 454/469/454 748/847/770
f 455/470/455 624/824/755 748/847/770
f 627/848/632 206/209/206 697/827/758
f 697/827/758 750/849/771 627/848/632
f 205/208/205 206/209/206 627/848/632
f 752/853/774 699/821/752 700/820/751
f 752/877/774 749/850/772 698/825/756
f 698/825/756 699/854/752 752/877/774
f 700/820/751 626/658/630 752/853/774
f 629/661/633 608/637/612 610/819/750
f 610/819/750 751/876/773 629/661/633
f 611/639/614 608/637/612 629/661/633
f 610/819/750 625/826/757 751/876/773
f 630/665/637 754/857/777 631/666/638
f 753/855/775 630/665/637 632/667/639
f 632/667/639 759/878/790 753/855/775
f 755/856/776 754/857/777 630/665/637
f 754/857/777 758/879/791 631/666/638
f 757/760/720 632/667/639 631/666/638
f 756/761/721 708/621/597 595/623/599
f 595/623/599 757/760/720 756/761/721
f 705/828/759 708/621/597 756/761/721
f 595/623/599 706/664/636 757/760/720
f 630/665/637 146/153/150 147/154/151
f 147/154/151 755/856/776 630/665/637
f 702/151/148 146/153/150 630/665/637
f 147/154/151 703/663/635 755/856/776
f 758/879/791 472/488/473 707/816/749
f 758/879/791 754/857/777 474/489/474
f 474/489/474 472/488/473 758/879/791
f 631/666/638 758/879/791 707/816/749
f 707/816/749 704/829/760 631/666/638
f 759/878/790 378/389/380 709/386/377
f 759/878/790 632/667/639 377/388/379
f 377/388/379 378/389/380 759/878/790
f 753/855/775 759/878/790 709/386/377
f 709/386/377 701/662/634 753/855/775
f 635/672/642 762/880/780 636/673/643
f 760/881/778 635/672/642 637/674/644
f 761/882/792 637/674/644 636/673/643
f 763/883/779 762/880/780 635/672/642
f 764/884/781 636/673/643 762/880/780
f 636/673/643 446/806/446 713/805/745
f 445/458/444 446/460/446 636/862/643
f 761/882/792 636/673/643 713/805/745
f 713/805/745 710/831/762 761/882/792
f 637/674/644 152/159/156 155/162/159
f 637/674/644 761/882/792 710/831/762
f 710/831/762 152/159/156 637/674/644
f 760/858/778 637/674/644 155/162/159
f 155/162/159 633/668/640 760/858/778
f 762/885/780 580/607/583 581/608/584
f 581/608/584 764/861/781 762/885/780
f 712/606/582 580/607/583 762/885/780
f 581/608/584 634/830/761 764/861/781
f 635/886/642 278/281/278 275/278/275
f 635/886/642 760/858/778 277/280/277
f 277/280/277 278/281/278 635/886/642
f 763/859/779 635/886/642 275/278/275
f 275/278/275 711/670/641 763/859/779
f 639/679/648 767/745/707 640/680/649
f 765/887/782 639/679/648 641/681/650
f 766/888/783 641/681/650 640/680/649
f 768/889/793 767/745/707 639/679/648
f 769/890/784 640/680/649 767/745/707
f 768/889/793 565/678/647 767/745/707
f 717/834/764 565/678/647 768/889/793
f 767/745/707 566/677/646 769/865/784
f 640/891/649 432/447/434 715/804/744
f 640/891/649 769/865/784 432/447/434
f 766/864/783 640/892/649 715/833/744
f 641/893/650 718/784/736 714/783/735
f 641/893/650 766/864/783 716/832/763
f 716/832/763 718/784/736 641/893/650
f 765/863/782 641/893/650 714/783/735
f 639/679/648 410/802/412 638/676/645
f 639/894/648 765/863/782 412/427/414
f 412/427/414 410/425/412 639/894/648
f 768/889/793 639/679/648 638/676/645
f 638/676/645 717/834/764 768/889/793
f 642/682/651 772/895/794 643/683/652
f 770/896/785 642/682/651 644/684/653
f 771/897/786 644/684/653 643/683/652
f 773/898/787 643/683/652 772/895/794
f 643/868/652 423/440/427 719/803/743
f 424/441/428 423/440/427 643/868/652
f 771/867/786 643/868/652 719/803/743
f 644/899/653 177/184/181 180/187/184
f 644/899/653 771/867/786 720/835/765
f 720/835/765 177/184/181 644/899/653
f 770/866/785 644/899/653 180/187/184
f 642/682/651 390/814/392 722/813/748
f 642/900/651 770/866/785 389/401/391
f 389/401/391 390/403/392 642/900/651
f 772/895/794 642/682/651 722/813/748
f 722/813/748 721/836/766 772/895/794
f 772/895/794 553/581/559 555/582/560
f 555/582/560 773/869/787 772/895/794
f 721/836/766 553/581/559 772/895/794
f 555/582/560 424/441/428 773/869/787
f 774/901/709 645/690/657 646/689/656
f 775/748/708 647/691/658 645/690/657
f 776/752/712 647/691/658 775/748/708
f 774/901/709 646/689/656 405/420/407
f 405/420/407 723/687/654 774/901/709
f 776/752/712 775/748/708 727/750/710
f 727/750/710 725/837/767 776/752/712
f 538/563/541 647/691/658 776/752/712
f 538/563/541 724/688/655 647/691/658
f 774/747/709 162/169/166 645/870/657
f 777/765/725 651/700/667 653/702/669
f 778/762/722 653/702/669 654/703/670
f 780/871/788 654/703/670 652/701/668
f 654/703/670 346/355/346 736/353/344
f 654/703/670 780/871/788 347/356/347
f 347/356/347 346/355/346 654/703/670
f 778/762/722 654/703/670 736/353/344
f 736/353/344 728/695/662 778/762/722
f 781/764/724 528/553/531 529/697/664
f 529/697/664 652/701/668 781/764/724
f 732/554/532 528/553/531 781/764/724
f 780/871/788 652/701/668 529/697/664
f 529/697/664 730/696/663 780/871/788
f 779/763/723 733/779/732 115/118/117
f 115/118/117 653/702/669 779/763/723
f 729/123/122 733/779/732 779/763/723
f 777/765/725 653/702/669 115/118/117
f 115/118/117 649/693/660 777/765/725
f 735/699/666 651/700/667 734/753/713
f 734/753/713 777/765/725 393/406/395
f 735/699/666 731/698/665 651/700/667
f 738/754/714 661/712/679 662/714/681
f 741/757/717 782/755/715 660/713/680
f 782/755/715 662/714/681 660/713/680
f 783/766/726 662/714/681 782/755/715
f 330/707/674 662/714/681 784/759/719
f 738/754/714 662/714/681 330/707/674
f 330/707/674 737/706/673 738/754/714
f 744/773/727 661/712/679 743/55/55
f 744/773/727 656/705/672 661/712/679
f 527/552/530 783/766/726 742/758/718
f 527/552/530 739/711/678 783/766/726
f 740/756/716 660/713/680 325/334/325
