# File produced by Open Asset Import Library (http://www.assimp.sf.net)
# (assimp v3.1.151885474)

mtllib asteroid%202.mtl

# vertex positions
v 1.666057 -0.557746 0.535154
v 1.603533 -0.522361 0.230947
v 1.677417 -0.266938 0.245475
v 1.731621 -0.272759 0.550290
v 1.575992 -0.752630 0.549489
v 1.530994 -0.678380 0.243206
v 1.681072 0.562827 0.599623
v 1.517068 0.813116 0.558908
v 1.524344 0.844149 0.733189
v 1.661187 0.640456 0.749507
v 1.728791 0.413355 0.531509
v 1.674144 0.396409 0.264731
v 1.606579 0.548863 0.280455
v 1.316484 -0.397842 -0.612459
v 1.206041 -0.334348 -0.845028
v 1.262041 -0.182643 -0.891848
v 1.378122 -0.205408 -0.681918
v 1.221433 -0.473780 -0.639246
v 1.142270 -0.424178 -0.814399
v 1.408403 -0.383928 -0.487969
v 1.389222 -0.465843 -0.471659
v 1.326691 -0.475756 -0.541634
v 1.258329 -0.510341 -0.568934
v 1.311734 0.370523 -0.635433
v 1.406787 0.179939 -0.667325
v 1.266248 0.168088 -0.915785
v 1.187199 0.338222 -0.864669
v -0.853091 -0.346795 0.364858
v -0.810059 -0.311361 0.599880
v -0.847331 -0.160482 0.617872
v -0.895996 -0.175944 0.400082
v -0.801798 -0.427812 0.410065
v -0.766602 -0.403971 0.601774
v -0.855823 -0.410391 0.298538
v -0.822101 -0.451810 0.328277
v -0.846322 0.336801 0.397825
v -0.750076 0.489008 0.393291
v -0.777344 0.493490 0.189389
v -0.879123 0.323134 0.197280
v -0.895576 0.214912 0.401971
v -0.840549 0.229872 0.629373
v -0.794577 0.329408 0.636466
v -0.820102 -0.311517 -0.318858
v -0.863742 -0.324192 -0.145222
v -0.911187 -0.175184 -0.153094
v -0.860609 -0.164890 -0.326034
v -0.813368 0.322483 -0.322483
v -0.730903 0.478299 -0.311632
v -0.670139 0.456597 -0.456597
v -0.730903 0.311632 -0.478299
v -0.862847 0.328993 -0.162326
v -0.767361 0.491319 -0.157986
v -0.862847 0.162326 -0.328993
v -0.920139 0.164931 -0.164931
v 0.495045 -0.382781 2.170295
v 0.333439 -0.356160 2.214648
v 0.306524 -0.504991 2.122915
v 0.533383 -0.569227 2.071834
v 0.714048 -0.413049 2.085317
v 0.684817 -0.199718 2.132834
v 0.455969 -0.177910 2.231306
v 0.447060 0.364517 2.198510
v 0.699358 0.431752 2.083607
v 0.748351 0.630769 1.991088
v 0.544840 0.572774 2.064788
v 0.477939 0.271165 2.221272
v 0.688161 0.303958 2.121770
v 0.684352 -0.311496 -1.184596
v 0.434316 -0.324110 -1.148834
v 0.467904 -0.175130 -1.223329
v 0.720252 -0.164876 -1.254160
v 0.887031 -0.311632 -1.139635
v 0.808785 -0.456597 -1.022327
v 0.640313 -0.421604 -1.096747
v 0.700787 0.327622 -1.171964
v 0.539106 0.337664 -1.164748
v 0.498813 0.496488 -1.013879
v 0.622594 0.491477 -1.014334
v 0.723713 0.170573 -1.255744
v 0.481747 0.197917 -1.229663
v 0.823322 -1.306413 0.566514
v 0.670073 -1.307409 0.499835
v 0.618552 -1.252177 0.308817
v 0.776693 -1.224994 0.316632
v 0.908139 -1.312092 0.701559
v 0.819416 -1.351358 0.712325
v 0.763061 -1.347873 0.636509
v 0.675828 -1.335752 0.584017
v 0.813015 1.294793 0.525558
v 1.009774 1.256386 0.568729
v 1.042746 1.162120 0.348952
v 0.763680 1.231822 0.302832
v 0.844928 1.303127 0.712555
v 1.005768 1.275067 0.824000
v 0.531812 -0.880715 -0.423345
v 0.522440 -0.759448 -0.636430
v 0.744606 -0.700014 -0.657647
v 0.774230 -0.793563 -0.461738
v 0.573166 -0.978223 -0.252512
v 0.402222 -1.076454 -0.122393
v 0.319121 -0.933365 -0.371177
v 0.498394 0.891528 -0.430416
v 0.600245 1.012552 -0.195925
v 0.820953 0.927141 -0.223305
v 0.742357 0.816778 -0.440901
v 0.538493 0.814355 -0.558596
v 0.458628 0.844678 -0.567240
v 0.416955 0.887488 -0.495612
v 0.354917 0.916387 -0.449198
v 0.387866 0.946703 -0.363240
v -0.258759 -0.291365 2.110204
v -0.107784 -0.308860 2.190691
v -0.118027 -0.147508 2.268084
v -0.269107 -0.147537 2.182308
v -0.378506 -0.276876 1.980028
v -0.361179 -0.387085 1.888223
v -0.238017 -0.417365 1.988410
v -0.254365 0.302995 2.106229
v -0.091937 0.318060 2.187789
v -0.064984 0.447497 2.056785
v -0.235081 0.415175 1.988800
v -0.266210 0.205009 2.164466
v -0.113357 0.228116 2.248697
v -0.236061 -0.345050 -0.888743
v -0.431836 -0.309028 -0.766949
v -0.447027 -0.167969 -0.796463
v -0.264996 -0.177083 -0.919900
v -0.120253 -0.313902 -0.971352
v -0.111864 -0.385384 -0.963324
v -0.181332 -0.410363 -0.911296
v -0.222289 -0.452275 -0.860524
v -0.284260 -0.424375 -0.819668
v -0.256236 0.320936 -0.878705
v -0.452127 0.311632 -0.757075
v -0.435272 0.456597 -0.691464
v -0.255447 0.480359 -0.781451
v -0.255896 0.154080 -0.937941
v -0.462240 0.157986 -0.796441
v -0.234170 -0.940625 0.416129
v -0.449230 -0.783778 0.408908
v -0.465827 -0.793288 0.282724
v -0.263160 -0.939554 0.284156
v -0.212697 -0.928732 0.558633
v -0.397770 -0.780355 0.619229
v -0.214931 0.957703 0.443876
v -0.095373 1.039865 0.408497
v -0.130442 1.024506 0.238642
v -0.263394 0.942986 0.234455
v -0.262001 0.909000 0.552025
v -0.199505 0.970178 0.573837
v -0.158295 1.007585 0.516617
v -0.308252 -0.820424 -0.333360
v -0.294926 -0.888610 -0.163096
v -0.483589 -0.769246 -0.143897
v -0.465633 -0.732388 -0.314177
v -0.175896 -0.872577 -0.347937
v -0.095958 -0.969493 -0.191108
v -0.288201 0.838501 -0.316310
v -0.287391 0.896994 -0.150390
v -0.072980 0.991961 -0.128448
v -0.085246 0.899883 -0.331193
v -0.276409 0.781823 -0.439269
v -0.413732 0.687831 -0.472432
v -0.459330 0.741155 -0.316128
v -0.196851 0.705499 1.369744
v -0.370938 0.599678 1.337851
v -0.352146 0.544556 1.563260
v -0.202413 0.620938 1.610626
v 0.014591 0.815264 1.407846
v -0.010605 0.892607 1.143857
v -0.199492 0.786207 1.109392
v -0.195453 -0.705188 1.374310
v 0.032254 -0.823620 1.410361
v -0.000312 -0.712362 1.653798
v -0.202413 -0.620938 1.610626
v -0.366286 -0.602899 1.341335
v -0.385186 -0.660821 1.105159
v -0.193901 -0.784964 1.127660
v 0.842004 1.084574 1.497627
v 0.938799 1.052895 1.555279
v 0.989154 1.109154 1.490230
v 0.944317 1.141895 1.447919
v 0.924638 1.180119 1.379520
v 0.821908 1.149287 1.371434
v 0.821698 -1.069021 1.508224
v 0.653290 -1.055812 1.485480
v 0.718021 -1.171443 1.248783
v 0.867376 -1.177513 1.259917
v 0.715456 -0.929273 1.717983
v 0.494610 -0.909182 1.671374
v 1.013006 -1.035252 1.524955
v 0.913666 -0.917757 1.726502
v -0.634797 0.270546 1.322873
v -0.636230 0.201171 1.384950
v -0.568902 0.205621 1.585563
v -0.556641 0.278646 1.562759
v -0.662917 0.305318 1.196138
v -0.702990 0.255670 1.193570
v -0.686043 0.230114 1.264393
v -0.679575 0.193247 1.304928
v -0.613225 -0.278766 1.361893
v -0.573423 -0.397208 1.320182
v -0.516059 -0.380642 1.554039
v -0.550686 -0.271362 1.583467
v -0.664745 -0.286029 1.180254
v -0.643953 -0.407841 1.053237
v 1.353363 0.576916 1.601678
v 1.276146 0.779042 1.571038
v 1.134749 0.713530 1.741857
v 1.175677 0.504304 1.787024
v 1.465976 0.603710 1.433775
v 1.362425 0.803457 1.441461
v 1.369227 -0.551064 1.588961
v 1.410966 -0.281738 1.599591
v 1.198663 -0.260737 1.811143
v 1.177640 -0.502411 1.790750
v 1.512203 -0.582485 1.362152
v 1.569197 -0.284501 1.358783
v 1.780656 0.033915 0.598503
v 1.727176 -0.008308 0.262755
v 1.727340 0.157336 0.258754
v 1.772053 0.186361 0.530717
v 1.807958 0.120813 0.689531
v 1.807394 0.069880 0.768019
v 1.783405 -0.035810 0.752310
v 1.514456 -0.507234 -0.095453
v 1.460374 -0.640928 -0.013027
v 1.466896 -0.569202 -0.181811
v 1.466631 -0.514589 -0.273502
v 1.496476 -0.429906 -0.261394
v 1.604751 -0.599366 1.137982
v 1.671691 -0.283926 1.136465
v 1.645050 -0.604400 0.944109
v 1.716783 -0.294915 0.980385
v 1.305283 -1.066683 0.535419
v 1.343773 -1.073728 0.729078
v 1.110139 -1.221394 0.700530
v 1.073896 -1.196007 0.540375
v 1.451500 -0.926349 0.552712
v 1.527398 -0.863556 0.807041
v 1.528003 0.500728 -0.051125
v 1.610844 0.330932 -0.060915
v 1.552698 0.184874 -0.347159
v 1.435281 0.417580 -0.352880
v 1.638841 0.582548 1.082978
v 1.480525 0.836160 1.105889
v 1.453558 0.821548 1.220941
v 1.554950 0.601103 1.243651
v 1.639009 0.647951 0.963763
v 1.496601 0.851550 0.983862
v 1.348427 1.035643 0.553151
v 1.461011 0.766378 0.286385
v 1.264160 0.990335 0.302544
v 1.195764 1.163129 0.580434
v 1.417519 -0.006367 -0.709916
v 1.289150 -0.003639 -0.925291
v 1.068020 -0.302988 -1.040918
v 1.008751 -0.404222 -0.980169
v 1.010966 -0.695165 -0.488081
v 1.008393 -0.782178 -0.351950
v 0.803674 -0.868627 -0.321834
v 1.091089 -0.601327 -0.578575
v 1.136902 -0.626541 -0.518645
v 1.103094 -0.692891 -0.451970
v 1.101973 -0.753385 -0.364451
v 1.055927 0.312363 -1.038248
v 1.114253 0.157907 -1.095648
v 0.933978 0.157986 -1.210020
v 0.883425 0.314009 -1.135238
v 0.973237 0.703703 -0.487656
v 1.158479 0.551827 -0.568736
v 1.045869 0.512449 -0.773280
v 0.918109 0.649051 -0.639788
v 0.720318 0.749417 -0.575502
v -0.925551 -0.017076 0.411465
v -0.870361 -0.007894 0.634798
v -0.871094 0.089844 0.629708
v -0.922743 0.097873 0.402054
v -0.881412 -0.353196 0.026575
v -0.932916 -0.181451 0.000196
v -0.902136 -0.317411 0.118826
v -0.939616 -0.176270 0.106531
v -0.763541 -0.293543 0.827860
v -0.714618 -0.393057 0.837975
v -0.717412 -0.291847 0.998573
v -0.646336 -0.627648 0.366310
v -0.625616 -0.670464 0.263336
v -0.715841 -0.545079 0.410086
v -0.747316 -0.552876 0.328360
v -0.718261 -0.596091 0.298781
v -0.702653 -0.623593 0.249802
v -0.883409 0.329698 0.008738
v -0.782010 0.496202 0.007851
v -0.756385 0.290712 0.879577
v -0.800054 0.215012 0.825615
v -0.777974 0.239591 0.952593
v -0.753060 0.261326 1.022486
v -0.714863 0.315237 1.005222
v -0.615964 0.645793 0.378082
v -0.696918 0.488585 0.626221
v -0.594780 0.633562 0.535985
v -0.421783 0.785248 0.525331
v -0.424716 0.805101 0.397469
v -0.878781 -0.000641 -0.330423
v -0.936998 -0.002563 -0.162839
v -0.609261 -0.296658 -0.629888
v -0.730903 -0.311632 -0.478299
v -0.767361 -0.157986 -0.491319
v -0.629986 -0.157878 -0.648334
v -0.607253 -0.629996 -0.301245
v -0.574091 -0.578718 -0.448544
v -0.431781 -0.663832 -0.476466
v -0.692329 -0.534777 -0.305418
v -0.670139 -0.456597 -0.456597
v -0.611730 0.305122 -0.624816
v -0.574964 0.443576 -0.585626
v -0.613530 0.620836 -0.306246
v -0.637336 0.644297 -0.154819
v -0.476428 0.780314 -0.155734
v 0.405442 0.023260 2.276994
v 0.670566 -0.008384 2.152648
v 0.677835 0.117947 2.148653
v 0.461529 0.124927 2.252787
v 0.334095 0.088803 2.322092
v 0.274610 0.057642 2.341712
v 0.289501 -0.017102 2.317286
v 0.614454 -0.758596 1.915060
v 0.395878 -0.715162 1.917990
v 0.048437 -0.326165 2.230647
v 0.029249 -0.150432 2.306085
v 0.183921 -0.340086 2.239230
v 0.137630 -0.162743 2.309958
v 0.617792 0.760603 1.916569
v 0.748446 0.783172 1.891311
v 0.835246 0.934058 1.717507
v 0.705264 0.921022 1.720914
v 0.077681 0.317694 2.252297
v 0.103279 0.480754 2.093522
v 0.187038 0.369093 2.230644
v 0.223874 0.511650 2.100355
v 0.737032 0.001424 -1.284767
v 0.491347 0.005697 -1.263016
v 0.541166 -0.636694 -0.837025
v 0.745793 -0.587764 -0.860772
v 0.584105 -0.534722 -0.970390
v 0.179292 -0.352735 -1.075551
v 0.413482 -0.420790 -1.077761
v 0.212764 -0.437377 -1.028698
v 0.097244 -0.413092 -1.037671
v 0.042013 -0.387105 -1.033951
v 0.061806 -0.316774 -1.055938
v 0.521685 0.651187 -0.831122
v 0.429135 0.631309 -0.865176
v 0.447351 0.717087 -0.780565
v 0.474260 0.751825 -0.723690
v 0.547114 0.716449 -0.731454
v 0.191730 0.334741 -1.080724
v 0.232271 0.165799 -1.171680
v -0.017940 0.131944 -1.075115
v -0.028197 0.322806 -0.993336
v 0.364878 0.341253 -1.130204
v 0.706158 -1.147174 0.083664
v 0.527267 -1.173908 0.078797
v 0.636056 -1.073607 -0.081496
v 0.317497 -1.224453 0.508994
v 0.271491 -1.198025 0.618872
v 0.045164 -1.078589 0.574297
v 0.025013 -1.084937 0.440589
v 0.452829 -1.268962 0.474939
v 0.479545 -1.296684 0.558102
v 0.403344 -1.274984 0.587285
v 0.361963 -1.255142 0.645007
v 0.692544 1.138757 0.056238
v 0.929838 1.051818 0.049306
v 0.256651 1.201539 0.500232
v 0.537802 1.261470 0.492896
v 0.470486 1.218273 0.250177
v 0.237546 1.179376 0.272570
v 0.086787 1.132360 0.262216
v 0.108310 1.148084 0.434117
v 0.182970 1.193298 0.562896
v 0.234212 1.206598 0.634754
v 0.338646 1.220855 0.631530
v 0.113305 -0.930626 -0.362394
v 0.136133 -1.042466 -0.152699
v -0.037522 -0.905132 -0.360769
v 0.114706 0.925121 -0.383003
v 0.070790 0.859981 -0.487342
v -0.092227 0.833640 -0.453503
v 0.222780 0.958110 -0.346462
v 0.221065 0.930205 -0.430163
v 0.171138 0.912978 -0.458258
v 0.144618 0.877548 -0.512995
v -0.272546 -0.010361 2.210901
v -0.119672 -0.004125 2.299118
v -0.124937 0.089369 2.295500
v -0.272564 0.095683 2.202158
v -0.216146 -0.526801 1.820646
v -0.348524 -0.475911 1.751899
v -0.352146 -0.544556 1.563260
v -0.215412 0.526254 1.820743
v -0.033956 0.588305 1.873012
v -0.000312 0.712362 1.653798
v -0.274349 -0.005751 -0.942730
v -0.461807 -0.002496 -0.809568
v -0.247041 -0.612102 -0.684557
v -0.157228 -0.657914 -0.683239
v -0.181453 -0.755378 -0.528985
v -0.286478 -0.720023 -0.512551
v -0.284901 -0.538772 -0.736125
v -0.229249 -0.551139 -0.781722
v -0.199022 -0.592648 -0.761884
v -0.147821 -0.620203 -0.759687
v -0.256788 0.613106 -0.669494
v -0.419774 0.584718 -0.597340
v -0.263521 0.699936 -0.566147
v -0.285183 -0.928730 0.006790
v -0.487520 -0.786952 0.007839
v -0.275601 -0.942087 0.144890
v -0.479295 -0.798048 0.114494
v -0.292759 0.927328 0.028141
v -0.139587 1.009135 0.039283
v -0.185861 0.878616 0.860061
v -0.044966 0.948722 0.933407
v -0.139435 0.952004 0.797233
v -0.189746 0.939527 0.726259
v -0.248960 0.874829 0.730742
v -0.196638 -0.851044 0.902147
v -0.398973 -0.719560 0.862025
v -0.202542 -0.894205 0.729245
v 0.920425 1.250398 1.085697
v 1.048763 1.248595 1.035848
v 0.877443 1.269971 0.913130
v 0.850322 1.221406 1.184628
v 0.956308 1.243340 1.222578
v 1.004457 1.254444 1.161787
v 1.071362 1.243240 1.130411
v 0.865727 -1.272633 1.009411
v 0.727426 -1.252344 1.045564
v 0.796889 -1.318763 0.932068
v 0.837618 -1.336263 0.873555
v 0.925001 -1.297196 0.892104
v -0.474672 0.279505 1.796860
v -0.484243 0.191593 1.828405
v -0.388902 0.144084 2.035111
v -0.378506 0.276876 1.980028
v -0.473618 -0.269004 1.803379
v -0.451948 -0.372487 1.746242
v 0.949734 0.470998 1.956503
v 0.953671 0.649809 1.899884
v 0.953797 -0.451435 1.959031
v 0.950531 -0.230423 1.990028
v 1.427888 -0.020240 1.602747
v 1.592819 -0.008245 1.353987
v 1.588362 0.172052 1.362182
v 1.423169 0.180911 1.602566
v 1.186007 -0.941736 1.542259
v 1.299494 -0.775702 1.566722
v 1.142603 -0.705956 1.756761
v 1.064347 -0.851147 1.728803
v 1.188951 0.975290 1.521579
v 1.274109 0.983555 1.417979
v 1.181578 1.059530 1.466075
v 1.117209 1.066066 1.499446
v 1.087311 1.010882 1.560652
v -0.670410 0.018789 1.333766
v -0.714414 -0.013001 1.204048
v -0.689507 -0.139920 1.214321
v -0.643148 -0.132568 1.364059
v -0.650385 0.093294 1.390393
v -0.691765 0.109235 1.307588
v -0.709443 0.073991 1.268837
v -0.735640 0.051242 1.198047
v 0.265942 -0.931301 1.441343
v 0.237561 -0.811039 1.678730
v 0.454715 -1.001341 1.459109
v -0.489267 -0.504367 1.320329
v -0.529854 -0.539735 1.081867
v -0.487103 0.498227 1.338517
v -0.569661 0.385417 1.337398
v -0.521810 0.372070 1.538613
v -0.456336 0.467004 1.532366
v 0.271304 0.938760 1.429193
v 0.561163 1.002567 1.506306
v 0.585269 1.084098 1.347003
v 0.341570 1.031219 1.270799
v 0.137049 0.974018 1.156047
v 1.668046 -0.023439 -0.056002
v 1.610812 -0.260273 -0.062923
v 1.656671 0.147423 -0.068889
v 1.601574 -0.014033 -0.280003
v -0.962911 -0.005622 -0.005446
v -0.965264 -0.009671 0.129218
v -0.942274 0.137587 0.220954
v -0.944770 0.158963 0.014006
v 1.719778 0.035400 1.104147
v 1.695837 0.195817 1.163380
v 1.758081 -0.036052 0.967132
v 1.784427 0.071238 0.955613
v 1.766508 0.124416 1.033422
v 1.132533 -0.000910 -1.112532
v 1.113202 -0.161546 -1.089664
v 0.949627 0.000000 -1.233481
v 0.947546 -0.759919 1.845620
v 0.956477 -0.641566 1.907389
v 0.813152 -0.774376 1.888821
v 1.184791 -0.876909 -0.027099
v 1.316675 -0.804122 0.016023
v 1.373419 -0.880000 0.259613
v 1.240392 -0.987573 0.263009
v 1.086964 -0.865724 -0.153981
v 1.173487 -0.823860 -0.185930
v 1.234458 -0.818931 -0.121602
v 1.315509 1.079226 1.131500
v 1.332976 1.024254 1.239949
v 1.228270 1.166541 1.054759
v 1.212312 1.180753 1.147072
v 1.261058 1.142980 1.191110
v 1.345512 1.059123 0.960707
v 1.253463 1.155300 0.843838
v 0.868276 -0.570656 -0.823121
v 0.926531 -0.498921 -0.908327
v 1.020799 -0.552976 -0.734439
v 0.924844 -0.624688 -0.686526
v 0.857352 0.546396 -0.865986
v 0.955119 0.459917 -0.939566
v 0.794362 0.466106 -1.004740
v 0.718187 0.589622 -0.863751
v 0.892369 0.589467 -0.779031
v 1.166658 0.900074 0.011259
v 1.372994 0.703409 -0.024643
v 1.269835 0.623686 -0.314436
v 1.062885 0.795953 -0.261391
v -0.810240 0.019302 0.880575
v -0.794732 -0.144504 0.842782
v -0.822964 0.099871 0.826087
v -0.775331 -0.013168 1.008832
v -0.790561 0.052362 1.024517
v -0.808653 0.076665 0.953369
v 0.172646 -0.656709 1.905761
v -0.036892 -0.590495 1.872622
v 0.109261 -0.490041 2.097217
v -0.076728 -0.456258 2.055228
v 0.041446 0.020484 2.349677
v 0.005611 0.104324 2.341218
v 0.135388 -0.016754 2.348839
v 0.144932 0.054088 2.369609
v 0.096183 0.079145 2.372635
v 0.257671 -0.003879 -1.205224
v 0.237188 -0.181315 -1.160907
v 0.076747 -0.011013 -1.136741
v -0.640191 -0.000624 -0.656168
v -0.779514 0.000000 -0.495660
v -0.767361 0.157986 -0.491319
v -0.633789 0.155382 -0.648329
v 0.150243 0.676492 -0.761691
v 0.266672 0.641525 -0.833512
v 0.296303 0.503899 -0.974276
v 0.160899 0.509104 -0.929378
v 0.089072 0.754608 -0.650129
v 0.162392 0.781628 -0.661265
v 0.204747 0.737976 -0.730941
v -0.553764 -0.591546 0.846420
v -0.583533 -0.626038 0.600220
v -0.644916 -0.492707 0.837975
v -0.675293 -0.531738 0.601774
v 0.157804 -1.124944 0.057248
v -0.069883 -1.037540 0.029943
v 0.342293 -1.161091 0.070819
v 0.383120 -1.224512 0.291221
v 0.214848 -1.174682 0.282670
v -0.421983 0.438814 1.679612
v -0.453386 0.370344 1.742385
v -0.348524 0.475911 1.751899
v 0.297918 1.137658 0.912183
v 0.357235 1.188055 0.818650
v 0.247572 1.179438 0.789510
v 0.207232 1.142954 0.847013
v 0.335505 1.096379 1.069642
v 0.594891 1.165081 1.114518
v 0.608707 1.198867 0.999820
v -0.643429 0.655414 0.011118
v -0.634243 0.654494 0.195939
v -0.470526 0.804271 0.018317
v -0.515748 -0.553095 -0.542176
v -0.558886 -0.490180 -0.568122
v -0.412627 -0.518012 -0.663111
v -0.406093 -0.585175 -0.602273
v 0.110284 -0.639721 -0.795321
v 0.321692 -0.651166 -0.808681
v 0.300701 -0.783485 -0.611506
v 0.112588 -0.787049 -0.585282
v 0.177099 -0.560228 -0.904503
v 0.356823 -0.560764 -0.928004
v -0.003142 -0.671617 -0.728614
v -0.014520 -0.627096 -0.805453
v 0.048691 -0.603134 -0.850967
v -0.668863 -0.640748 0.028880
v -0.742724 -0.561742 -0.010531
v -0.717231 -0.560981 -0.143545
v -0.633755 -0.647878 -0.136413
v -0.635177 -0.676499 0.120958
v -0.709850 -0.629300 0.132602
v -0.732100 -0.605905 0.083710
v -0.526458 0.539003 -0.544612
v -0.569579 0.584718 -0.447535
v 0.173504 1.129693 0.053212
v 0.326273 1.152699 0.049094
v 0.250777 1.049127 -0.168247
v 0.119023 1.030808 -0.163770
v 0.029141 1.088019 0.055235
v 0.948215 -0.016510 2.002522
v 1.205670 0.000000 1.817941
v 0.948381 0.152326 1.998656
v 1.325988 -1.057510 1.106465
v 1.272643 -1.012240 1.324531
v 1.070918 -1.126600 1.289888
v 1.102041 -1.187361 1.073314
v 1.492824 -0.858626 1.098743
v 1.416545 -0.827966 1.349677
v 1.347779 -1.072399 0.918908
v 0.971989 0.766996 1.829634
v 1.075927 0.859092 1.705130
v 0.877967 0.780832 1.871482
v -0.492847 -0.009705 1.846535
v -0.584229 -0.004096 1.591432
v -0.573839 -0.133626 1.591264
v -0.487213 -0.138872 1.835196
v -0.490631 0.090885 1.842238
v -0.580566 0.080566 1.597971
v 0.357156 -1.159091 0.935954
v 0.305311 -1.045840 1.183150
v 0.060047 -0.926029 1.153920
v 0.072687 -1.003388 0.929899
v 0.505020 -1.196880 1.013032
v 0.470543 -1.106218 1.214563
v 0.287141 -1.167803 0.801616
v 0.377388 -1.230717 0.801860
v 0.433007 -1.231879 0.876279
v -0.421345 -0.439767 1.681326
v -0.454898 -0.469147 1.536223
v -0.556138 0.582258 0.853679
v -0.544810 0.550508 1.002620
v -0.403796 0.647940 1.091221
v -0.387658 0.721956 0.874404
v -0.573909 0.609511 0.705007
v -0.671965 0.442147 0.843108
v 0.155660 0.647056 1.909288
v 0.231948 0.796072 1.698166
v 0.313254 0.687500 1.930156
v 0.472158 0.849313 1.749122
v 0.559961 -1.289790 0.474282
v 0.575421 -1.317766 0.557124
v 0.932010 -1.308026 0.799274
v 0.844424 -1.347168 0.796372
v 0.617741 -1.223017 1.042413
v 0.595021 -1.137856 1.239370
v 0.263893 -1.179534 0.707855
v 0.353834 -1.239580 0.720216
v 0.607529 -1.258991 0.753052
v 0.529541 -1.242349 0.738024
v 0.525484 -1.250193 0.683957
v 0.597138 -1.265586 0.692355
v -0.901831 -0.307769 0.189643
v -0.888932 -0.315037 0.260577
v -0.922852 -0.174805 0.272247
v -0.935018 -0.170451 0.189389
v -0.758058 -0.486124 0.419963
v -0.783901 -0.502074 0.338279
v -0.788770 -0.500465 -0.021087
v -0.833290 -0.438546 -0.011856
v -0.815701 -0.420844 -0.148753
v -0.766914 -0.491116 -0.152068
v -0.624106 -0.681938 0.192137
v -0.700009 -0.634842 0.191162
v -0.766656 -0.485529 0.188008
v -0.763415 -0.484495 0.227627
v -0.788218 -0.451521 0.224402
v -0.793144 -0.450010 0.187412
v -0.740196 -0.521063 0.188213
v -0.739157 -0.517531 0.225015
v -0.296153 -0.481353 -0.773105
v -0.237379 -0.502180 -0.815751
v -0.027443 -0.306860 -1.021425
v -0.031532 -0.377558 -1.007308
v 0.206631 -0.498796 -0.971649
v 0.392089 -0.491048 -1.005641
v -0.081738 -0.673214 -0.698282
v -0.083652 -0.632216 -0.774439
v -0.046515 -0.482497 -0.865276
v -0.058754 -0.518172 -0.830567
v -0.104786 -0.517209 -0.812410
v -0.099371 -0.485503 -0.840077
v 0.005484 1.096355 0.408576
v -0.022354 1.079859 0.242960
v -0.269997 0.883978 0.639306
v -0.209450 0.946816 0.647633
v 0.068918 1.009088 0.958107
v 0.217655 1.037317 1.107397
v 0.164307 1.068960 0.945859
v 0.362466 1.212385 0.727218
v 0.255756 1.201032 0.714753
v 0.040784 1.043599 0.674061
v 0.115599 1.084161 0.686259
v 0.105682 1.091049 0.631094
v 0.034870 1.053697 0.615724
v 0.303744 0.959833 -0.342863
v 0.285344 0.930814 -0.427535
v 0.554043 0.764296 -0.647093
v 0.478281 0.796582 -0.648470
v 0.349544 0.628987 -0.861353
v 0.398292 0.495757 -1.001239
v 0.068688 0.808411 -0.566659
v 0.141653 0.831302 -0.584092
v 0.310709 0.783527 -0.597475
v 0.262891 0.790940 -0.584383
v 0.256658 0.824063 -0.531891
v 0.299115 0.819601 -0.539159
v 0.267924 0.389180 2.217281
v 0.345593 0.390395 2.209406
v 0.414456 0.548612 2.090507
v 0.319900 0.535748 2.093833
v 0.480456 0.199066 2.234899
v 0.689430 0.211365 2.133982
v 0.002277 0.165776 2.322808
v 0.020336 0.229221 2.300139
v -0.125580 0.158330 2.273328
v 0.210969 -0.026333 2.335783
v 0.207545 0.046330 2.358554
v 0.224916 0.176426 2.284022
v 0.270699 0.184533 2.273960
v 0.277006 0.218194 2.264673
v 0.235619 0.213386 2.272542
v 0.214911 0.139501 2.295440
v 0.259036 0.148013 2.284952
v -0.639357 0.146982 1.400635
v -0.682008 0.150983 1.318288
v -0.687533 0.318329 1.100522
v -0.726600 0.267035 1.107816
v -0.815480 0.157636 0.812854
v -0.858249 0.160007 0.621576
v -0.746247 -0.021134 1.106539
v -0.764598 0.043271 1.111260
v -0.711889 0.149042 1.099161
v -0.716435 0.123019 1.099162
v -0.696961 0.125194 1.160412
v -0.692517 0.148008 1.162616
v 0.825027 1.189752 1.276845
v 0.929005 1.216407 1.299562
v 1.009987 1.027640 1.570161
v 1.049875 1.083383 1.507167
v 1.314672 0.999570 1.329956
v 1.414568 0.809913 1.331853
v 1.141574 1.211999 1.032701
v 1.144742 1.216440 1.126243
v 1.086738 1.118830 1.302414
v 1.100723 1.139096 1.244799
v 1.053125 1.157453 1.242987
v 1.037588 1.138380 1.297166
v 1.150616 -0.532715 -0.623704
v 1.192334 -0.562852 -0.559344
v 1.462454 -0.396642 -0.378017
v 1.438382 -0.479242 -0.376464
v 1.394268 -0.727282 0.016266
v 1.455667 -0.781943 0.260134
v 1.037711 -0.834273 -0.249516
v 1.127463 -0.799786 -0.270850
v 1.263026 -0.614193 -0.308094
v 1.215842 -0.664910 -0.288957
v 1.193782 -0.635128 -0.360194
v 1.236035 -0.587831 -0.383981
v 1.647351 0.660672 0.856550
v 1.508852 0.857590 0.858437
v 1.752101 0.299478 0.516127
v 1.701725 0.276679 0.252927
v 1.676619 0.316681 1.176194
v 1.660388 0.440116 1.158516
v 1.552388 0.462219 1.352189
v 1.570121 0.310752 1.367030
v 1.773486 -0.052401 0.859850
v 1.798779 0.053378 0.861889
v 1.720038 0.309393 0.856204
v 1.728357 0.306985 0.782790
v 1.714215 0.385708 0.788044
v 1.705927 0.393658 0.856284
v 1.734120 0.225157 0.856383
v 1.741273 0.228866 0.787990
v 1.658086 0.253502 0.035129
v 1.551246 -0.077887 -0.397932
v 1.515680 -0.007275 -0.504564
v 1.516528 -0.221465 -0.393245
v 1.459069 -0.213974 -0.525219
v -0.955446 -0.060469 0.192896
v -0.950656 -0.009304 0.265342
v 1.470129 0.296352 1.526238
v 1.399352 0.398881 1.595818
v 1.686536 -0.507201 0.850522
v 1.731554 -0.301944 0.857335
v 1.500092 -0.824639 0.459942
v 0.677858 -0.999973 -0.181501
v 0.838947 -0.928423 -0.211824
v 0.886062 -0.976168 -0.105597
v 1.485956 0.663520 1.335836
v 1.116361 1.217618 0.653394
v 1.131767 1.218248 0.825170
v 1.402389 1.003425 0.858450
v 1.369614 1.053744 0.752590
v 1.009064 -0.458013 -0.901710
v 1.078074 -0.485824 -0.783144
v 0.849907 0.649860 -0.693245
v 0.719934 0.704107 -0.667552
v -0.703718 -0.245179 1.096523
v -0.723592 -0.146742 1.103233
v -0.756076 -0.144097 0.991978
v -0.894706 0.159318 0.469152
v 0.246227 -0.293276 2.254014
v 0.227299 -0.174130 2.295170
v -0.225580 0.152724 2.220055
v -0.016150 -0.060884 -1.085890
v -0.107804 -0.010525 -1.042522
v -0.020278 -0.169976 -1.061048
v -0.130404 -0.174045 -1.002843
v 0.436916 0.388932 -1.107438
v -0.215458 0.755537 -0.513380
v -0.089942 0.779763 -0.536649
v -0.074409 0.724786 -0.621902
v -0.692698 -0.452235 0.764198
v -0.720500 -0.467651 0.607693
v 0.452748 -1.193792 0.143345
v 0.500097 -1.239319 0.292322
v 0.404944 1.081401 1.190365
v 0.583503 1.127178 1.230108
v 0.790547 1.281659 0.802443
v 0.606955 1.254063 0.770445
v 0.614229 1.229600 0.885602
v -0.530263 -0.445144 -0.624709
v -0.428336 -0.456868 -0.694223
v 0.542993 -0.483483 -1.029225
v -0.105650 -0.855774 -0.412767
v -0.095821 -0.775269 -0.540084
v -0.008697 -0.785068 -0.560162
v -0.745557 -0.483513 -0.258751
v -0.769029 -0.421617 -0.311928
v -0.336393 -0.897943 0.207731
v -0.468777 -0.800754 0.198609
v 0.395018 1.126627 -0.018273
v 0.353139 1.052743 -0.164462
v -0.046063 1.062136 0.108611
v 0.865964 0.225408 2.042149
v 1.278516 -1.129286 0.824194
v 1.124748 -1.219278 0.815154
v 0.842737 0.828974 1.834788
v 0.915459 0.920311 1.719211
v -0.516706 0.141269 1.762539
v -0.572306 0.142944 1.599732
v 0.569881 -1.065910 1.400124
v -0.132768 -0.957927 0.653915
v 0.043310 -1.057007 0.677744
v 0.059796 -1.039494 0.783726
v -0.563933 0.500638 1.088894
v -0.514008 0.525890 1.173904
v -0.622762 0.419312 1.092669
v -0.600152 0.403537 1.199230
v -0.537224 0.666837 0.621124
v -0.419941 0.763653 0.627363
v 0.368501 0.653917 1.986644
v 0.473595 0.725459 1.930956
v 0.572628 -1.322527 0.587238
v 0.662232 -1.338596 0.611491
v 0.655702 -1.317329 0.632384
v 0.577734 -1.303355 0.611018
v 0.812426 -1.349271 0.797044
v 0.807341 -1.340381 0.861423
v 0.782640 -1.319633 0.845537
v 0.786447 -1.326902 0.791885
v 0.621479 -1.282763 0.931642
v 0.530382 -1.262576 0.905349
v 0.544644 -1.253271 0.880077
v 0.623993 -1.270784 0.903244
v 0.381436 -1.255849 0.722759
v 0.387704 -1.268777 0.659981
v 0.419839 -1.257769 0.671074
v 0.415001 -1.247048 0.723419
v 0.422809 -1.285416 0.612381
v 0.488636 -1.304066 0.587834
v 0.505469 -1.287496 0.611263
v 0.449355 -1.271663 0.631741
v 0.451267 -1.249484 0.857831
v 0.402121 -1.248330 0.792838
v 0.432922 -1.240735 0.782932
v 0.475502 -1.241814 0.838767
v 0.740461 -1.349566 0.658111
v 0.790329 -1.352728 0.724617
v 0.767238 -1.329739 0.730223
v 0.723996 -1.326947 0.672929
v 0.772811 -1.325783 0.909484
v 0.706573 -1.305205 0.932955
v 0.697195 -1.290032 0.904654
v 0.753621 -1.307489 0.885140
v -0.881514 -0.406980 0.190566
v -0.880828 -0.414525 0.143562
v -0.854444 -0.421694 0.150797
v -0.854956 -0.415619 0.189020
v -0.793426 -0.508926 0.311492
v -0.825076 -0.467288 0.303177
v -0.808286 -0.465573 0.281528
v -0.782029 -0.500110 0.288455
v -0.812343 -0.516037 0.072296
v -0.779169 -0.559259 0.080656
v -0.770231 -0.541467 0.099610
v -0.797800 -0.505551 0.092631
v -0.724346 -0.618040 0.191902
v -0.726506 -0.608909 0.239382
v -0.726743 -0.582648 0.229339
v -0.724976 -0.590105 0.190579
v -0.750497 -0.594376 0.104952
v -0.732283 -0.613583 0.144563
v -0.731444 -0.586475 0.151979
v -0.746433 -0.570635 0.119627
v -0.739285 -0.586439 0.279144
v -0.763211 -0.550878 0.303331
v -0.757017 -0.534832 0.281730
v -0.737253 -0.564193 0.261857
v -0.868749 -0.436187 0.104498
v -0.844062 -0.472519 0.080492
v -0.824101 -0.469468 0.099397
v -0.844521 -0.439441 0.119066
v -0.852996 -0.432976 0.278703
v -0.872023 -0.413002 0.238390
v -0.847142 -0.420608 0.228167
v -0.831439 -0.437109 0.261311
v -0.212948 -0.512276 -0.831034
v -0.199824 -0.470546 -0.868679
v -0.172430 -0.469769 -0.859394
v -0.183797 -0.504566 -0.827826
v -0.031729 -0.405392 -0.997396
v 0.029091 -0.412706 -1.019906
v 0.023152 -0.419295 -0.989396
v -0.027218 -0.413681 -0.970387
v 0.090873 -0.504884 -0.967978
v 0.067671 -0.550697 -0.917624
v 0.051699 -0.531207 -0.905167
v 0.072066 -0.492351 -0.948154
v -0.088223 -0.615902 -0.799080
v -0.141432 -0.606300 -0.786556
v -0.126259 -0.580259 -0.792075
v -0.082110 -0.587901 -0.802730
v -0.164049 -0.434627 -0.912513
v -0.102063 -0.412804 -0.958509
v -0.087680 -0.420474 -0.936658
v -0.141622 -0.439295 -0.896797
v 0.026772 -0.590142 -0.866120
v -0.028674 -0.611196 -0.826104
v -0.031449 -0.583612 -0.825994
v 0.016296 -0.565383 -0.860571
v 0.073157 -0.433049 -1.023227
v 0.093226 -0.464721 -1.004549
v 0.074703 -0.460084 -0.977908
v 0.058701 -0.435400 -0.992348
v -0.182839 -0.584229 -0.788180
v -0.206982 -0.551529 -0.803603
v -0.179412 -0.536360 -0.805471
v -0.159994 -0.562480 -0.793248
v 0.003596 1.111939 0.516766
v -0.078032 1.064811 0.517680
v -0.057930 1.052165 0.539749
v 0.012944 1.093069 0.539041
v -0.186967 0.970064 0.652052
v -0.170074 0.963989 0.718683
v -0.136863 0.966569 0.708396
v -0.151214 0.971622 0.652272
v 0.033477 1.052274 0.848851
v 0.116656 1.100902 0.848975
v 0.112341 1.085827 0.820449
v 0.040121 1.043633 0.820249
v 0.223950 1.193870 0.714556
v 0.205342 1.198433 0.646501
v 0.188293 1.168516 0.650670
v 0.204177 1.164767 0.708135
v -0.143318 1.021443 0.542343
v -0.178839 0.989538 0.590203
v -0.144549 0.987836 0.600559
v -0.114308 1.014816 0.560603
v 0.160449 1.186557 0.584514
v 0.088145 1.155123 0.540156
v 0.086671 1.130714 0.559521
v 0.149654 1.158172 0.597845
v -0.126059 0.975174 0.779616
v -0.052818 1.007484 0.824368
v -0.035173 1.004580 0.798799
v -0.099011 0.976336 0.760161
v 0.182653 1.144947 0.824982
v 0.217403 1.175989 0.777112
v 0.198892 1.149947 0.760384
v 0.169320 1.123739 0.800220
v 0.283826 0.923252 -0.457835
v 0.342243 0.910742 -0.476619
v 0.333963 0.883972 -0.489251
v 0.285079 0.894712 -0.473119
v 0.450068 0.804595 -0.653014
v 0.446983 0.766056 -0.717731
v 0.424525 0.759172 -0.697104
v 0.426823 0.791969 -0.642055
v 0.337277 0.720725 -0.785246
v 0.279395 0.732030 -0.762752
v 0.288178 0.731542 -0.733515
v 0.336699 0.721771 -0.752866
v 0.169658 0.839698 -0.589449
v 0.171800 0.879395 -0.528352
v 0.194877 0.858579 -0.531304
v 0.193402 0.824866 -0.583233
v 0.225750 0.756754 -0.720149
v 0.188406 0.795730 -0.657881
v 0.209968 0.786801 -0.642548
v 0.242314 0.752867 -0.696794
v 0.193235 0.909136 -0.482377
v 0.232367 0.923235 -0.459313
v 0.243419 0.895022 -0.473873
v 0.212260 0.883459 -0.492828
v 0.425318 0.736803 -0.765648
v 0.387333 0.722005 -0.787182
v 0.377018 0.722495 -0.755001
v 0.407003 0.734650 -0.737290
v 0.395708 0.885483 -0.517192
v 0.432313 0.847252 -0.581078
v 0.411137 0.828948 -0.579753
v 0.379504 0.862239 -0.524163
v 0.257310 0.300312 2.293554
v 0.198564 0.285112 2.305957
v 0.203905 0.262239 2.294367
v 0.253602 0.275504 2.283731
v 0.367314 0.205026 2.299280
v 0.366278 0.248863 2.289744
v 0.341436 0.235816 2.280204
v 0.341754 0.200936 2.287843
v 0.096896 0.170416 2.355479
v 0.098774 0.131552 2.367064
v 0.118191 0.135754 2.345296
v 0.117225 0.166394 2.336026
v 0.209152 0.075298 2.360744
v 0.265953 0.085148 2.346465
v 0.255719 0.100615 2.327549
v 0.207914 0.092010 2.339615
v 0.118778 0.100934 2.372437
v 0.157832 0.081372 2.369865
v 0.165659 0.096684 2.347205
v 0.134051 0.112108 2.349403
v 0.316934 0.111624 2.329749
v 0.350793 0.155432 2.313318
v 0.327635 0.159929 2.299531
v 0.298987 0.123066 2.313391
v 0.346981 0.281915 2.285325
v 0.308721 0.299155 2.286636
v 0.295660 0.275008 2.277947
v 0.326223 0.261522 2.276833
v 0.145771 0.255825 2.321892
v 0.112222 0.214716 2.339411
v 0.130297 0.202802 2.322734
v 0.158745 0.237306 2.307991
v -0.699937 0.152950 1.291776
v -0.698261 0.183542 1.282069
v -0.691611 0.173749 1.252944
v -0.692820 0.150886 1.260186
v -0.740026 0.242293 1.111046
v -0.763548 0.237307 1.035342
v -0.748311 0.216601 1.041063
v -0.727873 0.220968 1.106710
v -0.809407 0.159266 0.932927
v -0.812994 0.126952 0.941770
v -0.788781 0.131485 0.961540
v -0.786006 0.155793 0.954994
v -0.769273 0.071120 1.113126
v -0.743572 0.078209 1.190336
v -0.728597 0.093303 1.174934
v -0.750901 0.087062 1.107869
v -0.720864 0.096687 1.252464
v -0.706895 0.122800 1.284093
v -0.697964 0.128404 1.254448
v -0.709178 0.108484 1.228455
v -0.785110 0.219676 0.974260
v -0.800254 0.191918 0.941940
v -0.778979 0.180599 0.961950
v -0.766735 0.202127 0.988582
v -0.808204 0.098935 0.974274
v -0.792223 0.079177 1.036249
v -0.770773 0.093959 1.041243
v -0.784603 0.110074 0.988115
v -0.703930 0.211091 1.249159
v -0.719002 0.232115 1.187235
v -0.709584 0.212175 1.172840
v -0.696483 0.194882 1.226052
v 0.958464 1.214550 1.305235
v 0.954714 1.183069 1.374655
v 0.973389 1.164618 1.360237
v 0.976429 1.191590 1.300837
v 1.058628 1.101520 1.483544
v 1.115038 1.087145 1.476857
v 1.106880 1.084042 1.447026
v 1.059751 1.096032 1.452607
v 1.243992 1.102753 1.331839
v 1.253403 1.125198 1.267235
v 1.224157 1.116722 1.268407
v 1.216163 1.097671 1.323204
v 1.140850 1.215433 1.156711
v 1.079185 1.237975 1.160236
v 1.077853 1.211775 1.177868
v 1.129478 1.192837 1.175024
v 0.971141 1.150171 1.433925
v 1.008221 1.122758 1.469727
v 1.017913 1.113632 1.441138
v 0.987186 1.136581 1.410915
v 1.022885 1.247277 1.186958
v 0.981916 1.237710 1.238980
v 0.996215 1.211343 1.244451
v 1.030703 1.219523 1.200366
v 1.239163 1.153274 1.211581
v 1.197911 1.185275 1.174283
v 1.177390 1.167447 1.189898
v 1.212111 1.140457 1.221393
v 1.169557 1.081798 1.448171
v 1.214292 1.087644 1.395992
v 1.190760 1.084736 1.378050
v 1.152737 1.079624 1.422728
v 1.210901 -0.576243 -0.536418
v 1.266904 -0.531553 -0.544993
v 1.261100 -0.535106 -0.508952
v 1.213988 -0.572896 -0.501282
v 1.422648 -0.506255 -0.375777
v 1.447836 -0.537804 -0.284089
v 1.415316 -0.542296 -0.283431
v 1.393589 -0.514670 -0.363144
v 1.367456 -0.713693 -0.121189
v 1.307835 -0.768638 -0.121206
v 1.295912 -0.741083 -0.141678
v 1.346525 -0.694219 -0.141896
v 1.154653 -0.786382 -0.278899
v 1.132079 -0.744823 -0.362609
v 1.146378 -0.719069 -0.349693
v 1.165730 -0.755481 -0.276731
v 1.448413 -0.586273 -0.202331
v 1.417968 -0.648904 -0.148130
v 1.389736 -0.638563 -0.165252
v 1.415886 -0.584471 -0.212258
v 1.324933 -0.502663 -0.521144
v 1.379264 -0.494386 -0.459767
v 1.356268 -0.504221 -0.435771
v 1.309917 -0.511012 -0.488608
v 1.247481 -0.803392 -0.148772
v 1.194770 -0.807606 -0.204478
v 1.199948 -0.773992 -0.212657
v 1.244764 -0.770544 -0.165098
v 1.132822 -0.690735 -0.441265
v 1.162652 -0.631923 -0.500521
v 1.172753 -0.620778 -0.470076
v 1.147011 -0.671814 -0.418492
v 1.725830 0.548296 0.860210
v 1.720247 0.536587 0.940406
v 1.710314 0.504449 0.927613
v 1.715092 0.514347 0.859115
v 1.787481 0.311111 0.656600
v 1.769377 0.403776 0.670375
v 1.752676 0.389209 0.695914
v 1.768388 0.308800 0.683881
v 1.741573 0.322287 1.065099
v 1.757771 0.227160 1.052302
v 1.742923 0.236654 1.023275
v 1.728855 0.319195 1.034439
v 1.803063 0.085509 0.862364
v 1.810556 0.099835 0.780858
v 1.788396 0.126312 0.790450
v 1.781970 0.114105 0.860191
v 1.720805 0.493221 1.007675
v 1.728582 0.416381 1.049731
v 1.717585 0.400737 1.021182
v 1.710832 0.467185 0.985056
v 1.774871 0.147810 1.011759
v 1.790568 0.101046 0.943889
v 1.771253 0.127467 0.930022
v 1.757739 0.167837 0.988274
v 1.751284 0.482035 0.711542
v 1.736472 0.530160 0.779371
v 1.724225 0.498701 0.789824
v 1.736994 0.457118 0.731502
v 1.810995 0.144449 0.712633
v 1.802328 0.219772 0.670950
v 1.781246 0.229720 0.696224
v 1.788749 0.164660 0.732046
v 0.587112 -1.278343 0.641658
v 0.658146 -1.291399 0.660611
v 0.671472 -1.280258 0.710086
v 0.749728 -1.296785 0.781966
v 0.748542 -1.290456 0.831017
v 0.690074 -1.269287 0.822982
v 0.685506 -1.275642 0.768360
v 0.624755 -1.253799 0.866380
v 0.552623 -1.238010 0.846066
v 0.543088 -1.236329 0.795388
v 0.618001 -1.252465 0.813688
v 0.461909 -1.235204 0.726929
v 0.463916 -1.244210 0.678871
v 0.500152 -1.234122 0.822714
v 0.477381 -1.229533 0.780872
v 0.733981 -1.288475 0.863405
v 0.691772 -1.270861 0.869798
v 0.476177 -1.258180 0.648272
v 0.520825 -1.263897 0.639575
v 0.707462 -1.305022 0.685194
v 0.733250 -1.299784 0.726319
v -0.821848 -0.423656 0.187418
v -0.821924 -0.428330 0.153355
v -0.794710 -0.452954 0.150849
v -0.766447 -0.487881 0.262667
v -0.789933 -0.456904 0.257285
v -0.778485 -0.491817 0.114784
v -0.753988 -0.523871 0.120143
v -0.744558 -0.520123 0.151467
v -0.769891 -0.486556 0.148485
v -0.723169 -0.556094 0.188810
v -0.724061 -0.550344 0.223331
v -0.811532 -0.438626 0.247708
v -0.815487 -0.427321 0.222271
v -0.733119 -0.544337 0.248344
v -0.743932 -0.518973 0.257608
v -0.741043 -0.549322 0.130413
v -0.728485 -0.553485 0.154422
v -0.822281 -0.440627 0.129765
v -0.802001 -0.459669 0.119811
v -0.146934 -0.491495 -0.824662
v -0.136129 -0.460243 -0.853566
v -0.086941 -0.452268 -0.872095
v -0.025381 -0.421330 -0.935021
v 0.019928 -0.424653 -0.953291
v 0.015155 -0.446565 -0.922459
v -0.033602 -0.447243 -0.900039
v 0.049026 -0.479544 -0.918982
v 0.031285 -0.514136 -0.881153
v -0.009465 -0.513470 -0.854884
v 0.006225 -0.478385 -0.891467
v -0.070544 -0.553547 -0.806267
v -0.111109 -0.548442 -0.794581
v 0.009062 -0.543027 -0.854749
v -0.024496 -0.549363 -0.827972
v -0.120065 -0.440547 -0.883848
v -0.079158 -0.427320 -0.905332
v 0.046067 -0.435226 -0.964155
v 0.053274 -0.450693 -0.946149
v -0.139615 -0.543361 -0.794878
v -0.145645 -0.520098 -0.803137
v 0.026442 1.068600 0.567367
v -0.038569 1.031435 0.566255
v -0.034619 1.014988 0.609525
v -0.100721 0.974817 0.653804
v -0.088837 0.969639 0.704659
v -0.024725 0.995568 0.716738
v -0.034023 1.002981 0.662154
v 0.048073 1.031054 0.783418
v 0.114138 1.069210 0.785288
v 0.116821 1.072768 0.739108
v 0.046739 1.033547 0.732324
v 0.175154 1.124579 0.697900
v 0.162071 1.128753 0.645965
v -0.070742 0.977582 0.743942
v -0.020512 0.995263 0.765034
v -0.084497 1.009338 0.575945
v -0.096515 0.988507 0.606477
v 0.154879 1.101243 0.778285
v 0.172034 1.111983 0.745618
v 0.137938 1.130061 0.608235
v 0.093797 1.103283 0.585039
v 0.289907 0.856419 -0.493517
v 0.333674 0.847051 -0.507878
v 0.344973 0.810950 -0.553287
v 0.399341 0.776565 -0.624796
v 0.399509 0.746535 -0.674924
v 0.364556 0.743505 -0.664302
v 0.358414 0.776243 -0.610441
v 0.332292 0.723020 -0.709372
v 0.288772 0.731687 -0.692494
v 0.276970 0.755817 -0.640351
v 0.322699 0.747469 -0.655894
v 0.221582 0.803161 -0.577519
v 0.220834 0.833877 -0.529826
v 0.392846 0.732119 -0.709421
v 0.368917 0.722375 -0.713085
v 0.254975 0.748820 -0.674013
v 0.236387 0.768833 -0.631345
v 0.367091 0.839289 -0.531178
v 0.385293 0.810077 -0.568682
v 0.227355 0.858126 -0.502398
v 0.252192 0.857864 -0.492009
v 0.245641 0.247404 2.269585
v 0.201417 0.235766 2.279213
v 0.190723 0.202926 2.282531
v 0.311320 0.192682 2.272427
v 0.312930 0.223590 2.265151
v 0.140568 0.163752 2.309768
v 0.139551 0.136125 2.318249
v 0.173437 0.136457 2.304084
v 0.179003 0.168297 2.294195
v 0.208334 0.109175 2.312178
v 0.251037 0.117188 2.301524
v 0.308495 0.245053 2.266690
v 0.283485 0.248513 2.263775
v 0.283706 0.130991 2.297689
v 0.298911 0.156614 2.282892
v 0.169432 0.223259 2.293512
v 0.152291 0.196252 2.298105
v 0.146458 0.118800 2.327942
v 0.170249 0.111290 2.319365
v -0.682925 0.148126 1.218729
v -0.681449 0.168139 1.213523
v -0.689601 0.170985 1.159777
v -0.710282 0.199710 1.100706
v -0.728724 0.196320 1.041429
v -0.726162 0.173578 1.038219
v -0.707396 0.175170 1.098933
v -0.754739 0.151517 0.983756
v -0.757411 0.130399 0.988393
v -0.734940 0.126166 1.038045
v -0.731332 0.149739 1.035676
v -0.727337 0.101045 1.101283
v -0.707474 0.105854 1.161680
v -0.699113 0.113789 1.203229
v -0.687232 0.128413 1.214579
v -0.761645 0.115095 1.003359
v -0.745312 0.106394 1.041256
v -0.688335 0.185158 1.201576
v -0.693521 0.192811 1.160362
v -0.747150 0.190598 1.003791
v -0.748992 0.173094 0.988827
v 0.997828 1.161532 1.295202
v 0.993681 1.138005 1.348714
v 1.028612 1.116469 1.352538
v 1.061484 1.088058 1.412203
v 1.104069 1.076320 1.408569
v 1.117940 1.083537 1.360103
v 1.072069 1.098737 1.360177
v 1.181159 1.089553 1.312631
v 1.189070 1.106949 1.262810
v 1.146981 1.118334 1.253174
v 1.136306 1.099581 1.306635
v 1.114733 1.162707 1.198585
v 1.068716 1.179861 1.199917
v 1.036616 1.192775 1.212464
v 1.014764 1.179503 1.244087
v 0.999546 1.124445 1.388366
v 1.023090 1.104095 1.402672
v 1.138931 1.075438 1.398945
v 1.159684 1.076870 1.362624
v 1.187576 1.127754 1.229759
v 1.157998 1.140666 1.210626
v 1.217173 -0.570772 -0.451337
v 1.259522 -0.534971 -0.460027
v 1.280772 -0.545121 -0.397435
v 1.354930 -0.526533 -0.344680
v 1.375283 -0.551690 -0.272570
v 1.333948 -0.589605 -0.252546
v 1.310399 -0.563887 -0.326499
v 1.318510 -0.666285 -0.172209
v 1.273358 -0.709252 -0.169204
v 1.244518 -0.686739 -0.221796
v 1.290597 -0.639977 -0.232555
v 1.179769 -0.713014 -0.276149
v 1.161426 -0.680908 -0.343092
v 1.159715 -0.654951 -0.395954
v 1.179149 -0.614661 -0.424302
v 1.241192 -0.737944 -0.180759
v 1.209653 -0.731031 -0.216439
v 1.296685 -0.517582 -0.455226
v 1.322636 -0.514687 -0.411163
v 1.384253 -0.582216 -0.223339
v 1.358150 -0.616441 -0.192991
v 1.701155 0.465970 0.857096
v 1.696349 0.458722 0.919764
v 1.699482 0.390852 0.924135
v 1.742532 0.306204 0.721340
v 1.728435 0.379918 0.730794
v 1.711888 0.314673 0.992435
v 1.724708 0.239301 0.983708
v 1.725186 0.232051 0.924850
v 1.711749 0.311681 0.929555
v 1.753116 0.155283 0.857490
v 1.759205 0.164320 0.793819
v 1.700703 0.440501 0.963917
v 1.701246 0.389230 0.982226
v 1.723106 0.432045 0.750036
v 1.709339 0.453468 0.793730
v 1.766499 0.185040 0.750253
v 1.754398 0.233586 0.730871
v 1.740587 0.188476 0.966091
v 1.743714 0.165976 0.921260
v 1.743083 -0.289494 0.734107
v 1.664918 -0.596849 0.742615
v 1.723678 0.556602 0.765416
v 1.740552 0.501958 0.687880
v -0.878971 -0.386124 0.249243
v 0.318438 -0.174283 2.277185
v 0.751719 -0.605371 2.006202
v 0.317856 0.322430 2.269285
v 0.366458 0.300162 2.267706
v 0.933978 -0.157986 -1.210020
v 1.012728 -1.119682 0.291689
v 0.582386 1.269043 0.652931
v 0.456968 1.047485 -0.174999
v -0.388902 -0.144084 2.035111
v -0.361179 0.387085 1.888223
v -0.430172 -0.396267 -0.730852
v -0.039870 0.499559 -0.862929
v -0.057489 -1.056751 0.243824
v -0.447127 0.811988 0.215591
v 1.198663 0.260737 1.811143
v 1.798157 0.206245 0.641948
v 1.562145 -0.241007 -0.257488
v -0.646973 0.425618 0.986277
v -0.584105 -0.397244 -0.605890
v 0.373970 0.140593 2.302706
v 0.088357 -0.175998 -1.110275
v 0.706301 0.659898 -0.757495
v 0.944246 -1.032906 0.045892
v 0.503937 1.158190 0.050985
v 0.102061 1.158292 0.512559
v -0.392368 0.000000 2.053472
v -0.054696 0.640715 -0.725312
v -0.400803 0.751541 0.731753
v 1.121017 -1.213093 0.927242
v 0.951772 0.314138 1.982588
v 0.999258 0.911671 1.706334
v 1.714318 0.427172 1.076603
v 1.705564 0.514160 1.028557
v 1.432106 -0.640397 -0.120431
v 1.233403 1.066100 1.406062
v -0.796951 0.202875 0.913149
v 0.085549 0.224139 2.331128
v 0.124936 0.272922 2.310394
v 0.398341 0.699046 -0.806759
v -0.057560 0.987939 0.848074
v 0.122629 -0.454586 -1.012886
v -0.844934 -0.458991 0.053984
v -0.874858 -0.414903 0.083459
v 0.720130 -1.294787 0.960107
v 0.521070 -1.246389 0.929815
v 0.622978 -1.269080 0.958934
v -0.889633 -0.388296 0.132038
v -0.890568 -0.378821 0.190404
v -0.766685 -0.563593 0.054072
v -0.806623 -0.511557 0.044045
v 0.095093 -0.558622 -0.909223
v 0.120977 -0.505220 -0.967452
v -0.084208 1.057006 0.487719
v 0.007622 1.110041 0.486561
v 0.132309 1.092717 0.875248
v 0.038735 1.037966 0.875256
v 0.266631 0.709796 -0.779545
v 0.335382 0.696887 -0.805382
v 0.185772 0.307155 2.291946
v 0.254572 0.324452 2.277629
v 0.391211 0.256723 2.273682
v 0.393316 0.200678 2.285815
v 0.070714 0.119730 2.365388
v 0.067508 0.170007 2.350632
v -0.813993 0.114327 0.913363
v -0.809215 0.158635 0.901093
v 1.277967 1.109923 1.256564
v 1.267321 1.083618 1.332021
v 1.304785 -0.778327 -0.089778
v 1.374117 -0.714623 -0.089655
v 1.705019 0.563692 0.950867
v 1.711463 0.577322 0.858248
v 1.760975 0.413817 0.641148
v 1.781370 0.309480 0.625683
v 1.747191 0.213867 1.079546
v 1.728965 0.320988 1.093951

# UV coordinates
vt 0.415517 0.393054
vt 0.452503 0.378605
vt 0.464093 0.407461
vt 0.428220 0.423207
vt 0.402133 0.372321
vt 0.441050 0.360849
vt 0.465203 0.513359
vt 0.482976 0.543484
vt 0.462185 0.552503
vt 0.450774 0.527728
vt 0.466884 0.493822
vt 0.498535 0.482281
vt 0.505365 0.502677
vt 0.558761 0.334788
vt 0.592025 0.323590
vt 0.607336 0.346040
vt 0.578958 0.357969
vt 0.557965 0.316708
vt 0.582289 0.308051
vt 0.543963 0.348485
vt 0.536186 0.339170
vt 0.544354 0.330399
vt 0.546290 0.319657
vt 0.613373 0.445063
vt 0.600533 0.414322
vt 0.631771 0.396296
vt 0.641948 0.427015
vt 0.544489 0.982851
vt 0.514118 0.978277
vt 0.510554 0.958484
vt 0.539934 0.959698
vt 0.309709 0.021888
vt 0.308875 0.036652
vt 0.281936 0.047484
vt 0.277189 0.033811
vt 0.321206 0.023581
vt 0.321015 0.031953
vt 0.541559 0.889855
vt 0.542062 0.865585
vt 0.572703 0.865906
vt 0.571231 0.892996
vt 0.540701 0.907523
vt 0.507074 0.904728
vt 0.505165 0.889562
vt 0.632200 0.987416
vt 0.610677 0.983121
vt 0.615035 0.963423
vt 0.637705 0.968561
vt 0.646864 0.884805
vt 0.643048 0.857240
vt 0.663361 0.848832
vt 0.669417 0.871546
vt 0.623803 0.890444
vt 0.621965 0.862548
vt 0.652567 0.913808
vt 0.624685 0.916736
vt 0.159978 0.557854
vt 0.146491 0.580003
vt 0.128707 0.561248
vt 0.145957 0.526579
vt 0.179194 0.523971
vt 0.194930 0.561294
vt 0.174392 0.590656
vt 0.239476 0.670783
vt 0.265914 0.641844
vt 0.296472 0.649286
vt 0.278339 0.671786
vt 0.226185 0.655364
vt 0.247990 0.631420
vt 0.889434 0.838325
vt 0.863072 0.849918
vt 0.860026 0.827985
vt 0.888733 0.817658
vt 0.630536 0.236048
vt 0.634189 0.279412
vt 0.603597 0.256316
vt 0.608996 0.227743
vt 0.858903 0.754896
vt 0.838354 0.762170
vt 0.815465 0.740344
vt 0.831335 0.732897
vt 0.874622 0.775134
vt 0.842339 0.783115
vt 0.357805 0.274225
vt 0.361174 0.254588
vt 0.384495 0.242123
vt 0.388797 0.260947
vt 0.344499 0.289231
vt 0.339349 0.279616
vt 0.346255 0.270336
vt 0.349950 0.258663
vt 0.515798 0.640873
vt 0.503246 0.620475
vt 0.529727 0.603632
vt 0.547658 0.634378
vt 0.491025 0.644944
vt 0.473192 0.630845
vt 0.492936 0.215969
vt 0.526750 0.212939
vt 0.539620 0.244016
vt 0.509258 0.247799
vt 0.466313 0.223239
vt 0.438496 0.204502
vt 0.475859 0.188805
vt 0.668492 0.606449
vt 0.627423 0.617755
vt 0.616361 0.580376
vt 0.651090 0.562923
vt 0.682022 0.576099
vt 0.689509 0.591085
vt 0.683712 0.614116
vt 0.681195 0.637188
vt 0.664742 0.638672
vt 0.098817 0.179511
vt 0.086192 0.198971
vt 0.065703 0.186292
vt 0.081076 0.170064
vt 0.113751 0.161192
vt 0.130575 0.166866
vt 0.119771 0.185926
vt 0.262534 0.798482
vt 0.248973 0.771013
vt 0.275506 0.768264
vt 0.285908 0.796460
vt 0.046296 0.122759
vt 0.052481 0.136339
vt 0.034384 0.147153
vt 0.027792 0.135016
vt 0.787361 0.895749
vt 0.761085 0.906869
vt 0.750927 0.891348
vt 0.774874 0.877508
vt 0.800107 0.882627
vt 0.805804 0.890534
vt 0.798415 0.898903
vt 0.794761 0.907903
vt 0.784925 0.910228
vt 0.738670 0.818470
vt 0.714124 0.838304
vt 0.700725 0.821840
vt 0.720952 0.800511
vt 0.753935 0.837270
vt 0.726223 0.855933
vt 0.342486 0.134508
vt 0.335888 0.099734
vt 0.355472 0.093462
vt 0.361660 0.125878
vt 0.321602 0.143168
vt 0.305723 0.116150
vt 0.538695 0.772528
vt 0.545225 0.752001
vt 0.569106 0.752629
vt 0.568492 0.773795
vt 0.521223 0.784326
vt 0.519255 0.773235
vt 0.528516 0.764491
vt 0.453550 0.105478
vt 0.427885 0.111947
vt 0.422895 0.083802
vt 0.448350 0.082742
vt 0.458073 0.124067
vt 0.436051 0.139181
vt 0.648284 0.770728
vt 0.623884 0.769380
vt 0.624301 0.734551
vt 0.656764 0.735872
vt 0.667044 0.772565
vt 0.667830 0.797983
vt 0.645124 0.800580
vt 0.389458 0.793662
vt 0.394839 0.822016
vt 0.358115 0.818041
vt 0.349703 0.793226
vt 0.385768 0.761819
vt 0.427715 0.764304
vt 0.432537 0.792192
vt 0.205918 0.182204
vt 0.210340 0.216720
vt 0.174860 0.220951
vt 0.174074 0.189243
vt 0.204260 0.152697
vt 0.235414 0.139288
vt 0.239340 0.171490
vt 0.384721 0.657962
vt 0.376878 0.645603
vt 0.387634 0.640986
vt 0.394318 0.646700
vt 0.404538 0.649129
vt 0.403594 0.660669
vt 0.236281 0.334094
vt 0.229638 0.309234
vt 0.264553 0.300207
vt 0.271581 0.318726
vt 0.198563 0.339662
vt 0.193563 0.298522
vt 0.246662 0.360074
vt 0.211791 0.373262
vt 0.131675 0.046645
vt 0.132987 0.058873
vt 0.113171 0.076893
vt 0.108027 0.067561
vt 0.391586 0.882769
vt 0.414066 0.882976
vt 0.415959 0.892294
vt 0.403842 0.893601
vt 0.141320 0.044220
vt 0.142092 0.051283
vt 0.178569 0.102896
vt 0.193168 0.113210
vt 0.166263 0.132337
vt 0.154663 0.122866
vt 0.199309 0.086272
vt 0.224366 0.088239
vt 0.344734 0.574781
vt 0.360366 0.595298
vt 0.336183 0.608239
vt 0.315772 0.589647
vt 0.365881 0.562101
vt 0.376557 0.585240
vt 0.271375 0.442689
vt 0.286043 0.476544
vt 0.251910 0.497328
vt 0.237466 0.460375
vt 0.304941 0.430233
vt 0.322157 0.463268
vt 0.438066 0.456639
vt 0.474895 0.436466
vt 0.485508 0.454677
vt 0.455007 0.469283
vt 0.431481 0.469433
vt 0.419428 0.467867
vt 0.415522 0.456617
vt 0.489549 0.360078
vt 0.471942 0.347587
vt 0.496457 0.347407
vt 0.510131 0.348414
vt 0.513674 0.359405
vt 0.336266 0.419043
vt 0.353302 0.451776
vt 0.362095 0.409216
vt 0.373474 0.442481
vt 0.384606 0.329018
vt 0.361689 0.341502
vt 0.353185 0.312017
vt 0.372584 0.301768
vt 0.391464 0.350908
vt 0.365460 0.373488
vt 0.544383 0.485624
vt 0.533992 0.461896
vt 0.559652 0.430359
vt 0.578785 0.463036
vt 0.407821 0.536735
vt 0.417317 0.567572
vt 0.402570 0.572128
vt 0.389288 0.548814
vt 0.425508 0.537913
vt 0.432852 0.563772
vt 0.493191 0.573868
vt 0.517224 0.533116
vt 0.526621 0.568598
vt 0.496038 0.597455
vt 0.593138 0.384647
vt 0.621223 0.370671
vt 0.621636 0.309583
vt 0.605064 0.291123
vt 0.522731 0.280251
vt 0.499642 0.278758
vt 0.486953 0.252055
vt 0.541243 0.293362
vt 0.531849 0.298528
vt 0.518932 0.292466
vt 0.504222 0.291320
vt 0.666379 0.412286
vt 0.658794 0.383991
vt 0.686270 0.381292
vt 0.692064 0.412093
vt 0.636114 0.520792
vt 0.625393 0.481162
vt 0.653203 0.465071
vt 0.655739 0.504875
vt 0.668307 0.543554
vt 0.538033 0.938612
vt 0.506264 0.938353
vt 0.507027 0.924565
vt 0.540186 0.923421
vt 0.588660 0.984872
vt 0.594575 0.961865
vt 0.577311 0.978295
vt 0.580149 0.959669
vt 0.240837 0.049624
vt 0.249130 0.064793
vt 0.221377 0.067510
vt 0.331826 0.065558
vt 0.351297 0.065733
vt 0.319029 0.054370
vt 0.331711 0.046596
vt 0.340256 0.051007
vt 0.350649 0.052011
vt 0.598824 0.891998
vt 0.598936 0.864581
vt 0.467352 0.894539
vt 0.476761 0.906946
vt 0.455787 0.902964
vt 0.444286 0.897943
vt 0.446779 0.888331
vt 0.544994 0.837530
vt 0.507268 0.864124
vt 0.521155 0.839774
vt 0.523407 0.809755
vt 0.543324 0.805248
vt 0.644782 0.944559
vt 0.620816 0.940841
vt 0.737930 0.922068
vt 0.721063 0.940260
vt 0.705090 0.927110
vt 0.725625 0.908443
vt 0.443108 0.060254
vt 0.467129 0.060218
vt 0.473705 0.081879
vt 0.445485 0.043729
vt 0.469654 0.039673
vt 0.691899 0.855708
vt 0.682192 0.839390
vt 0.641696 0.829846
vt 0.620724 0.833613
vt 0.622212 0.802480
vt 0.187505 0.624907
vt 0.211297 0.591644
vt 0.224925 0.609177
vt 0.204369 0.635341
vt 0.184856 0.642856
vt 0.174086 0.642100
vt 0.170366 0.629432
vt 0.160135 0.331352
vt 0.122964 0.314231
vt 0.104944 0.270195
vt 0.148911 0.289962
vt 0.078271 0.219112
vt 0.053234 0.203482
vt 0.074756 0.238475
vt 0.050428 0.219052
vt 0.313320 0.672958
vt 0.320471 0.657453
vt 0.351039 0.653940
vt 0.348564 0.669600
vt 0.234311 0.738511
vt 0.268622 0.739715
vt 0.239111 0.718875
vt 0.267790 0.719043
vt 0.886940 0.795558
vt 0.855729 0.804547
vt 0.559656 0.214297
vt 0.571866 0.244413
vt 0.584477 0.220235
vt 0.601168 0.158352
vt 0.618383 0.195475
vt 0.600950 0.193686
vt 0.588920 0.164998
vt 0.837150 0.867590
vt 0.831449 0.879768
vt 0.823507 0.879494
vt 0.821751 0.869649
vt 0.797220 0.712082
vt 0.789378 0.723047
vt 0.714543 0.521241
vt 0.715776 0.548336
vt 0.706241 0.555955
vt 0.700989 0.540246
vt 0.793633 0.782104
vt 0.813566 0.799712
vt 0.785281 0.820296
vt 0.766789 0.799044
vt 0.815616 0.770835
vt 0.418876 0.246453
vt 0.412536 0.224758
vt 0.441294 0.234239
vt 0.348316 0.212565
vt 0.331324 0.211111
vt 0.329330 0.179537
vt 0.347978 0.171874
vt 0.357296 0.228349
vt 0.347021 0.235441
vt 0.340808 0.227452
vt 0.331974 0.224362
vt 0.585308 0.626296
vt 0.573337 0.593654
vt 0.531738 0.705246
vt 0.528225 0.670493
vt 0.565067 0.666893
vt 0.565395 0.698433
vt 0.567520 0.719419
vt 0.542118 0.722567
vt 0.522159 0.716921
vt 0.511747 0.712578
vt 0.511283 0.699936
vt 0.467730 0.161921
vt 0.435951 0.170429
vt 0.463791 0.142188
vt 0.671511 0.699313
vt 0.688710 0.713712
vt 0.675736 0.742298
vt 0.666047 0.676710
vt 0.681810 0.676211
vt 0.686438 0.689385
vt 0.696034 0.700223
vt 0.067223 0.159672
vt 0.050255 0.174053
vt 0.043141 0.163099
vt 0.059663 0.148545
vt 0.144710 0.190769
vt 0.150702 0.168158
vt 0.175699 0.163017
vt 0.315309 0.794379
vt 0.308316 0.765576
vt 0.345726 0.762717
vt 0.763432 0.857758
vt 0.738330 0.873634
vt 0.511192 0.101247
vt 0.513069 0.115346
vt 0.486645 0.116649
vt 0.482063 0.101762
vt 0.521181 0.091692
vt 0.529773 0.099974
vt 0.525693 0.106509
vt 0.526633 0.115041
vt 0.702700 0.785975
vt 0.686158 0.806675
vt 0.686365 0.777984
vt 0.402661 0.116946
vt 0.398412 0.084842
vt 0.382167 0.121141
vt 0.381160 0.087882
vt 0.597096 0.773536
vt 0.597827 0.748822
vt 0.472986 0.783160
vt 0.461690 0.764081
vt 0.484465 0.772029
vt 0.495047 0.777510
vt 0.492893 0.788963
vt 0.271292 0.159975
vt 0.269381 0.125610
vt 0.296723 0.150895
vt 0.442470 0.646665
vt 0.446993 0.631035
vt 0.464275 0.647916
vt 0.430045 0.656348
vt 0.425719 0.644532
vt 0.432759 0.638343
vt 0.435232 0.630322
vt 0.303714 0.300910
vt 0.291913 0.288428
vt 0.311560 0.288257
vt 0.320695 0.289313
vt 0.321020 0.300511
vt 0.084358 0.089586
vt 0.089977 0.100757
vt 0.073459 0.125762
vt 0.064922 0.109046
vt 0.132061 0.142604
vt 0.145289 0.149425
vt 0.289577 0.613707
vt 0.312126 0.625747
vt 0.205440 0.486927
vt 0.220885 0.526089
vt 0.303167 0.508151
vt 0.339842 0.492055
vt 0.348433 0.512035
vt 0.316927 0.531631
vt 0.257464 0.384829
vt 0.263441 0.411534
vt 0.230322 0.425714
vt 0.225538 0.397359
vt 0.377181 0.614419
vt 0.388778 0.604165
vt 0.388424 0.618362
vt 0.384813 0.625704
vt 0.374523 0.627329
vt 0.156735 0.070074
vt 0.173203 0.060266
vt 0.183122 0.074277
vt 0.166121 0.088217
vt 0.143443 0.068869
vt 0.151026 0.058300
vt 0.158663 0.057308
vt 0.168284 0.052556
vt 0.216271 0.251809
vt 0.180350 0.258010
vt 0.223492 0.278998
vt 0.200822 0.130094
vt 0.230956 0.112372
vt 0.393029 0.843347
vt 0.389689 0.862738
vt 0.356888 0.852496
vt 0.362354 0.837263
vt 0.385930 0.726576
vt 0.379088 0.690382
vt 0.404818 0.688137
vt 0.412603 0.717272
vt 0.426837 0.743245
vt 0.511378 0.419168
vt 0.499818 0.390925
vt 0.523274 0.438747
vt 0.538927 0.409344
vt 0.598566 0.938649
vt 0.578912 0.938061
vt 0.566475 0.918706
vt 0.596662 0.916675
vt 0.375305 0.481765
vt 0.376259 0.501345
vt 0.388654 0.467322
vt 0.396433 0.477261
vt 0.389813 0.486645
vt 0.649538 0.359647
vt 0.637762 0.334162
vt 0.679800 0.352335
vt 0.199183 0.409597
vt 0.197452 0.443248
vt 0.176326 0.384878
vt 0.456536 0.304478
vt 0.457346 0.323527
vt 0.425783 0.333887
vt 0.418853 0.315047
vt 0.471194 0.290111
vt 0.478997 0.300928
vt 0.472079 0.309628
vt 0.425929 0.598371
vt 0.410766 0.596257
vt 0.439244 0.609298
vt 0.429166 0.613946
vt 0.422145 0.608754
vt 0.444575 0.589482
vt 0.463047 0.600410
vt 0.569810 0.262537
vt 0.587059 0.273013
vt 0.563090 0.285209
vt 0.550381 0.269743
vt 0.680495 0.472066
vt 0.674081 0.446078
vt 0.697013 0.450272
vt 0.695952 0.488979
vt 0.670141 0.485982
vt 0.566317 0.555765
vt 0.556075 0.518322
vt 0.592816 0.500146
vt 0.604729 0.539487
vt 0.472157 0.938347
vt 0.481003 0.960831
vt 0.478382 0.924636
vt 0.200602 0.025077
vt 0.192505 0.040699
vt 0.185108 0.035655
vt 0.189111 0.026760
vt 0.142074 0.251917
vt 0.141492 0.218724
vt 0.106232 0.237473
vt 0.111657 0.209953
vt 0.030663 0.183805
vt 0.027571 0.171288
vt 0.143747 0.649067
vt 0.151767 0.639453
vt 0.157031 0.647853
vt 0.152603 0.653004
vt 0.828098 0.817550
vt 0.834330 0.840996
vt 0.806978 0.830043
vt 0.711930 0.892713
vt 0.688997 0.912585
vt 0.676928 0.893974
vt 0.700988 0.874669
vt 0.743415 0.736051
vt 0.765654 0.732651
vt 0.788181 0.752011
vt 0.769326 0.760546
vt 0.719181 0.728771
vt 0.724979 0.717849
vt 0.740692 0.722014
vt 0.263398 0.098894
vt 0.298081 0.084316
vt 0.257499 0.080707
vt 0.291036 0.067268
vt 0.405464 0.178761
vt 0.404218 0.147899
vt 0.407629 0.202325
vt 0.379034 0.213526
vt 0.375797 0.191977
vt 0.338759 0.830573
vt 0.325962 0.836332
vt 0.326810 0.816578
vt 0.468408 0.715465
vt 0.482538 0.704910
vt 0.487958 0.716759
vt 0.478808 0.724246
vt 0.444767 0.715044
vt 0.437946 0.684981
vt 0.455055 0.680916
vt 0.597844 0.834914
vt 0.571469 0.836501
vt 0.597800 0.802845
vt 0.484074 0.065136
vt 0.487707 0.054752
vt 0.506386 0.074148
vt 0.495682 0.080285
vt 0.540788 0.152988
vt 0.548633 0.183265
vt 0.515007 0.182872
vt 0.504749 0.157422
vt 0.562765 0.161338
vt 0.570795 0.187266
vt 0.525394 0.137524
vt 0.538090 0.134557
vt 0.548023 0.142958
vt 0.391318 0.053352
vt 0.399790 0.038856
vt 0.420891 0.042829
vt 0.417845 0.058526
vt 0.376080 0.060751
vt 0.372894 0.047107
vt 0.382169 0.042120
vt 0.676548 0.823920
vt 0.661648 0.825332
vt 0.598325 0.699293
vt 0.597855 0.676363
vt 0.634123 0.677998
vt 0.633313 0.701337
vt 0.597183 0.722214
vt 0.238618 0.558738
vt 0.270964 0.533460
vt 0.254643 0.580946
vt 0.314411 0.360863
vt 0.286699 0.371916
vt 0.279634 0.344070
vt 0.307261 0.331377
vt 0.329357 0.387155
vt 0.295785 0.399216
vt 0.338172 0.351622
vt 0.329328 0.630147
vt 0.349939 0.622591
vt 0.324798 0.641950
vt 0.106945 0.120882
vt 0.132621 0.096777
vt 0.143438 0.109551
vt 0.118912 0.132159
vt 0.098184 0.111302
vt 0.123658 0.089497
vt 0.290692 0.236290
vt 0.254305 0.242875
vt 0.247043 0.208189
vt 0.278689 0.199054
vt 0.285775 0.259788
vt 0.257094 0.266979
vt 0.306592 0.220698
vt 0.310763 0.233144
vt 0.302441 0.243914
vt 0.156745 0.153428
vt 0.174473 0.143753
vt 0.471528 0.845035
vt 0.447309 0.847279
vt 0.433809 0.824431
vt 0.468221 0.816366
vt 0.495277 0.842569
vt 0.473809 0.869631
vt 0.304510 0.735973
vt 0.342260 0.729668
vt 0.303000 0.712229
vt 0.338465 0.697378
vt 0.360949 0.240986
vt 0.350221 0.246431
vt 0.333161 0.296366
vt 0.330254 0.286129
vt 0.286618 0.275834
vt 0.260357 0.283194
vt 0.318816 0.213661
vt 0.321307 0.226498
vt 0.324479 0.257236
vt 0.323274 0.248194
vt 0.329816 0.245381
vt 0.331169 0.253528
vt 0.567978 0.976336
vt 0.558298 0.977600
vt 0.557641 0.958921
vt 0.568969 0.958585
vt 0.311897 0.046285
vt 0.324844 0.040111
vt 0.404996 0.029002
vt 0.406540 0.018934
vt 0.425478 0.021548
vt 0.423590 0.032117
vt 0.363959 0.064355
vt 0.362019 0.050401
vt 0.379433 0.010937
vt 0.379491 0.004889
vt 0.383213 0.005176
vt 0.384220 0.009170
vt 0.374773 0.013791
vt 0.372891 0.009942
vt 0.375826 0.007353
vt 0.785742 0.919846
vt 0.794421 0.916500
vt 0.797149 0.923531
vt 0.789782 0.927752
vt 0.810731 0.874538
vt 0.814552 0.883388
vt 0.576850 0.164901
vt 0.586429 0.191570
vt 0.517667 0.126392
vt 0.530791 0.124653
vt 0.558384 0.123865
vt 0.551342 0.123118
vt 0.547868 0.116493
vt 0.554160 0.116848
vt 0.545777 0.736618
vt 0.569594 0.735813
vt 0.507228 0.789127
vt 0.507407 0.777773
vt 0.458400 0.748304
vt 0.436969 0.731030
vt 0.461734 0.734266
vt 0.496402 0.700853
vt 0.499507 0.712767
vt 0.503544 0.744683
vt 0.501729 0.734971
vt 0.509506 0.734516
vt 0.511770 0.743526
vt 0.664098 0.658904
vt 0.680679 0.658812
vt 0.690841 0.556003
vt 0.697019 0.570733
vt 0.779185 0.728954
vt 0.802578 0.746664
vt 0.702942 0.721928
vt 0.709354 0.710144
vt 0.732437 0.693241
vt 0.725289 0.696049
vt 0.715239 0.688080
vt 0.721988 0.685845
vt 0.240799 0.704282
vt 0.240682 0.690025
vt 0.271191 0.689114
vt 0.269493 0.703727
vt 0.215917 0.644773
vt 0.236751 0.620539
vt 0.024643 0.162891
vt 0.019786 0.155691
vt 0.039275 0.154905
vt 0.159994 0.633457
vt 0.164232 0.643803
vt 0.205876 0.707852
vt 0.205263 0.702176
vt 0.208706 0.699313
vt 0.209974 0.705118
vt 0.201734 0.710093
vt 0.201566 0.704994
vt 0.136730 0.065408
vt 0.145293 0.056183
vt 0.430639 0.884419
vt 0.430369 0.893977
vt 0.479707 0.915607
vt 0.507983 0.914812
vt 0.184097 0.051353
vt 0.177889 0.044864
vt 0.165844 0.033441
vt 0.168191 0.035618
vt 0.162121 0.040620
vt 0.159886 0.038617
vt 0.417226 0.660164
vt 0.415733 0.648394
vt 0.374055 0.636678
vt 0.384622 0.633617
vt 0.399286 0.599006
vt 0.389530 0.577927
vt 0.444768 0.619564
vt 0.433741 0.621678
vt 0.409555 0.628493
vt 0.416457 0.626666
vt 0.417614 0.631841
vt 0.411173 0.633830
vt 0.551975 0.304238
vt 0.541537 0.308287
vt 0.529762 0.355567
vt 0.524068 0.345398
vt 0.462954 0.336229
vt 0.433026 0.347674
vt 0.483922 0.282548
vt 0.490114 0.294271
vt 0.508213 0.319485
vt 0.502861 0.312505
vt 0.512207 0.309791
vt 0.517883 0.316055
vt 0.438986 0.534480
vt 0.447634 0.559098
vt 0.463270 0.480771
vt 0.492857 0.467900
vt 0.380903 0.514403
vt 0.390749 0.525873
vt 0.367908 0.541030
vt 0.356823 0.526689
vt 0.401113 0.460204
vt 0.406910 0.470682
vt 0.420790 0.497238
vt 0.429083 0.493670
vt 0.432118 0.501587
vt 0.424957 0.505492
vt 0.416551 0.489028
vt 0.424547 0.486342
vt 0.517041 0.455927
vt 0.550407 0.395007
vt 0.567835 0.397955
vt 0.542053 0.376546
vt 0.558919 0.368830
vt 0.569325 0.944469
vt 0.559224 0.937584
vt 0.335880 0.537750
vt 0.333023 0.555019
vt 0.379238 0.414672
vt 0.388680 0.435609
vt 0.408771 0.357185
vt 0.459271 0.237971
vt 0.470627 0.257708
vt 0.455871 0.264750
vt 0.380985 0.561679
vt 0.489519 0.610985
vt 0.469011 0.615318
vt 0.454388 0.577930
vt 0.469331 0.580746
vt 0.589890 0.287158
vt 0.573671 0.295962
vt 0.667433 0.507067
vt 0.677888 0.528288
vt 0.205735 0.072865
vt 0.195548 0.063482
vt 0.207060 0.051467
vt 0.529916 0.915207
vt 0.142988 0.596776
vt 0.150917 0.613592
vt 0.141201 0.622297
vt 0.131576 0.595132
vt 0.050492 0.147133
vt 0.798486 0.842956
vt 0.784047 0.844093
vt 0.804336 0.857067
vt 0.791207 0.865479
vt 0.819793 0.760063
vt 0.680972 0.765519
vt 0.689979 0.746424
vt 0.704419 0.751827
vt 0.264339 0.067804
vt 0.285881 0.057749
vt 0.400706 0.217587
vt 0.382682 0.227597
vt 0.426404 0.708711
vt 0.421835 0.687587
vt 0.479996 0.654199
vt 0.487491 0.674017
vt 0.471567 0.676778
vt 0.755792 0.934706
vt 0.768757 0.927483
vt 0.773235 0.935325
vt 0.753600 0.944568
vt 0.594056 0.213328
vt 0.470985 0.131584
vt 0.491269 0.128692
vt 0.496612 0.140935
vt 0.438594 0.034001
vt 0.447588 0.025479
vt 0.370901 0.112460
vt 0.368261 0.091039
vt 0.607978 0.662367
vt 0.632438 0.659923
vt 0.588285 0.736143
vt 0.254056 0.600527
vt 0.346253 0.337533
vt 0.339454 0.318923
vt 0.331618 0.648380
vt 0.350748 0.643919
vt 0.101741 0.098734
vt 0.117608 0.083827
vt 0.237576 0.290467
vt 0.310709 0.158366
vt 0.314554 0.183291
vt 0.299861 0.189799
vt 0.433236 0.853965
vt 0.419563 0.845648
vt 0.432166 0.867745
vt 0.413879 0.866342
vt 0.508635 0.832257
vt 0.507900 0.813104
vt 0.292386 0.701453
vt 0.306057 0.690632
vt 0.346132 0.247416
vt 0.345899 0.258269
vt 0.341931 0.257995
vt 0.342067 0.248734
vt 0.329083 0.282721
vt 0.320935 0.285446
vt 0.321376 0.281259
vt 0.328151 0.278947
vt 0.303173 0.269117
vt 0.303037 0.257196
vt 0.307060 0.257033
vt 0.307217 0.267041
vt 0.321775 0.230426
vt 0.330676 0.228487
vt 0.329325 0.232901
vt 0.321959 0.234714
vt 0.338082 0.231024
vt 0.343375 0.237850
vt 0.339828 0.240634
vt 0.335450 0.234930
vt 0.305797 0.245525
vt 0.312746 0.236255
vt 0.314621 0.239633
vt 0.309167 0.247276
vt 0.342980 0.268641
vt 0.336933 0.276975
vt 0.334705 0.274025
vt 0.339695 0.266889
vt 0.313355 0.284350
vt 0.306993 0.278642
vt 0.310140 0.275196
vt 0.315181 0.280204
vt 0.567288 0.989687
vt 0.573033 0.990947
vt 0.571516 0.994129
vt 0.566953 0.993204
vt 0.328985 0.037730
vt 0.325425 0.031247
vt 0.329332 0.030174
vt 0.332523 0.035287
vt 0.389912 0.024933
vt 0.384777 0.031646
vt 0.381117 0.028285
vt 0.386327 0.022942
vt 0.361155 0.045819
vt 0.351434 0.047232
vt 0.351941 0.042710
vt 0.360282 0.041458
vt 0.378635 0.038094
vt 0.370559 0.042748
vt 0.368450 0.038449
vt 0.375714 0.034115
vt 0.342466 0.046532
vt 0.334896 0.043032
vt 0.337473 0.039544
vt 0.344154 0.042269
vt 0.393816 0.011137
vt 0.393166 0.017937
vt 0.389480 0.017349
vt 0.390974 0.012082
vt 0.577568 0.994476
vt 0.575243 0.996786
vt 0.555947 0.993658
vt 0.561277 0.990532
vt 0.562180 0.993935
vt 0.557926 0.996341
vt 0.324795 0.024433
vt 0.328157 0.024739
vt 0.798211 0.915652
vt 0.798827 0.908516
vt 0.802643 0.908993
vt 0.801870 0.914851
vt 0.816234 0.887109
vt 0.823505 0.883638
vt 0.823384 0.887609
vt 0.817534 0.890647
vt 0.571901 0.147027
vt 0.561021 0.144488
vt 0.561057 0.140349
vt 0.570451 0.142363
vt 0.535170 0.123540
vt 0.531789 0.115411
vt 0.536881 0.116209
vt 0.539542 0.122964
vt 0.802140 0.900859
vt 0.808674 0.893453
vt 0.811110 0.896149
vt 0.805515 0.902579
vt 0.550117 0.139466
vt 0.541393 0.132101
vt 0.544710 0.130104
vt 0.551977 0.136134
vt 0.585380 0.144051
vt 0.580106 0.146980
vt 0.577121 0.142289
vt 0.581514 0.140296
vt 0.829746 0.883531
vt 0.828280 0.887210
vt 0.531173 0.108373
vt 0.534318 0.103060
vt 0.539119 0.106103
vt 0.536585 0.110415
vt 0.528766 0.740003
vt 0.528910 0.751670
vt 0.524352 0.751092
vt 0.524049 0.741300
vt 0.507153 0.773691
vt 0.496789 0.773410
vt 0.498274 0.768966
vt 0.506648 0.769303
vt 0.477983 0.747937
vt 0.478147 0.736360
vt 0.482682 0.737361
vt 0.482815 0.747196
vt 0.499847 0.716532
vt 0.510074 0.716569
vt 0.508628 0.720895
vt 0.500382 0.720630
vt 0.524822 0.762524
vt 0.517028 0.769962
vt 0.514798 0.766289
vt 0.521217 0.760084
vt 0.519021 0.720579
vt 0.525560 0.728903
vt 0.521289 0.731812
vt 0.516030 0.724463
vt 0.487714 0.768641
vt 0.481109 0.759457
vt 0.485494 0.757023
vt 0.490796 0.764940
vt 0.482456 0.726323
vt 0.490129 0.719848
vt 0.492361 0.723306
vt 0.486000 0.728824
vt 0.686411 0.658232
vt 0.686619 0.637511
vt 0.691925 0.636201
vt 0.692312 0.656843
vt 0.699810 0.575534
vt 0.707656 0.562414
vt 0.708649 0.568616
vt 0.702459 0.579886
vt 0.763819 0.715140
vt 0.752919 0.717352
vt 0.749985 0.712810
vt 0.759391 0.710979
vt 0.711879 0.705904
vt 0.700156 0.696374
vt 0.704888 0.693631
vt 0.714857 0.702411
vt 0.739819 0.717127
vt 0.725662 0.713086
vt 0.726562 0.708752
vt 0.738649 0.712476
vt 0.691760 0.685853
vt 0.687697 0.673938
vt 0.694334 0.672319
vt 0.697720 0.683492
vt 0.774239 0.705450
vt 0.771224 0.711447
vt 0.765657 0.708004
vt 0.768379 0.703348
vt 0.715855 0.555963
vt 0.715472 0.563360
vt 0.688596 0.615155
vt 0.693390 0.594106
vt 0.697244 0.595833
vt 0.693405 0.614597
vt 0.222163 0.701055
vt 0.221213 0.712086
vt 0.217506 0.709725
vt 0.218004 0.700590
vt 0.203981 0.661425
vt 0.211598 0.670217
vt 0.207621 0.672646
vt 0.200929 0.664396
vt 0.013190 0.167819
vt 0.014398 0.172802
vt 0.010678 0.172307
vt 0.009778 0.168474
vt 0.166314 0.647877
vt 0.174831 0.646829
vt 0.175391 0.651046
vt 0.168042 0.651598
vt 0.155870 0.654541
vt 0.159958 0.650667
vt 0.162554 0.653509
vt 0.158884 0.656221
vt 0.013449 0.177450
vt 0.009666 0.175784
vt 0.184504 0.647918
vt 0.194475 0.653279
vt 0.192543 0.657091
vt 0.183754 0.652259
vt 0.216931 0.679342
vt 0.220209 0.689662
vt 0.215651 0.690843
vt 0.212384 0.681173
vt 0.004833 0.158173
vt 0.009870 0.162652
vt 0.007078 0.164275
vt 0.002946 0.160379
vt 0.216947 0.720499
vt 0.214348 0.716967
vt 0.148169 0.052629
vt 0.145624 0.049114
vt 0.148692 0.046203
vt 0.150777 0.048753
vt 0.429880 0.898105
vt 0.442062 0.901637
vt 0.439582 0.904678
vt 0.429254 0.901684
vt 0.460628 0.916544
vt 0.460173 0.921742
vt 0.455210 0.920423
vt 0.455421 0.916654
vt 0.175118 0.042199
vt 0.166701 0.048901
vt 0.165708 0.045594
vt 0.172831 0.039979
vt 0.158249 0.052995
vt 0.152326 0.054040
vt 0.153834 0.049601
vt 0.158420 0.048815
vt 0.452284 0.906178
vt 0.458230 0.911197
vt 0.453351 0.912724
vt 0.448389 0.908766
vt 0.185279 0.026609
vt 0.181503 0.034211
vt 0.178292 0.033165
vt 0.181629 0.026715
vt 0.455854 0.926288
vt 0.452433 0.924021
vt 0.407059 0.897698
vt 0.417400 0.896538
vt 0.418840 0.900166
vt 0.410295 0.901058
vt 0.144529 0.043639
vt 0.147188 0.042176
vt 0.414796 0.645261
vt 0.405273 0.645933
vt 0.406087 0.642797
vt 0.413896 0.642205
vt 0.388314 0.633116
vt 0.388477 0.626486
vt 0.392109 0.627083
vt 0.391960 0.632527
vt 0.405041 0.611546
vt 0.413040 0.610305
vt 0.412578 0.613510
vt 0.405962 0.614565
vt 0.430249 0.622748
vt 0.431467 0.629950
vt 0.427700 0.629651
vt 0.426746 0.623703
vt 0.396522 0.643883
vt 0.390888 0.639245
vt 0.394129 0.637530
vt 0.398872 0.641189
vt 0.429354 0.636748
vt 0.423288 0.642023
vt 0.420875 0.639606
vt 0.425974 0.635273
vt 0.420529 0.611777
vt 0.426480 0.616262
vt 0.423567 0.618415
vt 0.418783 0.614682
vt 0.391514 0.620220
vt 0.397439 0.615006
vt 0.399619 0.617487
vt 0.394623 0.621847
vt 0.537468 0.309952
vt 0.541568 0.319375
vt 0.536410 0.319028
vt 0.532793 0.311378
vt 0.522293 0.341417
vt 0.510144 0.344262
vt 0.509942 0.340057
vt 0.520208 0.337615
vt 0.480251 0.329937
vt 0.476266 0.320411
vt 0.481181 0.320462
vt 0.484673 0.328432
vt 0.492339 0.298004
vt 0.504816 0.295499
vt 0.505368 0.299715
vt 0.494972 0.301753
vt 0.497965 0.343588
vt 0.487714 0.338283
vt 0.491087 0.335354
vt 0.499745 0.339660
vt 0.539899 0.328304
vt 0.532814 0.335908
vt 0.529054 0.332848
vt 0.534999 0.326418
vt 0.476567 0.311114
vt 0.482588 0.303604
vt 0.486588 0.306264
vt 0.481421 0.312592
vt 0.517711 0.296392
vt 0.529060 0.301658
vt 0.525666 0.304648
vt 0.516118 0.300367
vt 0.432656 0.520799
vt 0.422607 0.523208
vt 0.422502 0.519416
vt 0.431049 0.517289
vt 0.445267 0.487094
vt 0.448144 0.497270
vt 0.443598 0.497174
vt 0.441092 0.488563
vt 0.396676 0.507863
vt 0.393417 0.497775
vt 0.397871 0.497626
vt 0.400721 0.506233
vt 0.408641 0.473836
vt 0.419131 0.471389
vt 0.419245 0.475201
vt 0.410203 0.477351
vt 0.412416 0.521984
vt 0.403391 0.516312
vt 0.406351 0.513506
vt 0.413834 0.518369
vt 0.393887 0.487745
vt 0.399573 0.479499
vt 0.402749 0.482135
vt 0.398176 0.489089
vt 0.446795 0.507198
vt 0.441234 0.515266
vt 0.438173 0.512536
vt 0.442768 0.505630
vt 0.429773 0.472734
vt 0.438976 0.478433
vt 0.435808 0.481194
vt 0.428318 0.476332
vt 0.337144 0.250646
vt 0.337310 0.258877
vt 0.331921 0.262145
vt 0.327068 0.273686
vt 0.321176 0.275962
vt 0.319539 0.269257
vt 0.325793 0.266181
vt 0.312055 0.264472
vt 0.311685 0.255791
vt 0.317016 0.252255
vt 0.317872 0.261119
vt 0.322380 0.240408
vt 0.328720 0.238468
vt 0.312194 0.249100
vt 0.316298 0.244609
vt 0.316771 0.276231
vt 0.314190 0.271873
vt 0.333274 0.238714
vt 0.335442 0.243332
vt 0.336712 0.265160
vt 0.332765 0.269429
vt 0.388247 0.007191
vt 0.387960 0.009313
vt 0.385182 0.012170
vt 0.379658 0.001000
vt 0.382781 0.001534
vt 0.383098 0.019828
vt 0.377848 0.023467
vt 0.376415 0.018122
vt 0.381073 0.015885
vt 0.370638 0.015326
vt 0.369674 0.011833
vt 0.385698 0.002220
vt 0.386911 0.004675
vt 0.369465 0.008757
vt 0.371645 0.006364
vt 0.373495 0.021555
vt 0.372172 0.018705
vt 0.387390 0.011367
vt 0.385968 0.014270
vt 0.551216 0.110434
vt 0.557319 0.111668
vt 0.560612 0.117778
vt 0.571075 0.124537
vt 0.574128 0.130209
vt 0.569409 0.130880
vt 0.565239 0.124468
vt 0.567698 0.136915
vt 0.559722 0.135309
vt 0.555874 0.129612
vt 0.563117 0.130727
vt 0.544959 0.122714
vt 0.542393 0.116801
vt 0.553698 0.133408
vt 0.549457 0.128886
vt 0.562168 0.113336
vt 0.566132 0.118040
vt 0.576158 0.133260
vt 0.573987 0.136146
vt 0.541323 0.112420
vt 0.545062 0.110710
vt 0.518779 0.742296
vt 0.519079 0.751063
vt 0.512800 0.752704
vt 0.506227 0.763127
vt 0.498851 0.762949
vt 0.497470 0.754874
vt 0.505273 0.754492
vt 0.488361 0.746495
vt 0.487853 0.737772
vt 0.494082 0.736567
vt 0.495406 0.745648
vt 0.500749 0.726552
vt 0.508051 0.726716
vt 0.493411 0.761189
vt 0.490972 0.755091
vt 0.518141 0.757361
vt 0.513324 0.760638
vt 0.488976 0.731643
vt 0.493768 0.728726
vt 0.513448 0.728238
vt 0.515975 0.734056
vt 0.713932 0.677714
vt 0.721815 0.677692
vt 0.729187 0.683782
vt 0.706067 0.584383
vt 0.710835 0.574202
vt 0.715168 0.576704
vt 0.710571 0.588848
vt 0.752904 0.705822
vt 0.744537 0.707648
vt 0.735491 0.702255
vt 0.743120 0.699935
vt 0.719271 0.698977
vt 0.710352 0.691163
vt 0.714084 0.569940
vt 0.716857 0.569853
vt 0.737250 0.708303
vt 0.729269 0.704611
vt 0.697890 0.612123
vt 0.701657 0.598370
vt 0.704679 0.605448
vt 0.698004 0.627334
vt 0.704005 0.683107
vt 0.704468 0.675845
vt 0.213696 0.702238
vt 0.213499 0.709298
vt 0.209701 0.711341
vt 0.203578 0.697724
vt 0.206191 0.695536
vt 0.204867 0.718616
vt 0.201516 0.719006
vt 0.201856 0.714836
vt 0.205614 0.713588
vt 0.198022 0.711676
vt 0.198058 0.707044
vt 0.207394 0.693386
vt 0.211256 0.694606
vt 0.198174 0.703315
vt 0.200576 0.700645
vt 0.212259 0.714647
vt 0.208806 0.716790
vt 0.199173 0.718572
vt 0.198565 0.715741
vt 0.153996 0.041989
vt 0.153399 0.039453
vt 0.158563 0.036028
vt 0.428448 0.905383
vt 0.437312 0.908011
vt 0.437193 0.911453
vt 0.427704 0.908696
vt 0.175319 0.022228
vt 0.177245 0.024245
vt 0.173239 0.029745
vt 0.171242 0.027662
vt 0.170355 0.037614
vt 0.164324 0.042475
vt 0.159427 0.045311
vt 0.156043 0.044162
vt 0.178233 0.027198
vt 0.175130 0.031745
vt 0.413657 0.903587
vt 0.419564 0.903948
vt 0.418319 0.906821
vt 0.411585 0.905273
vt 0.444257 0.910372
vt 0.446642 0.913912
vt 0.412630 0.638444
vt 0.405985 0.639038
vt 0.404420 0.634985
vt 0.396605 0.631727
vt 0.396579 0.626938
vt 0.401990 0.625234
vt 0.402584 0.630280
vt 0.406970 0.618364
vt 0.412769 0.617347
vt 0.414399 0.621696
vt 0.408136 0.623072
vt 0.422310 0.625032
vt 0.423089 0.630101
vt 0.422782 0.633979
vt 0.418698 0.636298
vt 0.401103 0.638857
vt 0.398560 0.635990
vt 0.397453 0.623182
vt 0.401392 0.620852
vt 0.417152 0.617337
vt 0.419704 0.620423
vt 0.526385 0.313252
vt 0.529951 0.319813
vt 0.522205 0.322871
vt 0.517399 0.332830
vt 0.508348 0.335214
vt 0.504021 0.329582
vt 0.513335 0.326574
vt 0.490618 0.326284
vt 0.487147 0.319377
vt 0.494279 0.316128
vt 0.498697 0.323092
vt 0.498305 0.306437
vt 0.507339 0.304477
vt 0.514560 0.303933
vt 0.520310 0.307495
vt 0.486142 0.313974
vt 0.490761 0.310156
vt 0.530247 0.325082
vt 0.525325 0.328798
vt 0.501407 0.335941
vt 0.496168 0.332328
vt 0.428460 0.512466
vt 0.420922 0.514503
vt 0.417178 0.508205
vt 0.436012 0.490645
vt 0.438234 0.498302
vt 0.405704 0.503998
vt 0.403177 0.496329
vt 0.409287 0.492963
vt 0.412544 0.500865
vt 0.412904 0.482119
vt 0.420822 0.480099
vt 0.415038 0.514724
vt 0.410689 0.510591
vt 0.438887 0.504150
vt 0.434944 0.508312
vt 0.426947 0.479920
vt 0.431248 0.484047
vt 0.402267 0.490486
vt 0.406202 0.486280
vt 0.404540 0.430734
vt 0.387930 0.399998
vt 0.444158 0.517718
vt 0.450587 0.508652
vt 0.559893 0.986961
vt 0.553409 0.990972
vt 0.690126 0.947298
vt 0.706228 0.958409
vt 0.736211 0.953559
vt 0.718974 0.965957
vt 0.426406 0.008162
vt 0.448434 0.009567
vt 0.160787 0.605610
vt 0.169657 0.478608
vt 0.225273 0.689503
vt 0.221759 0.677705
vt 0.914479 0.816086
vt 0.912862 0.836144
vt 0.718681 0.463812
vt 0.716826 0.416938
vt 0.403714 0.287843
vt 0.504577 0.672276
vt 0.629662 0.642870
vt 0.098356 0.152379
vt 0.300653 0.821263
vt 0.276104 0.821791
vt 0.765805 0.918951
vt 0.744960 0.777970
vt 0.373721 0.154659
vt 0.569676 0.803729
vt 0.348786 0.865059
vt 0.292938 0.565178
vt 0.441788 0.475831
vt 0.524617 0.382813
vt 0.660830 0.316966
vt 0.715037 0.385734
vt 0.406057 0.005364
vt 0.220649 0.036161
vt 0.449975 0.869788
vt 0.672378 0.932154
vt 0.746378 0.933398
vt 0.195789 0.648413
vt 0.009704 0.145982
vt 0.713725 0.360442
vt 0.817277 0.850002
vt 0.687945 0.513217
vt 0.435839 0.274928
vt 0.593863 0.651423
vt 0.529886 0.726051
vt 0.084538 0.140704
vt 0.722568 0.760646
vt 0.491526 0.813983
vt 0.326108 0.324438
vt 0.289103 0.835661
vt 0.312875 0.843426
vt 0.271541 0.599156
vt 0.352518 0.633846
vt 0.400775 0.518977
vt 0.410752 0.525309
vt 0.917919 0.797530
vt 0.138435 0.354104
vt 0.484850 0.341215
vt 0.395226 0.612395
vt 0.462779 0.909298
vt 0.485629 0.979956
vt 0.012610 0.160519
vt 0.006563 0.155515
vt 0.131071 0.632079
vt 0.776415 0.714661
vt 0.779950 0.707244
vt 0.476659 0.761733
vt 0.582943 0.151629
vt 0.589392 0.147556
vt 0.397255 0.017657
vt 0.397026 0.009682
vt 0.303776 0.281876
vt 0.298999 0.257312
vt 0.299133 0.270944
vt 0.574952 0.987537
vt 0.567504 0.985759
vt 0.388848 0.034726
vt 0.394381 0.026507
vt 0.560427 0.148839
vt 0.572958 0.151846
vt 0.533435 0.751953
vt 0.533530 0.738542
vt 0.473597 0.735604
vt 0.473103 0.748718
vt 0.755231 0.722067
vt 0.767690 0.719306
vt 0.225446 0.715521
vt 0.226878 0.702689
vt 0.215468 0.667284
vt 0.206466 0.657278
vt 0.018461 0.173157
vt 0.016740 0.166716
vt 0.464988 0.923646
vt 0.465698 0.916375
vt 0.413516 0.607047
vt 0.404071 0.608415
vt 0.471757 0.320440
vt 0.476341 0.331529
vt 0.422483 0.526704
vt 0.434192 0.523989
vt 0.452456 0.497382
vt 0.449295 0.485764
vt 0.389200 0.497915
vt 0.392667 0.509396
vt 0.570579 0.998091
vt 0.566755 0.997331
vt 0.332884 0.027623
vt 0.336050 0.032011
vt 0.351134 0.037719
vt 0.359128 0.036181
vt 0.580427 0.992156
vt 0.807442 0.908781
vt 0.806561 0.914048
vt 0.802776 0.919588
vt 0.799894 0.921414
vt 0.823976 0.892106
vt 0.818851 0.895044
vt 0.698882 0.652956
vt 0.203220 0.675385
vt 0.196660 0.667373
vt 0.006497 0.172074
vt 0.005509 0.168887
vt 0.176620 0.655416
vt 0.169686 0.655745
vt 0.017711 0.179368
vt 0.220379 0.724937
vt 0.150852 0.041490
vt 0.153111 0.042977
vt 0.449744 0.921037
vt 0.448933 0.917807
vt 0.459270 0.929448
vt 0.374083 0.003821
vt 0.562748 0.997906
vt 0.559565 0.998697
vt 0.331001 0.024484
vt 0.340614 0.035902
vt 0.345021 0.038546
vt 0.367083 0.033336
vt 0.373815 0.030208
vt 0.388716 0.011826
vt 0.573472 0.999000
vt 0.813047 0.899893
vt 0.808599 0.903889
vt 0.578470 0.136560
vt 0.827152 0.890567
vt 0.806783 0.918286
vt 0.739799 0.690420
vt 0.749612 0.696956
vt 0.759236 0.703040
vt 0.763549 0.700948
vt 0.208715 0.683430
vt 0.189098 0.660768
vt 0.182985 0.655976
vt 0.003135 0.165284
vt 0.001000 0.162084
vt 0.164482 0.657172
vt 0.161275 0.657984
vt 0.006662 0.174535
vt 0.163550 0.031137
vt 0.168607 0.026125
vt 0.172700 0.021300
vt 0.449226 0.923545
vt 0.148868 0.039708

# vertex normals
vn 0.931183 -0.338440 -0.135485
vn 0.904922 -0.354113 -0.236052
vn 0.955740 -0.219754 -0.195626
vn 0.973426 -0.192946 -0.123347
vn 0.844931 -0.507065 -0.170227
vn 0.811657 -0.517686 -0.270581
vn 0.849554 0.481477 -0.215496
vn 0.796999 0.567555 -0.206577
vn 0.816728 0.574146 -0.057552
vn 0.820482 0.565549 -0.083440
vn 0.917093 0.313120 -0.246773
vn 0.915712 0.330412 -0.228691
vn 0.838709 0.482035 -0.253394
vn 0.710893 -0.466806 -0.526045
vn 0.676931 -0.527771 -0.513053
vn 0.774100 -0.324228 -0.543733
vn 0.822072 -0.314726 -0.474494
vn 0.542123 -0.647363 -0.535747
vn 0.556084 -0.679348 -0.478809
vn 0.812089 -0.332223 -0.479728
vn 0.768117 -0.387876 -0.509459
vn 0.642292 -0.474082 -0.602253
vn 0.485839 -0.592930 -0.642180
vn 0.704909 0.561358 -0.433568
vn 0.838818 0.306860 -0.449691
vn 0.770077 0.316039 -0.554166
vn 0.638945 0.585033 -0.499485
vn -0.914321 -0.310460 0.260060
vn -0.915316 -0.337120 0.220335
vn -0.949307 -0.213092 0.231101
vn -0.951332 -0.223036 0.212656
vn -0.833174 -0.473086 0.286376
vn -0.845576 -0.489415 0.213248
vn -0.886441 -0.338864 0.315268
vn -0.810331 -0.456989 0.366777
vn -0.880497 0.447978 0.155048
vn -0.795170 0.588644 0.145612
vn -0.803178 0.591187 0.073504
vn -0.898261 0.433062 0.074726
vn -0.938456 0.298297 0.174124
vn -0.928597 0.305174 0.211130
vn -0.866935 0.455053 0.203347
vn -0.865971 -0.342589 -0.364318
vn -0.908229 -0.362764 -0.208620
vn -0.949326 -0.224171 -0.220292
vn -0.899167 -0.193202 -0.392648
vn -0.851135 0.371193 -0.371193
vn -0.778953 0.536610 -0.324473
vn -0.724008 0.489418 -0.486089
vn -0.781412 0.322122 -0.534447
vn -0.890231 0.411006 -0.196372
vn -0.803106 0.572354 -0.165624
vn -0.892652 0.187232 -0.410020
vn -0.950708 0.212391 -0.225930
vn 0.242737 -0.328511 0.912776
vn 0.159958 -0.392716 0.905642
vn -0.043611 -0.624789 0.779575
vn 0.096241 -0.539035 0.836767
vn 0.367935 -0.234828 0.899711
vn 0.421139 -0.110900 0.900190
vn 0.338323 -0.169464 0.925646
vn 0.289319 0.427222 0.856607
vn 0.359327 0.289453 0.887187
vn 0.251902 0.451874 0.855778
vn 0.117758 0.540392 0.833133
vn 0.425755 0.243169 0.871551
vn 0.415885 0.187669 0.889843
vn 0.047155 -0.542173 -0.838943
vn -0.142785 -0.487623 -0.861299
vn -0.167482 -0.297478 -0.939924
vn 0.053218 -0.317225 -0.946856
vn 0.300155 -0.570562 -0.764438
vn 0.226238 -0.746420 -0.625838
vn 0.029930 -0.685093 -0.727840
vn 0.092383 0.593769 -0.799315
vn -0.064176 0.589017 -0.805569
vn -0.022919 0.714062 -0.699707
vn 0.095459 0.739689 -0.666144
vn 0.081520 0.324591 -0.942335
vn -0.158177 0.341115 -0.926618
vn 0.276414 -0.908238 -0.314164
vn 0.034075 -0.948513 -0.314901
vn 0.050443 -0.948966 -0.311318
vn 0.254851 -0.897389 -0.360199
vn 0.387359 -0.908056 -0.159332
vn 0.211400 -0.972908 -0.093601
vn 0.113008 -0.970769 -0.211749
vn -0.033374 -0.968534 -0.246632
vn 0.079314 0.983607 -0.161946
vn 0.334703 0.924520 -0.182309
vn 0.407258 0.839323 -0.360108
vn 0.142616 0.934256 -0.326843
vn -0.015132 0.998367 0.055081
vn 0.216221 0.975753 0.033976
vn 0.147409 -0.850665 -0.504618
vn 0.111339 -0.855649 -0.505438
vn 0.236021 -0.853138 -0.465242
vn 0.252910 -0.838542 -0.482580
vn 0.169471 -0.835036 -0.523444
vn 0.022032 -0.885772 -0.463597
vn 0.014447 -0.859263 -0.511330
vn 0.230139 0.864847 -0.446180
vn 0.191611 0.846025 -0.497522
vn 0.307968 0.810681 -0.497948
vn 0.281963 0.832739 -0.476491
vn 0.299647 0.855883 -0.421517
vn 0.318879 0.860071 -0.398239
vn 0.256062 0.899712 -0.353483
vn 0.154395 0.936725 -0.314180
vn 0.104683 0.900477 -0.422118
vn -0.563862 -0.509113 0.650280
vn -0.352932 -0.552165 0.755350
vn -0.367204 -0.313991 0.875540
vn -0.626744 -0.271138 0.730531
vn -0.761042 -0.401554 0.509479
vn -0.655408 -0.611959 0.442659
vn -0.491103 -0.699637 0.518966
vn -0.549304 0.557579 0.622392
vn -0.345604 0.635114 0.690788
vn -0.334144 0.737782 0.586536
vn -0.471571 0.710094 0.522864
vn -0.604077 0.396021 0.691562
vn -0.390151 0.481298 0.784942
vn -0.554907 -0.249537 -0.793605
vn -0.575501 -0.276296 -0.769713
vn -0.594412 -0.168293 -0.786354
vn -0.537360 -0.183864 -0.823067
vn -0.493663 -0.194175 -0.847699
vn -0.486269 -0.233849 -0.841937
vn -0.556676 -0.278902 -0.782513
vn -0.601693 -0.367961 -0.708922
vn -0.578268 -0.372479 -0.725854
vn -0.455156 0.385879 -0.802453
vn -0.560071 0.326515 -0.761386
vn -0.509180 0.486291 -0.710110
vn -0.392461 0.542461 -0.742772
vn -0.512917 0.191046 -0.836909
vn -0.599633 0.157135 -0.784697
vn -0.539562 -0.832423 0.126272
vn -0.608379 -0.778325 0.155196
vn -0.601926 -0.788636 0.125450
vn -0.540217 -0.835986 0.096402
vn -0.538059 -0.827152 0.162210
vn -0.599326 -0.779384 0.182674
vn -0.604450 0.795894 0.034544
vn -0.522706 0.851473 -0.042110
vn -0.492200 0.870481 -0.001316
vn -0.551498 0.833310 0.038005
vn -0.661883 0.742211 0.105047
vn -0.703792 0.707728 0.061633
vn -0.632490 0.773103 -0.047627
vn -0.431004 -0.815757 -0.385715
vn -0.469958 -0.851240 -0.233518
vn -0.578565 -0.796231 -0.176856
vn -0.532689 -0.778196 -0.332646
vn -0.316520 -0.837045 -0.446286
vn -0.303476 -0.890326 -0.339443
vn -0.388650 0.845005 -0.367313
vn -0.443148 0.863627 -0.240350
vn -0.325367 0.894833 -0.305631
vn -0.267851 0.872003 -0.409715
vn -0.342980 0.810532 -0.474765
vn -0.467191 0.734692 -0.491895
vn -0.534120 0.779764 -0.326624
vn -0.507568 0.818437 0.269323
vn -0.586720 0.773549 0.239542
vn -0.571244 0.774308 0.272264
vn -0.476329 0.821323 0.313910
vn -0.453987 0.834876 0.311252
vn -0.488932 0.821570 0.293202
vn -0.534779 0.803666 0.261021
vn -0.501808 -0.821315 0.271350
vn -0.449307 -0.838959 0.307037
vn -0.415946 -0.833610 0.363432
vn -0.476822 -0.821729 0.312094
vn -0.582209 -0.776390 0.241352
vn -0.595179 -0.769416 0.231862
vn -0.518448 -0.817041 0.252301
vn -0.181212 0.833013 0.522735
vn 0.017677 0.771692 0.635751
vn 0.050558 0.767151 0.639471
vn -0.080161 0.829290 0.553039
vn -0.148985 0.882394 0.446300
vn -0.276961 0.867060 0.414125
vn -0.013515 -0.882731 0.469683
vn -0.205820 -0.882715 0.422436
vn -0.171153 -0.913173 0.369895
vn 0.053189 -0.925574 0.374812
vn -0.063644 -0.812648 0.579269
vn -0.246867 -0.838625 0.485556
vn 0.236607 -0.834980 0.496815
vn 0.176134 -0.744706 0.643732
vn -0.847692 0.421384 0.322263
vn -0.893941 0.242130 0.377151
vn -0.928173 0.194858 0.317057
vn -0.896317 0.331234 0.294788
vn -0.790976 0.537846 0.291681
vn -0.789498 0.524625 0.318530
vn -0.800799 0.444583 0.401331
vn -0.825607 0.294621 0.481219
vn -0.916974 -0.293656 0.270048
vn -0.833447 -0.496999 0.241574
vn -0.831946 -0.484038 0.271243
vn -0.915470 -0.274423 0.294290
vn -0.909099 -0.307968 0.280527
vn -0.828611 -0.504442 0.242779
vn 0.725408 0.253138 0.640082
vn 0.677020 0.387700 0.625565
vn 0.592116 0.349034 0.726343
vn 0.621797 0.214043 0.753362
vn 0.812699 0.320197 0.486820
vn 0.765406 0.412414 0.494033
vn 0.755604 -0.215001 0.618738
vn 0.768942 -0.097133 0.631897
vn 0.641197 -0.081541 0.763032
vn 0.632512 -0.180255 0.753284
vn 0.850796 -0.260691 0.456274
vn 0.868035 -0.118452 0.482166
vn 0.982770 -0.109755 -0.148715
vn 0.980693 -0.084824 -0.176198
vn 0.977083 0.095778 -0.190093
vn 0.975463 0.062847 -0.211002
vn 0.987622 -0.073685 -0.138469
vn 0.986763 -0.161852 -0.010108
vn 0.982469 -0.185626 -0.017248
vn 0.894580 -0.379625 -0.235820
vn 0.794655 -0.556750 -0.241975
vn 0.844902 -0.479723 -0.236657
vn 0.861138 -0.397288 -0.317182
vn 0.906206 -0.304882 -0.292982
vn 0.906535 -0.311074 0.285355
vn 0.926302 -0.152000 0.344762
vn 0.931317 -0.329792 0.154550
vn 0.960038 -0.183825 0.211034
vn 0.591022 -0.768993 -0.243605
vn 0.633368 -0.767572 -0.098375
vn 0.460630 -0.875896 -0.143618
vn 0.422622 -0.860048 -0.285845
vn 0.733891 -0.645154 -0.212558
vn 0.829650 -0.558250 0.006151
vn 0.793878 0.507852 -0.334430
vn 0.894715 0.338041 -0.291914
vn 0.900883 0.236149 -0.364203
vn 0.748688 0.527708 -0.401237
vn 0.820641 0.445719 0.357609
vn 0.827925 0.516517 0.218519
vn 0.835887 0.461893 0.296559
vn 0.845910 0.381626 0.372556
vn 0.804597 0.558967 0.200446
vn 0.814141 0.562205 0.145260
vn 0.679435 0.696918 -0.229506
vn 0.744720 0.594920 -0.302429
vn 0.603572 0.709379 -0.363983
vn 0.527779 0.825364 -0.200559
vn 0.881597 -0.033559 -0.470809
vn 0.818498 -0.034767 -0.573456
vn 0.534739 -0.553545 -0.638469
vn 0.446131 -0.695391 -0.563381
vn 0.292300 -0.812993 -0.503590
vn 0.241253 -0.825379 -0.510437
vn 0.254351 -0.816109 -0.518914
vn 0.392423 -0.759491 -0.518824
vn 0.311308 -0.730649 -0.607651
vn 0.252926 -0.783211 -0.567987
vn 0.233573 -0.825531 -0.513753
vn 0.500314 0.595155 -0.628869
vn 0.617360 0.323314 -0.717171
vn 0.365733 0.332440 -0.869323
vn 0.294223 0.601206 -0.742956
vn 0.388248 0.802468 -0.453110
vn 0.538642 0.721758 -0.434661
vn 0.469568 0.756833 -0.454654
vn 0.362217 0.830867 -0.422443
vn 0.279573 0.856835 -0.433212
vn -0.977910 -0.065257 0.198578
vn -0.968226 -0.077860 0.237648
vn -0.967754 0.104355 0.229263
vn -0.972793 0.129538 0.192076
vn -0.931265 -0.324372 -0.165916
vn -0.968167 -0.227970 -0.103360
vn -0.973191 -0.227033 -0.036828
vn -0.976949 -0.213457 -0.002470
vn -0.915158 -0.326944 0.235782
vn -0.843612 -0.488921 0.221979
vn -0.912550 -0.318202 0.256903
vn -0.632739 -0.742203 0.220855
vn -0.580062 -0.798977 0.158630
vn -0.717446 -0.641695 0.271107
vn -0.681812 -0.637564 0.358670
vn -0.606798 -0.738235 0.294628
vn -0.557229 -0.808944 0.187366
vn -0.903860 0.426365 -0.035356
vn -0.808258 0.588205 -0.027079
vn -0.855536 0.491150 0.163799
vn -0.935343 0.324405 0.141048
vn -0.871808 0.477545 0.109094
vn -0.822159 0.539136 0.182719
vn -0.805423 0.562792 0.185900
vn -0.698492 0.703777 0.129645
vn -0.780642 0.594394 0.193117
vn -0.692735 0.702994 0.160993
vn -0.629809 0.763219 0.144352
vn -0.623185 0.773985 0.112198
vn -0.909254 -0.013550 -0.416021
vn -0.971470 -0.024010 -0.235945
vn -0.673385 -0.278428 -0.684857
vn -0.782387 -0.308370 -0.541090
vn -0.804820 -0.159817 -0.571597
vn -0.691068 -0.150922 -0.706858
vn -0.645177 -0.701307 -0.303176
vn -0.600172 -0.655470 -0.458425
vn -0.478590 -0.733556 -0.482543
vn -0.740729 -0.604622 -0.292836
vn -0.723886 -0.488805 -0.486887
vn -0.677503 0.299455 -0.671801
vn -0.628959 0.463789 -0.623948
vn -0.665318 0.680030 -0.308076
vn -0.695376 0.701988 -0.153834
vn -0.576428 0.797386 -0.178626
vn 0.411097 -0.101388 0.905936
vn 0.445861 -0.033219 0.894486
vn 0.453143 0.036983 0.890671
vn 0.464686 0.027167 0.885059
vn 0.412495 -0.077526 0.907655
vn 0.313766 -0.154211 0.936894
vn 0.302613 -0.209918 0.929709
vn -0.031172 -0.711093 0.702406
vn -0.178956 -0.767577 0.615467
vn -0.187956 -0.541304 0.819550
vn -0.169451 -0.321884 0.931492
vn -0.014603 -0.477913 0.878286
vn 0.010978 -0.310083 0.950646
vn -0.031962 0.709815 0.703663
vn 0.068956 0.672217 0.737136
vn 0.024046 0.779353 0.626124
vn -0.122494 0.817824 0.562280
vn -0.254332 0.657095 0.709606
vn -0.259191 0.727687 0.635053
vn -0.129426 0.690898 0.711273
vn -0.180280 0.709459 0.681298
vn 0.065871 -0.007685 -0.997799
vn -0.170395 -0.015819 -0.985249
vn 0.071088 -0.826349 -0.558654
vn 0.207004 -0.829307 -0.519037
vn 0.038593 -0.778473 -0.626490
vn -0.189342 -0.408375 -0.892961
vn -0.106401 -0.631607 -0.767953
vn -0.078373 -0.607240 -0.790643
vn -0.139897 -0.422803 -0.895358
vn -0.296884 -0.278469 -0.913408
vn -0.317956 -0.253081 -0.913703
vn 0.159091 0.764747 -0.624382
vn 0.012052 0.701713 -0.712357
vn 0.206880 0.725773 -0.656090
vn 0.305579 0.783751 -0.540699
vn 0.263936 0.808730 -0.525637
vn -0.295104 0.492512 -0.818746
vn -0.312609 0.266583 -0.911707
vn -0.429624 0.194126 -0.881894
vn -0.373965 0.444130 -0.814186
vn -0.205653 0.548950 -0.810161
vn 0.231514 -0.874710 -0.425774
vn 0.047693 -0.921852 -0.384596
vn 0.204548 -0.848360 -0.488308
vn -0.409758 -0.910965 -0.047336
vn -0.505441 -0.859253 0.078833
vn -0.487431 -0.863352 0.130514
vn -0.465437 -0.881783 0.076337
vn -0.251310 -0.949062 -0.190063
vn -0.269833 -0.942830 -0.195604
vn -0.409945 -0.906814 -0.098152
vn -0.511154 -0.858185 0.047334
vn 0.185831 0.882518 -0.432005
vn 0.356513 0.814006 -0.458577
vn -0.225731 0.970968 -0.079164
vn -0.142057 0.986333 -0.083468
vn -0.077680 0.970238 -0.229355
vn -0.237572 0.964173 -0.118022
vn -0.357372 0.931307 -0.070372
vn -0.360596 0.927303 -0.100393
vn -0.264542 0.961510 -0.074277
vn -0.191626 0.980326 0.047323
vn -0.168701 0.984414 0.049689
vn -0.104070 -0.863255 -0.493924
vn -0.154868 -0.904008 -0.398480
vn -0.193422 -0.854627 -0.481872
vn -0.223303 0.890533 -0.396343
vn -0.294691 0.832796 -0.468623
vn -0.254826 0.837408 -0.483541
vn -0.080191 0.922135 -0.378467
vn -0.084813 0.953833 -0.288115
vn -0.245175 0.903730 -0.350943
vn -0.334760 0.826130 -0.453260
vn -0.662508 -0.050367 0.747360
vn -0.397721 -0.094740 0.912602
vn -0.424916 0.129282 0.895953
vn -0.648870 0.149684 0.746031
vn -0.461969 -0.792982 0.397195
vn -0.579167 -0.736884 0.348665
vn -0.566758 -0.777111 0.273650
vn -0.453358 0.791871 0.409153
vn -0.370596 0.800921 0.470302
vn -0.414218 0.832832 0.367172
vn -0.541343 -0.022171 -0.840509
vn -0.610571 -0.021678 -0.791665
vn -0.438637 -0.719387 -0.538591
vn -0.322970 -0.804255 -0.498863
vn -0.312280 -0.790331 -0.527122
vn -0.394659 -0.763371 -0.511380
vn -0.532684 -0.583512 -0.612994
vn -0.580163 -0.585252 -0.566473
vn -0.477349 -0.722460 -0.500190
vn -0.333317 -0.815411 -0.473291
vn -0.352581 0.661809 -0.661586
vn -0.476474 0.624532 -0.618815
vn -0.329160 0.745009 -0.580186
vn -0.498390 -0.859847 -0.110777
vn -0.596399 -0.798341 -0.083418
vn -0.527612 -0.849484 -0.001558
vn -0.598850 -0.800844 -0.005161
vn -0.508066 0.857407 -0.081983
vn -0.442409 0.888394 -0.122595
vn -0.588073 0.750414 0.301741
vn -0.521517 0.774042 0.358998
vn -0.621826 0.680571 0.387499
vn -0.692873 0.659997 0.290397
vn -0.650919 0.715852 0.252706
vn -0.530323 -0.815331 0.232363
vn -0.601649 -0.770506 0.210568
vn -0.535252 -0.816644 0.215867
vn -0.104818 0.987889 0.114402
vn 0.215484 0.976388 0.015244
vn -0.077470 0.981746 0.173703
vn -0.248758 0.948448 0.196383
vn -0.105191 0.968309 0.226524
vn 0.036206 0.993643 0.106594
vn 0.245393 0.968951 0.030265
vn 0.140505 -0.920308 0.365092
vn -0.147926 -0.896857 0.416853
vn 0.027337 -0.917864 0.395953
vn 0.186283 -0.952378 0.241401
vn 0.338609 -0.914950 0.219568
vn -0.861390 0.338061 0.379107
vn -0.904183 0.188261 0.383419
vn -0.828046 0.189679 0.527599
vn -0.752996 0.422678 0.504321
vn -0.874163 -0.303068 0.379459
vn -0.781196 -0.517147 0.349702
vn 0.495948 0.219627 0.840119
vn 0.465746 0.335964 0.818663
vn 0.500240 -0.179845 0.847004
vn 0.522275 -0.082111 0.848815
vn 0.767788 -0.017644 0.640461
vn 0.864565 -0.038053 0.501079
vn 0.856109 0.036304 0.515519
vn 0.770693 0.049677 0.635267
vn 0.511771 -0.665117 0.543792
vn 0.696043 -0.409092 0.590058
vn 0.583631 -0.347030 0.734129
vn 0.427585 -0.573730 0.698574
vn 0.580516 0.490570 0.649879
vn 0.738216 0.437749 0.513238
vn 0.510867 0.596077 0.619441
vn 0.335939 0.653796 0.678008
vn 0.338342 0.636159 0.693417
vn -0.929295 -0.104547 0.354232
vn -0.921346 -0.200781 0.332879
vn -0.934445 -0.182026 0.306072
vn -0.942219 -0.155263 0.296844
vn -0.920574 0.037029 0.388808
vn -0.871657 -0.011819 0.489975
vn -0.893844 -0.146086 0.423912
vn -0.911031 -0.212790 0.353191
vn -0.387244 -0.852640 0.350781
vn -0.344172 -0.836463 0.426469
vn -0.323450 -0.866443 0.380337
vn -0.703370 -0.673713 0.226675
vn -0.699689 -0.677925 0.225503
vn -0.714894 0.660446 0.229645
vn -0.820001 0.515752 0.248189
vn -0.829014 0.493265 0.263488
vn -0.711071 0.656177 0.252606
vn -0.374986 0.853202 0.362536
vn -0.268511 0.861690 0.430573
vn -0.287790 0.880560 0.376551
vn -0.341815 0.877310 0.336882
vn -0.457142 0.832143 0.313943
vn 0.966474 -0.074319 -0.245773
vn 0.937243 -0.253875 -0.239004
vn 0.956639 0.137708 -0.256668
vn 0.946117 -0.066614 -0.316898
vn -0.996378 -0.020992 -0.082402
vn -0.998796 -0.037515 0.031608
vn -0.976133 0.194384 0.096849
vn -0.972304 0.227568 -0.053281
vn 0.906223 -0.095961 0.411766
vn 0.867273 0.021685 0.497360
vn 0.953366 -0.174990 0.245911
vn 0.955636 -0.159590 0.247569
vn 0.921956 -0.083201 0.378251
vn 0.666761 -0.019756 -0.745009
vn 0.631401 -0.322849 -0.705054
vn 0.392946 -0.006152 -0.919541
vn 0.358948 -0.502111 0.786792
vn 0.441688 -0.342590 0.829182
vn 0.184474 -0.608800 0.771578
vn 0.452904 -0.819429 -0.351303
vn 0.620965 -0.725470 -0.296810
vn 0.658867 -0.674854 -0.332365
vn 0.517464 -0.774885 -0.363021
vn 0.328043 -0.853455 -0.404972
vn 0.326639 -0.873513 -0.360946
vn 0.462424 -0.845819 -0.265997
vn 0.780311 0.619464 0.085902
vn 0.835323 0.498932 0.230874
vn 0.588057 0.808713 -0.013114
vn 0.541716 0.839955 0.031914
vn 0.671269 0.732365 0.114185
vn 0.756803 0.648117 0.084817
vn 0.599134 0.800493 -0.015786
vn 0.296057 -0.822699 -0.485301
vn 0.353602 -0.782890 -0.511906
vn 0.428601 -0.780355 -0.455354
vn 0.332827 -0.828076 -0.451128
vn 0.293726 0.800039 -0.523127
vn 0.372867 0.745341 -0.552664
vn 0.223535 0.747191 -0.625889
vn 0.206788 0.802981 -0.558981
vn 0.324553 0.819901 -0.471623
vn 0.515512 0.740416 -0.431314
vn 0.666611 0.643394 -0.376398
vn 0.590179 0.683648 -0.429318
vn 0.434756 0.769511 -0.467803
vn -0.971547 -0.125019 0.201162
vn -0.950986 -0.196222 0.239004
vn -0.985158 0.065245 0.158769
vn -0.948107 -0.213101 0.235968
vn -0.950924 -0.212563 0.224857
vn -0.981016 -0.134276 0.139922
vn -0.281930 -0.797660 0.533155
vn -0.374104 -0.807673 0.455752
vn -0.223562 -0.716766 0.660504
vn -0.347945 -0.730950 0.587066
vn -0.218145 -0.161266 0.962500
vn -0.352864 0.114400 0.928655
vn 0.022192 -0.268904 0.962911
vn 0.061669 -0.174152 0.982786
vn -0.124895 -0.063505 0.990135
vn -0.300039 -0.021076 -0.953694
vn -0.272251 -0.272550 -0.922820
vn -0.394109 -0.044549 -0.917983
vn -0.703900 -0.011387 -0.710208
vn -0.811838 -0.004805 -0.583863
vn -0.804932 0.159394 -0.571558
vn -0.701208 0.144063 -0.698250
vn -0.272322 0.671727 -0.688929
vn -0.202519 0.648811 -0.733506
vn -0.187009 0.662048 -0.725755
vn -0.252448 0.636151 -0.729097
vn -0.303761 0.733339 -0.608229
vn -0.341511 0.717356 -0.607264
vn -0.300680 0.665294 -0.683356
vn -0.686744 -0.696811 0.206972
vn -0.673636 -0.715410 0.185483
vn -0.764542 -0.609240 0.210481
vn -0.749652 -0.631278 0.198770
vn -0.245736 -0.938499 -0.242557
vn -0.377781 -0.911814 -0.160866
vn -0.123171 -0.942573 -0.310460
vn -0.199544 -0.962266 -0.185004
vn -0.329076 -0.940029 -0.089744
vn -0.696477 0.649408 0.305270
vn -0.781538 0.521517 0.342372
vn -0.581561 0.734363 0.349995
vn -0.282613 0.894246 0.347064
vn -0.197472 0.936696 0.289146
vn -0.203221 0.925757 0.318866
vn -0.288769 0.855707 0.429393
vn -0.317880 0.902777 0.289733
vn -0.270867 0.929336 0.250928
vn -0.236631 0.942303 0.236793
vn -0.703485 0.710423 -0.020206
vn -0.700349 0.710038 0.073195
vn -0.605238 0.795310 -0.034186
vn -0.554284 -0.625691 -0.548889
vn -0.595641 -0.529957 -0.603620
vn -0.498289 -0.566242 -0.656565
vn -0.469280 -0.667850 -0.577714
vn -0.057907 -0.820923 -0.568096
vn -0.042808 -0.810280 -0.584477
vn -0.012523 -0.841946 -0.539416
vn -0.092866 -0.830431 -0.549328
vn -0.031292 -0.765748 -0.642379
vn -0.062725 -0.760647 -0.646128
vn -0.131870 -0.842124 -0.522912
vn -0.117964 -0.848132 -0.516484
vn -0.036868 -0.820996 -0.569743
vn -0.631944 -0.762995 -0.135961
vn -0.718599 -0.661370 -0.214957
vn -0.745727 -0.642568 -0.176064
vn -0.664122 -0.730227 -0.160347
vn -0.580883 -0.813409 -0.030666
vn -0.565838 -0.823036 -0.049377
vn -0.622678 -0.762348 -0.176343
vn -0.574250 0.586098 -0.571599
vn -0.617422 0.636503 -0.462227
vn -0.213795 0.941461 -0.260659
vn -0.095255 0.939379 -0.329384
vn -0.081519 0.901320 -0.425413
vn -0.192006 0.900333 -0.390556
vn -0.336082 0.922198 -0.191310
vn 0.531297 -0.012279 0.847097
vn 0.641512 -0.006636 0.767084
vn 0.526318 0.039724 0.849359
vn 0.625006 -0.747955 0.223452
vn 0.573716 -0.725427 0.380270
vn 0.302582 -0.881377 0.362793
vn 0.367441 -0.892108 0.262925
vn 0.821935 -0.521353 0.229378
vn 0.774748 -0.475696 0.416509
vn 0.639386 -0.763227 0.093110
vn 0.435994 0.447287 0.780925
vn 0.502291 0.495654 0.708541
vn 0.277940 0.562141 0.778940
vn -0.920564 -0.015821 0.390270
vn -0.945582 -0.032045 0.323800
vn -0.941338 -0.132635 0.310308
vn -0.912099 -0.138230 0.385963
vn -0.920021 0.071338 0.385320
vn -0.942310 0.061436 0.329056
vn -0.451137 -0.829773 0.328561
vn -0.412046 -0.856988 0.309498
vn -0.468604 -0.838986 0.276610
vn -0.482420 -0.836127 0.261081
vn -0.352087 -0.853057 0.385135
vn -0.337694 -0.877314 0.341002
vn -0.512919 -0.814842 0.270087
vn -0.512341 -0.808770 0.288786
vn -0.445047 -0.812314 0.376933
vn -0.683722 -0.660429 0.310414
vn -0.696490 -0.669962 0.257008
vn -0.703239 0.679969 0.207596
vn -0.714740 0.668547 0.205405
vn -0.613315 0.756021 0.228642
vn -0.612132 0.757956 0.225381
vn -0.691930 0.691804 0.206497
vn -0.797173 0.568733 0.202628
vn -0.303302 0.793470 0.527649
vn -0.335903 0.840108 0.425897
vn -0.226925 0.775028 0.589777
vn -0.230918 0.830868 0.506296
vn -0.129440 -0.958026 -0.255794
vn -0.156415 -0.960695 -0.229347
vn 0.401732 -0.915187 0.032326
vn 0.235974 -0.969590 0.064891
vn -0.277580 -0.873495 0.399945
vn -0.282569 -0.891358 0.354451
vn -0.526453 -0.830025 0.184133
vn -0.536032 -0.824820 0.179839
vn -0.233288 -0.961667 0.144128
vn -0.179494 -0.972174 0.150532
vn -0.167024 -0.957003 0.237166
vn -0.232690 -0.948368 0.215531
vn -0.974939 -0.201116 0.095110
vn -0.954799 -0.218824 0.201185
vn -0.961983 -0.211534 0.172751
vn -0.973731 -0.204928 0.099258
vn -0.775732 -0.565626 0.279833
vn -0.746542 -0.550677 0.373402
vn -0.784047 -0.573961 -0.236301
vn -0.847953 -0.474860 -0.235551
vn -0.849855 -0.486244 -0.203257
vn -0.798837 -0.570040 -0.192129
vn -0.571119 -0.817677 0.072297
vn -0.547570 -0.833539 0.073352
vn -0.799665 -0.594967 0.080929
vn -0.802337 -0.596281 -0.026550
vn -0.726591 -0.685306 -0.049204
vn -0.738082 -0.670195 0.077927
vn -0.853871 -0.514283 0.080113
vn -0.866049 -0.497747 -0.046976
vn -0.565807 -0.476755 -0.672731
vn -0.609975 -0.468170 -0.639334
vn -0.418108 -0.200583 -0.885975
vn -0.407299 -0.233606 -0.882913
vn -0.044218 -0.706189 -0.706642
vn -0.081004 -0.711568 -0.697932
vn -0.222626 -0.834224 -0.504488
vn -0.215065 -0.846982 -0.486178
vn -0.315016 -0.604597 -0.731593
vn -0.324016 -0.530079 -0.783601
vn -0.230381 -0.527384 -0.817796
vn -0.239548 -0.617046 -0.749581
vn -0.455269 0.887329 -0.073331
vn -0.443274 0.895796 -0.032522
vn -0.670338 0.718693 0.184737
vn -0.720452 0.669772 0.179873
vn -0.476395 0.795410 0.374662
vn -0.399260 0.862247 0.311642
vn -0.402455 0.830335 0.385452
vn -0.167303 0.968175 0.186134
vn -0.174146 0.967105 0.185421
vn -0.491867 0.848173 0.196646
vn -0.536324 0.821379 0.194146
vn -0.543953 0.791406 0.278912
vn -0.490259 0.829127 0.268690
vn 0.018284 0.916493 -0.399633
vn 0.049502 0.955972 -0.289253
vn 0.302423 0.838893 -0.452548
vn 0.332397 0.825405 -0.456309
vn -0.107321 0.664828 -0.739247
vn -0.113975 0.686453 -0.718187
vn -0.304555 0.784103 -0.540767
vn -0.349371 0.768152 -0.536547
vn -0.013250 0.849404 -0.527577
vn 0.079597 0.849402 -0.521708
vn 0.092677 0.803996 -0.587368
vn -0.018155 0.812963 -0.582032
vn -0.008892 0.662302 0.749184
vn 0.119244 0.593547 0.795916
vn 0.008269 0.622744 0.782382
vn -0.084468 0.676242 0.731821
vn 0.460920 0.128714 0.878058
vn 0.443037 0.107779 0.890001
vn -0.366103 0.327042 0.871213
vn -0.333749 0.497656 0.800594
vn -0.419254 0.318807 0.850052
vn 0.184666 -0.257641 0.948430
vn 0.204217 -0.183395 0.961593
vn 0.166409 0.249224 0.954042
vn 0.071888 0.257082 0.963712
vn 0.061643 0.126689 0.990025
vn 0.175457 0.136903 0.974922
vn 0.161665 0.356578 0.920172
vn 0.050020 0.377552 0.924636
vn -0.911105 0.134190 0.389720
vn -0.848326 0.137902 0.511200
vn -0.786295 0.569266 0.240157
vn -0.798407 0.547473 0.250637
vn -0.969631 0.197343 0.144468
vn -0.953291 0.207248 0.219736
vn -0.930696 -0.224951 0.288447
vn -0.929029 -0.227667 0.291674
vn -0.942626 0.164603 0.290452
vn -0.904966 0.317660 0.283070
vn -0.918890 0.337266 0.204675
vn -0.961103 0.156872 0.227316
vn -0.289262 0.907430 0.304792
vn -0.154024 0.927249 0.341299
vn 0.170155 0.717769 0.675170
vn 0.188054 0.712121 0.676402
vn 0.812048 0.450260 0.371274
vn 0.821725 0.429447 0.374625
vn 0.421964 0.906440 -0.017688
vn 0.407046 0.913275 0.015585
vn 0.306075 0.872417 0.381060
vn 0.302080 0.842480 0.446066
vn 0.382253 0.794046 0.472624
vn 0.379212 0.836078 0.396449
vn 0.459370 -0.720047 -0.520107
vn 0.382607 -0.675735 -0.630075
vn 0.872789 -0.291943 -0.391164
vn 0.832314 -0.370115 -0.412636
vn 0.709211 -0.651003 -0.270583
vn 0.734904 -0.607447 -0.301536
vn 0.264811 -0.841949 -0.470103
vn 0.258100 -0.856661 -0.446672
vn 0.566036 -0.694934 -0.443474
vn 0.603245 -0.648985 -0.463589
vn 0.627746 -0.664737 -0.405043
vn 0.573205 -0.718045 -0.394775
vn 0.808056 0.585549 0.064642
vn 0.812174 0.578955 0.072000
vn 0.954240 0.189281 -0.231513
vn 0.954119 0.214813 -0.208597
vn 0.852431 0.130602 0.506265
vn 0.837170 0.264363 0.478809
vn 0.844036 0.233218 0.482922
vn 0.847958 0.121431 0.515966
vn 0.974559 -0.194272 0.111775
vn 0.976356 -0.180636 0.118744
vn 0.980750 0.164170 0.105727
vn 0.971912 0.167716 0.165100
vn 0.978981 0.104084 0.175392
vn 0.988318 0.112587 0.102719
vn 0.970392 0.215345 0.109389
vn 0.956290 0.230120 0.180428
vn 0.940813 0.232958 -0.246176
vn 0.923423 -0.120086 -0.364513
vn 0.909733 -0.051967 -0.411929
vn 0.889826 -0.261887 -0.373665
vn 0.852449 -0.284355 -0.438717
vn -0.989992 -0.095886 0.103550
vn -0.987490 -0.055208 0.147702
vn 0.792108 0.110077 0.600373
vn 0.759650 0.148495 0.633152
vn 0.951632 -0.294334 0.088109
vn 0.975257 -0.196583 0.101135
vn 0.775635 -0.587547 -0.230605
vn 0.211260 -0.827941 -0.519502
vn 0.276258 -0.816893 -0.506327
vn 0.319801 -0.826884 -0.462591
vn 0.840054 0.382130 0.385079
vn 0.446202 0.885646 -0.128587
vn 0.435436 0.899930 -0.022847
vn 0.773918 0.629309 0.070868
vn 0.737214 0.674415 -0.040995
vn 0.431470 -0.745215 -0.508418
vn 0.488215 -0.742617 -0.458439
vn 0.320956 0.843853 -0.429999
vn 0.265721 0.855868 -0.443715
vn -0.918694 -0.280558 0.278009
vn -0.937895 -0.197102 0.285487
vn -0.947311 -0.196367 0.253066
vn -0.954929 0.216635 0.202929
vn 0.120568 -0.383412 0.915674
vn 0.155125 -0.277607 0.948088
vn -0.574452 0.296425 0.762979
vn -0.446845 -0.097931 -0.889235
vn -0.488110 -0.038187 -0.871946
vn -0.431027 -0.204222 -0.878925
vn -0.488148 -0.189432 -0.851955
vn -0.135878 0.616161 -0.775811
vn -0.299279 0.787315 -0.539043
vn -0.253893 0.799924 -0.543746
vn -0.257400 0.756895 -0.600712
vn -0.799287 -0.564396 0.206392
vn -0.795531 -0.569755 0.206182
vn -0.068070 -0.946014 -0.316896
vn -0.098582 -0.963255 -0.249842
vn -0.311665 0.900958 0.301892
vn -0.291353 0.906969 0.304171
vn -0.109471 0.977704 0.179194
vn -0.186949 0.964147 0.188336
vn -0.205454 0.950435 0.233371
vn -0.594718 -0.446346 -0.668645
vn -0.529146 -0.471633 -0.705384
vn -0.007814 -0.737844 -0.674926
vn -0.240209 -0.834353 -0.496141
vn -0.236175 -0.810765 -0.535613
vn -0.166311 -0.822702 -0.543601
vn -0.788116 -0.555684 -0.264742
vn -0.818404 -0.475834 -0.322175
vn -0.558130 -0.827158 0.065583
vn -0.598687 -0.797894 0.070281
vn -0.017934 0.917283 -0.397833
vn -0.006521 0.892802 -0.450402
vn -0.420937 0.900270 -0.111024
vn 0.497651 0.084986 0.863204
vn 0.597219 -0.802078 -0.000858
vn 0.465579 -0.884895 0.014048
vn 0.134508 0.676445 0.724106
vn 0.150179 0.737242 0.658726
vn -0.925299 0.114611 0.361506
vn -0.937965 0.121160 0.324872
vn -0.287927 -0.879989 0.377779
vn -0.523874 -0.829076 0.195419
vn -0.498148 -0.845671 0.191546
vn -0.494585 -0.835532 0.239314
vn -0.738943 0.634409 0.226909
vn -0.715296 0.657025 0.238055
vn -0.793571 0.561493 0.234456
vn -0.798390 0.542828 0.260597
vn -0.669831 0.719006 0.185356
vn -0.629647 0.754014 0.187103
vn -0.148438 0.736364 0.660102
vn -0.115883 0.740487 0.662005
vn -0.222483 -0.939822 0.259300
vn -0.256333 -0.933494 0.250765
vn -0.377353 -0.688427 0.619413
vn -0.233650 -0.720905 0.652460
vn -0.321890 -0.938354 0.126011
vn -0.310082 -0.946613 0.088161
vn -0.620164 -0.782157 -0.060223
vn -0.659632 -0.736734 0.148689
vn -0.238813 -0.970699 0.026697
vn -0.206412 -0.977827 0.035332
vn -0.011695 -0.925369 -0.378888
vn -0.152100 -0.898962 -0.410771
vn -0.143035 -0.975946 0.164528
vn -0.154308 -0.967247 0.201548
vn 0.205932 -0.921916 0.328120
vn 0.246100 -0.961730 0.120459
vn -0.171469 -0.957573 0.231628
vn -0.193400 -0.948319 0.251570
vn -0.081711 -0.768893 0.634135
vn 0.084338 -0.844810 0.528378
vn -0.170609 -0.982847 0.070026
vn -0.145609 -0.981986 0.120426
vn 0.223908 -0.971767 -0.074389
vn 0.129905 -0.955424 -0.265122
vn -0.293881 -0.930910 0.216887
vn -0.319329 -0.932536 0.168539
vn -0.630880 -0.700973 0.332606
vn -0.527552 -0.679166 0.510316
vn -0.291289 -0.954998 0.055949
vn -0.267917 -0.962820 0.034622
vn -0.306834 -0.868510 -0.389286
vn -0.486215 -0.830047 -0.273161
vn -0.705620 -0.704439 0.076599
vn -0.708551 -0.693389 0.131023
vn -0.274001 -0.920867 0.277357
vn -0.266002 -0.963117 0.040608
vn -0.801609 -0.593483 -0.072110
vn -0.771875 -0.632703 -0.062417
vn -0.529634 -0.654139 -0.539991
vn -0.657359 -0.487876 -0.574331
vn -0.779018 -0.582299 0.232505
vn -0.808349 -0.544818 0.223035
vn -0.696456 -0.265730 0.666586
vn -0.572277 -0.426548 0.700397
vn -0.877500 -0.473390 0.076780
vn -0.874608 -0.484192 0.024869
vn -0.985816 -0.016480 -0.167020
vn -0.997901 0.022989 0.060534
vn -0.841529 -0.506925 0.186695
vn -0.867515 -0.479791 0.131221
vn -0.955972 0.000903 0.293456
vn -0.842962 -0.103231 0.527975
vn -0.857407 -0.513969 -0.026237
vn -0.830236 -0.554015 -0.061441
vn -0.781852 -0.317133 -0.536782
vn -0.908082 -0.138226 -0.395323
vn -0.726027 -0.662061 0.185904
vn -0.751788 -0.620878 0.222092
vn -0.454255 -0.594176 0.663783
vn -0.340645 -0.783678 0.519433
vn -0.740214 -0.671828 -0.027013
vn -0.715466 -0.698210 0.024723
vn -0.301051 -0.935862 -0.183113
vn -0.395221 -0.824837 -0.404282
vn -0.197468 -0.604481 -0.771757
vn -0.198555 -0.647656 -0.735607
vn 0.254961 -0.774791 -0.578527
vn 0.269358 -0.620820 -0.736226
vn -0.298232 -0.708130 -0.640007
vn -0.338593 -0.692087 -0.637472
vn -0.304307 -0.926868 -0.219803
vn -0.107720 -0.966340 -0.233631
vn -0.432035 -0.573099 -0.696350
vn -0.429062 -0.540478 -0.723732
vn -0.767519 -0.157670 -0.621332
vn -0.798081 -0.294539 -0.525655
vn -0.307205 -0.495104 -0.812710
vn -0.266747 -0.512346 -0.816301
vn -0.140180 -0.077151 -0.987116
vn -0.334813 -0.011605 -0.942213
vn -0.225637 -0.688004 -0.689737
vn -0.262868 -0.708729 -0.654678
vn 0.034626 -0.957825 -0.285258
vn 0.167913 -0.899285 -0.403846
vn -0.400285 -0.510825 -0.760808
vn -0.353394 -0.492404 -0.795394
vn -0.507962 0.000823 -0.861379
vn -0.669245 -0.049031 -0.741422
vn -0.379128 -0.661225 -0.647335
vn -0.413613 -0.617139 -0.669376
vn -0.754495 -0.513589 -0.408611
vn -0.565313 -0.775926 -0.279929
vn -0.237827 -0.535044 -0.810658
vn -0.214865 -0.565114 -0.796542
vn 0.213836 -0.432292 -0.876012
vn 0.066564 -0.222996 -0.972544
vn -0.485968 0.816307 0.312216
vn -0.460509 0.833270 0.305929
vn -0.290187 0.670140 0.683158
vn -0.413727 0.587662 0.695330
vn -0.414596 0.886816 0.204128
vn -0.419251 0.893114 0.163021
vn -0.077701 0.996954 -0.006793
vn -0.051947 0.978833 0.197959
vn -0.489846 0.868308 0.078048
vn -0.515623 0.852622 0.084670
vn -0.536866 0.767308 -0.350733
vn -0.407728 0.836408 -0.366305
vn -0.565469 0.802399 0.190789
vn -0.560578 0.795408 0.230388
vn -0.789533 0.496047 0.361352
vn -0.827873 0.535189 0.167927
vn -0.437386 0.854147 0.281293
vn -0.420745 0.873993 0.243127
vn -0.076065 0.912669 0.401558
vn -0.163156 0.791096 0.589532
vn -0.540749 0.795626 0.273076
vn -0.512838 0.803241 0.302987
vn -0.538475 0.523927 0.659958
vn -0.680082 0.486881 0.548120
vn -0.438034 0.891156 0.118184
vn -0.464032 0.881506 0.087299
vn -0.286440 0.899007 -0.331268
vn -0.163224 0.963763 -0.210994
vn -0.540546 0.833995 0.110738
vn -0.558889 0.815382 0.150982
vn -0.800769 0.597635 -0.040010
vn -0.687981 0.683253 -0.244637
vn -0.009257 0.787757 -0.615917
vn -0.059309 0.789225 -0.611233
vn -0.294378 0.459487 -0.837981
vn -0.088059 0.459446 -0.883830
vn -0.151312 0.842444 -0.517100
vn -0.139687 0.861128 -0.488822
vn -0.581496 0.747945 -0.320062
vn -0.612722 0.647872 -0.452587
vn -0.012133 0.901365 -0.432891
vn 0.036778 0.898786 -0.436842
vn 0.288723 0.956506 -0.041651
vn 0.087902 0.995917 -0.020551
vn 0.124782 0.840806 -0.526759
vn 0.112750 0.822709 -0.557169
vn 0.557624 0.633547 -0.536353
vn 0.590637 0.710851 -0.381888
vn 0.086380 0.882947 -0.461457
vn 0.118703 0.860642 -0.495181
vn 0.567314 0.784925 -0.249095
vn 0.467071 0.875588 -0.123247
vn 0.084250 0.807918 -0.583241
vn 0.040246 0.795656 -0.604410
vn 0.160939 0.490620 -0.856382
vn 0.417847 0.553394 -0.720527
vn -0.111325 0.878104 -0.465339
vn -0.064550 0.893179 -0.445044
vn -0.172591 0.983176 -0.059818
vn -0.441977 0.880055 -0.173667
vn -0.111624 0.803560 -0.584664
vn -0.145205 0.823398 -0.548572
vn -0.588544 0.565112 -0.578156
vn -0.483293 0.495146 -0.721982
vn 0.160606 0.096885 0.982252
vn 0.205795 0.104681 0.972980
vn 0.381642 -0.416156 0.825326
vn 0.211277 -0.442433 0.871559
vn 0.026613 0.241870 0.969944
vn 0.041294 0.188877 0.981132
vn -0.422801 0.046897 0.905008
vn -0.466411 0.290787 0.835406
vn 0.302037 0.254764 0.918623
vn 0.286308 0.311211 0.906187
vn 0.685545 0.371825 0.625919
vn 0.727493 0.104785 0.678067
vn 0.180742 0.394850 0.900792
vn 0.131292 0.387956 0.912279
vn -0.099295 0.789179 0.606083
vn 0.090113 0.818085 0.567994
vn 0.257630 0.356229 0.898180
vn 0.223477 0.382588 0.896485
vn 0.292882 0.782268 0.549797
vn 0.518558 0.638589 0.568597
vn 0.075200 0.350086 0.933694
vn 0.034968 0.294026 0.955157
vn -0.426241 0.486212 0.762835
vn -0.294461 0.674173 0.677336
vn 0.072351 0.141629 0.987272
vn 0.113945 0.109996 0.987379
vn -0.000935 -0.398648 0.917103
vn -0.250007 -0.228396 0.940921
vn 0.255676 0.141761 0.956313
vn 0.293668 0.198633 0.935042
vn 0.681570 -0.111435 0.723219
vn 0.553693 -0.305933 0.774486
vn -0.972025 0.144917 0.184840
vn -0.977063 0.075528 0.199108
vn -0.963664 -0.197630 -0.179704
vn -0.963153 0.129891 -0.235508
vn -0.959652 -0.016944 0.280678
vn -0.949671 -0.007195 0.313167
vn -0.744644 -0.572141 0.343745
vn -0.776884 -0.593906 0.209111
vn -0.902897 0.174842 0.392693
vn -0.893396 0.244249 0.377075
vn -0.600047 0.446697 0.663630
vn -0.663477 0.128449 0.737088
vn -0.895765 0.341055 0.285109
vn -0.907957 0.332085 0.255604
vn -0.586736 0.808035 0.053094
vn -0.538238 0.824540 0.174449
vn -0.928208 0.297114 0.223947
vn -0.955216 0.223368 0.194084
vn -0.866281 0.459378 -0.196288
vn -0.694284 0.715580 -0.076905
vn -0.936000 0.031039 0.350629
vn -0.917782 0.102444 0.383642
vn -0.707456 -0.185465 0.681989
vn -0.725549 -0.457156 0.514380
vn -0.887045 0.305861 0.345834
vn -0.887986 0.335067 0.314978
vn -0.508714 0.805053 0.305123
vn -0.524473 0.705137 0.477190
vn -0.974170 0.016642 0.225201
vn -0.967797 -0.010930 0.251496
vn -0.814735 -0.573875 0.082906
vn -0.882505 -0.467475 -0.051494
vn 0.417995 0.810571 0.410188
vn 0.416676 0.828828 0.373398
vn 0.789887 0.577637 0.205946
vn 0.781682 0.508510 0.361097
vn 0.288439 0.918925 0.269036
vn 0.250905 0.929421 0.270599
vn 0.121392 0.978981 -0.163889
vn 0.324751 0.931089 -0.166161
vn 0.192958 0.924760 0.328003
vn 0.194535 0.907042 0.373404
vn -0.267683 0.881576 0.388806
vn -0.262140 0.944140 0.199707
vn 0.305416 0.818457 0.486672
vn 0.342159 0.805704 0.483496
vn 0.343385 0.495574 0.797805
vn 0.153359 0.563641 0.811659
vn 0.389454 0.861333 0.326238
vn 0.338218 0.896934 0.284814
vn 0.533379 0.839221 -0.105906
vn 0.715213 0.698101 0.033561
vn 0.377344 0.799345 0.467610
vn 0.404434 0.800736 0.441877
vn 0.716382 0.462082 0.522759
vn 0.560158 0.452880 0.693630
vn 0.221807 0.874468 0.431402
vn 0.265296 0.839826 0.473614
vn -0.020118 0.650834 0.758953
vn -0.185214 0.772382 0.607554
vn 0.223077 0.933514 0.280692
vn 0.204113 0.932342 0.298456
vn -0.206455 0.977490 0.043472
vn -0.077060 0.992861 -0.091039
vn 0.564862 -0.743559 -0.357841
vn 0.539553 -0.760870 -0.360500
vn 0.539929 -0.841698 0.004553
vn 0.694569 -0.719426 0.000983
vn 0.506717 -0.769818 -0.388096
vn 0.499583 -0.755881 -0.423155
vn 0.108051 -0.893628 -0.435609
vn 0.142903 -0.945476 -0.292666
vn 0.563924 -0.637591 -0.524851
vn 0.584354 -0.621260 -0.522079
vn 0.471178 -0.381710 -0.795166
vn 0.340727 -0.496451 -0.798399
vn 0.620430 -0.613083 -0.489076
vn 0.629856 -0.629274 -0.455297
vn 0.894797 -0.324839 -0.306298
vn 0.854047 -0.270644 -0.444247
vn 0.510139 -0.717572 -0.474182
vn 0.536379 -0.669384 -0.514025
vn 0.226132 -0.627061 -0.745425
vn 0.132069 -0.780736 -0.610744
vn 0.527292 -0.768063 -0.363376
vn 0.519089 -0.771114 -0.368687
vn 0.214853 -0.962278 -0.166909
vn 0.353570 -0.933824 -0.054416
vn 0.594672 -0.614344 -0.518600
vn 0.605030 -0.610837 -0.510703
vn 0.771247 -0.250702 -0.585087
vn 0.631339 -0.285803 -0.720921
vn 0.621955 -0.667939 -0.408693
vn 0.595741 -0.712896 -0.369962
vn 0.808773 -0.586121 -0.048464
vn 0.885626 -0.436368 -0.158904
vn 0.992228 0.077817 0.097103
vn 0.994365 0.083940 0.064748
vn 0.960731 -0.268205 -0.071142
vn 0.949359 -0.295188 0.107615
vn 0.963490 0.173123 0.204243
vn 0.969976 0.141815 0.197575
vn 0.833122 -0.005439 0.553062
vn 0.804378 0.145429 0.576044
vn 0.988277 0.152553 0.006041
vn 0.982892 0.183724 0.012969
vn 0.884880 0.285881 -0.367776
vn 0.909977 0.135694 -0.391827
vn 0.961478 0.249251 0.115905
vn 0.958726 0.243338 0.147077
vn 0.783848 0.561133 0.265917
vn 0.802761 0.588954 0.093319
vn 0.994304 0.100908 0.034317
vn 0.992065 0.125030 0.013221
vn 0.931660 -0.012118 -0.363130
vn 0.953164 -0.165827 -0.252941
vn 0.975044 0.218270 0.040594
vn 0.966703 0.242949 0.080377
vn 0.825362 0.558607 -0.082072
vn 0.854957 0.448287 -0.260936
vn 0.979346 0.107989 0.170936
vn 0.987636 0.083944 0.132395
vn 0.922063 -0.266381 0.280787
vn 0.877237 -0.162378 0.451762
vn 0.957977 0.226376 0.176167
vn 0.959493 0.201500 0.196902
vn 0.782488 0.297551 0.546970
vn 0.773631 0.456371 0.439570
vn -0.241474 -0.839416 0.486899
vn -0.356318 -0.803417 0.477031
vn -0.298767 -0.927806 0.223416
vn -0.506986 -0.849167 0.147922
vn -0.493502 -0.869630 -0.014105
vn -0.295166 -0.954100 0.050709
vn -0.286566 -0.947990 0.138547
vn -0.189838 -0.957123 -0.218809
vn -0.073724 -0.974454 -0.212144
vn -0.165414 -0.984189 0.063322
vn -0.231919 -0.970094 0.071637
vn 0.059857 -0.988879 0.136146
vn 0.052396 -0.953973 0.295278
vn 0.072566 -0.975814 -0.206204
vn 0.063453 -0.997827 -0.017775
vn -0.451865 -0.865851 -0.214756
vn -0.308020 -0.924592 -0.224174
vn 0.034256 -0.876358 0.480441
vn -0.119455 -0.861931 0.492753
vn -0.490113 -0.738482 0.463070
vn -0.504551 -0.811960 0.293510
vn -0.462730 -0.884669 0.056937
vn -0.441565 -0.858233 0.261642
vn -0.711260 -0.672461 0.204708
vn -0.739597 -0.549729 -0.388323
vn -0.614689 -0.687897 -0.385947
vn -0.678380 -0.504985 0.533658
vn -0.773149 -0.351717 0.527764
vn -0.847379 -0.489028 0.206884
vn -0.787668 -0.586653 0.188193
vn -0.979504 -0.188337 0.071418
vn -0.973141 -0.189929 -0.130092
vn -0.440678 -0.818803 -0.367919
vn -0.463213 -0.874747 -0.142312
vn -0.914851 -0.184100 -0.359381
vn -0.837524 -0.389662 -0.383036
vn -0.853976 -0.153701 0.497092
vn -0.945288 -0.177503 0.273720
vn -0.392449 -0.779004 0.489015
vn -0.558894 -0.641776 0.525130
vn 0.067289 -0.644791 -0.761391
vn 0.082557 -0.773046 -0.628955
vn -0.207042 -0.704429 -0.678906
vn -0.182120 -0.891046 -0.415776
vn -0.339182 -0.859138 -0.383193
vn -0.383440 -0.664559 -0.641354
vn -0.295690 -0.678438 -0.672525
vn -0.660645 -0.418296 -0.623359
vn -0.661781 -0.282958 -0.694249
vn -0.418449 -0.488542 -0.765655
vn -0.392477 -0.578984 -0.714660
vn -0.348729 -0.217665 -0.911597
vn -0.182300 -0.240893 -0.953277
vn -0.646388 -0.110487 -0.754967
vn -0.495318 -0.180369 -0.849781
vn 0.115167 -0.887339 -0.446505
vn -0.049433 -0.898148 -0.436906
vn -0.538354 -0.770174 -0.342063
vn -0.629282 -0.585316 -0.511283
vn 0.022110 -0.269285 -0.962807
vn 0.052680 -0.483707 -0.873643
vn -0.459594 0.707900 0.536331
vn -0.355916 0.760135 0.543616
vn -0.433102 0.854284 0.287439
vn -0.233508 0.951098 0.202204
vn -0.232399 0.971636 0.043746
vn -0.434035 0.893877 0.112236
vn -0.446125 0.872389 0.199775
vn -0.455017 0.873977 -0.170656
vn -0.552461 0.814240 -0.178327
vn -0.543920 0.832573 0.104756
vn -0.490413 0.862732 0.123242
vn -0.712151 0.677491 0.183976
vn -0.699873 0.631846 0.333088
vn -0.221157 0.963298 -0.152139
vn -0.353423 0.921041 -0.163635
vn -0.221260 0.812651 0.539113
vn -0.230851 0.904278 0.359150
vn -0.665571 0.724460 -0.179371
vn -0.703946 0.709909 0.022101
vn -0.661693 0.554449 0.504727
vn -0.554914 0.644828 0.525611
vn -0.063601 0.625758 -0.777420
vn -0.236766 0.606379 -0.759109
vn -0.126732 0.796098 -0.591749
vn -0.434411 0.747720 -0.502197
vn -0.429965 0.816964 -0.384316
vn -0.119115 0.880138 -0.459532
vn -0.106293 0.842470 -0.528153
vn 0.052608 0.974960 -0.216068
vn 0.224574 0.952640 -0.205047
vn 0.103365 0.886799 -0.450447
vn -0.006159 0.882313 -0.470623
vn 0.409601 0.793987 -0.449235
vn 0.403085 0.717192 -0.568470
vn -0.398280 0.888440 -0.228139
vn -0.154116 0.962204 -0.224524
vn 0.419693 0.890275 -0.176829
vn 0.413682 0.848649 -0.329639
vn -0.435227 0.552465 -0.710886
vn -0.434985 0.668266 -0.603497
vn 0.372238 0.604787 -0.704040
vn 0.135199 0.628543 -0.765934
vn 0.211421 -0.246049 0.945918
vn 0.365488 -0.255371 0.895100
vn 0.282771 0.105671 0.953349
vn -0.271639 0.293776 0.916465
vn -0.259203 0.079717 0.962527
vn 0.569527 0.156241 0.806987
vn 0.554557 0.380758 0.739926
vn 0.270110 0.370147 0.888837
vn 0.258490 0.239430 0.935872
vn 0.114283 0.679638 0.724591
vn -0.056554 0.671873 0.738504
vn -0.210810 -0.188023 0.959274
vn 0.023313 -0.231656 0.972518
vn -0.257511 0.649075 0.715814
vn -0.266901 0.466504 0.843290
vn 0.530766 -0.268869 0.803739
vn 0.558744 -0.043258 0.828211
vn 0.490793 0.618658 0.613503
vn 0.289391 0.671155 0.682499
vn -0.988671 0.144430 -0.040874
vn -0.989422 -0.141599 -0.031528
vn -0.977704 -0.025234 0.208467
vn -0.871746 -0.423971 0.245577
vn -0.828996 -0.424571 0.364012
vn -0.931457 -0.008820 0.363746
vn -0.957756 0.009094 0.287438
vn -0.793367 0.150506 0.589845
vn -0.717812 0.421509 0.554145
vn -0.869563 0.342317 0.355920
vn -0.920467 0.169019 0.352383
vn -0.682548 0.697642 0.217772
vn -0.705295 0.701883 0.099597
vn -0.717347 0.695428 -0.042343
vn -0.903215 0.427210 -0.041151
vn -0.564888 0.684979 0.460115
vn -0.634136 0.698837 0.330906
vn -0.897361 -0.440856 -0.019744
vn -0.891013 -0.436871 0.123447
vn -0.758086 -0.422755 0.496572
vn -0.812071 -0.124196 0.570189
vn 0.641656 0.660455 0.389971
vn 0.663801 0.701965 0.258096
vn 0.399730 0.859174 0.319430
vn 0.324188 0.945333 0.035317
vn 0.159597 0.987182 0.001038
vn 0.214777 0.938460 0.270488
vn 0.303892 0.899436 0.314109
vn -0.066515 0.960167 0.271395
vn -0.084243 0.903882 0.419406
vn 0.212855 0.874327 0.436172
vn 0.232802 0.904944 0.356202
vn 0.223947 0.699450 0.678689
vn 0.368790 0.626866 0.686319
vn 0.538015 0.519145 0.664100
vn 0.605509 0.603442 0.518860
vn 0.672471 0.734953 0.087336
vn 0.492326 0.867957 0.065307
vn -0.035771 0.998695 -0.036439
vn -0.055941 0.989951 0.129877
vn -0.113720 0.802778 0.585334
vn 0.075644 0.757255 0.648723
vn 0.652307 -0.736532 -0.178935
vn 0.541471 -0.827295 -0.149636
vn 0.526267 -0.771281 -0.358007
vn 0.316571 -0.879440 -0.355483
vn 0.282120 -0.840806 -0.462011
vn 0.506610 -0.718920 -0.475920
vn 0.527436 -0.739039 -0.419086
vn 0.448984 -0.584451 -0.675892
vn 0.532510 -0.484328 -0.694161
vn 0.596594 -0.609612 -0.521966
vn 0.558591 -0.668208 -0.491400
vn 0.765218 -0.443998 -0.466161
vn 0.804839 -0.474024 -0.357121
vn 0.844131 -0.491276 -0.214686
vn 0.746070 -0.634371 -0.202368
vn 0.632007 -0.354579 -0.689087
vn 0.714335 -0.403747 -0.571589
vn 0.389723 -0.913469 -0.117009
vn 0.344995 -0.905030 -0.248794
vn 0.221564 -0.778376 -0.587401
vn 0.356244 -0.678828 -0.642093
vn 0.987609 -0.114897 0.106899
vn 0.992896 -0.115471 -0.028692
vn 0.994838 0.096883 0.030168
vn 0.899056 0.159485 0.407753
vn 0.912790 0.041856 0.406278
vn 0.966846 0.149434 -0.207073
vn 0.942558 0.263820 -0.204899
vn 0.974436 0.221687 0.036463
vn 0.986121 0.159575 0.045847
vn 0.896646 0.430568 0.103135
vn 0.872411 0.429337 0.233601
vn 0.974278 -0.110516 -0.196390
vn 0.977862 0.034058 -0.206461
vn 0.911214 -0.105741 0.398130
vn 0.964541 -0.111459 0.239244
vn 0.822699 0.413269 0.390352
vn 0.871995 0.275068 0.404923
vn 0.893284 0.403053 -0.198977
vn 0.905785 0.422606 -0.030954
vn 0.980676 -0.195472 -0.008040
vn 0.942185 -0.335092 0.000287
vn 0.862000 0.502292 -0.068257
vn 0.892008 0.413677 -0.182190
vn -0.943055 -0.254152 0.214604
vn 0.251404 -0.232992 0.939420
vn 0.273216 -0.421405 0.864737
vn 0.181161 0.574677 0.798077
vn 0.344287 0.449988 0.824001
vn 0.364343 -0.325575 -0.872499
vn 0.388480 -0.842133 -0.374026
vn -0.172228 0.982591 0.069663
vn 0.068320 0.878689 -0.472480
vn -0.827095 -0.190850 0.528669
vn -0.651009 0.617558 0.441373
vn -0.555510 -0.382857 -0.738125
vn -0.308800 0.598788 -0.738983
vn -0.444987 -0.895527 0.004223
vn -0.616459 0.784574 0.066496
vn 0.639305 0.084795 0.764263
vn 0.975273 0.060304 -0.212617
vn 0.919084 -0.259247 -0.296775
vn -0.798544 0.567895 0.199556
vn -0.643687 -0.381280 -0.663545
vn 0.472236 0.032133 0.880886
vn -0.356468 -0.235173 -0.904226
vn 0.233241 0.834094 -0.499886
vn 0.361810 -0.833054 -0.418467
vn 0.039903 0.919201 -0.391761
vn -0.370422 0.920096 -0.127321
vn -0.850239 -0.015436 0.526170
vn -0.269572 0.689418 -0.672334
vn -0.622420 0.751431 0.218961
vn 0.430272 -0.889052 0.156376
vn 0.511711 0.132400 0.848895
vn 0.314731 0.652566 0.689276
vn 0.856994 0.259909 0.444981
vn 0.844427 0.401491 0.354610
vn 0.780357 -0.593523 -0.196910
vn 0.642176 0.575814 0.506012
vn -0.937804 0.343817 0.048088
vn -0.241169 0.468083 0.850139
vn -0.164808 0.576301 0.800447
vn 0.042220 0.663875 -0.746651
vn -0.539100 0.714799 0.445459
vn -0.019404 -0.600233 -0.799590
vn -0.839559 -0.475415 -0.262910
vn -0.917289 -0.353047 -0.184227
vn -0.159785 -0.877103 0.452945
vn -0.355725 -0.830568 0.428505
vn -0.274523 -0.852090 0.445622
vn -0.964162 -0.261269 -0.046162
vn -0.967994 -0.233286 0.092545
vn -0.701437 -0.665268 -0.255743
vn -0.770784 -0.574447 -0.275505
vn 0.004407 -0.769548 -0.638574
vn 0.010517 -0.707330 -0.706805
vn -0.537304 0.836112 -0.110551
vn -0.458266 0.879639 -0.127384
vn -0.393706 0.789013 0.471651
vn -0.472949 0.748377 0.465029
vn -0.216540 0.634506 -0.741965
vn -0.105911 0.634294 -0.765803
vn -0.057681 0.621959 0.780922
vn 0.052320 0.617581 0.784765
vn 0.459489 0.275247 0.844458
vn 0.486775 0.140983 0.862075
vn -0.253342 0.145596 0.956357
vn -0.272791 0.329555 0.903869
vn -0.997860 0.025582 0.060170
vn -0.981157 0.190792 0.030482
vn 0.724655 0.641997 0.250430
vn 0.706752 0.594770 0.383080
vn 0.611366 -0.764006 -0.206220
vn 0.705000 -0.682251 -0.193671
vn 0.840227 0.500620 0.208323
vn 0.847071 0.527310 0.066440
vn 0.929776 0.285390 -0.232526
vn 0.956827 0.174068 -0.232770
vn 0.890129 0.030992 0.454654
vn 0.872672 0.139528 0.467949

# Mesh
g octotoad1
usemtl default
f 4/4/4 1/1/1 2/2/2
f 2/2/2 3/3/3 4/4/4
f 2/2/2 1/1/1 5/5/5
f 5/5/5 6/6/6 2/2/2
f 10/10/10 7/7/7 8/8/8
f 8/8/8 9/9/9 10/10/10
f 13/13/13 7/7/7 11/11/11
f 11/11/11 12/12/12 13/13/13
f 17/17/17 14/14/14 15/15/15
f 15/15/15 16/16/16 17/17/17
f 15/15/15 14/14/14 18/18/18
f 18/18/18 19/19/19 15/15/15
f 22/22/22 14/14/14 20/20/20
f 20/20/20 21/21/21 22/22/22
f 18/18/18 14/14/14 22/22/22
f 22/22/22 23/23/23 18/18/18
f 27/27/27 24/24/24 25/25/25
f 25/25/25 26/26/26 27/27/27
f 31/31/31 28/28/28 29/29/29
f 29/29/29 30/30/30 31/31/31
f 29/35/29 28/32/28 32/33/32
f 32/33/32 33/34/33 29/35/29
f 32/33/32 28/32/28 34/36/34
f 34/36/34 35/37/35 32/33/32
f 39/41/39 36/38/36 37/39/37
f 37/39/37 38/40/38 39/41/39
f 42/44/42 36/38/36 40/42/40
f 40/42/40 41/43/41 42/44/42
f 46/48/46 43/45/43 44/46/44
f 44/46/44 45/47/45 46/48/46
f 50/52/50 47/49/47 48/50/48
f 48/50/48 49/51/49 50/52/50
f 48/50/48 47/49/47 51/53/51
f 51/53/51 52/54/52 48/50/48
f 51/53/51 47/49/47 53/55/53
f 53/55/53 54/56/54 51/53/51
f 58/60/58 55/57/55 56/58/56
f 56/58/56 57/59/57 58/60/58
f 61/63/61 55/57/55 59/61/59
f 59/61/59 60/62/60 61/63/61
f 65/67/65 62/64/62 63/65/63
f 63/65/63 64/66/64 65/67/65
f 63/65/63 62/64/62 66/68/66
f 66/68/66 67/69/67 63/65/63
f 71/73/71 68/70/68 69/71/69
f 69/71/69 70/72/70 71/73/71
f 74/77/74 68/74/68 72/75/72
f 72/75/72 73/76/73 74/77/74
f 78/81/78 75/78/75 76/79/76
f 76/79/76 77/80/77 78/81/78
f 76/79/76 75/78/75 79/82/79
f 79/82/79 80/83/80 76/79/76
f 84/87/84 81/84/81 82/85/82
f 82/85/82 83/86/83 84/87/84
f 87/90/87 81/84/81 85/88/85
f 85/88/85 86/89/86 87/90/87
f 82/85/82 81/84/81 87/90/87
f 87/90/87 88/91/88 82/85/82
f 92/95/92 89/92/89 90/93/90
f 90/93/90 91/94/91 92/95/92
f 90/93/90 89/92/89 93/96/93
f 93/96/93 94/97/94 90/93/90
f 98/101/98 95/98/95 96/99/96
f 96/99/96 97/100/97 98/101/98
f 101/104/101 95/98/95 99/102/99
f 99/102/99 100/103/100 101/104/101
f 105/108/105 102/105/102 103/106/103
f 103/106/103 104/107/104 105/108/105
f 108/111/108 102/105/102 106/109/106
f 106/109/106 107/110/107 108/111/108
f 110/113/110 102/105/102 108/111/108
f 108/111/108 109/112/109 110/113/110
f 114/117/114 111/114/111 112/115/112
f 112/115/112 113/116/113 114/117/114
f 117/120/117 111/114/111 115/118/115
f 115/118/115 116/119/116 117/120/117
f 121/124/121 118/121/118 119/122/119
f 119/122/119 120/123/120 121/124/121
f 119/128/119 118/125/118 122/126/122
f 122/126/122 123/127/123 119/128/119
f 127/132/127 124/129/124 125/130/125
f 125/130/125 126/131/126 127/132/127
f 130/135/130 124/129/124 128/133/128
f 128/133/128 129/134/129 130/135/130
f 132/137/132 124/129/124 130/135/130
f 130/135/130 131/136/131 132/137/132
f 136/141/136 133/138/133 134/139/134
f 134/139/134 135/140/135 136/141/136
f 134/139/134 133/138/133 137/142/137
f 137/142/137 138/143/138 134/139/134
f 142/147/142 139/144/139 140/145/140
f 140/145/140 141/146/141 142/147/142
f 140/145/140 139/144/139 143/148/143
f 143/148/143 144/149/144 140/145/140
f 148/153/148 145/150/145 146/151/146
f 146/151/146 147/152/147 148/153/148
f 151/156/151 145/150/145 149/154/149
f 149/154/149 150/155/150 151/156/151
f 155/160/155 152/157/152 153/158/153
f 153/158/153 154/159/154 155/160/155
f 153/158/153 152/157/152 156/161/156
f 156/161/156 157/162/157 153/158/153
f 161/166/161 158/163/158 159/164/159
f 159/164/159 160/165/160 161/166/161
f 164/169/164 158/163/158 162/167/162
f 162/167/162 163/168/163 164/169/164
f 168/173/168 165/170/165 166/171/166
f 166/171/166 167/172/167 168/173/168
f 171/176/171 165/170/165 169/174/169
f 169/174/169 170/175/170 171/176/171
f 175/180/175 172/177/172 173/178/173
f 173/178/173 174/179/174 175/180/175
f 178/183/178 172/177/172 176/181/176
f 176/181/176 177/182/177 178/183/178
f 182/187/182 179/184/179 180/185/180
f 180/185/180 181/186/181 182/187/182
f 184/189/184 179/184/179 182/187/182
f 182/187/182 183/188/183 184/189/184
f 188/193/188 185/190/185 186/191/186
f 186/191/186 187/192/187 188/193/188
f 186/191/186 185/190/185 189/194/189
f 189/194/189 190/195/190 186/191/186
f 189/194/189 185/190/185 191/196/191
f 191/196/191 192/197/192 189/194/189
f 196/201/196 193/198/193 194/199/194
f 194/199/194 195/200/195 196/201/196
f 199/205/199 193/202/193 197/203/197
f 197/203/197 198/204/198 199/205/199
f 194/199/194 193/198/193 199/206/199
f 199/206/199 200/207/200 194/199/194
f 204/211/204 201/208/201 202/209/202
f 202/209/202 203/210/203 204/211/204
f 202/209/202 201/208/201 205/212/205
f 205/212/205 206/213/206 202/209/202
f 210/217/210 207/214/207 208/215/208
f 208/215/208 209/216/209 210/217/210
f 208/215/208 207/214/207 211/218/211
f 211/218/211 212/219/212 208/215/208
f 216/223/216 213/220/213 214/221/214
f 214/221/214 215/222/215 216/223/216
f 214/221/214 213/220/213 217/224/217
f 217/224/217 218/225/218 214/221/214
f 220/227/220 219/226/219 4/4/4
f 4/4/4 3/3/3 220/227/220
f 222/229/222 219/226/219 220/227/220
f 220/227/220 221/228/221 222/229/222
f 225/232/225 219/226/219 223/230/223
f 223/230/223 224/231/224 225/232/225
f 227/234/227 226/233/226 2/2/2
f 2/2/2 6/6/6 227/234/227
f 230/237/230 226/233/226 228/235/228
f 228/235/228 229/236/229 230/237/230
f 217/224/217 231/238/231 232/239/232
f 232/239/232 218/225/218 217/224/217
f 232/239/232 231/238/231 233/240/233
f 233/240/233 234/241/234 232/239/232
f 238/245/238 235/242/235 236/243/236
f 236/243/236 237/244/237 238/245/238
f 236/243/236 235/242/235 239/246/239
f 239/246/239 240/247/240 236/243/236
f 242/249/242 241/248/241 13/13/13
f 13/13/13 12/12/12 242/249/242
f 244/251/244 241/248/241 242/249/242
f 242/249/242 243/250/243 244/251/244
f 248/255/248 245/252/245 246/253/246
f 246/253/246 247/254/247 248/255/248
f 246/253/246 245/252/245 249/256/249
f 249/256/249 250/257/250 246/253/246
f 253/260/253 251/258/251 8/8/8
f 8/8/8 252/259/252 253/260/253
f 254/261/254 251/258/251 253/260/253
f 253/260/253 91/94/91 254/261/254
f 256/263/256 255/262/255 17/17/17
f 17/17/17 16/16/16 256/263/256
f 25/25/25 255/262/255 256/263/256
f 256/263/256 26/26/26 25/25/25
f 258/265/258 257/264/257 15/15/15
f 15/15/15 19/19/19 258/265/258
f 72/75/72 257/264/257 258/265/258
f 258/265/258 73/76/73 72/75/72
f 98/101/98 259/266/259 260/267/260
f 260/267/260 261/268/261 98/101/98
f 264/271/264 259/266/259 262/269/262
f 262/269/262 263/270/263 264/271/264
f 260/267/260 259/266/259 264/271/264
f 264/271/264 265/272/265 260/267/260
f 267/274/267 266/273/266 27/27/27
f 27/27/27 26/26/26 267/274/267
f 269/276/269 266/273/266 267/274/267
f 267/274/267 268/275/268 269/276/269
f 273/280/273 270/277/270 271/278/271
f 271/278/271 272/279/272 273/280/273
f 105/108/105 270/277/270 273/280/273
f 273/280/273 274/281/274 105/108/105
f 276/283/276 275/282/275 31/31/31
f 31/31/31 30/30/30 276/283/276
f 278/285/278 275/282/275 276/283/276
f 276/283/276 277/284/277 278/285/278
f 44/46/44 279/286/279 280/287/280
f 280/287/280 45/47/45 44/46/44
f 280/287/280 279/286/279 281/288/281
f 281/288/281 282/289/282 280/287/280
f 284/291/284 283/290/283 29/35/29
f 29/35/29 33/34/33 284/291/284
f 285/292/285 283/290/283 284/291/284
f 284/291/284 206/213/206 285/292/285
f 140/145/140 286/293/286 287/294/287
f 287/294/287 141/146/141 140/145/140
f 290/297/290 286/293/286 288/295/288
f 288/295/288 289/296/289 290/297/290
f 287/294/287 286/293/286 290/297/290
f 290/297/290 291/298/291 287/294/287
f 293/300/293 292/299/292 39/41/39
f 39/41/39 38/40/38 293/300/293
f 51/53/51 292/299/292 293/300/293
f 293/300/293 52/54/52 51/53/51
f 295/302/295 294/301/294 42/44/42
f 42/44/42 41/43/41 295/302/295
f 298/305/298 294/301/294 296/303/296
f 296/303/296 297/304/297 298/305/298
f 301/308/301 299/306/299 37/39/37
f 37/39/37 300/307/300 301/308/301
f 303/310/303 299/306/299 301/308/301
f 301/308/301 302/309/302 303/310/303
f 305/312/305 304/311/304 46/48/46
f 46/48/46 45/47/45 305/312/305
f 53/55/53 304/311/304 305/312/305
f 305/312/305 54/56/54 53/55/53
f 309/316/309 306/313/306 307/314/307
f 307/314/307 308/315/308 309/316/309
f 125/130/125 306/313/306 309/316/309
f 309/316/309 126/131/126 125/130/125
f 155/160/155 310/317/310 311/318/311
f 311/318/311 312/319/312 155/160/155
f 311/318/311 310/317/310 313/320/313
f 313/320/313 314/321/314 311/318/311
f 316/323/316 315/322/315 50/52/50
f 50/52/50 49/51/49 316/323/316
f 134/139/134 315/322/315 316/323/316
f 316/323/316 135/140/135 134/139/134
f 318/325/318 317/324/317 48/50/48
f 48/50/48 52/54/52 318/325/318
f 164/169/164 317/324/317 318/325/318
f 318/325/318 319/326/319 164/169/164
f 321/328/321 320/327/320 61/63/61
f 61/63/61 60/62/60 321/328/321
f 323/330/323 320/327/320 321/328/321
f 321/328/321 322/329/322 323/330/323
f 326/333/326 320/327/320 324/331/324
f 324/331/324 325/332/325 326/333/326
f 328/337/328 327/334/327 58/335/58
f 58/335/58 57/336/57 328/337/328
f 189/194/189 327/334/327 328/337/328
f 328/337/328 190/195/190 189/194/189
f 112/115/112 329/338/329 330/339/330
f 330/339/330 113/116/113 112/115/112
f 330/339/330 329/338/329 331/340/331
f 331/340/331 332/341/332 330/339/330
f 334/343/334 333/342/333 65/67/65
f 65/67/65 64/66/64 334/343/334
f 336/345/336 333/342/333 334/343/334
f 334/343/334 335/344/335 336/345/336
f 119/122/119 337/346/337 338/347/338
f 338/347/338 120/123/120 119/122/119
f 338/347/338 337/346/337 339/348/339
f 339/348/339 340/349/340 338/347/338
f 342/351/342 341/350/341 71/73/71
f 71/73/71 70/72/70 342/351/342
f 79/82/79 341/350/341 342/351/342
f 342/351/342 80/83/80 79/82/79
f 96/99/96 343/352/343 344/353/344
f 344/353/344 97/100/97 96/99/96
f 344/353/344 343/352/343 345/354/345
f 345/354/345 73/76/73 344/353/344
f 348/358/348 346/355/346 69/356/69
f 69/356/69 347/357/347 348/358/348
f 351/362/351 346/359/346 349/360/349
f 349/360/349 350/361/350 351/362/351
f 353/364/353 352/363/352 78/81/78
f 78/81/78 77/80/77 353/364/353
f 356/368/356 352/365/352 354/366/354
f 354/366/354 355/367/355 356/368/356
f 360/372/360 357/369/357 358/370/358
f 358/370/358 359/371/359 360/372/360
f 358/370/358 357/369/357 361/373/361
f 361/373/361 80/83/80 358/370/358
f 363/375/363 362/374/362 84/87/84
f 84/87/84 83/86/83 363/375/363
f 364/376/364 362/374/362 363/375/363
f 363/375/363 100/103/100 364/376/364
f 368/380/368 365/377/365 366/378/366
f 366/378/366 367/379/367 368/380/368
f 371/383/371 365/377/365 369/381/369
f 369/381/369 370/382/370 371/383/371
f 366/378/366 365/377/365 371/383/371
f 371/383/371 372/384/372 366/378/366
f 374/386/374 373/385/373 92/95/92
f 92/95/92 91/94/91 374/386/374
f 103/106/103 373/385/373 374/386/374
f 374/386/374 104/107/104 103/106/103
f 378/390/378 375/387/375 376/388/376
f 376/388/376 377/389/377 378/390/378
f 380/392/380 375/387/375 378/390/378
f 378/390/378 379/391/379 380/392/380
f 383/395/383 375/387/375 381/393/381
f 381/393/381 382/394/382 383/395/383
f 385/397/385 384/396/384 101/104/101
f 101/104/101 100/103/100 385/397/385
f 386/398/386 384/396/384 385/397/385
f 385/397/385 157/162/157 386/398/386
f 161/166/161 387/399/387 388/400/388
f 388/400/388 389/401/389 161/166/161
f 392/404/392 387/399/387 390/402/390
f 390/402/390 391/403/391 392/404/392
f 388/400/388 387/399/387 392/404/392
f 392/404/392 393/405/393 388/400/388
f 395/407/395 394/406/394 114/117/114
f 114/117/114 113/116/113 395/407/395
f 397/409/397 394/406/394 395/407/395
f 395/407/395 396/408/396 397/409/397
f 399/411/399 398/410/398 117/120/117
f 117/120/117 116/119/116 399/411/399
f 175/180/175 398/410/398 399/411/399
f 399/411/399 400/412/400 175/180/175
f 402/414/402 401/413/401 121/124/121
f 121/124/121 120/123/120 402/414/402
f 168/173/168 401/413/401 402/414/402
f 402/414/402 403/415/403 168/173/168
f 405/417/405 404/416/404 127/132/127
f 127/132/127 126/131/126 405/417/405
f 137/142/137 404/416/404 405/417/405
f 405/417/405 138/143/138 137/142/137
f 409/421/409 406/418/406 407/419/407
f 407/419/407 408/420/408 409/421/409
f 412/424/412 406/418/406 410/422/410
f 410/422/410 411/423/411 412/424/412
f 407/419/407 406/418/406 412/424/412
f 412/424/412 413/425/413 407/419/407
f 415/427/415 414/426/414 136/141/136
f 136/141/136 135/140/135 415/427/415
f 416/428/416 414/426/414 415/427/415
f 415/427/415 163/168/163 416/428/416
f 153/158/153 417/429/417 418/430/418
f 418/430/418 154/159/154 153/158/153
f 418/430/418 417/429/417 419/431/419
f 419/431/419 420/432/420 418/430/418
f 422/434/422 421/433/421 148/153/148
f 148/153/148 147/152/147 422/434/422
f 159/164/159 421/433/421 422/434/422
f 422/434/422 160/165/160 159/164/159
f 424/436/424 423/435/423 171/176/171
f 171/176/171 170/175/170 424/436/424
f 427/439/427 423/435/423 425/437/425
f 425/437/425 426/438/426 427/439/427
f 429/441/429 428/440/428 178/183/178
f 178/183/178 177/182/177 429/441/429
f 430/442/430 428/440/428 429/441/429
f 429/441/429 144/149/144 430/442/430
f 433/445/433 431/443/431 432/444/432
f 432/444/432 94/97/94 433/445/433
f 436/448/436 431/443/431 434/446/434
f 434/446/434 435/447/435 436/448/436
f 432/444/432 431/443/431 436/448/436
f 436/448/436 437/449/437 432/444/432
f 439/451/439 438/450/438 188/193/188
f 188/193/188 187/192/187 439/451/439
f 442/454/442 438/450/438 440/452/440
f 440/452/440 441/453/441 442/454/442
f 444/456/444 443/455/443 196/201/196
f 196/201/196 195/200/195 444/456/444
f 446/458/446 443/455/443 444/456/444
f 444/456/444 445/457/445 446/458/446
f 448/460/448 447/459/447 204/211/204
f 204/211/204 203/210/203 448/460/448
f 115/118/115 447/459/447 448/460/448
f 448/460/448 116/119/116 115/118/115
f 450/462/450 449/461/449 210/217/210
f 210/217/210 209/216/209 450/462/450
f 63/65/63 449/461/449 450/462/450
f 450/462/450 64/66/64 63/65/63
f 452/464/452 451/463/451 216/223/216
f 216/223/216 215/222/215 452/464/452
f 59/61/59 451/463/451 452/464/452
f 452/464/452 60/62/60 59/61/59
f 454/466/454 453/465/453 214/221/214
f 214/221/214 218/225/218 454/466/454
f 456/468/456 453/465/453 454/466/454
f 454/466/454 455/467/455 456/468/456
f 460/472/460 457/469/457 458/470/458
f 458/470/458 459/471/459 460/472/460
f 191/196/191 457/469/457 460/472/460
f 460/472/460 192/197/192 191/196/191
f 462/474/462 461/473/461 208/215/208
f 208/215/208 212/219/212 462/474/462
f 465/477/465 461/473/461 463/475/463
f 463/475/463 464/476/464 465/477/465
f 469/481/469 466/478/466 467/479/467
f 467/479/467 468/480/468 469/481/469
f 472/484/472 466/478/466 470/482/470
f 470/482/470 471/483/471 472/484/472
f 467/479/467 466/478/466 472/484/472
f 472/484/472 473/485/473 467/479/467
f 173/178/173 474/486/474 475/487/475
f 475/487/475 174/179/174 173/178/173
f 475/487/475 474/486/474 476/488/476
f 476/488/476 190/195/190 475/487/475
f 478/490/478 477/489/477 202/209/202
f 202/209/202 206/213/206 478/490/478
f 176/181/176 477/489/477 478/490/478
f 478/490/478 177/182/177 176/181/176
f 482/494/482 479/491/479 480/492/480
f 480/492/480 481/493/481 482/494/482
f 166/171/166 479/491/479 482/494/482
f 482/494/482 167/172/167 166/171/166
f 486/498/486 483/495/483 484/496/484
f 484/496/484 485/497/485 486/498/486
f 169/174/169 483/495/483 487/499/487
f 487/499/487 170/175/170 169/174/169
f 489/501/489 488/500/488 220/227/220
f 220/227/220 3/3/3 489/501/489
f 220/227/220 488/500/488 490/502/490
f 490/502/490 221/228/221 220/227/220
f 490/502/490 488/500/488 491/503/491
f 491/503/491 243/250/243 490/502/490
f 280/287/280 492/504/492 305/312/305
f 305/312/305 45/47/45 280/287/280
f 495/507/495 492/504/492 493/505/493
f 493/505/493 494/506/494 495/507/495
f 232/239/232 496/508/496 454/466/454
f 454/466/454 218/225/218 232/239/232
f 454/466/454 496/508/496 497/509/497
f 497/509/497 455/467/455 454/466/454
f 500/512/500 496/508/496 498/510/498
f 498/510/498 499/511/499 500/512/500
f 502/514/502 501/513/501 256/263/256
f 256/263/256 16/16/16 502/514/502
f 256/263/256 501/513/501 267/274/267
f 267/274/267 26/26/26 256/263/256
f 267/274/267 501/513/501 503/515/503
f 503/515/503 268/275/268 267/274/267
f 505/517/505 504/516/504 460/472/460
f 460/472/460 459/471/459 505/517/505
f 460/472/460 504/516/504 506/518/506
f 506/518/506 192/197/192 460/472/460
f 510/522/510 507/519/507 508/520/508
f 508/520/508 509/521/509 510/522/510
f 513/525/513 507/519/507 511/523/511
f 511/523/511 512/524/512 513/525/513
f 246/253/246 514/526/514 515/527/515
f 515/527/515 247/254/247 246/253/246
f 518/530/518 514/526/514 516/528/516
f 516/528/516 517/529/517 518/530/518
f 516/528/516 514/526/514 519/531/519
f 519/531/519 520/532/520 516/528/516
f 524/536/524 521/533/521 522/534/522
f 522/534/522 523/535/523 524/536/524
f 528/540/528 525/537/525 526/538/526
f 526/538/526 527/539/527 528/540/528
f 526/538/526 525/537/525 529/541/529
f 529/541/529 272/279/272 526/538/526
f 533/545/533 530/542/530 531/543/531
f 531/543/531 532/544/532 533/545/533
f 531/543/531 530/542/530 253/260/253
f 253/260/253 252/259/252 531/543/531
f 253/260/253 530/542/530 374/386/374
f 374/386/374 91/94/91 253/260/253
f 535/547/535 534/546/534 276/283/276
f 276/283/276 30/30/30 535/547/535
f 276/283/276 534/546/534 536/548/536
f 536/548/536 277/284/277 276/283/276
f 539/552/539 534/549/534 537/550/537
f 537/550/537 538/551/538 539/552/539
f 328/337/328 540/553/540 475/487/475
f 475/487/475 190/195/190 328/337/328
f 475/487/475 540/553/540 541/554/541
f 541/554/541 174/179/174 475/487/475
f 541/554/541 540/553/540 542/555/542
f 542/555/542 543/556/543 541/554/541
f 330/339/330 544/557/544 395/407/395
f 395/407/395 113/116/113 330/339/330
f 395/407/395 544/557/544 545/558/545
f 545/558/545 396/408/396 395/407/395
f 548/562/548 544/559/544 546/560/546
f 546/560/546 547/561/547 548/562/548
f 550/564/550 549/563/549 342/351/342
f 342/351/342 70/72/70 550/564/550
f 342/351/342 549/563/549 358/370/358
f 358/370/358 80/83/80 342/351/342
f 358/370/358 549/563/549 551/565/551
f 551/565/551 359/371/359 358/370/358
f 555/569/555 552/566/552 553/567/553
f 553/567/553 554/568/554 555/569/555
f 553/567/553 552/566/552 309/316/309
f 309/316/309 308/315/308 553/567/553
f 309/316/309 552/566/552 405/417/405
f 405/417/405 126/131/126 309/316/309
f 559/573/559 556/570/556 557/571/557
f 557/571/557 558/572/558 559/573/559
f 562/576/562 556/570/556 560/574/560
f 560/574/560 561/575/561 562/576/562
f 478/490/478 563/577/563 429/441/429
f 429/441/429 177/182/177 478/490/478
f 429/441/429 563/577/563 564/578/564
f 564/578/564 144/149/144 429/441/429
f 564/578/564 563/577/563 565/579/565
f 565/579/565 566/580/566 564/578/564
f 385/397/385 567/581/567 568/582/568
f 568/582/568 157/162/157 385/397/385
f 571/585/571 567/581/567 569/583/569
f 569/583/569 570/584/570 571/585/571
f 573/587/573 572/586/572 482/494/482
f 482/494/482 481/493/481 573/587/573
f 482/494/482 572/586/572 574/588/574
f 574/588/574 167/172/167 482/494/482
f 578/592/578 575/589/575 576/590/576
f 576/590/576 577/591/577 578/592/578
f 581/595/581 575/589/575 579/593/579
f 579/593/579 580/594/580 581/595/581
f 583/597/583 582/596/582 293/300/293
f 293/300/293 38/40/38 583/597/583
f 293/300/293 582/596/582 318/325/318
f 318/325/318 52/54/52 293/300/293
f 318/325/318 582/596/582 584/598/584
f 584/598/584 319/326/319 318/325/318
f 588/602/588 585/599/585 586/600/586
f 586/600/586 587/601/587 588/602/588
f 592/606/592 589/603/589 590/604/590
f 590/604/590 591/605/591 592/606/592
f 590/604/590 589/603/589 593/607/593
f 593/607/593 594/608/594 590/604/590
f 597/611/597 589/603/589 595/609/595
f 595/609/595 596/610/596 597/611/597
f 601/615/601 598/612/598 599/613/599
f 599/613/599 600/614/600 601/615/601
f 604/618/604 598/612/598 602/616/602
f 602/616/602 603/617/603 604/618/604
f 606/620/606 605/619/605 316/323/316
f 316/323/316 49/51/49 606/620/606
f 316/323/316 605/619/605 415/427/415
f 415/427/415 135/140/135 316/323/316
f 610/624/610 607/621/607 608/622/608
f 608/622/608 609/623/609 610/624/610
f 378/390/378 607/621/607 611/625/611
f 611/625/611 379/391/379 378/390/378
f 613/627/613 612/626/612 452/464/452
f 452/464/452 215/222/215 613/627/613
f 452/464/452 612/626/612 321/328/321
f 321/328/321 60/62/60 452/464/452
f 321/328/321 612/626/612 614/628/614
f 614/628/614 322/329/322 321/328/321
f 618/632/618 615/629/615 616/630/616
f 616/630/616 617/631/617 618/632/618
f 616/630/616 615/629/615 619/633/619
f 619/633/619 620/634/620 616/630/616
f 619/633/619 615/629/615 621/635/621
f 621/635/621 240/247/240 619/633/619
f 623/637/623 622/636/622 450/462/450
f 450/462/450 209/216/209 623/637/623
f 450/462/450 622/636/622 624/638/624
f 624/638/624 64/66/64 450/462/450
f 628/642/628 625/639/625 626/640/626
f 626/640/626 627/641/627 628/642/628
f 626/640/626 625/639/625 629/643/629
f 629/643/629 630/644/630 626/640/626
f 634/648/634 631/645/631 632/646/632
f 632/646/632 633/647/633 634/648/634
f 632/646/632 631/645/631 635/649/635
f 635/649/635 636/650/636 632/646/632
f 639/653/639 631/645/631 637/651/637
f 637/651/637 638/652/638 639/653/639
f 399/411/399 640/654/640 641/655/641
f 641/655/641 400/412/400 399/411/399
f 641/655/641 640/654/640 448/460/448
f 448/460/448 203/210/203 641/655/641
f 645/659/645 642/656/642 643/657/643
f 643/657/643 644/658/644 645/659/645
f 647/661/647 642/656/642 646/660/646
f 646/660/646 300/307/300 647/661/647
f 402/414/402 648/662/648 649/663/649
f 649/663/649 403/415/403 402/414/402
f 649/663/649 648/662/648 650/664/650
f 650/664/650 651/665/651 649/663/649
f 653/667/653 652/666/652 82/85/82
f 82/85/82 88/91/88 653/667/653
f 369/381/369 652/666/652 653/667/653
f 653/667/653 370/382/370 369/381/369
f 655/669/655 654/668/654 442/454/442
f 442/454/442 441/453/441 655/669/655
f 85/88/85 654/668/654 655/669/655
f 655/669/655 86/89/86 85/88/85
f 657/671/657 656/670/656 439/451/439
f 439/451/439 187/192/187 657/671/657
f 635/649/635 656/670/656 657/671/657
f 657/671/657 636/650/636 635/649/635
f 659/673/659 658/672/658 366/378/366
f 366/378/366 372/384/372 659/673/659
f 637/651/637 658/672/658 659/673/659
f 659/673/659 638/652/638 637/651/637
f 663/677/663 660/674/660 661/675/661
f 661/675/661 662/676/662 663/677/663
f 667/681/667 664/678/664 665/679/665
f 665/679/665 666/680/666 667/681/667
f 281/288/281 664/678/664 667/681/667
f 667/681/667 282/289/282 281/288/281
f 669/683/669 668/682/668 32/33/32
f 32/33/32 35/37/35 669/683/669
f 288/295/288 668/682/668 669/683/669
f 669/683/669 289/296/289 288/295/288
f 673/687/673 670/684/670 671/685/671
f 671/685/671 672/686/672 673/687/673
f 599/613/599 670/684/670 673/687/673
f 673/687/673 600/614/600 599/613/599
f 675/689/675 674/688/674 287/294/287
f 287/294/287 291/298/291 675/689/675
f 602/616/602 674/688/674 675/689/675
f 675/689/675 603/617/603 602/616/602
f 679/693/679 676/690/676 677/691/677
f 677/691/677 678/692/678 679/693/679
f 677/696/677 676/690/676 680/694/680
f 680/694/680 681/695/681 677/696/677
f 683/698/683 682/697/682 132/137/132
f 132/137/132 131/136/131 683/698/683
f 410/700/410 682/697/682 683/698/683
f 683/698/683 411/699/411 410/700/410
f 685/702/685 684/701/684 351/362/351
f 351/362/351 350/361/350 685/702/685
f 128/133/128 684/701/684 685/702/685
f 685/702/685 129/134/129 128/133/128
f 687/704/687 686/703/686 348/358/348
f 348/358/348 347/357/347 687/704/687
f 593/607/593 686/703/686 687/704/687
f 687/704/687 594/608/594 593/607/593
f 689/706/689 688/705/688 407/419/407
f 407/419/407 413/425/413 689/706/689
f 595/609/595 688/705/688 689/706/689
f 689/706/689 596/610/596 595/609/595
f 693/710/693 690/707/690 691/708/691
f 691/708/691 692/709/692 693/710/693
f 695/712/695 694/711/694 380/392/380
f 380/392/380 379/391/379 695/712/695
f 146/151/146 694/711/694 695/712/695
f 695/712/695 147/152/147 146/151/146
f 697/714/697 696/713/696 427/439/427
f 427/439/427 426/438/426 697/714/697
f 149/154/149 696/713/696 697/714/697
f 697/714/697 150/155/150 149/154/149
f 487/499/487 698/715/698 424/436/424
f 424/436/424 170/175/170 487/499/487
f 700/717/700 698/715/698 487/499/487
f 487/499/487 699/716/699 700/717/700
f 702/719/702 701/718/701 383/395/383
f 383/395/383 382/394/382 702/719/702
f 576/590/576 701/718/701 702/719/702
f 702/719/702 577/591/577 576/590/576
f 706/723/706 703/720/703 704/721/704
f 704/721/704 705/722/705 706/723/706
f 708/725/708 707/724/707 110/113/110
f 110/113/110 109/112/109 708/725/708
f 390/402/390 707/724/707 708/725/708
f 708/725/708 391/403/391 390/402/390
f 710/727/710 709/726/709 356/368/356
f 356/368/356 355/367/355 710/727/710
f 106/109/106 709/726/709 710/727/710
f 710/727/710 107/110/107 106/109/106
f 712/729/712 711/728/711 353/364/353
f 353/364/353 77/80/77 712/729/712
f 557/571/557 711/728/711 712/729/712
f 712/729/712 558/572/558 557/571/557
f 714/731/714 713/730/713 388/400/388
f 388/400/388 393/405/393 714/731/714
f 560/574/560 713/730/713 714/731/714
f 714/731/714 561/575/561 560/574/560
f 718/735/718 715/732/715 716/733/716
f 716/733/716 717/734/717 718/735/718
f 722/739/722 719/736/719 720/737/720
f 720/737/720 721/738/721 722/739/722
f 339/348/339 719/736/719 722/739/722
f 722/739/722 340/349/340 339/348/339
f 724/741/724 723/740/723 323/330/323
f 323/330/323 322/329/322 724/741/724
f 66/68/66 723/740/723 724/741/724
f 724/741/724 67/69/67 66/68/66
f 727/744/727 725/742/725 726/743/726
f 726/743/726 123/127/123 727/744/727
f 545/558/545 725/742/725 727/744/727
f 727/744/727 396/408/396 545/558/545
f 729/746/729 728/745/728 326/333/326
f 326/333/326 325/332/325 729/746/729
f 546/560/546 728/745/728 729/746/729
f 729/746/729 547/561/547 546/560/546
f 733/750/733 730/747/730 731/748/731
f 731/748/731 732/749/732 733/750/733
f 731/748/731 730/747/730 734/751/734
f 734/751/734 735/752/735 731/748/731
f 737/754/737 736/753/736 194/199/194
f 194/199/194 200/207/200 737/754/737
f 470/482/470 736/753/736 737/754/737
f 737/754/737 471/483/471 470/482/470
f 739/756/739 738/755/738 298/305/298
f 298/305/298 297/304/297 739/756/739
f 197/203/197 738/755/738 739/756/739
f 739/756/739 198/204/198 197/203/197
f 741/758/741 740/757/740 295/302/295
f 295/302/295 41/43/41 741/758/741
f 536/548/536 740/757/740 741/758/741
f 741/758/741 277/284/277 536/548/536
f 743/760/743 742/759/742 467/479/467
f 467/479/467 473/485/473 743/760/743
f 537/550/537 742/759/742 743/760/743
f 743/760/743 538/551/538 537/550/537
f 747/764/747 744/761/744 745/762/745
f 745/762/745 746/763/746 747/764/747
f 749/766/749 748/765/748 184/189/184
f 184/189/184 183/188/183 749/766/749
f 434/446/434 748/765/748 749/766/749
f 749/766/749 435/447/435 434/446/434
f 751/768/751 750/767/750 465/477/465
f 465/477/465 464/476/464 751/768/751
f 180/185/180 750/767/750 751/768/751
f 751/768/751 181/186/181 180/185/180
f 753/770/753 752/769/752 462/474/462
f 462/474/462 212/219/212 753/770/753
f 515/527/515 752/769/752 753/770/753
f 753/770/753 247/254/247 515/527/515
f 755/772/755 754/771/754 432/444/432
f 432/444/432 437/449/437 755/772/755
f 516/528/516 754/771/754 755/772/755
f 755/772/755 517/529/517 516/528/516
f 759/776/759 756/773/756 757/774/757
f 757/774/757 758/775/758 759/776/759
f 761/778/761 760/777/760 18/18/18
f 18/18/18 23/23/23 761/778/761
f 262/269/262 760/777/760 761/778/761
f 761/778/761 263/270/263 262/269/262
f 763/780/763 762/779/762 230/237/230
f 230/237/230 229/236/229 763/780/763
f 20/20/20 762/779/762 763/780/763
f 763/780/763 21/21/21 20/20/20
f 765/782/765 764/781/764 227/234/227
f 227/234/227 6/6/6 765/782/765
f 508/520/508 764/781/764 765/782/765
f 765/782/765 509/521/509 508/520/508
f 767/784/767 766/783/766 260/267/260
f 260/267/260 265/272/265 767/784/767
f 511/523/511 766/783/766 767/784/767
f 767/784/767 512/524/512 511/523/511
f 771/788/771 768/785/768 769/786/769
f 769/786/769 770/787/770 771/788/771
f 773/790/773 772/789/772 10/10/10
f 10/10/10 9/9/9 773/790/773
f 249/256/249 772/789/772 773/790/773
f 773/790/773 250/257/250 249/256/249
f 775/792/775 774/791/774 222/229/222
f 222/229/222 221/228/221 775/792/775
f 11/11/11 774/791/774 775/792/775
f 775/792/775 12/12/12 11/11/11
f 779/796/779 776/793/776 777/794/777
f 777/794/777 778/795/778 779/796/779
f 497/509/497 776/793/776 779/796/779
f 779/796/779 455/467/455 497/509/497
f 781/798/781 780/797/780 225/232/225
f 225/232/225 224/231/224 781/798/781
f 498/510/498 780/797/780 781/798/781
f 781/798/781 499/511/499 498/510/498
f 785/802/785 782/799/782 783/800/783
f 783/800/783 784/801/784 785/802/785
f 783/800/783 782/799/782 786/803/786
f 786/803/786 787/804/787 783/800/783
f 490/502/490 788/805/788 775/792/775
f 775/792/775 221/228/221 490/502/490
f 491/503/491 789/806/789 790/807/790
f 790/807/790 243/250/243 491/503/491
f 790/807/790 789/806/789 791/808/791
f 791/808/791 792/809/792 790/807/790
f 493/505/493 793/810/793 794/811/794
f 794/811/794 494/506/494 493/505/493
f 794/811/794 793/810/793 667/681/667
f 667/681/667 666/680/666 794/811/794
f 796/813/796 795/812/795 779/796/779
f 779/796/779 778/795/778 796/813/796
f 233/240/233 797/814/797 798/815/798
f 798/815/798 234/241/234 233/240/233
f 239/246/239 799/816/799 5/5/5
f 5/5/5 240/247/240 239/246/239
f 5/5/5 799/816/799 765/782/765
f 765/782/765 6/6/6 5/5/5
f 99/102/99 800/817/800 364/376/364
f 364/376/364 100/103/100 99/102/99
f 364/376/364 800/817/800 801/818/801
f 801/818/801 802/819/802 364/376/364
f 211/218/211 803/820/803 753/770/753
f 753/770/753 212/219/212 211/218/211
f 90/93/90 804/821/804 254/261/254
f 254/261/254 91/94/91 90/93/90
f 254/261/254 804/821/804 805/822/805
f 805/822/805 520/532/520 254/261/254
f 519/531/519 806/823/806 807/824/807
f 807/824/807 520/532/520 519/531/519
f 807/824/807 806/823/806 773/790/773
f 773/790/773 9/9/9 807/824/807
f 522/534/522 808/825/808 809/826/809
f 809/826/809 523/535/523 522/534/522
f 529/541/529 810/827/810 273/280/273
f 273/280/273 272/279/272 529/541/529
f 273/280/273 810/827/810 811/828/811
f 811/828/811 274/281/274 273/280/273
f 205/212/205 812/829/812 285/292/285
f 285/292/285 206/213/206 205/212/205
f 285/292/285 812/829/812 813/830/813
f 813/830/813 814/831/814 285/292/285
f 40/42/40 815/832/815 741/758/741
f 741/758/741 41/43/41 40/42/40
f 331/836/331 816/833/816 817/834/817
f 817/834/817 332/835/332 331/836/331
f 122/126/122 818/837/818 727/744/727
f 727/744/727 123/127/123 122/126/122
f 551/565/551 819/838/819 820/839/820
f 820/839/820 359/371/359 551/565/551
f 820/839/820 819/838/819 821/840/821
f 821/840/821 822/841/822 820/839/820
f 361/373/361 823/842/823 76/79/76
f 76/79/76 80/83/80 361/373/361
f 76/79/76 823/842/823 712/729/712
f 712/729/712 77/80/77 76/79/76
f 162/167/162 824/843/824 416/428/416
f 416/428/416 163/168/163 162/167/162
f 416/428/416 824/843/824 825/844/825
f 825/844/825 826/845/826 416/428/416
f 565/579/565 827/846/827 828/847/828
f 828/847/828 566/580/566 565/579/565
f 569/583/569 829/848/829 830/849/830
f 830/849/830 570/584/570 569/583/569
f 579/593/579 831/850/831 832/851/832
f 832/851/832 580/594/580 579/593/579
f 93/96/93 833/852/833 433/445/433
f 433/445/433 94/97/94 93/96/93
f 433/445/433 833/852/833 834/853/834
f 834/853/834 835/854/835 433/445/433
f 586/858/586 836/855/836 837/856/837
f 837/856/837 587/857/587 586/858/586
f 345/354/345 838/859/838 74/77/74
f 74/77/74 73/76/73 345/354/345
f 74/77/74 838/859/838 687/704/687
f 687/704/687 347/357/347 74/77/74
f 156/161/156 839/860/839 386/398/386
f 386/398/386 157/162/157 156/161/156
f 386/398/386 839/860/839 840/861/840
f 840/861/840 841/862/841 386/398/386
f 313/320/313 842/863/842 843/864/843
f 843/864/843 314/321/314 313/320/313
f 843/864/843 842/863/842 673/687/673
f 673/687/673 672/686/672 843/864/843
f 419/431/419 844/865/844 845/866/845
f 845/866/845 420/432/420 419/431/419
f 608/622/608 846/867/846 847/868/847
f 847/868/847 609/623/609 608/622/608
f 611/625/611 848/869/848 695/712/695
f 695/712/695 379/391/379 611/625/611
f 614/628/614 849/870/849 724/741/724
f 724/741/724 322/329/322 614/628/614
f 621/635/621 850/871/850 236/243/236
f 236/243/236 240/247/240 621/635/621
f 236/243/236 850/871/850 851/872/851
f 851/872/851 237/244/237 236/243/236
f 624/638/624 852/873/852 334/343/334
f 334/343/334 64/66/64 624/638/624
f 334/343/334 852/873/852 853/874/853
f 853/874/853 335/344/335 334/343/334
f 629/643/629 854/875/854 855/876/855
f 855/876/855 630/644/630 629/643/629
f 476/488/476 856/877/856 186/191/186
f 186/191/186 190/195/190 476/488/476
f 186/191/186 856/877/856 657/671/657
f 657/671/657 187/192/187 186/191/186
f 143/148/143 857/878/857 430/442/430
f 430/442/430 144/149/144 143/148/143
f 430/442/430 857/878/857 858/879/858
f 858/879/858 859/880/859 430/442/430
f 643/657/643 860/881/860 861/882/861
f 861/882/861 644/658/644 643/657/643
f 861/882/861 860/881/860 862/883/862
f 862/883/862 863/884/863 861/882/861
f 646/660/646 864/885/864 301/308/301
f 301/308/301 300/307/300 646/660/646
f 301/308/301 864/885/864 865/886/865
f 865/886/865 302/309/302 301/308/301
f 650/664/650 866/887/866 867/888/867
f 867/888/867 651/665/651 650/664/650
f 867/888/867 866/887/866 722/739/722
f 722/739/722 721/738/721 867/888/867
f 871/892/871 868/889/868 869/890/869
f 869/890/869 870/891/870 871/892/871
f 875/896/875 872/893/872 873/894/873
f 873/894/873 874/895/874 875/896/875
f 879/900/879 876/897/876 877/898/877
f 877/898/877 878/899/878 879/900/879
f 883/904/883 880/901/880 881/902/881
f 881/902/881 882/903/882 883/904/883
f 887/908/887 884/905/884 885/906/885
f 885/906/885 886/907/886 887/908/887
f 881/902/881 884/905/884 887/908/887
f 887/908/887 882/903/882 881/902/881
f 891/912/891 888/909/888 889/910/889
f 889/910/889 890/911/890 891/912/891
f 877/898/877 888/909/888 891/912/891
f 891/912/891 878/899/878 877/898/877
f 895/916/895 892/913/892 893/914/893
f 893/914/893 894/915/894 895/916/895
f 869/890/869 892/913/892 895/916/895
f 895/916/895 870/891/870 869/890/869
f 899/920/899 896/917/896 897/918/897
f 897/918/897 898/919/898 899/920/899
f 873/894/873 896/917/896 899/920/899
f 899/920/899 874/895/874 873/894/873
f 903/924/903 900/921/900 901/922/901
f 901/922/901 902/923/902 903/924/903
f 907/928/907 904/925/904 905/926/905
f 905/926/905 906/927/906 907/928/907
f 911/932/911 908/929/908 909/930/909
f 909/930/909 910/931/910 911/932/911
f 915/936/915 912/933/912 913/934/913
f 913/934/913 914/935/914 915/936/915
f 919/940/919 916/937/916 917/938/917
f 917/938/917 918/939/918 919/940/919
f 909/930/909 916/937/916 919/940/919
f 919/940/919 910/931/910 909/930/909
f 923/944/923 920/941/920 921/942/921
f 921/942/921 922/943/922 923/944/923
f 913/934/913 920/941/920 923/944/923
f 923/944/923 914/935/914 913/934/913
f 927/948/927 924/945/924 925/946/925
f 925/946/925 926/947/926 927/948/927
f 901/922/901 924/949/924 927/950/927
f 927/950/927 902/923/902 901/922/901
f 931/954/931 928/951/928 929/952/929
f 929/952/929 930/953/930 931/954/931
f 905/926/905 928/955/928 931/956/931
f 931/956/931 906/927/906 905/926/905
f 935/960/935 932/957/932 933/958/933
f 933/958/933 934/959/934 935/960/935
f 939/964/939 936/961/936 937/962/937
f 937/962/937 938/963/938 939/964/939
f 943/968/943 940/965/940 941/966/941
f 941/966/941 942/967/942 943/968/943
f 947/972/947 944/969/944 945/970/945
f 945/970/945 946/971/946 947/972/947
f 951/976/951 948/973/948 949/974/949
f 949/974/949 950/975/950 951/976/951
f 933/958/933 948/973/948 951/976/951
f 951/976/951 934/959/934 933/958/933
f 955/980/955 952/977/952 953/978/953
f 953/978/953 954/979/954 955/980/955
f 941/966/941 952/977/952 955/980/955
f 955/980/955 942/967/942 941/966/941
f 959/984/959 956/981/956 957/982/957
f 957/982/957 958/983/958 959/984/959
f 937/962/937 956/985/956 959/986/959
f 959/986/959 938/963/938 937/962/937
f 963/990/963 960/987/960 961/988/961
f 961/988/961 962/989/962 963/990/963
f 945/970/945 960/987/960 963/990/963
f 963/990/963 946/971/946 945/970/945
f 967/994/967 964/991/964 965/992/965
f 965/992/965 966/993/966 967/994/967
f 971/998/971 968/995/968 969/996/969
f 969/996/969 970/997/970 971/998/971
f 975/1002/975 972/999/972 973/1000/973
f 973/1000/973 974/1001/974 975/1002/975
f 979/1006/979 976/1003/976 977/1004/977
f 977/1004/977 978/1005/978 979/1006/979
f 983/1010/983 980/1007/980 981/1008/981
f 981/1008/981 982/1009/982 983/1010/983
f 965/992/965 980/1007/980 983/1010/983
f 983/1010/983 966/993/966 965/992/965
f 987/1014/987 984/1011/984 985/1012/985
f 985/1012/985 986/1013/986 987/1014/987
f 977/1004/977 984/1011/984 987/1014/987
f 987/1014/987 978/1005/978 977/1004/977
f 991/1018/991 988/1015/988 989/1016/989
f 989/1016/989 990/1017/990 991/1018/991
f 969/996/969 988/1015/988 991/1018/991
f 991/1018/991 970/997/970 969/996/969
f 995/1022/995 992/1019/992 993/1020/993
f 993/1020/993 994/1021/994 995/1022/995
f 973/1000/973 992/1019/992 995/1022/995
f 995/1022/995 974/1001/974 973/1000/973
f 999/1026/999 996/1023/996 997/1024/997
f 997/1024/997 998/1025/998 999/1026/999
f 1003/1030/1003 1000/1027/1000 1001/1028/1001
f 1001/1028/1001 1002/1029/1002 1003/1030/1003
f 1007/1034/1007 1004/1031/1004 1005/1032/1005
f 1005/1032/1005 1006/1033/1006 1007/1034/1007
f 1011/1038/1011 1008/1035/1008 1009/1036/1009
f 1009/1036/1009 1010/1037/1010 1011/1038/1011
f 1015/1042/1015 1012/1039/1012 1013/1040/1013
f 1013/1040/1013 1014/1041/1014 1015/1042/1015
f 1005/1032/1005 1012/1039/1012 1015/1042/1015
f 1015/1042/1015 1006/1033/1006 1005/1032/1005
f 1019/1046/1019 1016/1043/1016 1017/1044/1017
f 1017/1044/1017 1018/1045/1018 1019/1046/1019
f 1009/1036/1009 1016/1043/1016 1019/1046/1019
f 1019/1046/1019 1010/1037/1010 1009/1036/1009
f 1023/1050/1023 1020/1047/1020 1021/1048/1021
f 1021/1048/1021 1022/1049/1022 1023/1050/1023
f 1001/1028/1001 1020/1051/1020 1023/1052/1023
f 1023/1052/1023 1002/1029/1002 1001/1028/1001
f 1027/1056/1027 1024/1053/1024 1025/1054/1025
f 1025/1054/1025 1026/1055/1026 1027/1056/1027
f 997/1024/997 1024/1053/1024 1027/1056/1027
f 1027/1056/1027 998/1025/998 997/1024/997
f 1031/1060/1031 1028/1057/1028 1029/1058/1029
f 1029/1058/1029 1030/1059/1030 1031/1060/1031
f 1035/1064/1035 1032/1061/1032 1033/1062/1033
f 1033/1062/1033 1034/1063/1034 1035/1064/1035
f 1039/1068/1039 1036/1065/1036 1037/1066/1037
f 1037/1066/1037 1038/1067/1038 1039/1068/1039
f 1043/1072/1043 1040/1069/1040 1041/1070/1041
f 1041/1070/1041 1042/1071/1042 1043/1072/1043
f 1047/1076/1047 1044/1073/1044 1045/1074/1045
f 1045/1074/1045 1046/1075/1046 1047/1076/1047
f 1037/1066/1037 1044/1077/1044 1047/1078/1047
f 1047/1078/1047 1038/1067/1038 1037/1066/1037
f 1051/1082/1051 1048/1079/1048 1049/1080/1049
f 1049/1080/1049 1050/1081/1050 1051/1082/1051
f 1041/1070/1041 1048/1079/1048 1051/1082/1051
f 1051/1082/1051 1042/1071/1042 1041/1070/1041
f 1055/1086/1055 1052/1083/1052 1053/1084/1053
f 1053/1084/1053 1054/1085/1054 1055/1086/1055
f 1033/1062/1033 1052/1083/1052 1055/1086/1055
f 1055/1086/1055 1034/1063/1034 1033/1062/1033
f 1059/1090/1059 1056/1087/1056 1057/1088/1057
f 1057/1088/1057 1058/1089/1058 1059/1090/1059
f 1029/1058/1029 1056/1091/1056 1059/1092/1059
f 1059/1092/1059 1030/1059/1030 1029/1058/1029
f 1063/1096/1063 1060/1093/1060 1061/1094/1061
f 1061/1094/1061 1062/1095/1062 1063/1096/1063
f 1067/1100/1067 1064/1097/1064 1065/1098/1065
f 1065/1098/1065 1066/1099/1066 1067/1100/1067
f 1071/1104/1071 1068/1101/1068 1069/1102/1069
f 1069/1102/1069 1070/1103/1070 1071/1104/1071
f 1075/1108/1075 1072/1105/1072 1073/1106/1073
f 1073/1106/1073 1074/1107/1074 1075/1108/1075
f 1079/1112/1079 1076/1109/1076 1077/1110/1077
f 1077/1110/1077 1078/1111/1078 1079/1112/1079
f 1073/1106/1073 1076/1109/1076 1079/1112/1079
f 1079/1112/1079 1074/1107/1074 1073/1106/1073
f 1083/1116/1083 1080/1113/1080 1081/1114/1081
f 1081/1114/1081 1082/1115/1082 1083/1116/1083
f 1065/1098/1065 1080/1113/1080 1083/1116/1083
f 1083/1116/1083 1066/1099/1066 1065/1098/1065
f 1087/1120/1087 1084/1117/1084 1085/1118/1085
f 1085/1118/1085 1086/1119/1086 1087/1120/1087
f 1069/1102/1069 1084/1121/1084 1087/1122/1087
f 1087/1122/1087 1070/1103/1070 1069/1102/1069
f 1091/1126/1091 1088/1123/1088 1089/1124/1089
f 1089/1124/1089 1090/1125/1090 1091/1126/1091
f 1061/1094/1061 1088/1127/1088 1091/1128/1091
f 1091/1128/1091 1062/1095/1062 1061/1094/1061
f 1095/1132/1095 1092/1129/1092 1093/1130/1093
f 1093/1130/1093 1094/1131/1094 1095/1132/1095
f 1099/1136/1099 1096/1133/1096 1097/1134/1097
f 1097/1134/1097 1098/1135/1098 1099/1136/1099
f 1103/1140/1103 1100/1137/1100 1101/1138/1101
f 1101/1138/1101 1102/1139/1102 1103/1140/1103
f 1107/1144/1107 1104/1141/1104 1105/1142/1105
f 1105/1142/1105 1106/1143/1106 1107/1144/1107
f 1111/1148/1111 1108/1145/1108 1109/1146/1109
f 1109/1146/1109 1110/1147/1110 1111/1148/1111
f 1093/1130/1093 1108/1145/1108 1111/1148/1111
f 1111/1148/1111 1094/1131/1094 1093/1130/1093
f 1115/1152/1115 1112/1149/1112 1113/1150/1113
f 1113/1150/1113 1114/1151/1114 1115/1152/1115
f 1105/1142/1105 1112/1149/1112 1115/1152/1115
f 1115/1152/1115 1106/1143/1106 1105/1142/1105
f 1119/1156/1119 1116/1153/1116 1117/1154/1117
f 1117/1154/1117 1118/1155/1118 1119/1156/1119
f 1101/1138/1101 1116/1153/1116 1119/1156/1119
f 1119/1156/1119 1102/1139/1102 1101/1138/1101
f 1123/1160/1123 1120/1157/1120 1121/1158/1121
f 1121/1158/1121 1122/1159/1122 1123/1160/1123
f 1097/1134/1097 1120/1157/1120 1123/1160/1123
f 1123/1160/1123 1098/1135/1098 1097/1134/1097
f 1127/1164/1127 1124/1161/1124 1125/1162/1125
f 1125/1162/1125 1126/1163/1126 1127/1164/1127
f 1131/1168/1131 1128/1165/1128 1129/1166/1129
f 1129/1166/1129 1130/1167/1130 1131/1168/1131
f 1135/1172/1135 1132/1169/1132 1133/1170/1133
f 1133/1170/1133 1134/1171/1134 1135/1172/1135
f 1139/1176/1139 1136/1173/1136 1137/1174/1137
f 1137/1174/1137 1138/1175/1138 1139/1176/1139
f 1143/1180/1143 1140/1177/1140 1141/1178/1141
f 1141/1178/1141 1142/1179/1142 1143/1180/1143
f 1129/1166/1129 1140/1177/1140 1143/1180/1143
f 1143/1180/1143 1130/1167/1130 1129/1166/1129
f 1147/1184/1147 1144/1181/1144 1145/1182/1145
f 1145/1182/1145 1146/1183/1146 1147/1184/1147
f 1125/1162/1125 1144/1181/1144 1147/1184/1147
f 1147/1184/1147 1126/1163/1126 1125/1162/1125
f 1151/1188/1151 1148/1185/1148 1149/1186/1149
f 1149/1186/1149 1150/1187/1150 1151/1188/1151
f 1133/1170/1133 1148/1185/1148 1151/1188/1151
f 1151/1188/1151 1134/1171/1134 1133/1170/1133
f 1155/1192/1155 1152/1189/1152 1153/1190/1153
f 1153/1190/1153 1154/1191/1154 1155/1192/1155
f 1137/1174/1137 1152/1189/1152 1155/1192/1155
f 1155/1192/1155 1138/1175/1138 1137/1174/1137
f 1159/1196/1159 1156/1193/1156 1157/1194/1157
f 1157/1194/1157 1158/1195/1158 1159/1196/1159
f 1163/1200/1163 1160/1197/1160 1161/1198/1161
f 1161/1198/1161 1162/1199/1162 1163/1200/1163
f 1167/1204/1167 1164/1201/1164 1165/1202/1165
f 1165/1202/1165 1166/1203/1166 1167/1204/1167
f 1171/1208/1171 1168/1205/1168 1169/1206/1169
f 1169/1206/1169 1170/1207/1170 1171/1208/1171
f 1175/1212/1175 1172/1209/1172 1173/1210/1173
f 1173/1210/1173 1174/1211/1174 1175/1212/1175
f 1157/1194/1157 1172/1209/1172 1175/1212/1175
f 1175/1212/1175 1158/1195/1158 1157/1194/1157
f 1179/1216/1179 1176/1213/1176 1177/1214/1177
f 1177/1214/1177 1178/1215/1178 1179/1216/1179
f 1165/1202/1165 1176/1213/1176 1179/1216/1179
f 1179/1216/1179 1166/1203/1166 1165/1202/1165
f 1183/1220/1183 1180/1217/1180 1181/1218/1181
f 1181/1218/1181 1182/1219/1182 1183/1220/1183
f 1161/1198/1161 1180/1217/1180 1183/1220/1183
f 1183/1220/1183 1162/1199/1162 1161/1198/1161
f 1187/1224/1187 1184/1221/1184 1185/1222/1185
f 1185/1222/1185 1186/1223/1186 1187/1224/1187
f 1169/1206/1169 1184/1221/1184 1187/1224/1187
f 1187/1224/1187 1170/1207/1170 1169/1206/1169
f 663/677/663 1188/1225/1188 1189/1226/1189
f 1189/1226/1189 1190/1227/1190 663/677/663
f 1194/1231/1194 1191/1228/1191 1192/1229/1192
f 1192/1229/1192 1193/1230/1193 1194/1231/1194
f 1198/1235/1198 1195/1232/1195 1196/1233/1196
f 1196/1233/1196 1197/1234/1197 1198/1235/1198
f 661/675/661 1199/1236/1199 1200/1237/1200
f 1200/1237/1200 662/676/662 661/675/661
f 1196/1233/1196 1201/1238/1201 1202/1239/1202
f 1202/1239/1202 1197/1234/1197 1196/1233/1196
f 1192/1229/1192 1203/1240/1203 1204/1241/1204
f 1204/1241/1204 1193/1230/1193 1192/1229/1192
f 1200/1237/1200 1205/1242/1205 1206/1243/1206
f 1206/1243/1206 662/676/662 1200/1237/1200
f 1189/1226/1189 1207/1244/1207 1208/1245/1208
f 1208/1245/1208 1190/1227/1190 1189/1226/1189
f 679/693/679 1209/1246/1209 1210/1247/1210
f 1210/1247/1210 1211/1248/1211 679/693/679
f 677/691/677 1212/1249/1212 1213/1250/1213
f 1213/1250/1213 678/692/678 677/691/677
f 1217/1254/1217 1214/1251/1214 1215/1252/1215
f 1215/1252/1215 1216/1253/1216 1217/1254/1217
f 680/694/680 1218/1255/1218 1219/1256/1219
f 1219/1256/1219 681/695/681 680/694/680
f 1213/1250/1213 1220/1257/1220 1221/1258/1221
f 1221/1258/1221 678/692/678 1213/1250/1213
f 1219/1256/1219 1222/1259/1222 1223/1260/1223
f 1223/1260/1223 681/695/681 1219/1256/1219
f 1215/1252/1215 1224/1261/1224 1225/1262/1225
f 1225/1262/1225 1216/1253/1216 1215/1252/1215
f 1210/1247/1210 1226/1263/1226 1227/1264/1227
f 1227/1264/1227 1211/1248/1211 1210/1247/1210
f 693/710/693 1228/1265/1228 1229/1266/1229
f 1229/1266/1229 1230/1267/1230 693/710/693
f 1234/1271/1234 1231/1268/1231 1232/1269/1232
f 1232/1269/1232 1233/1270/1233 1234/1271/1234
f 1238/1275/1238 1235/1272/1235 1236/1273/1236
f 1236/1273/1236 1237/1274/1237 1238/1275/1238
f 691/708/691 1239/1276/1239 1240/1277/1240
f 1240/1277/1240 692/709/692 691/708/691
f 1236/1273/1236 1241/1278/1241 1242/1279/1242
f 1242/1279/1242 1237/1274/1237 1236/1273/1236
f 1229/1266/1229 1243/1280/1243 1244/1281/1244
f 1244/1281/1244 1230/1267/1230 1229/1266/1229
f 1232/1269/1232 1245/1282/1245 1246/1283/1246
f 1246/1283/1246 1233/1270/1233 1232/1269/1232
f 1240/1277/1240 1247/1284/1247 1248/1285/1248
f 1248/1285/1248 692/709/692 1240/1277/1240
f 706/723/706 1249/1286/1249 1250/1287/1250
f 1250/1287/1250 1251/1288/1251 706/723/706
f 1255/1292/1255 1252/1289/1252 1253/1290/1253
f 1253/1290/1253 1254/1291/1254 1255/1292/1255
f 1259/1296/1259 1256/1293/1256 1257/1294/1257
f 1257/1294/1257 1258/1295/1258 1259/1296/1259
f 704/721/704 1260/1297/1260 1261/1298/1261
f 1261/1298/1261 705/722/705 704/721/704
f 1253/1290/1253 1262/1299/1262 1263/1300/1263
f 1263/1300/1263 1254/1291/1254 1253/1290/1253
f 1250/1287/1250 1264/1301/1264 1265/1302/1265
f 1265/1302/1265 1251/1288/1251 1250/1287/1250
f 1257/1294/1257 1266/1303/1266 1267/1304/1267
f 1267/1304/1267 1258/1295/1258 1257/1294/1257
f 1261/1298/1261 1268/1305/1268 1269/1306/1269
f 1269/1306/1269 705/722/705 1261/1298/1261
f 718/735/718 1270/1307/1270 1271/1308/1271
f 1271/1308/1271 1272/1309/1272 718/735/718
f 1276/1313/1276 1273/1310/1273 1274/1311/1274
f 1274/1311/1274 1275/1312/1275 1276/1313/1276
f 1280/1317/1280 1277/1314/1277 1278/1315/1278
f 1278/1315/1278 1279/1316/1279 1280/1317/1280
f 716/733/716 1281/1318/1281 1282/1319/1282
f 1282/1319/1282 717/734/717 716/733/716
f 1274/1311/1274 1283/1320/1283 1284/1321/1284
f 1284/1321/1284 1275/1312/1275 1274/1311/1274
f 1278/1315/1278 1285/1322/1285 1286/1323/1286
f 1286/1323/1286 1279/1316/1279 1278/1315/1278
f 1271/1327/1271 1287/1324/1287 1288/1325/1288
f 1288/1325/1288 1272/1326/1272 1271/1327/1271
f 1282/1319/1282 1289/1328/1289 1290/1329/1290
f 1290/1329/1290 717/734/717 1282/1319/1282
f 733/750/733 1291/1330/1291 1292/1331/1292
f 1292/1331/1292 1293/1332/1293 733/750/733
f 731/748/731 1294/1333/1294 1295/1334/1295
f 1295/1334/1295 732/749/732 731/748/731
f 1299/1338/1299 1296/1335/1296 1297/1336/1297
f 1297/1336/1297 1298/1337/1298 1299/1338/1299
f 734/751/734 1300/1339/1300 1301/1340/1301
f 1301/1340/1301 735/752/735 734/751/734
f 1295/1334/1295 1302/1341/1302 1303/1342/1303
f 1303/1342/1303 732/749/732 1295/1334/1295
f 1301/1340/1301 1304/1343/1304 1305/1344/1305
f 1305/1344/1305 735/752/735 1301/1340/1301
f 1292/1331/1292 1306/1345/1306 1307/1346/1307
f 1307/1346/1307 1293/1332/1293 1292/1331/1292
f 1297/1336/1297 1308/1347/1308 1309/1348/1309
f 1309/1348/1309 1298/1337/1298 1297/1336/1297
f 747/764/747 1310/1349/1310 1311/1350/1311
f 1311/1350/1311 1312/1351/1312 747/764/747
f 1316/1355/1316 1313/1352/1313 1314/1353/1314
f 1314/1353/1314 1315/1354/1315 1316/1355/1316
f 1320/1359/1320 1317/1356/1317 1318/1357/1318
f 1318/1357/1318 1319/1358/1319 1320/1359/1320
f 745/762/745 1321/1360/1321 1322/1361/1322
f 1322/1361/1322 746/763/746 745/762/745
f 1322/1361/1322 1323/1362/1323 1324/1363/1324
f 1324/1363/1324 746/763/746 1322/1361/1322
f 1318/1357/1318 1325/1364/1325 1326/1365/1326
f 1326/1365/1326 1319/1358/1319 1318/1357/1318
f 1311/1369/1311 1327/1366/1327 1328/1367/1328
f 1328/1367/1328 1312/1368/1312 1311/1369/1311
f 1314/1353/1314 1329/1370/1329 1330/1371/1330
f 1330/1371/1330 1315/1354/1315 1314/1353/1314
f 759/776/759 1331/1372/1331 1332/1373/1332
f 1332/1373/1332 1333/1374/1333 759/776/759
f 1337/1378/1337 1334/1375/1334 1335/1376/1335
f 1335/1376/1335 1336/1377/1336 1337/1378/1337
f 1341/1382/1341 1338/1379/1338 1339/1380/1339
f 1339/1380/1339 1340/1381/1340 1341/1382/1341
f 757/774/757 1342/1383/1342 1343/1384/1343
f 1343/1384/1343 758/775/758 757/774/757
f 1343/1384/1343 1344/1385/1344 1345/1386/1345
f 1345/1386/1345 758/775/758 1343/1384/1343
f 1332/1373/1332 1346/1387/1346 1347/1388/1347
f 1347/1388/1347 1333/1374/1333 1332/1373/1332
f 1335/1376/1335 1348/1389/1348 1349/1390/1349
f 1349/1390/1349 1336/1377/1336 1335/1376/1335
f 1339/1380/1339 1350/1391/1350 1351/1392/1351
f 1351/1392/1351 1340/1381/1340 1339/1380/1339
f 771/788/771 1352/1393/1352 1353/1394/1353
f 1353/1394/1353 1354/1395/1354 771/788/771
f 1358/1399/1358 1355/1396/1355 1356/1397/1356
f 1356/1397/1356 1357/1398/1357 1358/1399/1358
f 1362/1403/1362 1359/1400/1359 1360/1401/1360
f 1360/1401/1360 1361/1402/1361 1362/1403/1362
f 769/786/769 1363/1404/1363 1364/1405/1364
f 1364/1405/1364 770/787/770 769/786/769
f 1364/1405/1364 1365/1406/1365 1366/1407/1366
f 1366/1407/1366 770/787/770 1364/1405/1364
f 1360/1401/1360 1367/1408/1367 1368/1409/1368
f 1368/1409/1368 1361/1402/1361 1360/1401/1360
f 1353/1394/1353 1369/1410/1369 1370/1411/1370
f 1370/1411/1370 1354/1395/1354 1353/1394/1353
f 1356/1397/1356 1371/1412/1371 1372/1413/1372
f 1372/1413/1372 1357/1398/1357 1356/1397/1356
f 785/802/785 1373/1414/1373 1374/1415/1374
f 1374/1415/1374 1375/1416/1375 785/802/785
f 783/800/783 1376/1417/1376 1377/1418/1377
f 1377/1418/1377 784/801/784 783/800/783
f 1381/1422/1381 1378/1419/1378 1379/1420/1379
f 1379/1420/1379 1380/1421/1380 1381/1422/1381
f 786/803/786 1382/1423/1382 1383/1424/1383
f 1383/1424/1383 787/804/787 786/803/786
f 1374/1415/1374 1384/1425/1384 1385/1426/1385
f 1385/1426/1385 1375/1416/1375 1374/1415/1374
f 1377/1418/1377 1386/1427/1386 1387/1428/1387
f 1387/1428/1387 784/801/784 1377/1418/1377
f 1383/1424/1383 1388/1429/1388 1389/1430/1389
f 1389/1430/1389 787/804/787 1383/1424/1383
f 1379/1420/1379 1390/1431/1390 1391/1432/1391
f 1391/1432/1391 1380/1421/1380 1379/1420/1379
f 1/1/1 4/4/4 1392/1433/1392
f 1392/1433/1392 1393/1434/1393 1/1/1
f 1/1/1 1393/1434/1393 240/247/240
f 240/247/240 5/5/5 1/1/1
f 797/814/797 1393/1434/1393 1392/1433/1392
f 1392/1433/1392 798/815/798 797/814/797
f 7/7/7 13/13/13 252/259/252
f 252/259/252 8/8/8 7/7/7
f 7/7/7 10/10/10 1394/1435/1394
f 1394/1435/1394 1395/1436/1395 7/7/7
f 14/14/14 17/17/17 792/809/792
f 792/809/792 20/20/20 14/14/14
f 24/24/24 27/27/27 272/279/272
f 272/279/272 271/278/271 24/24/24
f 24/24/24 271/278/271 532/544/532
f 532/544/532 244/251/244 24/24/24
f 28/28/28 31/31/31 666/680/666
f 666/680/666 665/679/665 28/28/28
f 28/28/28 665/679/665 1396/1437/1396
f 1396/1437/1396 34/1438/34 28/28/28
f 36/38/36 39/41/39 494/506/494
f 494/506/494 40/42/40 36/38/36
f 36/38/36 42/44/42 300/307/300
f 300/307/300 37/39/37 36/38/36
f 43/1440/43 46/1439/46 308/315/308
f 308/315/308 307/314/307 43/1440/43
f 43/1440/43 307/314/307 314/1441/314
f 314/1441/314 843/1442/843 43/1440/43
f 43/1444/43 843/864/843 672/686/672
f 672/686/672 44/1443/44 43/1444/43
f 47/49/47 50/52/50 554/568/554
f 554/568/554 53/55/53 47/49/47
f 55/57/55 61/63/61 1397/1445/1397
f 1397/1445/1397 56/58/56 55/57/55
f 55/57/55 58/60/58 1398/1446/1398
f 1398/1446/1398 59/61/59 55/57/55
f 816/833/816 56/58/56 1397/1445/1397
f 1397/1445/1397 817/834/817 816/833/816
f 62/64/62 65/67/65 721/738/721
f 721/738/721 720/737/720 62/64/62
f 62/64/62 720/737/720 1399/1447/1399
f 1399/1447/1399 1400/1448/1400 62/64/62
f 68/70/68 71/73/71 1401/1449/1401
f 1401/1449/1401 72/1450/72 68/70/68
f 68/74/68 74/77/74 347/357/347
f 347/357/347 69/356/69 68/74/68
f 75/1452/75 78/1451/78 527/539/527
f 527/539/527 269/276/269 75/1452/75
f 81/84/81 84/87/84 1402/1453/1402
f 1402/1453/1402 238/245/238 81/84/81
f 89/92/89 92/95/92 377/389/377
f 377/389/377 376/388/376 89/92/89
f 89/92/89 376/388/376 1403/1454/1403
f 1403/1454/1403 93/96/93 89/92/89
f 95/98/95 101/104/101 591/605/591
f 591/605/591 96/99/96 95/98/95
f 102/105/102 110/113/110 1404/1455/1404
f 1404/1455/1404 103/106/103 102/105/102
f 111/114/111 114/117/114 1405/1456/1405
f 1405/1456/1405 115/118/115 111/114/111
f 111/114/111 117/120/117 543/556/543
f 543/556/543 112/115/112 111/114/111
f 118/121/118 121/124/121 1406/1457/1406
f 1406/1457/1406 446/1458/446 118/121/118
f 124/129/124 127/132/127 822/841/822
f 822/841/822 128/133/128 124/129/124
f 124/129/124 132/137/132 1407/1459/1407
f 1407/1459/1407 125/130/125 124/129/124
f 133/138/133 136/141/136 1408/1460/1408
f 1408/1460/1408 360/372/360 133/138/133
f 139/144/139 142/147/142 1409/1461/1409
f 1409/1461/1409 368/380/368 139/144/139
f 844/865/844 142/147/142 141/146/141
f 141/146/141 845/866/845 844/865/844
f 145/150/145 148/153/148 1410/1462/1410
f 1410/1462/1410 303/310/303 145/150/145
f 165/170/165 171/176/171 644/658/644
f 644/658/644 166/171/166 165/170/165
f 172/177/172 178/183/178 633/647/633
f 633/647/633 173/178/173 172/177/172
f 179/184/179 184/189/184 485/497/485
f 485/497/485 484/496/484 179/184/179
f 185/190/185 188/193/188 617/631/617
f 617/631/617 191/196/191 185/190/185
f 193/202/193 196/1463/196 481/493/481
f 481/493/481 480/492/480 193/202/193
f 201/208/201 204/211/204 627/641/627
f 627/641/627 469/481/469 201/208/201
f 207/214/207 210/217/210 1411/1464/1411
f 1411/1464/1411 796/813/796 207/214/207
f 213/220/213 216/223/216 459/471/459
f 459/471/459 458/470/458 213/220/213
f 213/220/213 458/470/458 620/634/620
f 620/634/620 217/224/217 213/220/213
f 193/202/193 480/492/480 863/884/863
f 863/884/863 197/203/197 193/202/193
f 179/184/179 484/496/484 651/665/651
f 651/665/651 336/345/336 179/184/179
f 219/226/219 222/229/222 1412/1465/1412
f 1412/1465/1412 223/230/223 219/226/219
f 226/233/226 230/237/230 1413/1466/1413
f 1413/1466/1413 489/501/489 226/233/226
f 231/238/231 217/224/217 620/634/620
f 620/634/620 619/633/619 231/238/231
f 235/242/235 238/245/238 1402/1453/1402
f 1402/1453/1402 510/522/510 235/242/235
f 81/84/81 238/245/238 237/244/237
f 237/244/237 85/88/85 81/84/81
f 24/24/24 244/251/244 243/250/243
f 243/250/243 25/25/25 24/24/24
f 241/248/241 244/251/244 532/544/532
f 532/544/532 531/543/531 241/248/241
f 245/252/245 248/255/248 778/795/778
f 778/795/778 777/794/777 245/252/245
f 803/820/803 248/255/248 247/254/247
f 247/254/247 753/770/753 803/820/803
f 251/258/251 254/261/254 520/532/520
f 520/532/520 807/824/807 251/258/251
f 255/262/255 25/25/25 243/250/243
f 243/250/243 790/807/790 255/262/255
f 257/264/257 72/75/72 1401/1467/1401
f 1401/1467/1401 502/514/502 257/264/257
f 259/266/259 98/101/98 97/100/97
f 97/100/97 524/536/524 259/266/259
f 95/98/95 98/101/98 261/268/261
f 261/268/261 99/102/99 95/98/95
f 75/1452/75 269/276/269 268/275/268
f 268/275/268 79/1468/79 75/1452/75
f 266/273/266 269/276/269 527/539/527
f 527/539/527 526/538/526 266/273/266
f 102/105/102 105/108/105 274/281/274
f 274/281/274 106/109/106 102/105/102
f 270/277/270 105/108/105 104/107/104
f 104/107/104 533/545/533 270/277/270
f 275/282/275 278/285/278 494/506/494
f 494/506/494 794/811/794 275/282/275
f 815/832/815 278/285/278 277/284/277
f 277/284/277 741/758/741 815/832/815
f 279/1469/279 44/1443/44 672/686/672
f 672/686/672 671/685/671 279/1469/279
f 283/290/283 285/292/285 814/831/814
f 814/831/814 535/1470/535 283/290/283
f 286/293/286 140/145/140 144/149/144
f 144/149/144 564/578/564 286/293/286
f 292/299/292 51/53/51 54/56/54
f 54/56/54 495/507/495 292/299/292
f 294/301/294 298/305/298 1414/1471/1414
f 1414/1471/1414 647/661/647 294/301/294
f 299/306/299 303/310/303 1410/1462/1410
f 1410/1462/1410 583/597/583 299/306/299
f 145/150/145 303/310/303 302/309/302
f 302/309/302 149/154/149 145/150/145
f 304/1472/304 53/55/53 554/568/554
f 554/568/554 553/567/553 304/1472/304
f 306/313/306 125/130/125 1407/1459/1407
f 1407/1459/1407 1415/1473/1415 306/313/306
f 152/157/152 155/160/155 312/319/312
f 312/319/312 409/421/409 152/157/152
f 310/317/310 155/160/155 154/159/154
f 154/159/154 601/615/601 310/317/310
f 315/322/315 134/139/134 138/143/138
f 138/143/138 555/569/555 315/322/315
f 158/163/158 164/169/164 319/326/319
f 319/326/319 159/164/159 158/163/158
f 317/324/317 164/169/164 163/168/163
f 163/168/163 606/620/606 317/324/317
f 320/327/320 323/330/323 1416/1474/1416
f 1416/1474/1416 324/331/324 320/327/320
f 327/334/327 189/194/189 192/197/192
f 192/197/192 506/518/506 327/334/327
f 329/338/329 112/115/112 543/556/543
f 543/556/543 542/555/542 329/338/329
f 179/184/179 336/345/336 335/344/335
f 335/344/335 180/185/180 179/184/179
f 333/342/333 336/345/336 651/665/651
f 651/665/651 867/888/867 333/342/333
f 337/1475/337 119/128/119 123/127/123
f 123/127/123 726/743/726 337/1475/337
f 341/1476/341 79/1468/79 268/275/268
f 268/275/268 503/515/503 341/1476/341
f 343/352/343 96/99/96 591/605/591
f 591/605/591 590/604/590 343/352/343
f 346/359/346 351/362/351 1417/1477/1417
f 1417/1477/1417 550/564/550 346/359/346
f 352/365/352 356/368/356 1418/1478/1418
f 1418/1478/1418 528/540/528 352/365/352
f 133/138/133 360/372/360 359/371/359
f 359/371/359 137/142/137 133/138/133
f 357/369/357 360/372/360 1408/1460/1408
f 1408/1460/1408 559/573/559 357/369/357
f 362/374/362 364/376/364 802/819/802
f 802/819/802 1419/1479/1419 362/374/362
f 365/377/365 368/380/368 1409/1461/1409
f 1409/1461/1409 571/585/571 365/377/365
f 139/144/139 368/380/368 367/379/367
f 367/379/367 143/148/143 139/144/139
f 373/385/373 103/106/103 1404/1455/1404
f 1404/1455/1404 1420/1480/1420 373/385/373
f 375/387/375 380/392/380 1421/1481/1421
f 1421/1481/1421 381/393/381 375/387/375
f 384/396/384 386/398/386 841/862/841
f 841/862/841 592/606/592 384/396/384
f 387/399/387 161/166/161 160/165/160
f 160/165/160 610/624/610 387/399/387
f 158/163/158 161/166/161 389/401/389
f 389/401/389 162/167/162 158/163/158
f 394/406/394 397/409/397 445/457/445
f 445/457/445 1422/1482/1422 394/406/394
f 818/837/818 397/409/397 396/408/396
f 396/408/396 727/744/727 818/837/818
f 398/410/398 175/180/175 174/179/174
f 174/179/174 541/554/541 398/410/398
f 172/177/172 175/180/175 400/412/400
f 400/412/400 176/181/176 172/177/172
f 401/413/401 168/173/168 167/172/167
f 167/172/167 574/588/574 401/413/401
f 165/170/165 168/173/168 403/415/403
f 403/415/403 169/174/169 165/170/165
f 404/416/404 137/142/137 359/371/359
f 359/371/359 820/839/820 404/416/404
f 406/418/406 409/421/409 312/319/312
f 312/319/312 588/602/588 406/418/406
f 152/157/152 409/421/409 408/420/408
f 408/420/408 156/161/156 152/157/152
f 414/426/414 416/428/416 826/845/826
f 826/845/826 1423/1483/1423 414/426/414
f 417/429/417 153/158/153 157/162/157
f 157/162/157 568/582/568 417/429/417
f 421/433/421 159/164/159 319/326/319
f 319/326/319 584/598/584 421/433/421
f 423/435/423 427/439/427 1424/1484/1424
f 1424/1484/1424 645/659/645 423/435/423
f 428/440/428 430/442/430 859/880/859
f 859/880/859 634/648/634 428/440/428
f 431/443/431 433/445/433 835/854/835
f 835/854/835 581/595/581 431/443/431
f 438/450/438 442/454/442 1425/1485/1425
f 1425/1485/1425 618/632/618 438/450/438
f 443/1487/443 446/1486/446 1406/1457/1406
f 1406/1457/1406 573/587/573 443/1487/443
f 118/125/118 446/458/446 445/457/445
f 445/457/445 122/126/122 118/125/118
f 447/459/447 115/118/115 1405/1456/1405
f 1405/1456/1405 628/642/628 447/459/447
f 449/461/449 63/65/63 67/69/67
f 67/69/67 1426/1488/1426 449/461/449
f 451/463/451 59/61/59 1398/1446/1398
f 1398/1446/1398 505/517/505 451/463/451
f 453/465/453 456/468/456 1411/1464/1411
f 1411/1464/1411 613/627/613 453/465/453
f 795/812/795 456/468/456 455/467/455
f 455/467/455 779/796/779 795/812/795
f 457/469/457 191/196/191 617/631/617
f 617/631/617 616/630/616 457/469/457
f 461/473/461 465/477/465 1427/1489/1427
f 1427/1489/1427 623/637/623 461/473/461
f 466/478/466 469/481/469 627/641/627
f 627/641/627 626/640/626 466/478/466
f 201/208/201 469/481/469 468/480/468
f 468/480/468 205/212/205 201/208/201
f 474/486/474 173/178/173 633/647/633
f 633/647/633 632/646/632 474/486/474
f 477/489/477 176/181/176 400/412/400
f 400/412/400 641/655/641 477/489/477
f 479/491/479 166/171/166 644/658/644
f 644/658/644 861/882/861 479/491/479
f 483/495/483 169/174/169 403/415/403
f 403/415/403 649/663/649 483/495/483
f 226/233/226 489/501/489 3/3/3
f 3/3/3 2/2/2 226/233/226
f 488/500/488 489/501/489 1413/1466/1413
f 1413/1466/1413 491/503/491 488/500/488
f 788/805/788 242/249/242 12/12/12
f 12/12/12 775/792/775 788/805/788
f 255/262/255 790/807/790 792/809/792
f 792/809/792 17/17/17 255/262/255
f 292/299/292 495/507/495 494/506/494
f 494/506/494 39/41/39 292/299/292
f 492/504/492 495/507/495 54/56/54
f 54/56/54 305/312/305 492/504/492
f 275/282/275 794/811/794 666/680/666
f 666/680/666 31/31/31 275/282/275
f 492/504/492 280/287/280 282/289/282
f 282/289/282 493/505/493 492/504/492
f 496/508/496 232/239/232 234/241/234
f 234/241/234 498/510/498 496/508/496
f 245/252/245 777/794/777 1428/1490/1428
f 1428/1490/1428 1429/1491/1429 245/252/245
f 219/226/219 225/232/225 1392/1433/1392
f 1392/1433/1392 4/4/4 219/226/219
f 257/264/257 502/514/502 16/16/16
f 16/16/16 15/15/15 257/264/257
f 501/513/501 502/514/502 1401/1467/1401
f 1401/1467/1401 503/515/503 501/513/501
f 341/350/341 503/1492/503 1401/1449/1401
f 1401/1449/1401 71/73/71 341/350/341
f 451/463/451 505/517/505 459/471/459
f 459/471/459 216/223/216 451/463/451
f 504/516/504 505/517/505 1398/1446/1398
f 1398/1446/1398 506/518/506 504/516/504
f 327/334/327 506/518/506 1398/1493/1398
f 1398/1493/1398 58/335/58 327/334/327
f 507/519/507 510/522/510 1402/1453/1402
f 1402/1453/1402 1419/1479/1419 507/519/507
f 235/242/235 510/522/510 509/521/509
f 509/521/509 239/246/239 235/242/235
f 226/233/226 227/234/227 1430/1494/1430
f 1430/1494/1430 228/235/228 226/233/226
f 507/519/507 1419/1479/1419 802/819/802
f 802/819/802 511/523/511 507/519/507
f 362/374/362 1419/1479/1419 1402/1453/1402
f 1402/1453/1402 84/87/84 362/374/362
f 514/526/514 246/253/246 250/257/250
f 250/257/250 519/531/519 514/526/514
f 461/473/461 462/474/462 1431/1495/1431
f 1431/1495/1431 463/475/463 461/473/461
f 251/258/251 807/824/807 9/9/9
f 9/9/9 8/8/8 251/258/251
f 259/266/259 524/536/524 523/535/523
f 523/535/523 262/269/262 259/266/259
f 521/533/521 524/536/524 97/100/97
f 97/100/97 344/353/344 521/533/521
f 808/825/808 258/265/258 19/19/19
f 19/19/19 809/826/809 808/825/808
f 521/533/521 344/353/344 73/76/73
f 73/76/73 522/534/522 521/533/521
f 352/365/352 528/540/528 527/539/527
f 527/539/527 78/1451/78 352/365/352
f 525/537/525 528/540/528 1418/1478/1418
f 1418/1478/1418 529/541/529 525/537/525
f 266/273/266 526/538/526 272/279/272
f 272/279/272 27/27/27 266/273/266
f 270/277/270 533/545/533 532/544/532
f 532/544/532 271/278/271 270/277/270
f 530/542/530 533/545/533 104/107/104
f 104/107/104 374/386/374 530/542/530
f 241/248/241 531/543/531 252/259/252
f 252/259/252 13/13/13 241/248/241
f 294/301/294 295/302/295 1432/1496/1432
f 1432/1496/1432 296/303/296 294/301/294
f 534/549/534 535/1470/535 814/831/814
f 814/831/814 537/550/537 534/549/534
f 283/1497/283 535/547/535 30/30/30
f 30/30/30 29/29/29 283/1497/283
f 540/553/540 328/337/328 57/336/57
f 57/336/57 542/555/542 540/553/540
f 398/410/398 541/554/541 543/556/543
f 543/556/543 117/120/117 398/410/398
f 329/338/329 542/555/542 57/336/57
f 57/336/57 331/340/331 329/338/329
f 337/1475/337 726/743/726 1433/1498/1433
f 1433/1498/1433 1434/1499/1434 337/1475/337
f 320/327/320 326/333/326 1397/1445/1397
f 1397/1445/1397 61/63/61 320/327/320
f 544/559/544 330/1500/330 332/835/332
f 332/835/332 546/560/546 544/559/544
f 346/359/346 550/564/550 70/72/70
f 70/72/70 69/71/69 346/359/346
f 549/563/549 550/564/550 1417/1477/1417
f 1417/1477/1417 551/565/551 549/563/549
f 404/416/404 820/839/820 822/841/822
f 822/841/822 127/132/127 404/416/404
f 315/322/315 555/569/555 554/568/554
f 554/568/554 50/52/50 315/322/315
f 552/566/552 555/569/555 138/143/138
f 138/143/138 405/417/405 552/566/552
f 304/1472/304 553/567/553 308/315/308
f 308/315/308 46/1439/46 304/1472/304
f 556/570/556 559/573/559 1408/1460/1408
f 1408/1460/1408 1423/1483/1423 556/570/556
f 357/369/357 559/573/559 558/572/558
f 558/572/558 361/373/361 357/369/357
f 352/363/352 353/364/353 1435/1501/1435
f 1435/1501/1435 354/1502/354 352/363/352
f 556/570/556 1423/1483/1423 826/845/826
f 826/845/826 560/574/560 556/570/556
f 414/426/414 1423/1483/1423 1408/1460/1408
f 1408/1460/1408 136/141/136 414/426/414
f 827/846/827 284/291/284 33/34/33
f 33/34/33 828/847/828 827/846/827
f 563/577/563 478/490/478 206/213/206
f 206/213/206 565/579/565 563/577/563
f 286/293/286 564/578/564 566/580/566
f 566/580/566 288/295/288 286/293/286
f 365/377/365 571/585/571 570/584/570
f 570/584/570 369/381/369 365/377/365
f 567/581/567 571/585/571 1409/1461/1409
f 1409/1461/1409 568/582/568 567/581/567
f 829/848/829 363/375/363 83/86/83
f 83/86/83 830/849/830 829/848/829
f 567/581/567 385/397/385 100/103/100
f 100/103/100 569/583/569 567/581/567
f 417/429/417 568/582/568 1409/1461/1409
f 1409/1461/1409 419/431/419 417/429/417
f 443/1487/443 573/587/573 481/493/481
f 481/493/481 196/1463/196 443/1487/443
f 572/586/572 573/587/573 1406/1457/1406
f 1406/1457/1406 574/588/574 572/586/572
f 401/413/401 574/588/574 1406/1457/1406
f 1406/1457/1406 121/124/121 401/413/401
f 431/443/431 581/595/581 580/594/580
f 580/594/580 434/446/434 431/443/431
f 575/589/575 581/595/581 835/854/835
f 835/854/835 576/590/576 575/589/575
f 831/850/831 486/498/486 485/497/485
f 485/497/485 832/851/832 831/850/831
f 483/495/483 486/498/486 699/716/699
f 699/716/699 487/499/487 483/495/483
f 423/435/423 424/436/424 1436/1503/1436
f 1436/1503/1436 425/437/425 423/435/423
f 375/387/375 383/395/383 1403/1454/1403
f 1403/1454/1403 376/388/376 375/387/375
f 299/306/299 583/597/583 38/40/38
f 38/40/38 37/39/37 299/306/299
f 582/596/582 583/597/583 1410/1462/1410
f 1410/1462/1410 584/598/584 582/596/582
f 421/433/421 584/598/584 1410/1462/1410
f 1410/1462/1410 148/153/148 421/433/421
f 406/418/406 588/602/588 587/601/587
f 587/601/587 410/422/410 406/418/406
f 585/599/585 588/602/588 312/319/312
f 312/319/312 311/318/311 585/599/585
f 306/313/306 1415/1473/1415 314/1441/314
f 314/1441/314 307/314/307 306/313/306
f 836/855/836 1415/1473/1415 1407/1459/1407
f 1407/1459/1407 837/856/837 836/855/836
f 585/599/585 311/318/311 314/321/314
f 314/321/314 586/600/586 585/599/585
f 384/396/384 592/606/592 591/605/591
f 591/605/591 101/104/101 384/396/384
f 589/603/589 592/606/592 841/862/841
f 841/862/841 595/609/595 589/603/589
f 343/352/343 590/604/590 594/608/594
f 594/608/594 345/354/345 343/352/343
f 346/355/346 348/358/348 1437/1504/1437
f 1437/1504/1437 349/1505/349 346/355/346
f 598/612/598 601/615/601 154/159/154
f 154/159/154 418/430/418 598/612/598
f 310/317/310 601/615/601 600/614/600
f 600/614/600 313/320/313 310/317/310
f 279/1469/279 671/685/671 1438/1506/1438
f 1438/1506/1438 1439/1507/1439 279/1469/279
f 598/612/598 418/430/418 420/432/420
f 420/432/420 602/616/602 598/612/598
f 317/324/317 606/620/606 49/51/49
f 49/51/49 48/50/48 317/324/317
f 605/619/605 606/620/606 163/168/163
f 163/168/163 415/427/415 605/619/605
f 387/399/387 610/624/610 609/623/609
f 609/623/609 390/402/390 387/399/387
f 607/621/607 610/624/610 160/165/160
f 160/165/160 611/625/611 607/621/607
f 373/385/373 1420/1480/1420 377/389/377
f 377/389/377 92/95/92 373/385/373
f 846/867/846 1420/1480/1420 1404/1455/1404
f 1404/1455/1404 847/868/847 846/867/846
f 607/621/607 378/390/378 377/389/377
f 377/389/377 608/622/608 607/621/607
f 848/869/848 422/434/422 147/152/147
f 147/152/147 695/712/695 848/869/848
f 449/461/449 1426/1488/1426 1411/1464/1411
f 1411/1464/1411 210/217/210 449/461/449
f 849/870/849 1426/1488/1426 67/69/67
f 67/69/67 724/741/724 849/870/849
f 612/626/612 613/627/613 1411/1464/1411
f 1411/1464/1411 614/628/614 612/626/612
f 453/465/453 613/627/613 215/222/215
f 215/222/215 214/221/214 453/465/453
f 438/450/438 618/632/618 617/631/617
f 617/631/617 188/193/188 438/450/438
f 615/629/615 618/632/618 1425/1485/1425
f 1425/1485/1425 621/635/621 615/629/615
f 457/469/457 616/630/616 620/634/620
f 620/634/620 458/470/458 457/469/457
f 231/238/231 619/633/619 240/247/240
f 240/247/240 233/240/233 231/238/231
f 461/473/461 623/637/623 209/216/209
f 209/216/209 208/215/208 461/473/461
f 622/636/622 623/637/623 1427/1489/1427
f 1427/1489/1427 624/638/624 622/636/622
f 447/459/447 628/642/628 627/641/627
f 627/641/627 204/211/204 447/459/447
f 625/639/625 628/642/628 1405/1456/1405
f 1405/1456/1405 1422/1482/1422 625/639/625
f 466/478/466 626/640/626 630/644/630
f 630/644/630 470/482/470 466/478/466
f 854/875/854 444/456/444 195/200/195
f 195/200/195 855/876/855 854/875/854
f 625/639/625 1422/1482/1422 445/457/445
f 445/457/445 629/643/629 625/639/625
f 394/406/394 1422/1482/1422 1405/1456/1405
f 1405/1456/1405 114/117/114 394/406/394
f 428/440/428 634/648/634 633/647/633
f 633/647/633 178/183/178 428/440/428
f 631/645/631 634/648/634 859/880/859
f 859/880/859 637/651/637 631/645/631
f 474/486/474 632/646/632 636/650/636
f 636/650/636 476/488/476 474/486/474
f 438/450/438 439/451/439 1440/1508/1440
f 1440/1508/1440 440/452/440 438/450/438
f 640/654/640 399/411/399 116/119/116
f 116/119/116 448/460/448 640/654/640
f 477/489/477 641/655/641 203/210/203
f 203/210/203 202/209/202 477/489/477
f 423/435/423 645/659/645 644/658/644
f 644/658/644 171/176/171 423/435/423
f 642/656/642 645/659/645 1424/1484/1424
f 1424/1484/1424 646/660/646 642/656/642
f 479/491/479 861/882/861 863/884/863
f 863/884/863 480/492/480 479/491/479
f 294/301/294 647/661/647 300/307/300
f 300/307/300 42/44/42 294/301/294
f 642/656/642 647/661/647 1414/1471/1414
f 1414/1471/1414 643/657/643 642/656/642
f 648/662/648 402/414/402 120/123/120
f 120/123/120 338/347/338 648/662/648
f 483/495/483 649/663/649 651/665/651
f 651/665/651 484/496/484 483/495/483
f 333/342/333 867/888/867 721/738/721
f 721/738/721 65/67/65 333/342/333
f 648/662/648 338/347/338 340/349/340
f 340/349/340 650/664/650 648/662/648
f 652/666/652 369/381/369 570/584/570
f 570/584/570 830/849/830 652/666/652
f 654/668/654 85/88/85 237/244/237
f 237/244/237 851/872/851 654/668/654
f 656/670/656 635/649/635 1441/1509/1441
f 1441/1509/1441 1442/1510/1442 656/670/656
f 658/672/658 637/651/637 859/880/859
f 859/880/859 858/879/858 658/672/658
f 872/893/872 655/669/655 441/453/441
f 441/453/441 873/894/873 872/893/872
f 868/889/868 653/667/653 88/91/88
f 88/91/88 869/890/869 868/889/868
f 880/901/880 659/673/659 372/384/372
f 372/384/372 881/902/881 880/901/880
f 876/897/876 1442/1510/1442 1441/1509/1441
f 1441/1509/1441 877/898/877 876/897/876
f 656/670/656 1442/1510/1442 1440/1508/1440
f 1440/1508/1440 439/451/439 656/670/656
f 664/678/664 281/288/281 1443/1511/1443
f 1443/1511/1443 1444/1512/1444 664/678/664
f 668/682/668 288/295/288 566/580/566
f 566/580/566 828/847/828 668/682/668
f 670/684/670 599/613/599 1445/1513/1445
f 1445/1513/1445 1446/1514/1446 670/684/670
f 674/688/674 602/616/602 420/432/420
f 420/432/420 845/866/845 674/688/674
f 908/929/908 1446/1514/1446 1445/1513/1445
f 1445/1513/1445 909/930/909 908/929/908
f 670/684/670 1446/1514/1446 1438/1506/1438
f 1438/1506/1438 671/685/671 670/684/670
f 900/921/900 1444/1512/1444 1443/1511/1443
f 1443/1511/1443 901/922/901 900/921/900
f 664/678/664 1444/1512/1444 1396/1437/1396
f 1396/1437/1396 665/679/665 664/678/664
f 904/925/904 669/683/669 35/37/35
f 35/37/35 905/926/905 904/925/904
f 912/933/912 675/689/675 291/298/291
f 291/298/291 913/934/913 912/933/912
f 682/697/682 410/700/410 587/857/587
f 587/857/587 837/856/837 682/697/682
f 684/701/684 128/133/128 822/841/822
f 822/841/822 821/840/821 684/701/684
f 686/703/686 593/607/593 1447/1515/1447
f 1447/1515/1447 1448/1516/1448 686/703/686
f 688/705/688 595/609/595 841/862/841
f 841/862/841 840/861/840 688/705/688
f 936/961/936 685/702/685 350/361/350
f 350/361/350 937/962/937 936/961/936
f 932/957/932 683/698/683 131/136/131
f 131/136/131 933/958/933 932/957/932
f 944/969/944 689/706/689 413/425/413
f 413/425/413 945/970/945 944/969/944
f 940/965/940 1448/1516/1448 1447/1515/1447
f 1447/1515/1447 941/966/941 940/965/940
f 686/703/686 1448/1516/1448 1437/1504/1437
f 1437/1504/1437 348/358/348 686/703/686
f 694/711/694 146/151/146 1449/1517/1449
f 1449/1517/1449 1450/1518/1450 694/711/694
f 696/713/696 149/154/149 302/309/302
f 302/309/302 865/886/865 696/713/696
f 575/589/575 700/717/700 699/716/699
f 699/716/699 579/593/579 575/589/575
f 698/715/698 700/717/700 1451/1519/1451
f 1451/1519/1451 1452/1520/1452 698/715/698
f 701/718/701 576/590/576 835/854/835
f 835/854/835 834/853/834 701/718/701
f 968/995/968 697/714/697 426/438/426
f 426/438/426 969/996/969 968/995/968
f 964/991/964 1450/1518/1450 1449/1517/1449
f 1449/1517/1449 965/992/965 964/991/964
f 694/711/694 1450/1518/1450 1421/1481/1421
f 1421/1481/1421 380/392/380 694/711/694
f 976/1003/976 702/719/702 382/394/382
f 382/394/382 977/1004/977 976/1003/976
f 698/715/698 1452/1520/1452 1436/1503/1436
f 1436/1503/1436 424/436/424 698/715/698
f 972/999/972 1452/1520/1452 1451/1519/1451
f 1451/1519/1451 973/1000/973 972/999/972
f 707/724/707 390/402/390 609/623/609
f 609/623/609 847/868/847 707/724/707
f 709/726/709 106/109/106 274/281/274
f 274/281/274 811/828/811 709/726/709
f 711/728/711 557/571/557 1453/1521/1453
f 1453/1521/1453 1454/1522/1454 711/728/711
f 713/730/713 560/574/560 826/845/826
f 826/845/826 825/844/825 713/730/713
f 1000/1027/1000 710/727/710 355/367/355
f 355/367/355 1001/1028/1001 1000/1027/1000
f 996/1023/996 708/725/708 109/112/109
f 109/112/109 997/1024/997 996/1023/996
f 1008/1035/1008 714/731/714 393/405/393
f 393/405/393 1009/1036/1009 1008/1035/1008
f 1004/1031/1004 1454/1522/1454 1453/1521/1453
f 1453/1521/1453 1005/1032/1005 1004/1031/1004
f 711/728/711 1454/1522/1454 1435/1501/1435
f 1435/1501/1435 353/364/353 711/728/711
f 719/736/719 339/348/339 1455/1523/1455
f 1455/1523/1455 1456/1524/1456 719/736/719
f 723/740/723 66/68/66 1457/1525/1457
f 1457/1525/1457 1458/1526/1458 723/740/723
f 725/742/725 545/558/545 1459/1527/1459
f 1459/1527/1459 1460/1528/1460 725/742/725
f 728/745/728 546/560/546 332/835/332
f 332/835/332 817/834/817 728/745/728
f 1036/1065/1036 1460/1528/1460 1459/1527/1459
f 1459/1527/1459 1037/1066/1037 1036/1065/1036
f 725/742/725 1460/1528/1460 1433/1498/1433
f 1433/1498/1433 726/743/726 725/742/725
f 719/736/719 1456/1524/1456 1399/1447/1399
f 1399/1447/1399 720/737/720 719/736/719
f 1028/1057/1028 1456/1524/1456 1455/1523/1455
f 1455/1523/1455 1029/1058/1029 1028/1057/1028
f 723/740/723 1458/1526/1458 1416/1474/1416
f 1416/1474/1416 323/330/323 723/740/723
f 1032/1061/1032 1458/1526/1458 1457/1525/1457
f 1457/1525/1457 1033/1062/1033 1032/1061/1032
f 1040/1069/1040 729/746/729 325/332/325
f 325/332/325 1041/1070/1041 1040/1069/1040
f 736/753/736 470/482/470 630/644/630
f 630/644/630 855/876/855 736/753/736
f 738/755/738 197/203/197 863/884/863
f 863/884/863 862/883/862 738/755/738
f 740/757/740 536/548/536 1461/1529/1461
f 1461/1529/1461 1462/1530/1462 740/757/740
f 742/759/742 537/550/537 814/831/814
f 814/831/814 813/830/813 742/759/742
f 1064/1097/1064 739/756/739 297/304/297
f 297/304/297 1065/1098/1065 1064/1097/1064
f 1060/1093/1060 737/754/737 200/207/200
f 200/207/200 1061/1094/1061 1060/1093/1060
f 1072/1105/1072 743/760/743 473/485/473
f 473/485/473 1073/1106/1073 1072/1105/1072
f 740/757/740 1462/1530/1462 1432/1496/1432
f 1432/1496/1432 295/302/295 740/757/740
f 1068/1101/1068 1462/1530/1462 1461/1529/1461
f 1461/1529/1461 1069/1102/1069 1068/1101/1068
f 748/765/748 434/446/434 580/594/580
f 580/594/580 832/851/832 748/765/748
f 750/767/750 180/185/180 335/344/335
f 335/344/335 853/874/853 750/767/750
f 752/769/752 515/527/515 1463/1531/1463
f 1463/1531/1463 1464/1532/1464 752/769/752
f 754/771/754 516/528/516 520/532/520
f 520/532/520 805/822/805 754/771/754
f 1096/1133/1096 751/768/751 464/476/464
f 464/476/464 1097/1134/1097 1096/1133/1096
f 1092/1129/1092 749/766/749 183/188/183
f 183/188/183 1093/1130/1093 1092/1129/1092
f 1104/1141/1104 755/772/755 437/449/437
f 437/449/437 1105/1142/1105 1104/1141/1104
f 1100/1137/1100 1464/1532/1464 1463/1531/1463
f 1463/1531/1463 1101/1138/1101 1100/1137/1100
f 752/769/752 1464/1532/1464 1431/1495/1431
f 1431/1495/1431 462/474/462 752/769/752
f 760/777/760 262/269/262 523/535/523
f 523/535/523 809/826/809 760/777/760
f 762/779/762 20/20/20 792/809/792
f 792/809/792 791/808/791 762/779/762
f 764/781/764 508/520/508 1465/1533/1465
f 1465/1533/1465 1466/1534/1466 764/781/764
f 766/783/766 511/523/511 802/819/802
f 802/819/802 801/818/801 766/783/766
f 1128/1165/1128 763/780/763 229/236/229
f 229/236/229 1129/1166/1129 1128/1165/1128
f 1124/1161/1124 761/778/761 23/23/23
f 23/23/23 1125/1162/1125 1124/1161/1124
f 1136/1173/1136 767/784/767 265/272/265
f 265/272/265 1137/1174/1137 1136/1173/1136
f 764/781/764 1466/1534/1466 1430/1494/1430
f 1430/1494/1430 227/234/227 764/781/764
f 1132/1169/1132 1466/1534/1466 1465/1533/1465
f 1465/1533/1465 1133/1170/1133 1132/1169/1132
f 772/789/772 249/256/249 1467/1535/1467
f 1467/1535/1467 1468/1536/1468 772/789/772
f 774/791/774 11/11/11 1469/1537/1469
f 1469/1537/1469 1470/1538/1470 774/791/774
f 776/793/776 497/509/497 1471/1539/1471
f 1471/1539/1471 1472/1540/1472 776/793/776
f 780/797/780 498/510/498 234/241/234
f 234/241/234 798/815/798 780/797/780
f 776/793/776 1472/1540/1472 1428/1490/1428
f 1428/1490/1428 777/794/777 776/793/776
f 1164/1201/1164 1472/1540/1472 1471/1539/1471
f 1471/1539/1471 1165/1202/1165 1164/1201/1164
f 1156/1193/1156 1468/1536/1468 1467/1535/1467
f 1467/1535/1467 1157/1194/1157 1156/1193/1156
f 772/789/772 1468/1536/1468 1394/1435/1394
f 1394/1435/1394 10/10/10 772/789/772
f 1160/1197/1160 1470/1538/1470 1469/1537/1469
f 1469/1537/1469 1161/1198/1161 1160/1197/1160
f 774/791/774 1470/1538/1470 1412/1465/1412
f 1412/1465/1412 222/229/222 774/791/774
f 1168/1205/1168 781/798/781 224/231/224
f 224/231/224 1169/1206/1169 1168/1205/1168
f 788/805/788 490/502/490 243/250/243
f 243/250/243 242/249/242 788/805/788
f 789/806/789 491/503/491 1413/1466/1413
f 1413/1466/1413 791/808/791 789/806/789
f 762/779/762 791/808/791 1413/1466/1413
f 1413/1466/1413 230/237/230 762/779/762
f 793/810/793 493/505/493 282/289/282
f 282/289/282 667/681/667 793/810/793
f 207/214/207 796/813/796 778/795/778
f 778/795/778 211/218/211 207/214/207
f 795/812/795 796/813/796 1411/1464/1411
f 1411/1464/1411 456/468/456 795/812/795
f 797/814/797 233/240/233 240/247/240
f 240/247/240 1393/1434/1393 797/814/797
f 780/797/780 798/815/798 1392/1433/1392
f 1392/1433/1392 225/232/225 780/797/780
f 799/816/799 239/246/239 509/521/509
f 509/521/509 765/782/765 799/816/799
f 800/817/800 99/102/99 261/268/261
f 261/268/261 801/818/801 800/817/800
f 766/783/766 801/818/801 261/268/261
f 261/268/261 260/267/260 766/783/766
f 803/820/803 211/218/211 778/795/778
f 778/795/778 248/255/248 803/820/803
f 804/821/804 90/93/90 94/97/94
f 94/97/94 805/822/805 804/821/804
f 754/771/754 805/822/805 94/97/94
f 94/97/94 432/444/432 754/771/754
f 806/823/806 519/531/519 250/257/250
f 250/257/250 773/790/773 806/823/806
f 808/825/808 522/534/522 73/76/73
f 73/76/73 258/265/258 808/825/808
f 760/777/760 809/826/809 19/19/19
f 19/19/19 18/18/18 760/777/760
f 810/827/810 529/541/529 1418/1478/1418
f 1418/1478/1418 811/828/811 810/827/810
f 709/726/709 811/828/811 1418/1478/1418
f 1418/1478/1418 356/368/356 709/726/709
f 812/829/812 205/212/205 468/480/468
f 468/480/468 813/830/813 812/829/812
f 742/759/742 813/830/813 468/480/468
f 468/480/468 467/479/467 742/759/742
f 815/832/815 40/42/40 494/506/494
f 494/506/494 278/285/278 815/832/815
f 816/833/816 331/836/331 57/59/57
f 57/59/57 56/58/56 816/833/816
f 728/745/728 817/834/817 1397/1445/1397
f 1397/1445/1397 326/333/326 728/745/728
f 818/837/818 122/126/122 445/457/445
f 445/457/445 397/409/397 818/837/818
f 819/838/819 551/565/551 1417/1477/1417
f 1417/1477/1417 821/840/821 819/838/819
f 684/701/684 821/840/821 1417/1477/1417
f 1417/1477/1417 351/362/351 684/701/684
f 823/842/823 361/373/361 558/572/558
f 558/572/558 712/729/712 823/842/823
f 824/843/824 162/167/162 389/401/389
f 389/401/389 825/844/825 824/843/824
f 713/730/713 825/844/825 389/401/389
f 389/401/389 388/400/388 713/730/713
f 827/846/827 565/579/565 206/213/206
f 206/213/206 284/291/284 827/846/827
f 668/682/668 828/847/828 33/34/33
f 33/34/33 32/33/32 668/682/668
f 829/848/829 569/583/569 100/103/100
f 100/103/100 363/375/363 829/848/829
f 652/666/652 830/849/830 83/86/83
f 83/86/83 82/85/82 652/666/652
f 831/850/831 579/593/579 699/716/699
f 699/716/699 486/498/486 831/850/831
f 748/765/748 832/851/832 485/497/485
f 485/497/485 184/189/184 748/765/748
f 833/852/833 93/96/93 1403/1454/1403
f 1403/1454/1403 834/853/834 833/852/833
f 701/718/701 834/853/834 1403/1454/1403
f 1403/1454/1403 383/395/383 701/718/701
f 836/855/836 586/858/586 314/1441/314
f 314/1441/314 1415/1473/1415 836/855/836
f 682/697/682 837/856/837 1407/1459/1407
f 1407/1459/1407 132/137/132 682/697/682
f 838/859/838 345/354/345 594/608/594
f 594/608/594 687/704/687 838/859/838
f 839/860/839 156/161/156 408/420/408
f 408/420/408 840/861/840 839/860/839
f 688/705/688 840/861/840 408/420/408
f 408/420/408 407/419/407 688/705/688
f 842/863/842 313/320/313 600/614/600
f 600/614/600 673/687/673 842/863/842
f 844/865/844 419/431/419 1409/1461/1409
f 1409/1461/1409 142/147/142 844/865/844
f 674/688/674 845/866/845 141/146/141
f 141/146/141 287/294/287 674/688/674
f 846/867/846 608/622/608 377/389/377
f 377/389/377 1420/1480/1420 846/867/846
f 707/724/707 847/868/847 1404/1455/1404
f 1404/1455/1404 110/113/110 707/724/707
f 848/869/848 611/625/611 160/165/160
f 160/165/160 422/434/422 848/869/848
f 849/870/849 614/628/614 1411/1464/1411
f 1411/1464/1411 1426/1488/1426 849/870/849
f 850/871/850 621/635/621 1425/1485/1425
f 1425/1485/1425 851/872/851 850/871/850
f 654/668/654 851/872/851 1425/1485/1425
f 1425/1485/1425 442/454/442 654/668/654
f 852/873/852 624/638/624 1427/1489/1427
f 1427/1489/1427 853/874/853 852/873/852
f 750/767/750 853/874/853 1427/1489/1427
f 1427/1489/1427 465/477/465 750/767/750
f 854/875/854 629/643/629 445/457/445
f 445/457/445 444/456/444 854/875/854
f 736/753/736 855/876/855 195/200/195
f 195/200/195 194/199/194 736/753/736
f 856/877/856 476/488/476 636/650/636
f 636/650/636 657/671/657 856/877/856
f 857/878/857 143/148/143 367/379/367
f 367/379/367 858/879/858 857/878/857
f 658/672/658 858/879/858 367/379/367
f 367/379/367 366/378/366 658/672/658
f 860/881/860 643/657/643 1414/1471/1414
f 1414/1471/1414 862/883/862 860/881/860
f 738/755/738 862/883/862 1414/1471/1414
f 1414/1471/1414 298/305/298 738/755/738
f 864/885/864 646/660/646 1424/1484/1424
f 1424/1484/1424 865/886/865 864/885/864
f 696/713/696 865/886/865 1424/1484/1424
f 1424/1484/1424 427/439/427 696/713/696
f 866/887/866 650/664/650 340/349/340
f 340/349/340 722/739/722 866/887/866
f 868/889/868 871/892/871 886/907/886
f 886/907/886 885/906/885 868/889/868
f 1188/1225/1188 871/892/871 870/891/870
f 870/891/870 1189/1226/1189 1188/1225/1188
f 1191/1228/1191 875/896/875 874/895/874
f 874/895/874 1192/1229/1192 1191/1228/1191
f 872/893/872 875/896/875 894/915/894
f 894/915/894 893/914/893 872/893/872
f 1195/1232/1195 879/900/879 878/899/878
f 878/899/878 1196/1233/1196 1195/1232/1195
f 876/897/876 879/900/879 898/919/898
f 898/919/898 897/918/897 876/897/876
f 880/901/880 883/904/883 890/911/890
f 890/911/890 889/910/889 880/901/880
f 1199/1236/1199 883/904/883 882/903/882
f 882/903/882 1200/1237/1200 1199/1236/1199
f 884/905/884 371/383/371 370/382/370
f 370/382/370 885/906/885 884/905/884
f 884/905/884 881/902/881 372/384/372
f 372/384/372 371/383/371 884/905/884
f 868/889/868 885/906/885 370/382/370
f 370/382/370 653/667/653 868/889/868
f 631/645/631 639/653/639 1441/1509/1441
f 1441/1509/1441 635/649/635 631/645/631
f 888/909/888 639/653/639 638/652/638
f 638/652/638 889/910/889 888/909/888
f 888/909/888 877/898/877 1441/1509/1441
f 1441/1509/1441 639/653/639 888/909/888
f 880/901/880 889/910/889 638/652/638
f 638/652/638 659/673/659 880/901/880
f 892/913/892 87/90/87 86/89/86
f 86/89/86 893/914/893 892/913/892
f 892/913/892 869/890/869 88/91/88
f 88/91/88 87/90/87 892/913/892
f 872/893/872 893/914/893 86/89/86
f 86/89/86 655/669/655 872/893/872
f 896/917/896 440/452/440 1440/1508/1440
f 1440/1508/1440 897/918/897 896/917/896
f 896/917/896 873/894/873 441/453/441
f 441/453/441 440/452/440 896/917/896
f 876/897/876 897/918/897 1440/1508/1440
f 1440/1508/1440 1442/1510/1442 876/897/876
f 900/921/900 903/924/903 930/953/930
f 930/953/930 929/952/929 900/921/900
f 1209/1542/1209 903/924/903 902/923/902
f 902/923/902 1210/1541/1210 1209/1542/1209
f 1212/1544/1212 907/928/907 906/927/906
f 906/927/906 1213/1543/1213 1212/1544/1212
f 904/925/904 907/928/907 922/943/922
f 922/943/922 921/942/921 904/925/904
f 1214/1251/1214 911/932/911 910/931/910
f 910/931/910 1215/1252/1215 1214/1251/1214
f 908/929/908 911/932/911 926/947/926
f 926/947/926 925/946/925 908/929/908
f 1218/1546/1218 915/936/915 914/935/914
f 914/935/914 1219/1545/1219 1218/1546/1218
f 912/933/912 915/936/915 918/939/918
f 918/939/918 917/938/917 912/933/912
f 598/612/598 604/618/604 1445/1513/1445
f 1445/1513/1445 599/613/599 598/612/598
f 916/937/916 604/618/604 603/617/603
f 603/617/603 917/938/917 916/937/916
f 916/937/916 909/930/909 1445/1513/1445
f 1445/1513/1445 604/618/604 916/937/916
f 912/933/912 917/938/917 603/617/603
f 603/617/603 675/689/675 912/933/912
f 920/941/920 290/297/290 289/296/289
f 289/296/289 921/942/921 920/941/920
f 920/941/920 913/934/913 291/298/291
f 291/298/291 290/297/290 920/941/920
f 904/925/904 921/942/921 289/296/289
f 289/296/289 669/683/669 904/925/904
f 279/286/279 1439/1547/1439 1443/1511/1443
f 1443/1511/1443 281/288/281 279/286/279
f 924/945/924 1439/1507/1439 1438/1506/1438
f 1438/1506/1438 925/946/925 924/945/924
f 924/949/924 901/922/901 1443/1511/1443
f 1443/1511/1443 1439/1547/1439 924/949/924
f 908/929/908 925/946/925 1438/1506/1438
f 1438/1506/1438 1446/1514/1446 908/929/908
f 928/951/928 34/1438/34 1396/1437/1396
f 1396/1437/1396 929/952/929 928/951/928
f 928/955/928 905/926/905 35/37/35
f 35/37/35 34/36/34 928/955/928
f 900/921/900 929/952/929 1396/1437/1396
f 1396/1437/1396 1444/1512/1444 900/921/900
f 1228/1549/1228 935/960/935 934/959/934
f 934/959/934 1229/1548/1229 1228/1549/1228
f 932/957/932 935/960/935 962/1550/962
f 962/1550/962 961/1551/961 932/957/932
f 936/961/936 939/964/939 950/975/950
f 950/975/950 949/974/949 936/961/936
f 1231/1553/1231 939/964/939 938/963/938
f 938/963/938 1232/1552/1232 1231/1553/1231
f 1235/1272/1235 943/968/943 942/967/942
f 942/967/942 1236/1273/1236 1235/1272/1235
f 940/965/940 943/968/943 958/983/958
f 958/983/958 957/982/957 940/965/940
f 944/969/944 947/972/947 954/979/954
f 954/979/954 953/978/953 944/969/944
f 1239/1276/1239 947/972/947 946/971/946
f 946/971/946 1240/1277/1240 1239/1276/1239
f 948/973/948 130/135/130 129/134/129
f 129/134/129 949/974/949 948/973/948
f 948/973/948 933/958/933 131/136/131
f 131/136/131 130/135/130 948/973/948
f 936/961/936 949/974/949 129/134/129
f 129/134/129 685/702/685 936/961/936
f 589/603/589 597/611/597 1447/1515/1447
f 1447/1515/1447 593/607/593 589/603/589
f 952/977/952 597/611/597 596/610/596
f 596/610/596 953/978/953 952/977/952
f 952/977/952 941/966/941 1447/1515/1447
f 1447/1515/1447 597/611/597 952/977/952
f 944/969/944 953/978/953 596/610/596
f 596/610/596 689/706/689 944/969/944
f 956/981/956 349/1505/349 1437/1504/1437
f 1437/1504/1437 957/982/957 956/981/956
f 956/985/956 937/962/937 350/361/350
f 350/361/350 349/360/349 956/985/956
f 940/965/940 957/982/957 1437/1504/1437
f 1437/1504/1437 1448/1516/1448 940/965/940
f 960/987/960 412/424/412 411/423/411
f 411/423/411 961/988/961 960/987/960
f 960/987/960 945/970/945 413/425/413
f 413/425/413 412/424/412 960/987/960
f 932/957/932 961/1551/961 411/699/411
f 411/699/411 683/698/683 932/957/932
f 1249/1286/1249 967/994/967 966/993/966
f 966/993/966 1250/1287/1250 1249/1286/1249
f 964/991/964 967/994/967 986/1013/986
f 986/1013/986 985/1012/985 964/991/964
f 1252/1289/1252 971/998/971 970/997/970
f 970/997/970 1253/1290/1253 1252/1289/1252
f 968/995/968 971/998/971 982/1009/982
f 982/1009/982 981/1008/981 968/995/968
f 972/999/972 975/1002/975 990/1017/990
f 990/1017/990 989/1016/989 972/999/972
f 1256/1293/1256 975/1002/975 974/1001/974
f 974/1001/974 1257/1294/1257 1256/1293/1256
f 976/1003/976 979/1006/979 994/1021/994
f 994/1021/994 993/1020/993 976/1003/976
f 1260/1297/1260 979/1006/979 978/1005/978
f 978/1005/978 1261/1298/1261 1260/1297/1260
f 145/150/145 151/156/151 1449/1517/1449
f 1449/1517/1449 146/151/146 145/150/145
f 980/1007/980 151/156/151 150/155/150
f 150/155/150 981/1008/981 980/1007/980
f 980/1007/980 965/992/965 1449/1517/1449
f 1449/1517/1449 151/156/151 980/1007/980
f 968/995/968 981/1008/981 150/155/150
f 150/155/150 697/714/697 968/995/968
f 984/1011/984 381/393/381 1421/1481/1421
f 1421/1481/1421 985/1012/985 984/1011/984
f 984/1011/984 977/1004/977 382/394/382
f 382/394/382 381/393/381 984/1011/984
f 964/991/964 985/1012/985 1421/1481/1421
f 1421/1481/1421 1450/1518/1450 964/991/964
f 988/1015/988 425/437/425 1436/1503/1436
f 1436/1503/1436 989/1016/989 988/1015/988
f 988/1015/988 969/996/969 426/438/426
f 426/438/426 425/437/425 988/1015/988
f 972/999/972 989/1016/989 1436/1503/1436
f 1436/1503/1436 1452/1520/1452 972/999/972
f 575/589/575 578/592/578 1451/1519/1451
f 1451/1519/1451 700/717/700 575/589/575
f 992/1019/992 578/592/578 577/591/577
f 577/591/577 993/1020/993 992/1019/992
f 992/1019/992 973/1000/973 1451/1519/1451
f 1451/1519/1451 578/592/578 992/1019/992
f 976/1003/976 993/1020/993 577/591/577
f 577/591/577 702/719/702 976/1003/976
f 1270/1554/1270 999/1026/999 998/1025/998
f 998/1025/998 1271/1327/1271 1270/1554/1270
f 996/1023/996 999/1026/999 1018/1045/1018
f 1018/1045/1018 1017/1044/1017 996/1023/996
f 1273/1310/1273 1003/1030/1003 1002/1029/1002
f 1002/1029/1002 1274/1311/1274 1273/1310/1273
f 1000/1027/1000 1003/1030/1003 1026/1055/1026
f 1026/1055/1026 1025/1054/1025 1000/1027/1000
f 1004/1031/1004 1007/1034/1007 1022/1049/1022
f 1022/1049/1022 1021/1048/1021 1004/1031/1004
f 1277/1314/1277 1007/1034/1007 1006/1033/1006
f 1006/1033/1006 1278/1315/1278 1277/1314/1277
f 1008/1035/1008 1011/1038/1011 1014/1041/1014
f 1014/1041/1014 1013/1040/1013 1008/1035/1008
f 1281/1318/1281 1011/1038/1011 1010/1037/1010
f 1010/1037/1010 1282/1319/1282 1281/1318/1281
f 556/570/556 562/576/562 1453/1521/1453
f 1453/1521/1453 557/571/557 556/570/556
f 1012/1039/1012 562/576/562 561/575/561
f 561/575/561 1013/1040/1013 1012/1039/1012
f 1012/1039/1012 1005/1032/1005 1453/1521/1453
f 1453/1521/1453 562/576/562 1012/1039/1012
f 1008/1035/1008 1013/1040/1013 561/575/561
f 561/575/561 714/731/714 1008/1035/1008
f 1016/1043/1016 392/404/392 391/403/391
f 391/403/391 1017/1044/1017 1016/1043/1016
f 1016/1043/1016 1009/1036/1009 393/405/393
f 393/405/393 392/404/392 1016/1043/1016
f 996/1023/996 1017/1044/1017 391/403/391
f 391/403/391 708/725/708 996/1023/996
f 1020/1047/1020 354/1502/354 1435/1501/1435
f 1435/1501/1435 1021/1048/1021 1020/1047/1020
f 1020/1051/1020 1001/1028/1001 355/367/355
f 355/367/355 354/366/354 1020/1051/1020
f 1004/1031/1004 1021/1048/1021 1435/1501/1435
f 1435/1501/1435 1454/1522/1454 1004/1031/1004
f 1024/1053/1024 108/111/108 107/110/107
f 107/110/107 1025/1054/1025 1024/1053/1024
f 1024/1053/1024 997/1024/997 109/112/109
f 109/112/109 108/111/108 1024/1053/1024
f 1000/1027/1000 1025/1054/1025 107/110/107
f 107/110/107 710/727/710 1000/1027/1000
f 1028/1057/1028 1031/1060/1031 1054/1085/1054
f 1054/1085/1054 1053/1084/1053 1028/1057/1028
f 1291/1330/1291 1031/1060/1031 1030/1059/1030
f 1030/1059/1030 1292/1331/1292 1291/1330/1291
f 1294/1556/1294 1035/1064/1035 1034/1063/1034
f 1034/1063/1034 1295/1555/1295 1294/1556/1294
f 1032/1061/1032 1035/1064/1035 1050/1081/1050
f 1050/1081/1050 1049/1080/1049 1032/1061/1032
f 1036/1065/1036 1039/1068/1039 1058/1089/1058
f 1058/1089/1058 1057/1088/1057 1036/1065/1036
f 1296/1558/1296 1039/1068/1039 1038/1067/1038
f 1038/1067/1038 1297/1557/1297 1296/1558/1296
f 1300/1560/1300 1043/1072/1043 1042/1071/1042
f 1042/1071/1042 1301/1559/1301 1300/1560/1300
f 1040/1069/1040 1043/1072/1043 1046/1075/1046
f 1046/1075/1046 1045/1074/1045 1040/1069/1040
f 544/557/544 548/1561/548 1459/1527/1459
f 1459/1527/1459 545/558/545 544/557/544
f 1044/1073/1044 548/562/548 547/561/547
f 547/561/547 1045/1074/1045 1044/1073/1044
f 1044/1077/1044 1037/1066/1037 1459/1527/1459
f 1459/1527/1459 548/1561/548 1044/1077/1044
f 1040/1069/1040 1045/1074/1045 547/561/547
f 547/561/547 729/746/729 1040/1069/1040
f 1048/1079/1048 324/331/324 1416/1474/1416
f 1416/1474/1416 1049/1080/1049 1048/1079/1048
f 1048/1079/1048 1041/1070/1041 325/332/325
f 325/332/325 324/331/324 1048/1079/1048
f 1032/1061/1032 1049/1080/1049 1416/1474/1416
f 1416/1474/1416 1458/1526/1458 1032/1061/1032
f 62/64/62 1400/1448/1400 1457/1525/1457
f 1457/1525/1457 66/68/66 62/64/62
f 1052/1083/1052 1400/1448/1400 1399/1447/1399
f 1399/1447/1399 1053/1084/1053 1052/1083/1052
f 1052/1083/1052 1033/1062/1033 1457/1525/1457
f 1457/1525/1457 1400/1448/1400 1052/1083/1052
f 1028/1057/1028 1053/1084/1053 1399/1447/1399
f 1399/1447/1399 1456/1524/1456 1028/1057/1028
f 337/346/337 1434/1562/1434 1455/1523/1455
f 1455/1523/1455 339/348/339 337/346/337
f 1056/1087/1056 1434/1499/1434 1433/1498/1433
f 1433/1498/1433 1057/1088/1057 1056/1087/1056
f 1056/1091/1056 1029/1058/1029 1455/1523/1455
f 1455/1523/1455 1434/1562/1434 1056/1091/1056
f 1036/1065/1036 1057/1088/1057 1433/1498/1433
f 1433/1498/1433 1460/1528/1460 1036/1065/1036
f 1060/1093/1060 1063/1096/1063 1078/1111/1078
f 1078/1111/1078 1077/1110/1077 1060/1093/1060
f 1310/1564/1310 1063/1096/1063 1062/1095/1062
f 1062/1095/1062 1311/1563/1311 1310/1564/1310
f 1064/1097/1064 1067/1100/1067 1090/1125/1090
f 1090/1125/1090 1089/1124/1089 1064/1097/1064
f 1313/1352/1313 1067/1100/1067 1066/1099/1066
f 1066/1099/1066 1314/1353/1314 1313/1352/1313
f 1317/1566/1317 1071/1104/1071 1070/1103/1070
f 1070/1103/1070 1318/1565/1318 1317/1566/1317
f 1068/1101/1068 1071/1104/1071 1082/1115/1082
f 1082/1115/1082 1081/1114/1081 1068/1101/1068
f 1321/1360/1321 1075/1108/1075 1074/1107/1074
f 1074/1107/1074 1322/1361/1322 1321/1360/1321
f 1072/1105/1072 1075/1108/1075 1086/1119/1086
f 1086/1119/1086 1085/1118/1085 1072/1105/1072
f 1076/1109/1076 472/484/472 471/483/471
f 471/483/471 1077/1110/1077 1076/1109/1076
f 1076/1109/1076 1073/1106/1073 473/485/473
f 473/485/473 472/484/472 1076/1109/1076
f 1060/1093/1060 1077/1110/1077 471/483/471
f 471/483/471 737/754/737 1060/1093/1060
f 1080/1113/1080 296/303/296 1432/1496/1432
f 1432/1496/1432 1081/1114/1081 1080/1113/1080
f 1080/1113/1080 1065/1098/1065 297/304/297
f 297/304/297 296/303/296 1080/1113/1080
f 1068/1101/1068 1081/1114/1081 1432/1496/1432
f 1432/1496/1432 1462/1530/1462 1068/1101/1068
f 534/546/534 539/1567/539 1461/1529/1461
f 1461/1529/1461 536/548/536 534/546/534
f 1084/1117/1084 539/552/539 538/551/538
f 538/551/538 1085/1118/1085 1084/1117/1084
f 1084/1121/1084 1069/1102/1069 1461/1529/1461
f 1461/1529/1461 539/1567/539 1084/1121/1084
f 1072/1105/1072 1085/1118/1085 538/551/538
f 538/551/538 743/760/743 1072/1105/1072
f 1088/1123/1088 199/205/199 198/204/198
f 198/204/198 1089/1124/1089 1088/1123/1088
f 1088/1127/1088 1061/1094/1061 200/207/200
f 200/207/200 199/206/199 1088/1127/1088
f 1064/1097/1064 1089/1124/1089 198/204/198
f 198/204/198 739/756/739 1064/1097/1064
f 1092/1129/1092 1095/1132/1095 1114/1151/1114
f 1114/1151/1114 1113/1150/1113 1092/1129/1092
f 1331/1372/1331 1095/1132/1095 1094/1131/1094
f 1094/1131/1094 1332/1373/1332 1331/1372/1331
f 1096/1133/1096 1099/1136/1099 1110/1147/1110
f 1110/1147/1110 1109/1146/1109 1096/1133/1096
f 1334/1375/1334 1099/1136/1099 1098/1135/1098
f 1098/1135/1098 1335/1376/1335 1334/1375/1334
f 1100/1137/1100 1103/1140/1103 1122/1159/1122
f 1122/1159/1122 1121/1158/1121 1100/1137/1100
f 1338/1379/1338 1103/1140/1103 1102/1139/1102
f 1102/1139/1102 1339/1380/1339 1338/1379/1338
f 1342/1383/1342 1107/1144/1107 1106/1143/1106
f 1106/1143/1106 1343/1384/1343 1342/1383/1342
f 1104/1141/1104 1107/1144/1107 1118/1155/1118
f 1118/1155/1118 1117/1154/1117 1104/1141/1104
f 1108/1145/1108 182/187/182 181/186/181
f 181/186/181 1109/1146/1109 1108/1145/1108
f 1108/1145/1108 1093/1130/1093 183/188/183
f 183/188/183 182/187/182 1108/1145/1108
f 1096/1133/1096 1109/1146/1109 181/186/181
f 181/186/181 751/768/751 1096/1133/1096
f 1112/1149/1112 436/448/436 435/447/435
f 435/447/435 1113/1150/1113 1112/1149/1112
f 1112/1149/1112 1105/1142/1105 437/449/437
f 437/449/437 436/448/436 1112/1149/1112
f 1092/1129/1092 1113/1150/1113 435/447/435
f 435/447/435 749/766/749 1092/1129/1092
f 514/526/514 518/530/518 1463/1531/1463
f 1463/1531/1463 515/527/515 514/526/514
f 1116/1153/1116 518/530/518 517/529/517
f 517/529/517 1117/1154/1117 1116/1153/1116
f 1116/1153/1116 1101/1138/1101 1463/1531/1463
f 1463/1531/1463 518/530/518 1116/1153/1116
f 1104/1141/1104 1117/1154/1117 517/529/517
f 517/529/517 755/772/755 1104/1141/1104
f 1120/1157/1120 463/475/463 1431/1495/1431
f 1431/1495/1431 1121/1158/1121 1120/1157/1120
f 1120/1157/1120 1097/1134/1097 464/476/464
f 464/476/464 463/475/463 1120/1157/1120
f 1100/1137/1100 1121/1158/1121 1431/1495/1431
f 1431/1495/1431 1464/1532/1464 1100/1137/1100
f 1124/1161/1124 1127/1164/1127 1154/1191/1154
f 1154/1191/1154 1153/1190/1153 1124/1161/1124
f 1352/1393/1352 1127/1164/1127 1126/1163/1126
f 1126/1163/1126 1353/1394/1353 1352/1393/1352
f 1128/1165/1128 1131/1168/1131 1146/1183/1146
f 1146/1183/1146 1145/1182/1145 1128/1165/1128
f 1355/1396/1355 1131/1168/1131 1130/1167/1130
f 1130/1167/1130 1356/1397/1356 1355/1396/1355
f 1359/1400/1359 1135/1172/1135 1134/1171/1134
f 1134/1171/1134 1360/1401/1360 1359/1400/1359
f 1132/1169/1132 1135/1172/1135 1142/1179/1142
f 1142/1179/1142 1141/1178/1141 1132/1169/1132
f 1363/1404/1363 1139/1176/1139 1138/1175/1138
f 1138/1175/1138 1364/1405/1364 1363/1404/1363
f 1136/1173/1136 1139/1176/1139 1150/1187/1150
f 1150/1187/1150 1149/1186/1149 1136/1173/1136
f 1140/1177/1140 228/235/228 1430/1494/1430
f 1430/1494/1430 1141/1178/1141 1140/1177/1140
f 1140/1177/1140 1129/1166/1129 229/236/229
f 229/236/229 228/235/228 1140/1177/1140
f 1132/1169/1132 1141/1178/1141 1430/1494/1430
f 1430/1494/1430 1466/1534/1466 1132/1169/1132
f 1144/1181/1144 22/22/22 21/21/21
f 21/21/21 1145/1182/1145 1144/1181/1144
f 1144/1181/1144 1125/1162/1125 23/23/23
f 23/23/23 22/22/22 1144/1181/1144
f 1128/1165/1128 1145/1182/1145 21/21/21
f 21/21/21 763/780/763 1128/1165/1128
f 507/519/507 513/525/513 1465/1533/1465
f 1465/1533/1465 508/520/508 507/519/507
f 1148/1185/1148 513/525/513 512/524/512
f 512/524/512 1149/1186/1149 1148/1185/1148
f 1148/1185/1148 1133/1170/1133 1465/1533/1465
f 1465/1533/1465 513/525/513 1148/1185/1148
f 1136/1173/1136 1149/1186/1149 512/524/512
f 512/524/512 767/784/767 1136/1173/1136
f 1152/1189/1152 264/271/264 263/270/263
f 263/270/263 1153/1190/1153 1152/1189/1152
f 1152/1189/1152 1137/1174/1137 265/272/265
f 265/272/265 264/271/264 1152/1189/1152
f 1124/1161/1124 1153/1190/1153 263/270/263
f 263/270/263 761/778/761 1124/1161/1124
f 1373/1414/1373 1159/1196/1159 1158/1195/1158
f 1158/1195/1158 1374/1415/1374 1373/1414/1373
f 1156/1193/1156 1159/1196/1159 1182/1219/1182
f 1182/1219/1182 1181/1218/1181 1156/1193/1156
f 1376/1417/1376 1163/1200/1163 1162/1199/1162
f 1162/1199/1162 1377/1418/1377 1376/1417/1376
f 1160/1197/1160 1163/1200/1163 1186/1223/1186
f 1186/1223/1186 1185/1222/1185 1160/1197/1160
f 1164/1201/1164 1167/1204/1167 1174/1211/1174
f 1174/1211/1174 1173/1210/1173 1164/1201/1164
f 1378/1419/1378 1167/1204/1167 1166/1203/1166
f 1166/1203/1166 1379/1420/1379 1378/1419/1378
f 1382/1423/1382 1171/1208/1171 1170/1207/1170
f 1170/1207/1170 1383/1424/1383 1382/1423/1382
f 1168/1205/1168 1171/1208/1171 1178/1215/1178
f 1178/1215/1178 1177/1214/1177 1168/1205/1168
f 245/252/245 1429/1491/1429 1467/1535/1467
f 1467/1535/1467 249/256/249 245/252/245
f 1172/1209/1172 1429/1491/1429 1428/1490/1428
f 1428/1490/1428 1173/1210/1173 1172/1209/1172
f 1172/1209/1172 1157/1194/1157 1467/1535/1467
f 1467/1535/1467 1429/1491/1429 1172/1209/1172
f 1164/1201/1164 1173/1210/1173 1428/1490/1428
f 1428/1490/1428 1472/1540/1472 1164/1201/1164
f 496/508/496 500/512/500 1471/1539/1471
f 1471/1539/1471 497/509/497 496/508/496
f 1176/1213/1176 500/512/500 499/511/499
f 499/511/499 1177/1214/1177 1176/1213/1176
f 1176/1213/1176 1165/1202/1165 1471/1539/1471
f 1471/1539/1471 500/512/500 1176/1213/1176
f 1168/1205/1168 1177/1214/1177 499/511/499
f 499/511/499 781/798/781 1168/1205/1168
f 7/7/7 1395/1436/1395 1469/1537/1469
f 1469/1537/1469 11/11/11 7/7/7
f 1180/1217/1180 1395/1436/1395 1394/1435/1394
f 1394/1435/1394 1181/1218/1181 1180/1217/1180
f 1180/1217/1180 1161/1198/1161 1469/1537/1469
f 1469/1537/1469 1395/1436/1395 1180/1217/1180
f 1156/1193/1156 1181/1218/1181 1394/1435/1394
f 1394/1435/1394 1468/1536/1468 1156/1193/1156
f 1184/1221/1184 223/230/223 1412/1465/1412
f 1412/1465/1412 1185/1222/1185 1184/1221/1184
f 1184/1221/1184 1169/1206/1169 224/231/224
f 224/231/224 223/230/223 1184/1221/1184
f 1160/1197/1160 1185/1222/1185 1412/1465/1412
f 1412/1465/1412 1470/1538/1470 1160/1197/1160
f 660/674/660 663/677/663 1190/1227/1190
f 1190/1227/1190 1194/1231/1194 660/674/660
f 1188/1225/1188 663/677/663 662/676/662
f 662/676/662 1206/1243/1206 1188/1225/1188
f 1191/1228/1191 1194/1231/1194 1190/1227/1190
f 1190/1227/1190 1208/1245/1208 1191/1228/1191
f 660/674/660 1194/1231/1194 1193/1230/1193
f 1193/1230/1193 1198/1235/1198 660/674/660
f 660/674/660 1198/1235/1198 1197/1234/1197
f 1197/1234/1197 661/675/661 660/674/660
f 1195/1232/1195 1198/1235/1198 1193/1230/1193
f 1193/1230/1193 1204/1241/1204 1195/1232/1195
f 1199/1236/1199 661/675/661 1197/1234/1197
f 1197/1234/1197 1202/1239/1202 1199/1236/1199
f 1201/1238/1201 891/912/891 890/911/890
f 890/911/890 1202/1239/1202 1201/1238/1201
f 1201/1238/1201 1196/1233/1196 878/899/878
f 878/899/878 891/912/891 1201/1238/1201
f 1199/1236/1199 1202/1239/1202 890/911/890
f 890/911/890 883/904/883 1199/1236/1199
f 1203/1240/1203 899/920/899 898/919/898
f 898/919/898 1204/1241/1204 1203/1240/1203
f 1203/1240/1203 1192/1229/1192 874/895/874
f 874/895/874 899/920/899 1203/1240/1203
f 1195/1232/1195 1204/1241/1204 898/919/898
f 898/919/898 879/900/879 1195/1232/1195
f 1205/1242/1205 887/908/887 886/907/886
f 886/907/886 1206/1243/1206 1205/1242/1205
f 1205/1242/1205 1200/1237/1200 882/903/882
f 882/903/882 887/908/887 1205/1242/1205
f 1188/1225/1188 1206/1243/1206 886/907/886
f 886/907/886 871/892/871 1188/1225/1188
f 1207/1244/1207 895/916/895 894/915/894
f 894/915/894 1208/1245/1208 1207/1244/1207
f 1207/1244/1207 1189/1226/1189 870/891/870
f 870/891/870 895/916/895 1207/1244/1207
f 1191/1228/1191 1208/1245/1208 894/915/894
f 894/915/894 875/896/875 1191/1228/1191
f 676/690/676 679/693/679 1211/1248/1211
f 1211/1248/1211 1217/1254/1217 676/690/676
f 1209/1246/1209 679/693/679 678/692/678
f 678/692/678 1221/1258/1221 1209/1246/1209
f 1212/1568/1212 677/696/677 681/695/681
f 681/695/681 1223/1260/1223 1212/1568/1212
f 1214/1251/1214 1217/1254/1217 1211/1248/1211
f 1211/1248/1211 1227/1264/1227 1214/1251/1214
f 676/690/676 1217/1254/1217 1216/1253/1216
f 1216/1253/1216 680/694/680 676/690/676
f 1218/1255/1218 680/694/680 1216/1253/1216
f 1216/1253/1216 1225/1262/1225 1218/1255/1218
f 1220/1570/1220 931/954/931 930/953/930
f 930/953/930 1221/1569/1221 1220/1570/1220
f 1220/1571/1220 1213/1543/1213 906/927/906
f 906/927/906 931/956/931 1220/1571/1220
f 1209/1542/1209 1221/1569/1221 930/953/930
f 930/953/930 903/924/903 1209/1542/1209
f 1222/1573/1222 923/944/923 922/943/922
f 922/943/922 1223/1572/1223 1222/1573/1222
f 1222/1573/1222 1219/1545/1219 914/935/914
f 914/935/914 923/944/923 1222/1573/1222
f 1212/1544/1212 1223/1572/1223 922/943/922
f 922/943/922 907/928/907 1212/1544/1212
f 1224/1575/1224 919/940/919 918/939/918
f 918/939/918 1225/1574/1225 1224/1575/1224
f 1224/1575/1224 1215/1252/1215 910/931/910
f 910/931/910 919/940/919 1224/1575/1224
f 1218/1546/1218 1225/1574/1225 918/939/918
f 918/939/918 915/936/915 1218/1546/1218
f 1226/1576/1226 927/948/927 926/947/926
f 926/947/926 1227/1264/1227 1226/1576/1226
f 1226/1577/1226 1210/1541/1210 902/923/902
f 902/923/902 927/950/927 1226/1577/1226
f 1214/1251/1214 1227/1264/1227 926/947/926
f 926/947/926 911/932/911 1214/1251/1214
f 690/707/690 693/710/693 1230/1267/1230
f 1230/1267/1230 1234/1271/1234 690/707/690
f 1228/1265/1228 693/710/693 692/709/692
f 692/709/692 1248/1285/1248 1228/1265/1228
f 1231/1268/1231 1234/1271/1234 1230/1267/1230
f 1230/1267/1230 1244/1281/1244 1231/1268/1231
f 690/707/690 1234/1271/1234 1233/1270/1233
f 1233/1270/1233 1238/1275/1238 690/707/690
f 690/707/690 1238/1275/1238 1237/1274/1237
f 1237/1274/1237 691/708/691 690/707/690
f 1235/1272/1235 1238/1275/1238 1233/1270/1233
f 1233/1270/1233 1246/1283/1246 1235/1272/1235
f 1239/1276/1239 691/708/691 1237/1274/1237
f 1237/1274/1237 1242/1279/1242 1239/1276/1239
f 1241/1278/1241 955/980/955 954/979/954
f 954/979/954 1242/1279/1242 1241/1278/1241
f 1241/1278/1241 1236/1273/1236 942/967/942
f 942/967/942 955/980/955 1241/1278/1241
f 1239/1276/1239 1242/1279/1242 954/979/954
f 954/979/954 947/972/947 1239/1276/1239
f 1243/1579/1243 951/976/951 950/975/950
f 950/975/950 1244/1578/1244 1243/1579/1243
f 1243/1579/1243 1229/1548/1229 934/959/934
f 934/959/934 951/976/951 1243/1579/1243
f 1231/1553/1231 1244/1578/1244 950/975/950
f 950/975/950 939/964/939 1231/1553/1231
f 1245/1580/1245 959/984/959 958/983/958
f 958/983/958 1246/1283/1246 1245/1580/1245
f 1245/1581/1245 1232/1552/1232 938/963/938
f 938/963/938 959/986/959 1245/1581/1245
f 1235/1272/1235 1246/1283/1246 958/983/958
f 958/983/958 943/968/943 1235/1272/1235
f 1247/1284/1247 963/990/963 962/989/962
f 962/989/962 1248/1285/1248 1247/1284/1247
f 1247/1284/1247 1240/1277/1240 946/971/946
f 946/971/946 963/990/963 1247/1284/1247
f 1228/1549/1228 1248/1582/1248 962/1550/962
f 962/1550/962 935/960/935 1228/1549/1228
f 703/720/703 706/723/706 1251/1288/1251
f 1251/1288/1251 1255/1292/1255 703/720/703
f 1249/1286/1249 706/723/706 705/722/705
f 705/722/705 1269/1306/1269 1249/1286/1249
f 1252/1289/1252 1255/1292/1255 1251/1288/1251
f 1251/1288/1251 1265/1302/1265 1252/1289/1252
f 703/720/703 1255/1292/1255 1254/1291/1254
f 1254/1291/1254 1259/1296/1259 703/720/703
f 703/720/703 1259/1296/1259 1258/1295/1258
f 1258/1295/1258 704/721/704 703/720/703
f 1256/1293/1256 1259/1296/1259 1254/1291/1254
f 1254/1291/1254 1263/1300/1263 1256/1293/1256
f 1260/1297/1260 704/721/704 1258/1295/1258
f 1258/1295/1258 1267/1304/1267 1260/1297/1260
f 1262/1299/1262 991/1018/991 990/1017/990
f 990/1017/990 1263/1300/1263 1262/1299/1262
f 1262/1299/1262 1253/1290/1253 970/997/970
f 970/997/970 991/1018/991 1262/1299/1262
f 1256/1293/1256 1263/1300/1263 990/1017/990
f 990/1017/990 975/1002/975 1256/1293/1256
f 1264/1301/1264 983/1010/983 982/1009/982
f 982/1009/982 1265/1302/1265 1264/1301/1264
f 1264/1301/1264 1250/1287/1250 966/993/966
f 966/993/966 983/1010/983 1264/1301/1264
f 1252/1289/1252 1265/1302/1265 982/1009/982
f 982/1009/982 971/998/971 1252/1289/1252
f 1266/1303/1266 995/1022/995 994/1021/994
f 994/1021/994 1267/1304/1267 1266/1303/1266
f 1266/1303/1266 1257/1294/1257 974/1001/974
f 974/1001/974 995/1022/995 1266/1303/1266
f 1260/1297/1260 1267/1304/1267 994/1021/994
f 994/1021/994 979/1006/979 1260/1297/1260
f 1268/1305/1268 987/1014/987 986/1013/986
f 986/1013/986 1269/1306/1269 1268/1305/1268
f 1268/1305/1268 1261/1298/1261 978/1005/978
f 978/1005/978 987/1014/987 1268/1305/1268
f 1249/1286/1249 1269/1306/1269 986/1013/986
f 986/1013/986 967/994/967 1249/1286/1249
f 715/732/715 718/735/718 1272/1309/1272
f 1272/1309/1272 1276/1583/1276 715/732/715
f 1270/1307/1270 718/735/718 717/734/717
f 717/734/717 1290/1329/1290 1270/1307/1270
f 1273/1310/1273 1276/1313/1276 1272/1326/1272
f 1272/1326/1272 1288/1325/1288 1273/1310/1273
f 715/732/715 1276/1583/1276 1275/1584/1275
f 1275/1584/1275 1280/1317/1280 715/732/715
f 715/732/715 1280/1317/1280 1279/1316/1279
f 1279/1316/1279 716/733/716 715/732/715
f 1277/1314/1277 1280/1317/1280 1275/1584/1275
f 1275/1584/1275 1284/1585/1284 1277/1314/1277
f 1281/1318/1281 716/733/716 1279/1316/1279
f 1279/1316/1279 1286/1323/1286 1281/1318/1281
f 1283/1586/1283 1023/1050/1023 1022/1049/1022
f 1022/1049/1022 1284/1585/1284 1283/1586/1283
f 1283/1320/1283 1274/1311/1274 1002/1029/1002
f 1002/1029/1002 1023/1052/1023 1283/1320/1283
f 1277/1314/1277 1284/1585/1284 1022/1049/1022
f 1022/1049/1022 1007/1034/1007 1277/1314/1277
f 1285/1322/1285 1015/1042/1015 1014/1041/1014
f 1014/1041/1014 1286/1323/1286 1285/1322/1285
f 1285/1322/1285 1278/1315/1278 1006/1033/1006
f 1006/1033/1006 1015/1042/1015 1285/1322/1285
f 1281/1318/1281 1286/1323/1286 1014/1041/1014
f 1014/1041/1014 1011/1038/1011 1281/1318/1281
f 1287/1324/1287 1027/1056/1027 1026/1055/1026
f 1026/1055/1026 1288/1325/1288 1287/1324/1287
f 1287/1324/1287 1271/1327/1271 998/1025/998
f 998/1025/998 1027/1056/1027 1287/1324/1287
f 1273/1310/1273 1288/1325/1288 1026/1055/1026
f 1026/1055/1026 1003/1030/1003 1273/1310/1273
f 1289/1328/1289 1019/1046/1019 1018/1045/1018
f 1018/1045/1018 1290/1329/1290 1289/1328/1289
f 1289/1328/1289 1282/1319/1282 1010/1037/1010
f 1010/1037/1010 1019/1046/1019 1289/1328/1289
f 1270/1554/1270 1290/1329/1290 1018/1045/1018
f 1018/1045/1018 999/1026/999 1270/1554/1270
f 730/747/730 733/750/733 1293/1332/1293
f 1293/1332/1293 1299/1338/1299 730/747/730
f 1291/1330/1291 733/750/733 732/749/732
f 732/749/732 1303/1342/1303 1291/1330/1291
f 1294/1333/1294 731/748/731 735/752/735
f 735/752/735 1305/1344/1305 1294/1333/1294
f 1296/1335/1296 1299/1338/1299 1293/1332/1293
f 1293/1332/1293 1307/1346/1307 1296/1335/1296
f 730/747/730 1299/1338/1299 1298/1337/1298
f 1298/1337/1298 734/751/734 730/747/730
f 1300/1339/1300 734/751/734 1298/1337/1298
f 1298/1337/1298 1309/1348/1309 1300/1339/1300
f 1302/1587/1302 1055/1086/1055 1054/1085/1054
f 1054/1085/1054 1303/1342/1303 1302/1587/1302
f 1302/1587/1302 1295/1555/1295 1034/1063/1034
f 1034/1063/1034 1055/1086/1055 1302/1587/1302
f 1291/1330/1291 1303/1342/1303 1054/1085/1054
f 1054/1085/1054 1031/1060/1031 1291/1330/1291
f 1304/1589/1304 1051/1082/1051 1050/1081/1050
f 1050/1081/1050 1305/1588/1305 1304/1589/1304
f 1304/1589/1304 1301/1559/1301 1042/1071/1042
f 1042/1071/1042 1051/1082/1051 1304/1589/1304
f 1294/1556/1294 1305/1588/1305 1050/1081/1050
f 1050/1081/1050 1035/1064/1035 1294/1556/1294
f 1306/1591/1306 1059/1090/1059 1058/1089/1058
f 1058/1089/1058 1307/1590/1307 1306/1591/1306
f 1306/1345/1306 1292/1331/1292 1030/1059/1030
f 1030/1059/1030 1059/1092/1059 1306/1345/1306
f 1296/1558/1296 1307/1590/1307 1058/1089/1058
f 1058/1089/1058 1039/1068/1039 1296/1558/1296
f 1308/1593/1308 1047/1076/1047 1046/1075/1046
f 1046/1075/1046 1309/1592/1309 1308/1593/1308
f 1308/1594/1308 1297/1557/1297 1038/1067/1038
f 1038/1067/1038 1047/1078/1047 1308/1594/1308
f 1300/1560/1300 1309/1592/1309 1046/1075/1046
f 1046/1075/1046 1043/1072/1043 1300/1560/1300
f 744/761/744 747/764/747 1312/1351/1312
f 1312/1351/1312 1316/1595/1316 744/761/744
f 1310/1349/1310 747/764/747 746/763/746
f 746/763/746 1324/1363/1324 1310/1349/1310
f 1313/1352/1313 1316/1355/1316 1312/1368/1312
f 1312/1368/1312 1328/1367/1328 1313/1352/1313
f 744/761/744 1316/1595/1316 1315/1596/1315
f 1315/1596/1315 1320/1359/1320 744/761/744
f 744/761/744 1320/1359/1320 1319/1358/1319
f 1319/1358/1319 745/762/745 744/761/744
f 1317/1356/1317 1320/1359/1320 1315/1596/1315
f 1315/1596/1315 1330/1597/1330 1317/1356/1317
f 1321/1360/1321 745/762/745 1319/1358/1319
f 1319/1358/1319 1326/1365/1326 1321/1360/1321
f 1323/1362/1323 1079/1112/1079 1078/1111/1078
f 1078/1111/1078 1324/1363/1324 1323/1362/1323
f 1323/1362/1323 1322/1361/1322 1074/1107/1074
f 1074/1107/1074 1079/1112/1079 1323/1362/1323
f 1310/1564/1310 1324/1363/1324 1078/1111/1078
f 1078/1111/1078 1063/1096/1063 1310/1564/1310
f 1325/1364/1325 1087/1120/1087 1086/1119/1086
f 1086/1119/1086 1326/1365/1326 1325/1364/1325
f 1325/1598/1325 1318/1565/1318 1070/1103/1070
f 1070/1103/1070 1087/1122/1087 1325/1598/1325
f 1321/1360/1321 1326/1365/1326 1086/1119/1086
f 1086/1119/1086 1075/1108/1075 1321/1360/1321
f 1327/1366/1327 1091/1126/1091 1090/1125/1090
f 1090/1125/1090 1328/1367/1328 1327/1366/1327
f 1327/1599/1327 1311/1563/1311 1062/1095/1062
f 1062/1095/1062 1091/1128/1091 1327/1599/1327
f 1313/1352/1313 1328/1367/1328 1090/1125/1090
f 1090/1125/1090 1067/1100/1067 1313/1352/1313
f 1329/1370/1329 1083/1116/1083 1082/1115/1082
f 1082/1115/1082 1330/1371/1330 1329/1370/1329
f 1329/1370/1329 1314/1353/1314 1066/1099/1066
f 1066/1099/1066 1083/1116/1083 1329/1370/1329
f 1317/1566/1317 1330/1371/1330 1082/1115/1082
f 1082/1115/1082 1071/1104/1071 1317/1566/1317
f 756/773/756 759/776/759 1333/1374/1333
f 1333/1374/1333 1337/1378/1337 756/773/756
f 1331/1372/1331 759/776/759 758/775/758
f 758/775/758 1345/1386/1345 1331/1372/1331
f 1334/1375/1334 1337/1378/1337 1333/1374/1333
f 1333/1374/1333 1347/1388/1347 1334/1375/1334
f 756/773/756 1337/1378/1337 1336/1377/1336
f 1336/1377/1336 1341/1382/1341 756/773/756
f 756/773/756 1341/1382/1341 1340/1381/1340
f 1340/1381/1340 757/774/757 756/773/756
f 1338/1379/1338 1341/1382/1341 1336/1377/1336
f 1336/1377/1336 1349/1390/1349 1338/1379/1338
f 1342/1383/1342 757/774/757 1340/1381/1340
f 1340/1381/1340 1351/1392/1351 1342/1383/1342
f 1344/1385/1344 1115/1152/1115 1114/1151/1114
f 1114/1151/1114 1345/1386/1345 1344/1385/1344
f 1344/1385/1344 1343/1384/1343 1106/1143/1106
f 1106/1143/1106 1115/1152/1115 1344/1385/1344
f 1331/1372/1331 1345/1386/1345 1114/1151/1114
f 1114/1151/1114 1095/1132/1095 1331/1372/1331
f 1346/1387/1346 1111/1148/1111 1110/1147/1110
f 1110/1147/1110 1347/1388/1347 1346/1387/1346
f 1346/1387/1346 1332/1373/1332 1094/1131/1094
f 1094/1131/1094 1111/1148/1111 1346/1387/1346
f 1334/1375/1334 1347/1388/1347 1110/1147/1110
f 1110/1147/1110 1099/1136/1099 1334/1375/1334
f 1348/1389/1348 1123/1160/1123 1122/1159/1122
f 1122/1159/1122 1349/1390/1349 1348/1389/1348
f 1348/1389/1348 1335/1376/1335 1098/1135/1098
f 1098/1135/1098 1123/1160/1123 1348/1389/1348
f 1338/1379/1338 1349/1390/1349 1122/1159/1122
f 1122/1159/1122 1103/1140/1103 1338/1379/1338
f 1350/1391/1350 1119/1156/1119 1118/1155/1118
f 1118/1155/1118 1351/1392/1351 1350/1391/1350
f 1350/1391/1350 1339/1380/1339 1102/1139/1102
f 1102/1139/1102 1119/1156/1119 1350/1391/1350
f 1342/1383/1342 1351/1392/1351 1118/1155/1118
f 1118/1155/1118 1107/1144/1107 1342/1383/1342
f 768/785/768 771/788/771 1354/1395/1354
f 1354/1395/1354 1358/1399/1358 768/785/768
f 1352/1393/1352 771/788/771 770/787/770
f 770/787/770 1366/1407/1366 1352/1393/1352
f 1355/1396/1355 1358/1399/1358 1354/1395/1354
f 1354/1395/1354 1370/1411/1370 1355/1396/1355
f 768/785/768 1358/1399/1358 1357/1398/1357
f 1357/1398/1357 1362/1403/1362 768/785/768
f 768/785/768 1362/1403/1362 1361/1402/1361
f 1361/1402/1361 769/786/769 768/785/768
f 1359/1400/1359 1362/1403/1362 1357/1398/1357
f 1357/1398/1357 1372/1413/1372 1359/1400/1359
f 1363/1404/1363 769/786/769 1361/1402/1361
f 1361/1402/1361 1368/1409/1368 1363/1404/1363
f 1365/1406/1365 1155/1192/1155 1154/1191/1154
f 1154/1191/1154 1366/1407/1366 1365/1406/1365
f 1365/1406/1365 1364/1405/1364 1138/1175/1138
f 1138/1175/1138 1155/1192/1155 1365/1406/1365
f 1352/1393/1352 1366/1407/1366 1154/1191/1154
f 1154/1191/1154 1127/1164/1127 1352/1393/1352
f 1367/1408/1367 1151/1188/1151 1150/1187/1150
f 1150/1187/1150 1368/1409/1368 1367/1408/1367
f 1367/1408/1367 1360/1401/1360 1134/1171/1134
f 1134/1171/1134 1151/1188/1151 1367/1408/1367
f 1363/1404/1363 1368/1409/1368 1150/1187/1150
f 1150/1187/1150 1139/1176/1139 1363/1404/1363
f 1369/1410/1369 1147/1184/1147 1146/1183/1146
f 1146/1183/1146 1370/1411/1370 1369/1410/1369
f 1369/1410/1369 1353/1394/1353 1126/1163/1126
f 1126/1163/1126 1147/1184/1147 1369/1410/1369
f 1355/1396/1355 1370/1411/1370 1146/1183/1146
f 1146/1183/1146 1131/1168/1131 1355/1396/1355
f 1371/1412/1371 1143/1180/1143 1142/1179/1142
f 1142/1179/1142 1372/1413/1372 1371/1412/1371
f 1371/1412/1371 1356/1397/1356 1130/1167/1130
f 1130/1167/1130 1143/1180/1143 1371/1412/1371
f 1359/1400/1359 1372/1413/1372 1142/1179/1142
f 1142/1179/1142 1135/1172/1135 1359/1400/1359
f 782/799/782 785/802/785 1375/1416/1375
f 1375/1416/1375 1381/1422/1381 782/799/782
f 1373/1414/1373 785/802/785 784/801/784
f 784/801/784 1387/1428/1387 1373/1414/1373
f 1376/1417/1376 783/800/783 787/804/787
f 787/804/787 1389/1430/1389 1376/1417/1376
f 1378/1419/1378 1381/1422/1381 1375/1416/1375
f 1375/1416/1375 1385/1426/1385 1378/1419/1378
f 782/799/782 1381/1422/1381 1380/1421/1380
f 1380/1421/1380 786/803/786 782/799/782
f 1382/1423/1382 786/803/786 1380/1421/1380
f 1380/1421/1380 1391/1432/1391 1382/1423/1382
f 1384/1425/1384 1175/1212/1175 1174/1211/1174
f 1174/1211/1174 1385/1426/1385 1384/1425/1384
f 1384/1425/1384 1374/1415/1374 1158/1195/1158
f 1158/1195/1158 1175/1212/1175 1384/1425/1384
f 1378/1419/1378 1385/1426/1385 1174/1211/1174
f 1174/1211/1174 1167/1204/1167 1378/1419/1378
f 1386/1427/1386 1183/1220/1183 1182/1219/1182
f 1182/1219/1182 1387/1428/1387 1386/1427/1386
f 1386/1427/1386 1377/1418/1377 1162/1199/1162
f 1162/1199/1162 1183/1220/1183 1386/1427/1386
f 1373/1414/1373 1387/1428/1387 1182/1219/1182
f 1182/1219/1182 1159/1196/1159 1373/1414/1373
f 1388/1429/1388 1187/1224/1187 1186/1223/1186
f 1186/1223/1186 1389/1430/1389 1388/1429/1388
f 1388/1429/1388 1383/1424/1383 1170/1207/1170
f 1170/1207/1170 1187/1224/1187 1388/1429/1388
f 1376/1417/1376 1389/1430/1389 1186/1223/1186
f 1186/1223/1186 1163/1200/1163 1376/1417/1376
f 1390/1431/1390 1179/1216/1179 1178/1215/1178
f 1178/1215/1178 1391/1432/1391 1390/1431/1390
f 1390/1431/1390 1379/1420/1379 1166/1203/1166
f 1166/1203/1166 1179/1216/1179 1390/1431/1390
f 1382/1423/1382 1391/1432/1391 1178/1215/1178
f 1178/1215/1178 1171/1208/1171 1382/1423/1382
