# Blender v2.82 (sub 7) OBJ File: ''
# www.blender.org
o asteroid2
v 1.731621 -0.272759 0.550290
v 1.666057 -0.557746 0.535154
v 1.603533 -0.522361 0.230947
v 1.677417 -0.266938 0.245475
v 1.575992 -0.752630 0.549489
v 1.530994 -0.678380 0.243206
v 1.681072 0.562827 0.599623
v 1.517068 0.813116 0.558908
v 1.524344 0.844149 0.733189
v 1.606579 0.548863 0.280455
v 1.716431 0.417675 0.478954
v 1.278918 -0.188880 -0.864049
v 1.316484 -0.397842 -0.612459
v 1.206041 -0.334348 -0.845028
v 1.221433 -0.473780 -0.639246
v 1.142270 -0.424178 -0.814399
v 1.329881 -0.501013 -0.518332
v 1.383327 -0.493798 -0.458098
v 1.265123 -0.532663 -0.543928
v 1.187199 0.338222 -0.864669
v 1.311734 0.370523 -0.635433
v 1.406787 0.179939 -0.667325
v 1.266248 0.168088 -0.915785
v -0.890815 -0.167373 0.431064
v -0.853091 -0.346795 0.364858
v -0.764381 -0.292536 0.823426
v -0.802679 -0.422611 0.415096
v -0.843392 -0.443990 0.292646
v -0.879123 0.323134 0.197280
v -0.842923 0.342055 0.402079
v -0.740721 0.489238 0.446460
v -0.777344 0.493490 0.189389
v -0.895576 0.214912 0.401971
v -0.798319 0.220270 0.827710
v -0.860609 -0.164890 -0.326034
v -0.820102 -0.311517 -0.318858
v -0.847273 -0.365168 -0.147131
v -0.911187 -0.175184 -0.153094
v -0.730903 0.311632 -0.478299
v -0.813368 0.322483 -0.322483
v -0.730903 0.478299 -0.311632
v -0.670139 0.456597 -0.456597
v -0.862847 0.328993 -0.162326
v -0.767361 0.491319 -0.157986
v -0.862847 0.162326 -0.328993
v -0.920139 0.164931 -0.164931
v 0.533383 -0.569227 2.071834
v 0.495045 -0.382781 2.170295
v 0.257559 -0.303724 2.249061
v 0.306524 -0.504991 2.122915
v 0.455969 -0.177910 2.231306
v 0.714048 -0.413049 2.085317
v 0.690245 -0.102335 2.140005
v 0.544840 0.572774 2.064788
v 0.447060 0.364517 2.198510
v 0.671207 0.367836 2.117263
v 0.748351 0.630769 1.991088
v 0.477939 0.271165 2.221272
v 0.720252 -0.164876 -1.254160
v 0.684352 -0.311496 -1.184596
v 0.434316 -0.324110 -1.148834
v 0.467904 -0.175130 -1.223329
v 0.640313 -0.421604 -1.096747
v 0.887031 -0.311632 -1.139635
v 0.808785 -0.456597 -1.022327
v 0.552431 0.509626 -1.002413
v 0.700787 0.327622 -1.171964
v 0.514572 0.343138 -1.159498
v 0.723713 0.170573 -1.255744
v 0.481747 0.197917 -1.229663
v 0.723159 -1.165838 0.132101
v 0.777252 -1.346038 0.636620
v 0.685289 -1.335682 0.583639
v 0.618552 -1.252177 0.308817
v 0.821769 -1.351131 0.714022
v 0.763680 1.231822 0.302832
v 0.813015 1.294793 0.525558
v 1.009774 1.256386 0.568729
v 1.042746 1.162120 0.348952
v 0.844928 1.303127 0.712555
v 1.005768 1.275067 0.824000
v 0.805158 -0.826048 -0.388701
v 0.536072 -0.922727 -0.351760
v 0.522440 -0.759448 -0.636430
v 0.750060 -0.602889 -0.836617
v 0.382994 -1.059221 -0.155535
v 0.755003 0.785340 -0.486534
v 0.498394 0.891528 -0.430416
v 0.679316 1.134309 0.041174
v 0.820953 0.927141 -0.223305
v 0.395897 0.884787 -0.518288
v 0.554538 0.788807 -0.600506
v 0.445857 0.829269 -0.612334
v 0.379527 0.945535 -0.372662
v 0.339263 0.910433 -0.476361
v -0.269107 -0.147537 2.182308
v -0.258759 -0.291365 2.110204
v -0.107784 -0.308860 2.190691
v -0.118027 -0.147508 2.268084
v -0.238017 -0.417365 1.988410
v -0.378506 -0.276876 1.980028
v -0.361179 -0.387085 1.888223
v -0.235081 0.415175 1.988800
v -0.254365 0.302995 2.106229
v -0.091937 0.318060 2.187789
v -0.064984 0.447497 2.056785
v -0.266210 0.205009 2.164466
v -0.113357 0.228116 2.248697
v -0.192681 -0.172905 -0.968037
v -0.236061 -0.345050 -0.888743
v -0.425764 -0.358923 -0.754181
v -0.447027 -0.167969 -0.796463
v -0.164304 -0.434149 -0.914500
v -0.101329 -0.413212 -0.960795
v -0.294624 -0.439676 -0.803404
v -0.211892 -0.491568 -0.847773
v -0.255447 0.480359 -0.781451
v -0.256236 0.320936 -0.878705
v -0.452127 0.311632 -0.757075
v -0.435272 0.456597 -0.691464
v -0.255896 0.154080 -0.937941
v -0.462240 0.157986 -0.796441
v -0.333063 -0.900058 0.228381
v -0.186183 -0.946974 0.566315
v -0.397603 -0.800377 0.531091
v -0.199584 0.984845 0.244751
v -0.214931 0.957703 0.443876
v -0.059396 1.061568 0.400629
v -0.143452 1.021442 0.542718
v -0.262001 0.909000 0.552025
v -0.179405 0.988858 0.591721
v -0.465633 -0.732388 -0.314177
v -0.308252 -0.820424 -0.333360
v -0.294926 -0.888610 -0.163096
v -0.483589 -0.769246 -0.143897
v -0.130789 -0.886761 -0.354023
v -0.095958 -0.969493 -0.191108
v -0.085246 0.899883 -0.331193
v -0.288201 0.838501 -0.316310
v -0.287391 0.896994 -0.150390
v -0.072980 0.991961 -0.128448
v -0.459330 0.741155 -0.316128
v -0.261535 0.785150 -0.445801
v -0.413732 0.687831 -0.472432
v -0.209569 0.631067 1.572606
v -0.357341 0.546762 1.545243
v -0.181144 0.879622 0.867157
v -0.016731 0.723670 1.609560
v -0.046230 0.945664 0.937483
v -0.113588 -0.659625 1.645183
v -0.182981 -0.798273 1.110616
v 0.023958 -0.838970 1.357986
v -0.358616 -0.562078 1.497831
v 0.967710 1.153590 1.433059
v 0.842004 1.084574 1.497627
v 0.955479 1.045397 1.563977
v 1.009588 1.122536 1.470989
v 0.926160 1.181813 1.375786
v 0.867376 -1.177513 1.259917
v 0.821698 -1.069021 1.508224
v 0.673937 -1.076179 1.454780
v 0.715456 -0.929273 1.717983
v 0.494610 -0.909182 1.671374
v 1.013006 -1.035252 1.524955
v 0.913666 -0.917757 1.726502
v -0.481735 0.285798 1.776311
v -0.639331 0.283116 1.293328
v -0.639724 0.199822 1.380055
v -0.708613 0.222486 1.229057
v -0.697305 0.170961 1.288675
v -0.550686 -0.271362 1.583467
v -0.693669 -0.276943 1.098863
v -0.675893 -0.403598 0.957091
v -0.469796 -0.378773 1.699481
v 1.175677 0.504304 1.787024
v 1.353363 0.576916 1.601678
v 1.276146 0.779042 1.571038
v 1.134749 0.713530 1.741857
v 1.449562 0.633052 1.443174
v 1.177640 -0.502411 1.790750
v 1.369227 -0.551064 1.588961
v 1.410966 -0.281738 1.599591
v 1.198663 -0.260737 1.811143
v 1.512203 -0.582485 1.362152
v 1.569197 -0.284501 1.358783
v 1.727176 -0.008308 0.262755
v 1.780656 0.033915 0.598503
v 1.767297 0.213400 0.514356
v 1.727340 0.157336 0.258754
v 1.784962 -0.033971 0.785201
v 1.812377 0.141474 0.713093
v 1.811369 0.098213 0.781719
v 1.460374 -0.640928 -0.013027
v 1.514456 -0.507234 -0.095453
v 1.452438 -0.536445 -0.284796
v 1.452364 -0.583329 -0.204338
v 1.604751 -0.599366 1.137982
v 1.671691 -0.283926 1.136465
v 1.645050 -0.604400 0.944109
v 1.724855 -0.276090 0.958460
v 1.073896 -1.196007 0.540375
v 1.305283 -1.066683 0.535419
v 1.343773 -1.073728 0.729078
v 1.110139 -1.221394 0.700530
v 1.475253 -0.893480 0.536045
v 1.527398 -0.863556 0.807041
v 1.610844 0.330932 -0.060915
v 1.523305 0.475792 -0.103724
v 1.552698 0.184874 -0.347159
v 1.495958 0.666832 1.313819
v 1.638841 0.582548 1.082978
v 1.476861 0.827936 1.141821
v 1.720729 0.539743 0.939766
v 1.553430 0.791104 0.891947
v 1.264160 0.990335 0.302544
v 1.348427 1.035643 0.553151
v 1.461011 0.766378 0.286385
v 1.195764 1.163129 0.580434
v 1.289150 -0.003639 -0.925291
v 1.417519 -0.006367 -0.709916
v 1.008751 -0.404222 -0.980169
v 1.068020 -0.302988 -1.040918
v 1.010966 -0.695165 -0.488081
v 1.016712 -0.819143 -0.287875
v 1.132488 -0.691933 -0.440087
v 1.099797 -0.584952 -0.595291
v 1.164199 -0.629926 -0.501074
v 1.132369 -0.746497 -0.361060
v 1.114253 0.157907 -1.095648
v 1.055927 0.312363 -1.038248
v 0.883425 0.314009 -1.135238
v 0.933978 0.157986 -1.210020
v 0.886360 0.639844 -0.687317
v 0.973237 0.703703 -0.487656
v 1.263879 0.612788 -0.340746
v 1.045869 0.512449 -0.773280
v -0.925524 -0.017252 0.408441
v -0.918858 0.101348 0.418727
v -0.824574 0.107339 0.817413
v -0.890027 -0.360536 0.080943
v -0.938556 -0.183981 0.053601
v -0.639477 -0.633718 0.367163
v -0.623813 -0.677838 0.236386
v -0.730537 -0.600626 0.262700
v -0.725324 -0.533327 0.413999
v -0.764739 -0.549186 0.301970
v -0.782010 0.496202 0.007851
v -0.883409 0.329698 0.008738
v -0.756385 0.290712 0.879577
v -0.704313 0.318048 1.045117
v -0.777743 0.231020 0.993634
v -0.612895 0.636896 0.444490
v -0.414921 0.795873 0.500602
v -0.936998 -0.002563 -0.162839
v -0.878781 -0.000641 -0.330423
v -0.629986 -0.157878 -0.648334
v -0.609261 -0.296658 -0.629888
v -0.730903 -0.311632 -0.478299
v -0.767361 -0.157986 -0.491319
v -0.639008 -0.598867 -0.308416
v -0.574091 -0.578718 -0.448544
v -0.431781 -0.663832 -0.476466
v -0.670139 -0.456597 -0.456597
v -0.574964 0.443576 -0.585626
v -0.611730 0.305122 -0.624816
v -0.637336 0.644297 -0.154819
v -0.613530 0.620836 -0.306246
v -0.476428 0.780314 -0.155734
v 0.405442 0.023260 2.276994
v 0.471998 0.155858 2.246344
v 0.674540 0.174174 2.146278
v 0.263332 0.084086 2.349294
v 0.315908 0.110083 2.331604
v 0.395878 -0.715162 1.917990
v 0.614454 -0.758596 1.915060
v 0.048437 -0.326165 2.230647
v 0.029249 -0.150432 2.306085
v 0.183921 -0.340086 2.239230
v 0.137630 -0.162743 2.309958
v 0.673177 0.771431 1.909020
v 0.705264 0.921022 1.720914
v 0.835246 0.934058 1.717507
v 0.145879 0.284653 2.306149
v 0.179617 0.495031 2.105644
v 0.491347 0.005697 -1.263016
v 0.737032 0.001424 -1.284767
v 0.562393 -0.597319 -0.893330
v 0.212764 -0.437377 -1.028698
v 0.179292 -0.352735 -1.075551
v 0.413482 -0.420790 -1.077761
v 0.033248 -0.319551 -1.046649
v 0.071882 -0.432295 -1.024475
v 0.028565 -0.413349 -1.020640
v 0.466637 0.655409 -0.840130
v 0.547114 0.716449 -0.731454
v 0.446178 0.767371 -0.716586
v 0.123437 0.334504 -1.056783
v 0.232271 0.165799 -1.171680
v -0.017940 0.131944 -1.075115
v 0.364878 0.341253 -1.130204
v 0.527267 -1.173908 0.078797
v 0.642552 -1.047411 -0.124891
v 0.263454 -1.193508 0.634526
v 0.317497 -1.224453 0.508994
v 0.422046 -1.285994 0.612040
v 0.491001 -1.279926 0.472643
v 0.490556 -1.305169 0.587632
v 0.386761 -1.268741 0.661004
v 0.929838 1.051818 0.049306
v 0.237546 1.179376 0.272570
v 0.256651 1.201539 0.500232
v 0.537802 1.261470 0.492896
v 0.470486 1.218273 0.250177
v 0.109362 1.148452 0.405733
v 0.205800 1.199578 0.645615
v 0.163123 1.189143 0.585479
v 0.136133 -1.042466 -0.152699
v 0.113305 -0.930626 -0.362394
v 0.114706 0.925121 -0.383003
v 0.067690 0.847656 -0.508330
v 0.179541 0.900143 -0.496777
v 0.234590 0.961923 -0.339658
v 0.234145 0.922752 -0.459665
v -0.119672 -0.004125 2.299118
v -0.272546 -0.010361 2.210901
v -0.272564 0.095683 2.202158
v -0.135159 0.117130 2.285582
v -0.348524 -0.475911 1.751899
v -0.216146 -0.526801 1.820646
v -0.033956 0.588305 1.873012
v -0.215412 0.526254 1.820743
v -0.461807 -0.002496 -0.809568
v -0.197290 -0.010368 -0.992160
v -0.220215 -0.731499 -0.543292
v -0.202519 -0.633247 -0.692735
v -0.168633 -0.597191 -0.783903
v -0.284901 -0.538772 -0.736125
v -0.206816 -0.550351 -0.805090
v -0.419774 0.584718 -0.597340
v -0.226686 0.615630 -0.682900
v -0.255847 0.721385 -0.543179
v -0.285183 -0.928730 0.006790
v -0.473674 -0.802323 0.062465
v -0.275601 -0.942087 0.144890
v -0.070510 1.051145 0.099906
v -0.292759 0.927328 0.028141
v -0.262180 0.876246 0.695790
v -0.125962 0.975245 0.778932
v -0.170875 0.963992 0.716637
v -0.398973 -0.719560 0.862025
v 0.826296 1.282571 0.827001
v 0.920425 1.250398 1.085697
v 1.048763 1.248595 1.035848
v 1.017063 1.250628 1.188965
v 0.956113 1.242188 1.225206
v 1.081156 1.238302 1.159770
v 0.711973 -1.246943 1.053578
v 0.865727 -1.272633 1.009411
v 0.837718 -1.336632 0.869783
v 0.780417 -1.329412 0.908100
v -0.484243 0.191593 1.828405
v -0.378506 0.276876 1.980028
v -0.388902 0.144084 2.035111
v -0.473618 -0.269004 1.803379
v 0.953671 0.649809 1.899884
v 0.947766 0.394911 1.974946
v 0.951804 -0.138301 1.998781
v 0.953797 -0.451435 1.959031
v 1.592819 -0.008245 1.353987
v 1.427888 -0.020240 1.602747
v 1.423169 0.180911 1.602566
v 1.571936 0.246916 1.381720
v 1.064347 -0.851147 1.728803
v 1.186007 -0.941736 1.542259
v 1.299494 -0.775702 1.566722
v 1.142603 -0.705956 1.756761
v 1.236304 1.066578 1.401883
v 1.188951 0.975290 1.521579
v 1.087311 1.010882 1.560652
v 1.171154 1.082223 1.450625
v 1.114287 1.088031 1.477881
v -0.712687 -0.027630 1.200439
v -0.665522 0.049358 1.359042
v -0.739530 -0.131323 1.063999
v -0.729272 0.085830 1.231979
v -0.646156 0.102480 1.399309
v -0.706182 0.125156 1.283643
v 0.265942 -0.931301 1.441343
v 0.237561 -0.811039 1.678730
v 0.520393 -1.038355 1.430546
v -0.557027 -0.576201 0.887618
v -0.444335 0.452858 1.602973
v -0.592725 0.399379 1.228916
v -0.465910 0.376132 1.706019
v 0.308066 0.992154 1.340801
v 0.602524 1.079606 1.371631
v 0.164821 1.063905 0.962861
v 1.586761 -0.243727 -0.180733
v 1.668046 -0.023439 -0.056002
v 1.664978 0.165133 -0.027725
v 1.566918 -0.033657 -0.380225
v -0.962911 -0.005622 -0.005446
v -0.944770 0.158963 0.014006
v -0.963171 -0.017747 0.178734
v -0.942274 0.137587 0.220954
v 1.719778 0.035400 1.104147
v 1.758504 0.226428 1.053686
v 1.776107 0.145516 1.012696
v 1.791043 0.100103 0.945126
v 1.113202 -0.161546 -1.089664
v 1.132533 -0.000910 -1.112532
v 0.949627 0.000000 -1.233481
v 0.956477 -0.641566 1.907389
v 0.947546 -0.759919 1.845620
v 0.813152 -0.774376 1.888821
v 1.240392 -0.987573 0.263009
v 1.184791 -0.876909 -0.027099
v 1.331653 -0.794647 0.023259
v 1.373419 -0.880000 0.259613
v 1.246762 -0.803822 -0.149508
v 1.086964 -0.865724 -0.153981
v 1.194241 -0.807932 -0.205478
v 1.266129 1.136110 1.198551
v 1.277890 1.107470 1.262859
v 1.215689 1.176835 1.065484
v 1.197900 1.186929 1.173378
v 1.379762 1.042482 0.768161
v 1.253463 1.155300 0.843838
v 0.882156 -0.573433 -0.811434
v 0.950729 -0.495725 -0.897470
v 0.733242 0.615580 -0.819760
v 0.892241 0.566075 -0.819737
v 0.955119 0.459917 -0.939566
v 0.794362 0.466106 -1.004740
v 1.062885 0.795953 -0.261391
v 1.166658 0.900074 0.011259
v 1.372994 0.703409 -0.024643
v -0.810240 0.019302 0.880575
v -0.765632 -0.018313 1.045198
v -0.793004 0.080877 1.037010
v 0.172646 -0.656709 1.905761
v -0.036892 -0.590495 1.872622
v 0.109261 -0.490041 2.097217
v -0.076728 -0.456258 2.055228
v 0.092375 0.076831 2.371178
v 0.073458 0.119513 2.365481
v 0.141965 0.056106 2.369885
v 0.149341 -0.165271 -1.138019
v 0.257671 -0.003879 -1.205224
v 0.031318 -0.026779 -1.117209
v -0.633789 0.155382 -0.648329
v -0.640191 -0.000624 -0.656168
v -0.779514 0.000000 -0.495660
v -0.767361 0.157986 -0.491319
v 0.039803 0.490695 -0.904201
v 0.150243 0.676492 -0.761691
v 0.309623 0.633951 -0.851627
v 0.351203 0.485297 -1.004882
v 0.225814 0.757138 -0.720813
v 0.094882 0.756668 -0.652561
v 0.188761 0.797390 -0.656486
v -0.644997 -0.503381 0.805048
v 0.157804 -1.124944 0.057248
v -0.069883 -1.037540 0.029943
v 0.214848 -1.174682 0.282670
v 0.375577 -1.175151 0.100294
v 0.383120 -1.224512 0.291221
v -0.348524 0.475911 1.751899
v 0.183708 1.146192 0.824875
v 0.297918 1.137658 0.912183
v 0.354052 1.199517 0.783832
v 0.218523 1.177314 0.775970
v 0.595652 1.169643 1.095526
v 0.391508 1.087909 1.157647
v -0.642049 0.657620 0.066301
v -0.470526 0.804271 0.018317
v -0.417527 -0.547615 -0.634209
v -0.545801 -0.505353 -0.567212
v 0.035589 -0.791870 -0.564007
v 0.110284 -0.639721 -0.795321
v 0.336057 -0.699957 -0.743691
v 0.193242 -0.536744 -0.933464
v 0.445887 -0.521686 -0.982130
v 0.025843 -0.591337 -0.865899
v -0.031833 -0.674445 -0.717848
v -0.060429 -0.618284 -0.808541
v -0.633755 -0.647878 -0.136413
v -0.719278 -0.598450 0.026350
v -0.728023 -0.530489 -0.203090
v -0.741248 -0.605999 0.118421
v -0.635177 -0.676499 0.120958
v -0.564885 0.574097 -0.467782
v 0.190283 1.030976 -0.196359
v 0.173504 1.129693 0.053212
v 0.326273 1.152699 0.049094
v 0.029141 1.088019 0.055235
v 1.205670 -0.000000 1.817941
v 0.900052 0.207590 2.024350
v 1.102041 -1.187361 1.073314
v 1.325988 -1.057510 1.106465
v 1.272643 -1.012240 1.324531
v 1.070918 -1.126600 1.289888
v 1.492824 -0.858626 1.098743
v 1.416545 -0.827966 1.349677
v 1.347779 -1.072399 0.918908
v 1.045201 0.831301 1.745868
v 0.877967 0.780832 1.871482
v -0.490091 -0.062898 1.851659
v -0.573839 -0.133626 1.591264
v -0.505460 0.122360 1.798522
v 0.092471 -1.053255 0.804381
v 0.365220 -1.160719 0.942782
v 0.506833 -1.198793 1.011890
v 0.449426 -1.249691 0.857189
v 0.275449 -1.174218 0.763003
v 0.400632 -1.248757 0.791378
v -0.440830 -0.455199 1.608865
v -0.393428 0.756611 0.734917
v -0.575089 0.634010 0.620674
v -0.537400 0.527783 1.100541
v -0.403796 0.647940 1.091221
v 0.155660 0.647056 1.909288
v 0.231948 0.796072 1.698166
v 0.383236 0.698727 1.943305
v 0.472158 0.849313 1.749122
v 0.576188 -1.324530 0.586207
v 0.844066 -1.347367 0.792664
v 0.380263 -1.255980 0.722836
v 0.708863 -1.292386 0.704257
v 0.530692 -1.250145 0.688053
v -0.926287 -0.192343 0.228709
v -0.899298 -0.308037 0.216229
v -0.819088 -0.459223 -0.021071
v -0.797445 -0.454779 0.130009
v -0.738979 -0.517764 0.224368
v -0.787661 -0.452123 0.225148
v -0.032336 -0.405232 -0.999176
v -0.103823 -0.515764 -0.813613
v 0.012924 -0.447617 -0.920152
v 0.225257 1.195416 0.714166
v -0.074602 0.998023 0.595011
v -0.038456 0.983619 0.741863
v 0.118691 1.107694 0.605380
v 0.283679 0.921932 -0.458416
v 0.259184 0.822549 -0.533487
v 0.380828 0.530945 2.103992
v 0.323958 0.400011 2.205463
v 0.088479 0.226449 2.330292
v 0.204489 0.073932 2.363839
v 0.171497 0.206080 2.286447
v 0.275629 0.217037 2.264967
v 0.291392 0.155151 2.281420
v -0.741745 0.242856 1.110461
v -0.679657 0.163908 1.207175
v -0.734543 0.126538 1.038647
v -0.700147 0.113136 1.165142
v 0.954399 1.219710 1.304412
v 1.058672 1.101782 1.485008
v 1.267874 1.083536 1.330996
v 1.143240 1.216272 1.155570
v 1.013611 1.110703 1.383039
v 1.055337 1.154212 1.246714
v 1.211153 -0.575533 -0.535017
v 1.428392 -0.506030 -0.371429
v 1.455667 -0.781943 0.260134
v 1.153719 -0.786800 -0.280235
v 1.278240 -0.551226 -0.388670
v 1.227669 -0.717273 -0.202352
v 1.169685 -0.633282 -0.402006
v 1.742244 0.321622 1.067324
v 1.728682 0.421736 1.049913
v 1.552388 0.462219 1.352189
v 1.804127 0.083582 0.861843
v 1.695235 0.409330 0.959918
v 1.740253 0.231037 0.790633
v 1.711028 0.428047 0.773598
v 1.515680 -0.007275 -0.504564
v 1.475845 -0.235193 -0.478765
v 1.445131 0.321708 1.555361
v 1.686536 -0.507201 0.850522
v 0.896831 -0.990919 -0.073341
v 1.110988 1.224870 0.705783
v 1.012328 -0.457631 -0.899240
v 0.271373 -0.154041 2.295096
v -0.225580 0.152724 2.220055
v 0.614229 1.229600 0.885602
v -0.547994 -0.432772 -0.619495
v -0.769029 -0.421617 -0.311928
v 0.463833 1.144994 0.016742
v 1.278516 -1.129286 0.824194
v 1.124748 -1.219278 0.815154
v 0.871039 0.855963 1.801227
v -0.636513 0.416394 1.053141
v 0.659335 -1.338138 0.611227
v 0.812577 -1.349243 0.797188
v 0.807927 -1.340803 0.859246
v 0.621875 -1.282987 0.931611
v 0.527497 -1.262148 0.904528
v 0.576142 -1.242031 0.855308
v 0.740477 -1.349595 0.658509
v 0.791263 -1.352666 0.727378
v 0.710284 -1.306989 0.932816
v -0.882723 -0.407036 0.190541
v -0.882751 -0.414380 0.145639
v -0.793278 -0.508797 0.310039
v -0.798276 -0.447801 0.251526
v -0.794987 -0.540235 0.072428
v -0.761257 -0.513755 0.117086
v -0.724886 -0.618270 0.191716
v -0.722656 -0.552711 0.213122
v -0.742969 -0.555382 0.127850
v -0.734908 -0.550662 0.252265
v -0.864511 -0.445314 0.094248
v -0.874610 -0.412632 0.234821
v -0.126541 -0.459101 -0.852836
v 0.084899 -0.527458 -0.946093
v 0.021857 -0.525484 -0.868183
v -0.100140 -0.550158 -0.796539
v 0.092579 -0.465244 -1.004176
v -0.145910 -0.549249 -0.794915
v 0.003794 1.112274 0.516871
v -0.076426 1.065980 0.518127
v -0.186996 0.969880 0.651831
v 0.033453 1.052154 0.848113
v 0.116353 1.101061 0.848169
v 0.090197 1.157228 0.540973
v -0.051148 1.008373 0.823466
v 0.398263 0.777455 -0.623436
v 0.336950 0.720781 -0.785529
v 0.281677 0.731925 -0.764683
v 0.169853 0.840314 -0.589332
v 0.219629 0.824912 -0.542412
v 0.225798 0.862507 -0.500846
v 0.424834 0.737300 -0.765271
v 0.385387 0.721997 -0.787121
v 0.257225 0.300903 2.294503
v 0.201944 0.283945 2.305814
v 0.363548 0.178566 2.306350
v 0.365448 0.247353 2.290657
v 0.093761 0.169677 2.358742
v 0.102721 0.120839 2.370301
v 0.160435 0.082960 2.368993
v 0.295966 0.246164 2.264559
v 0.331461 0.294916 2.285267
v 0.122411 0.230794 2.333384
v -0.812415 0.138667 0.934821
v -0.770532 0.071531 1.113054
v -0.691449 0.122770 1.209257
v -0.746891 0.180412 0.996287
v -0.800264 0.190252 0.942359
v -0.808124 0.099906 0.975932
v -0.694306 0.194650 1.200595
v 0.955793 1.184097 1.372088
v 1.233603 1.093997 1.363561
v 1.252604 1.124882 1.269145
v 0.981726 1.236774 1.241516
v 1.238824 1.153411 1.211865
v 1.367244 -0.713372 -0.121217
v 1.308110 -0.767387 -0.121768
v 1.419707 -0.647322 -0.148723
v 1.726435 0.552241 0.859813
v 1.787886 0.311243 0.655800
v 1.769904 0.407236 0.669739
v 1.721361 0.494622 1.009577
v 1.752046 0.484146 0.710295
v 1.737440 0.533493 0.778032
v 1.803321 0.219125 0.670163
v 0.632989 -1.287029 0.648855
v 0.710279 -1.272697 0.854594
v 0.753179 -1.292683 0.817701
v 0.503157 -1.228118 0.801110
v 0.459370 -1.240195 0.692174
v 0.497352 -1.258964 0.643808
v -0.818786 -0.423603 0.211398
v -0.819838 -0.433116 0.142396
v -0.750489 -0.508683 0.261953
v -0.730623 -0.541496 0.153032
v -0.147725 -0.511234 -0.808038
v 0.008352 -0.421433 -0.949813
v -0.020503 -0.537624 -0.832021
v 0.055308 -0.448425 -0.948155
v -0.102597 -0.433736 -0.891421
v -0.016276 1.044547 0.562308
v -0.097059 0.968234 0.688385
v 0.155441 1.094560 0.755546
v 0.092289 1.055000 0.788783
v 0.171046 1.129640 0.662691
v 0.261767 0.858415 -0.489629
v 0.350174 0.841051 -0.518496
v 0.377685 0.807008 -0.566351
v 0.387889 0.740920 -0.674452
v 0.255412 0.752313 -0.649844
v 0.303579 0.726008 -0.701902
v 0.379621 0.725138 -0.710804
v 0.217701 0.243171 2.274487
v 0.314581 0.215949 2.266063
v 0.174817 0.136120 2.303733
v 0.139009 0.135248 2.317975
v 0.181827 0.108613 2.316880
v 0.267290 0.124036 2.297195
v -0.726784 0.187730 1.036494
v -0.699181 0.197918 1.136461
v -0.757372 0.135290 0.984425
v -0.738384 0.101695 1.063954
v 0.991403 1.146792 1.330251
v 1.138781 1.073603 1.373942
v 1.088771 1.078679 1.413070
v 1.167053 1.124913 1.227697
v 1.190602 1.099710 1.278243
v 1.083371 1.175575 1.195687
v 1.025706 1.185121 1.226215
v 1.244280 -0.544527 -0.461296
v 1.372686 -0.539156 -0.296568
v 1.363342 -0.593241 -0.214900
v 1.289153 -0.696203 -0.166028
v 1.163636 -0.695436 -0.318536
v 1.307528 -0.514832 -0.434014
v 1.696500 0.466284 0.899919
v 1.733238 0.355044 0.722248
v 1.733160 0.189367 0.940705
v 1.719385 0.264143 0.991913
v 1.757631 0.156133 0.814158
v 1.759076 0.207171 0.740571
v 1.743083 -0.289494 0.734107
v 1.664918 -0.596849 0.742615
v 0.751719 -0.605371 2.006202
v 0.933978 -0.157986 -1.210020
v 1.012728 -1.119682 0.291689
v 0.582386 1.269043 0.652931
v -0.388902 -0.144084 2.035111
v -0.361179 0.387085 1.888223
v -0.057489 -1.056751 0.243824
v -0.447127 0.811988 0.215591
v 1.198663 0.260737 1.811143
v -0.392368 -0.000000 2.053472
v 1.121017 -1.213093 0.927242
v 0.999258 0.911671 1.706334
vt 0.428220 0.423207
vt 0.415517 0.393054
vt 0.452503 0.378605
vt 0.464093 0.407461
vt 0.402133 0.372321
vt 0.441050 0.360849
vt 0.441546 0.515506
vt 0.465203 0.513359
vt 0.482976 0.543484
vt 0.462185 0.552503
vt 0.505365 0.502677
vt 0.473101 0.491555
vt 0.603457 0.347671
vt 0.558761 0.334788
vt 0.592025 0.323590
vt 0.557965 0.316708
vt 0.582289 0.308051
vt 0.539899 0.328307
vt 0.532944 0.336057
vt 0.541423 0.319366
vt 0.641948 0.427015
vt 0.613373 0.445063
vt 0.600533 0.414322
vt 0.631771 0.396296
vt 0.535746 0.959525
vt 0.544489 0.982851
vt 0.486169 0.979924
vt 0.241526 0.049324
vt 0.309709 0.021888
vt 0.308136 0.036949
vt 0.325033 0.027310
vt 0.571231 0.892996
vt 0.540856 0.889849
vt 0.534210 0.865255
vt 0.572703 0.865906
vt 0.540701 0.907523
vt 0.476458 0.906968
vt 0.637705 0.968561
vt 0.632200 0.987416
vt 0.610677 0.983121
vt 0.615035 0.963423
vt 0.669417 0.871546
vt 0.646864 0.884805
vt 0.643048 0.857240
vt 0.663361 0.848832
vt 0.623803 0.890444
vt 0.621965 0.862548
vt 0.652567 0.913808
vt 0.624685 0.916736
vt 0.145957 0.526579
vt 0.159978 0.557854
vt 0.143480 0.594422
vt 0.128707 0.561248
vt 0.174392 0.590656
vt 0.179194 0.523971
vt 0.203155 0.576547
vt 0.278339 0.671786
vt 0.239476 0.670783
vt 0.256140 0.636160
vt 0.296472 0.649286
vt 0.226185 0.655364
vt 0.888733 0.817658
vt 0.889434 0.838325
vt 0.863072 0.849918
vt 0.860026 0.827985
vt 0.608996 0.227743
vt 0.630536 0.236048
vt 0.634189 0.279412
vt 0.603597 0.256316
vt 0.822255 0.737158
vt 0.858903 0.754896
vt 0.834849 0.761772
vt 0.874622 0.775134
vt 0.842339 0.783115
vt 0.412457 0.249546
vt 0.347296 0.270686
vt 0.349921 0.258674
vt 0.384495 0.242123
vt 0.547658 0.634378
vt 0.515798 0.640873
vt 0.503246 0.620475
vt 0.529727 0.603632
vt 0.491025 0.644944
vt 0.473192 0.630845
vt 0.497652 0.250014
vt 0.482062 0.218938
vt 0.526750 0.212939
vt 0.567915 0.244364
vt 0.657028 0.556243
vt 0.668492 0.606449
vt 0.587978 0.625755
vt 0.616361 0.580376
vt 0.688669 0.615153
vt 0.686388 0.566151
vt 0.696365 0.585280
vt 0.666461 0.638466
vt 0.686710 0.637513
vt 0.081076 0.170064
vt 0.098817 0.179511
vt 0.086192 0.198971
vt 0.065703 0.186292
vt 0.119771 0.185926
vt 0.113751 0.161192
vt 0.130575 0.166866
vt 0.285908 0.796460
vt 0.262534 0.798482
vt 0.248973 0.771013
vt 0.275506 0.768264
vt 0.027792 0.135016
vt 0.046296 0.122759
vt 0.052481 0.136339
vt 0.034384 0.147153
vt 0.783848 0.870899
vt 0.787361 0.895749
vt 0.763638 0.913405
vt 0.750927 0.891348
vt 0.802044 0.900808
vt 0.808634 0.893422
vt 0.785183 0.913262
vt 0.798456 0.912483
vt 0.720952 0.800511
vt 0.738670 0.818470
vt 0.714124 0.838304
vt 0.700725 0.821840
vt 0.753935 0.837270
vt 0.726223 0.855933
vt 0.367600 0.113110
vt 0.318637 0.148420
vt 0.317686 0.109640
vt 0.568793 0.763412
vt 0.538695 0.772528
vt 0.545426 0.746413
vt 0.524811 0.762515
vt 0.521223 0.784326
vt 0.517028 0.769962
vt 0.448350 0.082742
vt 0.453550 0.105478
vt 0.427885 0.111947
vt 0.422895 0.083802
vt 0.462430 0.130419
vt 0.436051 0.139181
vt 0.656764 0.735872
vt 0.648284 0.770728
vt 0.623884 0.769380
vt 0.624301 0.734551
vt 0.645124 0.800580
vt 0.667754 0.770094
vt 0.667830 0.797983
vt 0.472066 0.783365
vt 0.355785 0.793293
vt 0.352352 0.762568
vt 0.461001 0.764086
vt 0.174428 0.203512
vt 0.242490 0.170035
vt 0.217379 0.215084
vt 0.396392 0.644053
vt 0.384721 0.657962
vt 0.376161 0.643335
vt 0.390852 0.639265
vt 0.404553 0.648951
vt 0.271581 0.318726
vt 0.236281 0.334094
vt 0.234837 0.307890
vt 0.198563 0.339662
vt 0.193563 0.298522
vt 0.246662 0.360074
vt 0.211791 0.373262
vt 0.086429 0.087659
vt 0.131675 0.046645
vt 0.133528 0.058381
vt 0.144650 0.043617
vt 0.146714 0.050413
vt 0.154663 0.122866
vt 0.207701 0.073902
vt 0.235329 0.077527
vt 0.150483 0.145193
vt 0.315772 0.589647
vt 0.344734 0.574781
vt 0.360366 0.595298
vt 0.336183 0.608239
vt 0.367489 0.565586
vt 0.237466 0.460375
vt 0.271375 0.442689
vt 0.286043 0.476544
vt 0.251910 0.497328
vt 0.304941 0.430233
vt 0.322157 0.463268
vt 0.474895 0.436466
vt 0.438066 0.456639
vt 0.457098 0.472190
vt 0.485508 0.454677
vt 0.411308 0.457666
vt 0.429862 0.472564
vt 0.419144 0.471255
vt 0.471942 0.347587
vt 0.489549 0.360078
vt 0.510124 0.344744
vt 0.497848 0.343884
vt 0.336266 0.419043
vt 0.353302 0.451776
vt 0.362095 0.409216
vt 0.376123 0.441284
vt 0.372584 0.301768
vt 0.384606 0.329018
vt 0.361689 0.341502
vt 0.353185 0.312017
vt 0.396372 0.352688
vt 0.365460 0.373488
vt 0.533992 0.461896
vt 0.550317 0.481728
vt 0.559652 0.430359
vt 0.384492 0.560720
vt 0.407821 0.536735
vt 0.412789 0.568971
vt 0.422582 0.523439
vt 0.443865 0.560290
vt 0.526621 0.568598
vt 0.493191 0.573868
vt 0.517224 0.533116
vt 0.496038 0.597455
vt 0.621223 0.370671
vt 0.593138 0.384647
vt 0.605064 0.291123
vt 0.621636 0.309583
vt 0.522731 0.280251
vt 0.489882 0.281111
vt 0.517713 0.296383
vt 0.543743 0.295895
vt 0.529038 0.301688
vt 0.504809 0.295451
vt 0.658794 0.383991
vt 0.666379 0.412286
vt 0.692064 0.412093
vt 0.686270 0.381292
vt 0.662186 0.507560
vt 0.636114 0.520792
vt 0.596040 0.498267
vt 0.653203 0.465071
vt 0.538438 0.938615
vt 0.478571 0.922604
vt 0.538553 0.922115
vt 0.583184 0.981699
vt 0.587344 0.960764
vt 0.331469 0.065756
vt 0.356179 0.065202
vt 0.346566 0.046898
vt 0.317522 0.052661
vt 0.335042 0.042839
vt 0.598936 0.864581
vt 0.598824 0.891998
vt 0.467352 0.894539
vt 0.440055 0.886701
vt 0.449091 0.904693
vt 0.620816 0.940841
vt 0.644782 0.944559
vt 0.725625 0.908443
vt 0.737930 0.922068
vt 0.721063 0.940260
vt 0.705090 0.927110
vt 0.443937 0.054488
vt 0.467129 0.060218
vt 0.473705 0.081879
vt 0.469654 0.039673
vt 0.682192 0.839390
vt 0.691899 0.855708
vt 0.620724 0.833613
vt 0.641696 0.829846
vt 0.622212 0.802480
vt 0.187505 0.624907
vt 0.209244 0.639323
vt 0.231764 0.615748
vt 0.174818 0.646787
vt 0.184499 0.647836
vt 0.148911 0.289962
vt 0.160135 0.331352
vt 0.122964 0.314231
vt 0.104944 0.270195
vt 0.078271 0.219112
vt 0.053234 0.203482
vt 0.074756 0.238475
vt 0.050428 0.219052
vt 0.316331 0.666429
vt 0.351039 0.653940
vt 0.348564 0.669600
vt 0.221815 0.722695
vt 0.268101 0.726776
vt 0.855729 0.804547
vt 0.886940 0.795558
vt 0.569935 0.216756
vt 0.588920 0.164998
vt 0.601168 0.158352
vt 0.618383 0.195475
vt 0.600950 0.193686
vt 0.818367 0.871150
vt 0.837150 0.867590
vt 0.829765 0.883499
vt 0.823499 0.883648
vt 0.700989 0.540246
vt 0.714543 0.521241
vt 0.715849 0.556081
vt 0.707691 0.562662
vt 0.813566 0.799712
vt 0.785281 0.820296
vt 0.785451 0.787268
vt 0.815616 0.770835
vt 0.412536 0.224758
vt 0.447114 0.236580
vt 0.443648 0.202338
vt 0.338137 0.230956
vt 0.348316 0.212565
vt 0.358621 0.232931
vt 0.343320 0.237905
vt 0.331352 0.210709
vt 0.330692 0.228436
vt 0.573337 0.593654
vt 0.565395 0.698433
vt 0.531738 0.705246
vt 0.528225 0.670493
vt 0.565067 0.666893
vt 0.546190 0.722062
vt 0.510144 0.716461
vt 0.519205 0.720366
vt 0.435951 0.170429
vt 0.467730 0.161921
vt 0.671511 0.699313
vt 0.692376 0.715828
vt 0.694592 0.689483
vt 0.665754 0.674035
vt 0.687872 0.673889
vt 0.050255 0.174053
vt 0.067223 0.159672
vt 0.059663 0.148545
vt 0.041564 0.159756
vt 0.150702 0.168158
vt 0.144710 0.190769
vt 0.184226 0.159723
vt 0.308316 0.765576
vt 0.315309 0.794379
vt 0.738330 0.873634
vt 0.773154 0.851313
vt 0.531328 0.111161
vt 0.512107 0.108121
vt 0.521181 0.091692
vt 0.534468 0.103154
vt 0.686158 0.806675
vt 0.705766 0.782066
vt 0.684968 0.773822
vt 0.402661 0.116946
vt 0.389297 0.086448
vt 0.382167 0.121141
vt 0.589139 0.738791
vt 0.597096 0.773536
vt 0.498518 0.789027
vt 0.487749 0.768603
vt 0.496782 0.773433
vt 0.269381 0.125610
vt 0.474081 0.653449
vt 0.442470 0.646665
vt 0.446993 0.631035
vt 0.429639 0.636883
vt 0.425701 0.644484
vt 0.431498 0.629955
vt 0.291163 0.286643
vt 0.303714 0.300910
vt 0.320692 0.289224
vt 0.313152 0.284791
vt 0.089977 0.100757
vt 0.064922 0.109046
vt 0.073459 0.125762
vt 0.132061 0.142604
vt 0.312126 0.625747
vt 0.280725 0.606565
vt 0.228536 0.540176
vt 0.205440 0.486927
vt 0.339842 0.492055
vt 0.303167 0.508151
vt 0.316927 0.531631
vt 0.353048 0.520096
vt 0.225538 0.397359
vt 0.257464 0.384829
vt 0.263441 0.411534
vt 0.230322 0.425714
vt 0.395204 0.612367
vt 0.377181 0.614419
vt 0.374523 0.627329
vt 0.391318 0.620098
vt 0.388410 0.626468
vt 0.160930 0.051644
vt 0.153433 0.072694
vt 0.142080 0.068166
vt 0.152352 0.053957
vt 0.172999 0.061071
vt 0.216271 0.251809
vt 0.180350 0.258010
vt 0.231963 0.284041
vt 0.351175 0.834093
vt 0.433255 0.852202
vt 0.408644 0.865562
vt 0.331502 0.839228
vt 0.361015 0.818355
vt 0.400811 0.721385
vt 0.458020 0.737727
vt 0.514730 0.386047
vt 0.511378 0.419168
vt 0.520855 0.443645
vt 0.547217 0.398991
vt 0.598566 0.938649
vt 0.596662 0.916675
vt 0.570462 0.940441
vt 0.566475 0.918706
vt 0.375305 0.481765
vt 0.393264 0.497760
vt 0.393647 0.487680
vt 0.399476 0.479435
vt 0.637762 0.334162
vt 0.649538 0.359647
vt 0.679800 0.352335
vt 0.197452 0.443248
vt 0.199183 0.409597
vt 0.176326 0.384878
vt 0.418853 0.315047
vt 0.456536 0.304478
vt 0.458236 0.325542
vt 0.425783 0.333887
vt 0.476571 0.311114
vt 0.471194 0.290111
vt 0.482593 0.303599
vt 0.422242 0.608489
vt 0.413490 0.606944
vt 0.439969 0.610646
vt 0.426552 0.616193
vt 0.466844 0.580870
vt 0.463047 0.600410
vt 0.692861 0.498336
vt 0.674569 0.480030
vt 0.674081 0.446078
vt 0.697013 0.450272
vt 0.604729 0.539487
vt 0.566317 0.555765
vt 0.556075 0.518322
vt 0.481003 0.960831
vt 0.472157 0.938347
vt 0.185160 0.026613
vt 0.200602 0.025077
vt 0.189388 0.044649
vt 0.181364 0.034175
vt 0.142074 0.251917
vt 0.141492 0.218724
vt 0.106232 0.237473
vt 0.111657 0.209953
vt 0.018413 0.179609
vt 0.018141 0.173223
vt 0.824461 0.846208
vt 0.828098 0.817550
vt 0.804460 0.836260
vt 0.700988 0.874669
vt 0.711930 0.892713
vt 0.688997 0.912585
vt 0.676928 0.893974
vt 0.755102 0.770717
vt 0.743415 0.736051
vt 0.772868 0.730680
vt 0.796638 0.748870
vt 0.739820 0.717161
vt 0.719742 0.727895
vt 0.725691 0.712961
vt 0.257834 0.101517
vt 0.261753 0.078275
vt 0.405464 0.178761
vt 0.404218 0.147899
vt 0.375797 0.191977
vt 0.404935 0.207397
vt 0.379034 0.213526
vt 0.326810 0.816578
vt 0.482374 0.726279
vt 0.468408 0.715465
vt 0.487858 0.703353
vt 0.490074 0.719770
vt 0.440713 0.684324
vt 0.431228 0.709578
vt 0.589980 0.835387
vt 0.597800 0.802845
vt 0.499519 0.146824
vt 0.540788 0.152988
vt 0.537409 0.183134
vt 0.568710 0.162842
vt 0.584285 0.198909
vt 0.550101 0.139488
vt 0.522579 0.133469
vt 0.537834 0.127285
vt 0.395899 0.045513
vt 0.428610 0.037073
vt 0.417845 0.058526
vt 0.375440 0.040071
vt 0.376080 0.060751
vt 0.664604 0.825052
vt 0.633749 0.688771
vt 0.598325 0.699293
vt 0.597855 0.676363
vt 0.597183 0.722214
vt 0.270964 0.533460
vt 0.254260 0.593706
vt 0.307261 0.331377
vt 0.314411 0.360863
vt 0.286699 0.371916
vt 0.279634 0.344070
vt 0.329357 0.387155
vt 0.295785 0.399216
vt 0.338172 0.351622
vt 0.343525 0.624942
vt 0.324798 0.641950
vt 0.143438 0.109551
vt 0.111796 0.125453
vt 0.100235 0.104130
vt 0.290176 0.236383
vt 0.297132 0.190992
vt 0.305725 0.245491
vt 0.311714 0.217750
vt 0.312692 0.236168
vt 0.165686 0.148549
vt 0.491092 0.814027
vt 0.503933 0.833960
vt 0.433809 0.824431
vt 0.438913 0.868418
vt 0.304510 0.735973
vt 0.342260 0.729668
vt 0.302212 0.701557
vt 0.338465 0.697378
vt 0.346284 0.247381
vt 0.286042 0.259721
vt 0.321763 0.230316
vt 0.564438 0.976798
vt 0.563396 0.958750
vt 0.329109 0.037650
vt 0.406017 0.022342
vt 0.426027 0.013624
vt 0.361153 0.045815
vt 0.385667 0.013539
vt 0.372925 0.010011
vt 0.383135 0.005170
vt 0.789782 0.927752
vt 0.799984 0.921359
vt 0.816169 0.886974
vt 0.507155 0.773701
vt 0.499830 0.716356
vt 0.514929 0.757425
vt 0.494006 0.757356
vt 0.513224 0.731810
vt 0.686567 0.658216
vt 0.793100 0.717843
vt 0.711889 0.705906
vt 0.240713 0.693855
vt 0.270548 0.694646
vt 0.013528 0.167713
vt 0.012400 0.160660
vt 0.208568 0.699427
vt 0.210521 0.714253
vt 0.201882 0.714638
vt 0.200729 0.701318
vt 0.429876 0.898074
vt 0.396949 0.882818
vt 0.410049 0.897432
vt 0.175136 0.042215
vt 0.154413 0.039464
vt 0.173208 0.029713
vt 0.163516 0.041697
vt 0.388195 0.633132
vt 0.404053 0.608379
vt 0.430421 0.622695
vt 0.537355 0.310001
vt 0.433026 0.347674
vt 0.492294 0.297929
vt 0.490255 0.313173
vt 0.516643 0.306201
vt 0.521369 0.321977
vt 0.432806 0.521110
vt 0.396457 0.507948
vt 0.403269 0.516457
vt 0.367908 0.541030
vt 0.408553 0.473671
vt 0.414156 0.511610
vt 0.424246 0.486447
vt 0.435777 0.504983
vt 0.567835 0.397955
vt 0.553030 0.371524
vt 0.334983 0.543174
vt 0.379238 0.414672
vt 0.483368 0.612285
vt 0.131576 0.595132
vt 0.155509 0.609878
vt 0.141201 0.622297
vt 0.050492 0.147133
vt 0.753100 0.934045
vt 0.773235 0.935325
vt 0.753600 0.944568
vt 0.447588 0.025479
vt 0.599761 0.655773
vt 0.346253 0.337533
vt 0.339454 0.318923
vt 0.337573 0.646991
vt 0.535041 0.838467
vt 0.527393 0.808853
vt 0.302979 0.257198
vt 0.311877 0.258504
vt 0.303179 0.269113
vt 0.331923 0.026427
vt 0.353495 0.037142
vt 0.367040 0.033177
vt 0.374344 0.031297
vt 0.387304 0.028438
vt 0.379425 0.022224
vt 0.344750 0.039712
vt 0.559068 0.997982
vt 0.555900 0.993609
vt 0.561261 0.990543
vt 0.543212 0.118406
vt 0.807471 0.908780
vt 0.551146 0.129052
vt 0.557052 0.134410
vt 0.567332 0.145981
vt 0.539867 0.111804
vt 0.706177 0.584520
vt 0.712928 0.693247
vt 0.703029 0.683167
vt 0.702240 0.599517
vt 0.160283 0.657252
vt 0.155870 0.654541
vt 0.160165 0.650893
vt 0.199482 0.657536
vt 0.188997 0.660875
vt 0.211449 0.670307
vt 0.218340 0.683666
vt 0.210866 0.690694
vt 0.220962 0.711926
vt 0.216947 0.720499
vt 0.437147 0.909270
vt 0.156959 0.044980
vt 0.446316 0.912350
vt 0.458160 0.911224
vt 0.148086 0.040856
vt 0.334294 0.240886
vt 0.329268 0.245630
vt 0.326907 0.239023
vt 0.387347 0.005495
vt 0.387705 0.010232
vt 0.379658 0.001000
vt 0.383874 0.001791
vt 0.369961 0.012873
vt 0.369465 0.008757
vt 0.372441 0.005534
vt 0.373495 0.021555
vt 0.373386 0.018530
vt 0.548163 0.116646
vt 0.546797 0.110632
vt 0.557877 0.112703
vt 0.573834 0.135144
vt 0.569174 0.130515
vt 0.573366 0.128793
vt 0.715760 0.687993
vt 0.706834 0.676312
vt 0.721815 0.677692
vt 0.729187 0.683782
vt 0.703071 0.670122
vt 0.198398 0.714488
vt 0.198117 0.705162
vt 0.205570 0.696056
vt 0.201655 0.718839
vt 0.176751 0.023727
vt 0.173304 0.033989
vt 0.412725 0.905535
vt 0.413909 0.901806
vt 0.423120 0.904522
vt 0.420868 0.635066
vt 0.417520 0.631478
vt 0.422846 0.628518
vt 0.511389 0.334413
vt 0.499901 0.333201
vt 0.488274 0.321620
vt 0.504017 0.305198
vt 0.527951 0.326816
vt 0.528846 0.317779
vt 0.428967 0.481858
vt 0.418206 0.480766
vt 0.404540 0.430734
vt 0.387930 0.399998
vt 0.447023 0.507285
vt 0.706228 0.958409
vt 0.690126 0.947298
vt 0.736211 0.953559
vt 0.718974 0.965957
vt 0.448434 0.009567
vt 0.169657 0.478608
vt 0.914479 0.816086
vt 0.912862 0.836144
vt 0.716826 0.416938
vt 0.718681 0.463812
vt 0.403714 0.287843
vt 0.504577 0.672276
vt 0.098356 0.152379
vt 0.300653 0.821263
vt 0.276104 0.821791
vt 0.373721 0.154659
vt 0.569676 0.803729
vt 0.401761 0.688404
vt 0.316018 0.845319
vt 0.292938 0.565178
vt 0.439071 0.478342
vt 0.339457 0.279817
vt 0.660830 0.316966
vt 0.567825 0.263273
vt 0.715037 0.385734
vt 0.406057 0.005364
vt 0.199469 0.059071
vt 0.672378 0.932154
vt 0.484936 0.111098
vt 0.006653 0.155242
vt 0.713725 0.360442
vt 0.451567 0.266937
vt 0.525701 0.728813
vt 0.084538 0.140704
vt 0.501569 0.076910
vt 0.471567 0.676778
vt 0.326108 0.324438
vt 0.289103 0.835661
vt 0.352518 0.633846
vt 0.412322 0.522170
vt 0.917919 0.797530
vt 0.138435 0.354104
vt 0.487623 0.338374
vt 0.584781 0.274172
vt 0.589470 0.287386
vt 0.152123 0.652790
vt 0.131071 0.632079
vt 0.157145 0.648035
vt 0.771131 0.711389
vt 0.774146 0.705417
vt 0.481284 0.759361
vt 0.486844 0.057219
vt 0.580026 0.146856
vt 0.585415 0.144074
vt 0.393682 0.013182
vt 0.306849 0.278776
vt 0.330238 0.286074
vt 0.329086 0.282734
vt 0.320939 0.285409
vt 0.345800 0.258262
vt 0.573063 0.990917
vt 0.567290 0.989610
vt 0.528778 0.751652
vt 0.528765 0.740002
vt 0.478232 0.736384
vt 0.478061 0.747925
vt 0.752978 0.717475
vt 0.763845 0.715168
vt 0.222222 0.701095
vt 0.166215 0.647686
vt 0.013951 0.174364
vt 0.460234 0.919818
vt 0.414945 0.645742
vt 0.405308 0.645799
vt 0.401313 0.613340
vt 0.413026 0.610403
vt 0.522460 0.341788
vt 0.476362 0.320412
vt 0.480270 0.329928
vt 0.448420 0.497277
vt 0.445352 0.487066
vt 0.337248 0.255826
vt 0.322796 0.275336
vt 0.342964 0.268632
vt 0.336942 0.276988
vt 0.564054 0.997719
vt 0.571873 0.998498
vt 0.339124 0.034631
vt 0.577590 0.994469
vt 0.806720 0.917091
vt 0.822696 0.892840
vt 0.518976 0.748043
vt 0.501310 0.763008
vt 0.488026 0.740736
vt 0.505565 0.726660
vt 0.697948 0.619857
vt 0.712139 0.575059
vt 0.747701 0.706957
vt 0.213576 0.706544
vt 0.201662 0.673482
vt 0.006610 0.172102
vt 0.166086 0.656732
vt 0.179832 0.655699
vt 0.007887 0.160992
vt 0.455744 0.926218
vt 0.408278 0.638833
vt 0.396588 0.628634
vt 0.410971 0.617662
vt 0.423195 0.641930
vt 0.420511 0.611807
vt 0.423369 0.513842
vt 0.437464 0.495650
vt 0.404036 0.498935
vt 0.334070 0.265834
vt 0.316626 0.272931
vt 0.314904 0.248294
vt 0.375826 0.007353
vt 0.563828 0.115306
vt 0.810462 0.902216
vt 0.827152 0.890567
vt 0.492091 0.731710
vt 0.749389 0.696807
vt 0.734279 0.705300
vt 0.761082 0.702145
vt 0.715670 0.569890
vt 0.002303 0.163304
vt 0.168434 0.026297
vt 0.172700 0.021300
vt 0.449536 0.920208
vt 0.401017 0.636702
vt 0.400145 0.622999
vt 0.417258 0.619534
vt 0.405369 0.489583
vn 0.9734 -0.1929 -0.1234
vn 0.9312 -0.3384 -0.1355
vn 0.9049 -0.3541 -0.2361
vn 0.9555 -0.2194 -0.1970
vn 0.8449 -0.5062 -0.1731
vn 0.8117 -0.5177 -0.2706
vn 0.9748 0.2140 0.0636
vn 0.8536 0.4769 -0.2098
vn 0.7971 0.5675 -0.2063
vn 0.8149 0.5767 -0.0585
vn 0.8407 0.4761 -0.2577
vn 0.9228 0.3064 -0.2335
vn 0.7814 -0.3216 -0.5347
vn 0.7115 -0.4635 -0.5281
vn 0.6762 -0.5315 -0.5102
vn 0.5388 -0.6454 -0.5414
vn 0.5554 -0.6800 -0.4787
vn 0.5594 -0.7278 -0.3967
vn 0.5934 -0.7019 -0.3940
vn 0.5320 -0.7561 -0.3812
vn 0.6389 0.5850 -0.4995
vn 0.7061 0.5616 -0.4313
vn 0.8388 0.3069 -0.4497
vn 0.7701 0.3160 -0.5542
vn -0.9509 -0.2200 0.2176
vn -0.9173 -0.3099 0.2499
vn -0.9150 -0.3258 0.2382
vn -0.8320 -0.4796 0.2790
vn -0.8040 -0.5945 0.0108
vn -0.8981 0.4332 0.0763
vn -0.8786 0.4551 0.1445
vn -0.7948 0.5875 0.1519
vn -0.8024 0.5916 0.0788
vn -0.9380 0.3007 0.1725
vn -0.9354 0.3157 0.1595
vn -0.8994 -0.1954 -0.3910
vn -0.8690 -0.3347 -0.3644
vn -0.8880 -0.4094 -0.2092
vn -0.9491 -0.2296 -0.2156
vn -0.7814 0.3221 -0.5344
vn -0.8511 0.3712 -0.3712
vn -0.7790 0.5366 -0.3244
vn -0.7252 0.4891 -0.4846
vn -0.8902 0.4110 -0.1964
vn -0.8031 0.5724 -0.1656
vn -0.8926 0.1873 -0.4100
vn -0.9507 0.2124 -0.2260
vn 0.0955 -0.5381 0.8374
vn 0.2336 -0.3324 0.9138
vn 0.1162 -0.3343 0.9353
vn -0.0414 -0.6237 0.7805
vn 0.3323 -0.1773 0.9264
vn 0.3695 -0.2289 0.9006
vn 0.4432 -0.0634 0.8942
vn 0.1180 0.5346 0.8368
vn 0.2791 0.4353 0.8559
vn 0.3645 0.2415 0.8993
vn 0.2494 0.4555 0.8546
vn 0.4248 0.2355 0.8741
vn 0.0532 -0.3172 -0.9469
vn 0.0471 -0.5421 -0.8390
vn -0.1429 -0.4875 -0.8613
vn -0.1710 -0.2963 -0.9396
vn 0.0292 -0.6892 -0.7240
vn 0.3001 -0.5706 -0.7644
vn 0.2260 -0.7476 -0.6245
vn 0.0391 0.7317 -0.6805
vn 0.0904 0.5932 -0.8000
vn -0.1021 0.5813 -0.8072
vn 0.0806 0.3254 -0.9421
vn -0.1618 0.3398 -0.9265
vn 0.2415 -0.8802 -0.4086
vn 0.1700 -0.9589 -0.2272
vn -0.0088 -0.9680 -0.2508
vn 0.0479 -0.9537 -0.2970
vn 0.1430 0.9341 -0.3270
vn 0.0793 0.9836 -0.1619
vn 0.3364 0.9240 -0.1820
vn 0.4073 0.8393 -0.3601
vn -0.0154 0.9981 0.0600
vn 0.2156 0.9758 0.0365
vn 0.2558 -0.8264 -0.5015
vn 0.1473 -0.8461 -0.5122
vn 0.1027 -0.8564 -0.5060
vn 0.2234 -0.8256 -0.5182
vn 0.2840 0.8441 -0.4549
vn 0.2351 0.8652 -0.4428
vn 0.1758 0.8894 -0.4220
vn 0.3113 0.8080 -0.5002
vn -0.0826 0.8075 -0.5841
vn 0.2943 0.8458 -0.4450
vn -0.0559 0.8499 -0.5240
vn 0.0954 0.9072 -0.4098
vn -0.0640 0.7730 -0.6311
vn -0.6267 -0.2711 0.7305
vn -0.5638 -0.5091 0.6503
vn -0.3529 -0.5522 0.7553
vn -0.3672 -0.3140 0.8755
vn -0.4911 -0.6996 0.5190
vn -0.7616 -0.4024 0.5079
vn -0.6620 -0.6079 0.4385
vn -0.4716 0.7101 0.5229
vn -0.5493 0.5576 0.6224
vn -0.3434 0.6377 0.6895
vn -0.3290 0.7377 0.5895
vn -0.6027 0.3950 0.6934
vn -0.3937 0.4783 0.7850
vn -0.5099 -0.1809 -0.8410
vn -0.5609 -0.2581 -0.7866
vn -0.5652 -0.3271 -0.7574
vn -0.5912 -0.1744 -0.7874
vn -0.2674 -0.6384 -0.7218
vn -0.2975 -0.6612 -0.6887
vn -0.5672 -0.4131 -0.7125
vn -0.2717 -0.6030 -0.7501
vn -0.3936 0.5423 -0.7423
vn -0.4518 0.3861 -0.8042
vn -0.5601 0.3265 -0.7614
vn -0.5092 0.4863 -0.7101
vn -0.5170 0.1916 -0.8343
vn -0.5996 0.1571 -0.7847
vn -0.5729 -0.8156 0.0812
vn -0.5311 -0.8308 0.1664
vn -0.6031 -0.7792 0.1708
vn -0.5315 0.8467 0.0246
vn -0.6022 0.7978 0.0301
vn -0.4966 0.8670 -0.0400
vn -0.4684 0.8507 0.2386
vn -0.6621 0.7407 0.1143
vn -0.4784 0.8534 0.2071
vn -0.5379 -0.7757 -0.3300
vn -0.4274 -0.8177 -0.3857
vn -0.4693 -0.8514 -0.2341
vn -0.5807 -0.7949 -0.1755
vn -0.2697 -0.8504 -0.4518
vn -0.3067 -0.8896 -0.3385
vn -0.2649 0.8719 -0.4118
vn -0.3933 0.8438 -0.3651
vn -0.4420 0.8647 -0.2387
vn -0.3230 0.8959 -0.3051
vn -0.5331 0.7801 -0.3275
vn -0.3350 0.8167 -0.4698
vn -0.4655 0.7372 -0.4897
vn -0.5808 0.7558 0.3023
vn -0.4846 0.8206 0.3029
vn -0.4277 0.8285 0.3614
vn -0.5170 0.7769 0.3594
vn -0.4490 -0.8276 0.3369
vn -0.5221 -0.8166 0.2462
vn -0.4570 -0.8382 0.2975
vn 0.2954 0.8683 0.3985
vn -0.1717 0.8298 0.5310
vn 0.0656 0.7640 0.6419
vn 0.2762 0.8868 0.3706
vn -0.1599 0.8879 0.4314
vn 0.0462 -0.9272 0.3717
vn -0.0070 -0.8817 0.4717
vn -0.1985 -0.8888 0.4131
vn -0.0647 -0.8131 0.5785
vn -0.2468 -0.8398 0.4836
vn 0.2366 -0.8350 0.4968
vn 0.1761 -0.7447 0.6437
vn -0.8639 0.3430 0.3689
vn -0.8356 0.4527 0.3112
vn -0.8967 0.2428 0.3700
vn -0.9733 0.0922 0.2103
vn -0.9597 0.1253 0.2517
vn -0.9144 -0.2823 0.2902
vn -0.9143 -0.3051 0.2665
vn -0.8302 -0.5040 0.2385
vn -0.7896 -0.5105 0.3405
vn 0.6218 0.2158 0.7528
vn 0.7253 0.2440 0.6437
vn 0.6801 0.3923 0.6194
vn 0.5965 0.3481 0.7232
vn 0.8006 0.3413 0.4924
vn 0.6321 -0.1793 0.7539
vn 0.7556 -0.2150 0.6187
vn 0.7689 -0.0971 0.6319
vn 0.6406 -0.0851 0.7632
vn 0.8508 -0.2607 0.4563
vn 0.8680 -0.1184 0.4822
vn 0.9807 -0.0843 -0.1764
vn 0.9841 -0.1032 -0.1443
vn 0.9717 0.1002 -0.2140
vn 0.9755 0.1094 -0.1908
vn 0.9834 -0.1805 0.0165
vn 0.9831 0.1599 0.0893
vn 0.9835 0.1542 0.0947
vn 0.7902 -0.5625 -0.2434
vn 0.8926 -0.3852 -0.2345
vn 0.6163 -0.6694 -0.4148
vn 0.6165 -0.6862 -0.3861
vn 0.9065 -0.3111 0.2853
vn 0.9275 -0.1528 0.3411
vn 0.9308 -0.3310 0.1553
vn 0.9638 -0.1860 0.1912
vn 0.4188 -0.8607 -0.2895
vn 0.5948 -0.7666 -0.2419
vn 0.6347 -0.7662 -0.1006
vn 0.4603 -0.8763 -0.1424
vn 0.7421 -0.6312 -0.2256
vn 0.8293 -0.5587 0.0061
vn 0.8944 0.3478 -0.2811
vn 0.7862 0.4999 -0.3634
vn 0.8916 0.2364 -0.3862
vn 0.8347 0.3980 0.3807
vn 0.8311 0.4217 0.3625
vn 0.8259 0.5092 0.2422
vn 0.9755 0.1967 0.0989
vn 0.8172 0.5682 0.0965
vn 0.6036 0.7094 -0.3640
vn 0.6798 0.6974 -0.2271
vn 0.7451 0.5941 -0.3032
vn 0.5258 0.8263 -0.2020
vn 0.8165 -0.0338 -0.5763
vn 0.8818 -0.0409 -0.4698
vn 0.4452 -0.6966 -0.5626
vn 0.5358 -0.5529 -0.6381
vn 0.2961 -0.8116 -0.5035
vn 0.2647 -0.8313 -0.4888
vn 0.5806 -0.6929 -0.4275
vn 0.4111 -0.7442 -0.5264
vn 0.5795 -0.7179 -0.3858
vn 0.5764 -0.6718 -0.4654
vn 0.6173 0.3233 -0.7172
vn 0.5003 0.5951 -0.6289
vn 0.2942 0.6012 -0.7430
vn 0.3657 0.3324 -0.8693
vn 0.3361 0.8292 -0.4467
vn 0.3926 0.7938 -0.4645
vn 0.5971 0.6847 -0.4179
vn 0.4690 0.7539 -0.4601
vn -0.9783 -0.0729 0.1942
vn -0.9792 0.0968 0.1786
vn -0.9711 0.1391 0.1942
vn -0.9524 -0.2830 -0.1131
vn -0.9725 -0.2279 -0.0474
vn -0.6354 -0.7403 0.2198
vn -0.5757 -0.8095 0.1150
vn -0.8346 -0.5507 0.0114
vn -0.7324 -0.6237 0.2731
vn -0.8446 -0.5317 -0.0630
vn -0.8090 0.5870 -0.0301
vn -0.9039 0.4264 -0.0354
vn -0.8542 0.4927 0.1664
vn -0.8011 0.5589 0.2142
vn -0.9371 0.0893 0.3374
vn -0.9718 -0.0253 -0.2344
vn -0.9092 -0.0135 -0.4160
vn -0.6897 -0.1528 -0.7078
vn -0.6710 -0.2815 -0.6859
vn -0.7824 -0.3084 -0.5411
vn -0.8048 -0.1598 -0.5716
vn -0.6913 -0.6576 -0.2995
vn -0.5919 -0.6650 -0.4554
vn -0.4781 -0.7293 -0.4895
vn -0.7274 -0.4862 -0.4844
vn -0.6268 0.4660 -0.6245
vn -0.6775 0.2994 -0.6718
vn -0.6958 0.7025 -0.1493
vn -0.6643 0.6794 -0.3116
vn -0.5764 0.7974 -0.1786
vn 0.4063 -0.0905 0.9093
vn 0.4643 0.0644 0.8833
vn 0.4526 0.0750 0.8886
vn 0.1708 0.3065 0.9364
vn 0.1515 0.2921 0.9443
vn -0.1789 -0.7676 0.6155
vn -0.0312 -0.7111 0.7024
vn -0.1880 -0.5413 0.8196
vn -0.1730 -0.3217 0.9309
vn -0.0212 -0.4737 0.8804
vn 0.0145 -0.3158 0.9487
vn 0.0104 0.6997 0.7144
vn 0.0247 0.7862 0.6175
vn -0.1307 0.8203 0.5568
vn -0.1205 0.5768 0.8079
vn -0.1962 0.7240 0.6613
vn -0.1720 -0.0168 -0.9849
vn 0.0659 -0.0077 -0.9978
vn 0.0525 -0.8165 -0.5749
vn -0.0772 -0.6115 -0.7875
vn -0.1876 -0.4121 -0.8916
vn -0.1097 -0.6309 -0.7681
vn -0.3520 -0.2523 -0.9014
vn -0.3198 -0.6078 -0.7269
vn -0.3373 -0.6213 -0.7072
vn 0.2618 0.8110 -0.5232
vn 0.0801 0.7329 -0.6756
vn -0.0519 0.8658 -0.4977
vn -0.1042 0.8640 -0.4926
vn -0.3129 0.2623 -0.9129
vn -0.4404 0.2017 -0.8748
vn -0.3248 0.4878 -0.8103
vn -0.2089 0.5538 -0.8061
vn 0.0541 -0.9216 -0.3844
vn 0.2075 -0.8400 -0.5013
vn -0.0067 -0.8870 -0.4617
vn -0.2183 -0.9635 0.1550
vn -0.3892 -0.9201 -0.0449
vn -0.2161 -0.9508 -0.2221
vn -0.2151 -0.9575 0.1920
vn -0.5085 -0.8558 0.0950
vn -0.2258 -0.9621 0.1531
vn 0.3582 0.8143 -0.4567
vn -0.2433 0.9625 -0.1199
vn -0.2296 0.9703 -0.0756
vn -0.1421 0.9863 -0.0834
vn -0.0763 0.9700 -0.2307
vn -0.3693 0.9255 -0.0843
vn -0.4839 0.8516 0.2015
vn -0.5066 0.8444 0.1743
vn -0.1584 -0.9058 -0.3930
vn -0.1062 -0.8577 -0.5030
vn -0.2202 0.8902 -0.3988
vn -0.2973 0.8185 -0.4916
vn 0.0133 0.8204 -0.5716
vn -0.0559 0.9189 -0.3906
vn 0.0391 0.8214 -0.5690
vn -0.3954 -0.0845 0.9146
vn -0.6625 -0.0504 0.7474
vn -0.6490 0.1490 0.7460
vn -0.4342 0.2041 0.8774
vn -0.5846 -0.7337 0.3463
vn -0.4623 -0.7922 0.3983
vn -0.5722 -0.7766 0.2635
vn -0.3714 0.8021 0.4677
vn -0.4526 0.7937 0.4065
vn -0.6077 -0.0225 -0.7939
vn -0.5192 -0.0099 -0.8546
vn -0.2615 -0.5999 -0.7561
vn -0.3771 -0.7632 -0.5247
vn -0.5262 -0.5781 -0.6236
vn -0.2642 -0.5617 -0.7840
vn -0.4732 0.6240 -0.6218
vn -0.3258 0.6742 -0.6628
vn -0.3261 0.7581 -0.5648
vn -0.4983 -0.8593 -0.1152
vn -0.5952 -0.8022 -0.0469
vn -0.5264 -0.8502 -0.0072
vn -0.4195 0.9023 -0.0992
vn -0.5122 0.8542 -0.0898
vn -0.6616 0.7153 0.2249
vn -0.4522 0.8771 0.1619
vn -0.4668 0.8639 0.1892
vn -0.6001 -0.7718 0.2103
vn -0.1083 0.9818 0.1560
vn -0.0971 0.9890 0.1119
vn 0.2297 0.9730 0.0222
vn 0.2769 0.8779 0.3907
vn -0.1211 0.9639 0.2371
vn 0.3607 0.8368 0.4118
vn -0.1686 -0.8973 0.4080
vn 0.1352 -0.9191 0.3702
vn 0.2089 -0.9554 0.2086
vn -0.2372 -0.9499 0.2034
vn -0.9037 0.2088 0.3739
vn -0.7527 0.4229 0.5045
vn -0.8301 0.1866 0.5254
vn -0.8727 -0.3000 0.3852
vn 0.4659 0.3341 0.8194
vn 0.5078 0.1911 0.8400
vn 0.5257 -0.0496 0.8492
vn 0.5007 -0.1764 0.8474
vn 0.8639 -0.0348 0.5024
vn 0.7678 -0.0176 0.6405
vn 0.7744 0.0351 0.6318
vn 0.8495 0.0807 0.5213
vn 0.4276 -0.5737 0.6986
vn 0.5118 -0.6651 0.5438
vn 0.6961 -0.4091 0.5900
vn 0.5836 -0.3470 0.7341
vn 0.6512 0.5605 0.5116
vn 0.5710 0.5013 0.6502
vn 0.3286 0.6476 0.6874
vn 0.3132 0.8766 0.3653
vn 0.2588 0.8989 0.3534
vn -0.9445 0.2539 0.2083
vn -0.9298 -0.0484 0.3649
vn -0.9161 0.0965 0.3892
vn -0.9533 0.1806 0.2421
vn -0.9275 -0.1983 0.3168
vn -0.3836 -0.8525 0.3551
vn -0.3466 -0.8367 0.4240
vn -0.3066 -0.8736 0.3779
vn -0.7102 0.6493 0.2720
vn -0.7098 0.6688 0.2213
vn -0.8107 0.5267 0.2557
vn -0.7938 0.5105 0.3306
vn -0.5617 0.7848 0.2618
vn -0.3435 0.8662 0.3629
vn -0.4054 0.8414 0.3574
vn 0.9250 -0.2585 -0.2787
vn 0.9657 -0.0783 -0.2477
vn 0.9549 0.1398 -0.2618
vn 0.9342 -0.1017 -0.3419
vn -0.9966 -0.0220 -0.0792
vn -0.9729 0.2253 -0.0517
vn -0.9959 -0.0622 0.0649
vn -0.9766 0.1920 0.0965
vn 0.9107 -0.0972 0.4016
vn 0.9811 0.1627 0.1044
vn 0.9812 0.1392 0.1334
vn 0.9812 0.1484 0.1233
vn 0.6327 -0.3235 -0.7035
vn 0.6668 -0.0198 -0.7450
vn 0.3930 -0.0061 -0.9195
vn 0.4417 -0.3426 0.8292
vn 0.3589 -0.5021 0.7868
vn 0.1845 -0.6088 0.7716
vn 0.5178 -0.7744 -0.3637
vn 0.4556 -0.8198 -0.3471
vn 0.6336 -0.7049 -0.3189
vn 0.6568 -0.6770 -0.3320
vn 0.5654 -0.6641 -0.4892
vn 0.3263 -0.8489 -0.4157
vn 0.5581 -0.6685 -0.4915
vn 0.6829 0.7198 0.1248
vn 0.7328 0.6288 0.2599
vn 0.5292 0.8485 -0.0073
vn 0.3441 0.8589 0.3793
vn 0.7505 0.6605 -0.0216
vn 0.5983 0.8011 -0.0167
vn 0.2221 0.8230 -0.5228
vn 0.3075 0.8178 -0.4864
vn 0.3766 0.7445 -0.5513
vn 0.2179 0.7480 -0.6269
vn 0.4344 0.7704 -0.4666
vn 0.5155 0.7404 -0.4313
vn 0.6664 0.6450 -0.3741
vn -0.9358 -0.2060 0.2861
vn -0.9713 -0.1240 0.2029
vn -0.9004 0.2677 0.3430
vn -0.9447 -0.2093 0.2524
vn -0.8874 0.3261 0.3257
vn -0.2819 -0.7977 0.5331
vn -0.3743 -0.8088 0.4535
vn -0.2236 -0.7168 0.6605
vn -0.3480 -0.7309 0.5871
vn -0.1366 -0.0738 0.9879
vn -0.2804 0.1428 0.9492
vn -0.3114 -0.2511 -0.9165
vn -0.2969 -0.0291 -0.9545
vn -0.4211 -0.0622 -0.9049
vn -0.7012 0.1441 -0.6982
vn -0.7039 -0.0114 -0.7102
vn -0.8118 -0.0048 -0.5839
vn -0.8049 0.1594 -0.5716
vn -0.2932 0.6127 -0.7339
vn -0.2640 0.6718 -0.6921
vn -0.1466 0.6636 -0.7336
vn -0.1528 0.6747 -0.7221
vn 0.0364 0.8681 -0.4950
vn -0.3046 0.7346 -0.6063
vn 0.0883 0.8548 -0.5114
vn -0.6951 -0.6867 0.2128
vn -0.7644 -0.6092 0.2113
vn -0.2445 -0.9381 -0.2454
vn -0.3778 -0.9118 -0.1609
vn -0.3282 -0.9404 -0.0892
vn -0.1169 -0.9457 -0.3032
vn -0.1866 -0.9643 -0.1881
vn -0.5860 0.7336 0.3443
vn -0.4969 0.8507 0.1714
vn -0.2856 0.8950 0.3426
vn -0.1951 0.9464 0.2573
vn -0.4725 0.8547 0.2150
vn -0.2548 0.9338 0.2512
vn -0.3190 0.8978 0.3037
vn -0.6998 0.7142 0.0144
vn -0.6035 0.7965 -0.0372
vn -0.1419 -0.8293 -0.5405
vn -0.0592 -0.8151 -0.5763
vn -0.0252 -0.8232 -0.5672
vn -0.0377 -0.7411 -0.6704
vn -0.0462 -0.7417 -0.6692
vn -0.3650 -0.5497 -0.7514
vn -0.1844 -0.8314 -0.5242
vn -0.3120 -0.5789 -0.7533
vn -0.6678 -0.7231 -0.1767
vn -0.7711 -0.5984 -0.2173
vn -0.6603 -0.7326 -0.1652
vn -0.8146 -0.5662 0.1260
vn -0.5859 -0.8101 -0.0211
vn -0.6177 0.6249 -0.4774
vn -0.1375 0.8968 -0.4205
vn -0.2158 0.9410 -0.2607
vn -0.1052 0.9374 -0.3320
vn -0.3280 0.9255 -0.1895
vn 0.6411 -0.0011 0.7675
vn 0.5308 0.0580 0.8455
vn 0.3674 -0.8921 0.2629
vn 0.6250 -0.7479 0.2235
vn 0.5737 -0.7254 0.3803
vn 0.3026 -0.8812 0.3631
vn 0.8219 -0.5214 0.2294
vn 0.7748 -0.4757 0.4165
vn 0.6394 -0.7632 0.0931
vn 0.4717 0.4819 0.7385
vn 0.2730 0.5667 0.7774
vn -0.9406 -0.1300 0.3137
vn -0.9182 -0.0554 0.3922
vn -0.9204 0.0629 0.3858
vn -0.4443 -0.8340 0.3272
vn -0.4942 -0.8356 0.2399
vn -0.2172 -0.9703 0.1064
vn -0.5135 -0.8243 0.2386
vn -0.2259 -0.9581 0.1763
vn -0.6991 -0.6620 0.2703
vn -0.6157 0.7570 0.2189
vn -0.6903 0.6986 0.1884
vn -0.6153 0.7541 0.2296
vn -0.7965 0.5633 0.2198
vn -0.3000 0.7952 0.5270
vn -0.3368 0.8401 0.4252
vn -0.1818 0.7464 0.6401
vn -0.2286 0.8298 0.5090
vn -0.1820 -0.9671 0.1778
vn -0.3428 -0.8616 0.3743
vn -0.2143 -0.9628 0.1647
vn -0.9680 -0.2134 0.1320
vn -0.9682 -0.2128 0.1315
vn -0.7937 -0.6032 -0.0785
vn -0.8247 -0.5255 -0.2093
vn -0.8528 -0.5154 0.0845
vn -0.6341 -0.6505 0.4181
vn -0.8659 -0.4971 -0.0568
vn -0.7396 -0.6721 -0.0355
vn -0.3387 -0.6404 -0.6893
vn -0.4651 0.8598 0.2108
vn -0.4623 0.8724 0.1588
vn -0.2970 0.8701 0.3934
vn -0.3613 0.9306 -0.0592
vn -0.5813 0.6863 0.4372
vn -0.0033 0.7893 -0.6140
vn 0.0875 0.8435 -0.5300
vn 0.1103 0.5824 0.8054
vn -0.0155 0.6373 0.7705
vn 0.1350 0.2619 0.9556
vn -0.2525 0.4794 0.8405
vn 0.0928 0.1087 0.9897
vn 0.4413 -0.0343 0.8967
vn 0.2494 0.3554 0.9008
vn -0.1774 0.4257 0.8873
vn -0.9536 0.0330 0.2991
vn -0.9033 0.3224 0.2830
vn -0.9988 -0.0474 -0.0126
vn -0.8757 0.3265 0.3558
vn -0.8317 0.5300 0.1653
vn 0.2893 0.8888 0.3554
vn 0.7158 0.5950 0.3655
vn 0.3186 0.8660 0.3853
vn 0.5629 -0.7446 -0.3589
vn 0.7370 -0.6064 -0.2984
vn 0.5624 -0.6582 -0.5005
vn 0.6667 -0.4686 -0.5796
vn 0.7582 -0.6005 -0.2541
vn 0.5376 -0.7503 -0.3847
vn 0.9701 0.2223 0.0971
vn 0.9835 0.1398 0.1151
vn 0.9800 0.1662 0.1096
vn 0.8418 0.2381 0.4844
vn 0.9826 0.1293 0.1334
vn 0.9919 0.0115 -0.1262
vn 0.9610 0.2121 0.1774
vn 0.9624 -0.0443 0.2680
vn 0.9214 -0.0358 -0.3869
vn 0.8618 -0.2831 -0.4209
vn 0.7655 0.1460 0.6267
vn 0.9537 -0.2928 0.0694
vn 0.4197 0.9044 -0.0764
vn 0.2101 -0.2427 0.9471
vn -0.5458 0.3593 0.7570
vn -0.6188 -0.4324 -0.6558
vn -0.4957 -0.6085 -0.6197
vn -0.5968 -0.5312 -0.6014
vn -0.8112 -0.4889 -0.3210
vn 0.0310 0.9287 -0.3694
vn 0.5972 -0.8021 -0.0009
vn 0.4642 -0.8856 0.0141
vn 0.1613 0.6892 0.7064
vn -0.6967 0.7041 0.1375
vn -0.6289 0.7654 0.1366
vn -0.2137 -0.9753 0.0550
vn -0.1220 -0.9707 -0.2071
vn -0.2702 -0.9587 0.0886
vn -0.5766 -0.7309 -0.3651
vn -0.9815 -0.1781 -0.0699
vn -0.9211 -0.2857 0.2644
vn -0.8086 -0.1386 0.5718
vn -0.8009 -0.5900 0.1023
vn -0.7430 -0.4008 0.5360
vn -0.8994 -0.1905 -0.3935
vn -0.7759 -0.6301 0.0300
vn -0.2252 -0.2098 -0.9515
vn -0.0012 -0.7632 -0.6462
vn -0.4749 -0.2869 -0.8320
vn -0.6396 -0.2968 -0.7091
vn -0.3618 -0.6123 -0.7030
vn 0.0639 -0.2610 -0.9632
vn -0.4816 0.7314 -0.4829
vn 0.4140 0.7548 -0.5088
vn 0.3769 0.5848 -0.7183
vn -0.3407 0.7225 -0.6016
vn 0.5602 0.3998 0.7255
vn 0.1580 0.3320 0.9300
vn 0.2620 0.3957 0.8802
vn 0.1244 0.2298 0.9653
vn 0.1115 0.1969 0.9741
vn 0.1365 0.2749 0.9517
vn -0.0781 -0.2182 0.9728
vn 0.2135 0.0913 0.9727
vn 0.2019 0.2599 0.9443
vn -0.9003 -0.2400 0.3632
vn -0.8685 0.4944 -0.0363
vn -0.8223 -0.1871 0.5374
vn -0.9307 0.1727 0.3226
vn -0.8669 -0.4983 -0.0127
vn -0.0749 -0.8838 0.4619
vn -0.1836 -0.9571 0.2242
vn 0.0699 -0.9672 0.2441
vn -0.4753 -0.8779 -0.0583
vn -0.4623 -0.8323 0.3059
vn -0.8007 -0.4679 -0.3740
vn -0.2304 -0.5402 -0.8094
vn 0.0540 -0.5425 -0.8383
vn -0.6070 -0.6132 -0.5055
vn -0.3656 -0.6515 -0.6647
vn -0.2899 -0.8714 -0.3957
vn 0.0660 0.8071 -0.5867
vn 0.0513 0.6340 -0.7717
vn -0.2644 0.6221 -0.7369
vn 0.2141 0.6620 0.7183
vn -0.0689 0.6131 0.7870
vn -0.2665 0.1160 0.9568
vn -0.7312 0.3766 0.5689
vn -0.6740 0.6789 0.2911
vn -0.9056 -0.3853 0.1770
vn 0.5589 0.6031 0.5691
vn 0.3707 0.8118 0.4511
vn 0.3194 0.6478 0.6916
vn 0.2967 -0.8547 -0.4259
vn 0.3594 -0.7263 -0.5860
vn 0.4910 -0.5181 -0.7003
vn 0.7838 -0.4780 -0.3965
vn 0.3870 -0.8955 -0.2198
vn 0.5854 -0.7970 -0.1487
vn 0.8660 0.3234 0.3815
vn 0.8770 0.4413 0.1901
vn 0.9804 -0.1970 -0.0026
vn 0.9422 -0.3351 0.0003
vn 0.9772 0.1974 0.0782
vn 0.2732 -0.4214 0.8647
vn 0.3643 -0.3256 -0.8725
vn 0.3837 -0.8448 -0.3730
vn -0.1703 0.9822 0.0790
vn -0.8257 -0.1941 0.5297
vn -0.6529 0.6176 0.4385
vn -0.4467 -0.8946 0.0152
vn -0.6168 0.7839 0.0714
vn -0.2876 0.8762 0.3867
vn 0.6389 0.0818 0.7649
vn 0.9776 0.1662 0.1292
vn 0.2165 -0.9717 -0.0942
vn 0.2983 -0.8309 -0.4697
vn -0.3433 -0.7750 -0.5306
vn 0.3317 -0.8307 -0.4472
vn -0.4928 0.8316 0.2560
vn -0.8514 -0.0106 0.5245
vn -0.2118 0.9500 0.2296
vn 0.4303 -0.8891 0.1562
vn 0.3160 0.6592 0.6824
vn 0.9737 0.1838 0.1349
vn 0.5994 -0.6499 -0.4673
vn 0.3519 -0.7493 -0.5611
vn 0.4489 -0.7443 -0.4945
vn 0.0506 -0.1528 0.9870
vn -0.0564 0.8544 -0.5166
vn -0.4614 0.8820 0.0957
vn -0.3640 -0.6342 -0.6821
vn -0.7868 -0.6075 0.1090
vn -0.2417 -0.9657 0.0945
vn 0.2616 -0.9637 0.0536
vn -0.2660 -0.9506 0.1603
vn -0.2301 -0.9666 0.1128
vn -0.2760 -0.9334 0.2294
vn -0.7821 -0.6131 0.1117
vn -0.7651 -0.6383 0.0852
vn -0.4571 0.8448 0.2781
vn -0.4880 0.8305 0.2687
vn -0.5205 0.8486 0.0952
vn -0.4951 0.8622 0.1075
vn 0.0102 0.8809 -0.4732
vn -0.0316 0.8694 -0.4931
vn 0.0930 0.1778 0.9797
vn 0.1869 0.2918 0.9381
vn -0.9304 0.1653 0.3272
vn 0.2272 0.8809 0.4152
vn 0.4321 0.8321 0.3476
vn 0.2301 0.9121 0.3392
vn 0.2546 0.8938 0.3692
vn 0.6302 -0.6761 -0.3817
vn 0.5794 -0.6375 -0.5079
vn 0.5829 -0.6386 -0.5024
vn 0.9761 0.1826 0.1182
vn 0.9716 0.2014 0.1244
vn -0.3149 -0.8091 0.4961
vn -0.5444 -0.8383 0.0314
vn -0.2386 -0.9499 0.2020
vn -0.2871 -0.9455 0.1535
vn -0.3991 0.7266 0.5593
vn -0.1848 0.9799 0.0750
vn -0.5063 0.8392 -0.1985
vn -0.7311 0.6158 0.2938
vn -0.3315 0.8515 -0.4062
vn 0.1800 0.9640 -0.1959
vn 0.3019 -0.2559 0.9184
vn 0.6673 0.6773 0.3097
vn 0.2167 0.9760 -0.0221
vn -0.1136 0.9287 0.3531
vn 0.4105 0.7994 0.4387
vn 0.2607 0.8990 0.3518
vn 0.9878 -0.1553 0.0121
vn 0.8976 0.0856 0.4324
vn 0.9471 0.2202 -0.2333
vn -0.4344 -0.8409 0.3229
vn -0.3529 -0.9252 -0.1397
vn -0.0089 -0.9989 -0.0468
vn -0.0505 -0.8787 -0.4747
vn -0.6501 0.7598 -0.0093
vn 0.2871 0.8918 -0.3496
vn -0.1981 0.9538 -0.2257
vn 0.5169 0.8408 0.1605
vn 0.0654 0.9861 0.1527
vn 0.0631 0.8226 0.5651
vn 0.9295 0.3633 -0.0636
s 1
f 1/1/1 2/2/2 3/3/3
f 3/3/3 4/4/4 1/1/1
f 3/3/3 2/2/2 5/5/5
f 5/5/5 6/6/6 3/3/3
f 666/7/7 7/8/8 8/9/9
f 8/9/9 9/10/10 666/7/7
f 10/11/11 7/8/8 11/12/12
f 12/13/13 13/14/14 14/15/15
f 14/15/15 13/14/14 15/16/16
f 15/16/16 16/17/17 14/15/15
f 17/18/18 13/14/14 18/19/19
f 15/16/16 13/14/14 17/18/18
f 17/18/18 19/20/20 15/16/16
f 20/21/21 21/22/22 22/23/23
f 22/23/23 23/24/24 20/21/21
f 24/25/25 25/26/26 26/27/27
f 26/28/27 25/29/26 27/30/28
f 27/30/28 25/29/26 28/31/29
f 29/32/30 30/33/31 31/34/32
f 31/34/32 32/35/33 29/32/30
f 33/36/34 34/37/35 30/33/31
f 35/38/36 36/39/37 37/40/38
f 37/40/38 38/41/39 35/38/36
f 39/42/40 40/43/41 41/44/42
f 41/44/42 42/45/43 39/42/40
f 41/44/42 40/43/41 43/46/44
f 43/46/44 44/47/45 41/44/42
f 43/46/44 40/43/41 45/48/46
f 45/48/46 46/49/47 43/46/44
f 47/50/48 48/51/49 49/52/50
f 49/52/50 50/53/51 47/50/48
f 51/54/52 48/51/49 52/55/53
f 52/55/53 53/56/54 51/54/52
f 54/57/55 55/58/56 56/59/57
f 56/59/57 57/60/58 54/57/55
f 56/59/57 55/58/56 58/61/59
f 59/62/60 60/63/61 61/64/62
f 61/64/62 62/65/63 59/62/60
f 63/66/64 60/67/61 64/68/65
f 64/68/65 65/69/66 63/66/64
f 66/70/67 67/71/68 68/72/69
f 68/72/69 67/71/68 69/73/70
f 69/73/70 70/74/71 68/72/69
f 71/75/72 72/76/73 73/77/74
f 73/77/74 74/78/75 71/75/72
f 76/79/76 77/80/77 78/81/78
f 78/81/78 79/82/79 76/79/76
f 78/81/78 77/80/77 80/83/80
f 80/83/80 81/84/81 78/81/78
f 82/85/82 83/86/83 84/87/84
f 84/87/84 85/88/85 82/85/82
f 87/89/86 88/90/87 89/91/88
f 89/91/88 90/92/89 87/89/86
f 91/93/90 88/90/87 92/94/91
f 92/94/91 93/95/92 91/93/90
f 94/96/93 88/90/87 91/93/90
f 91/93/90 95/97/94 94/96/93
f 96/98/95 97/99/96 98/100/97
f 98/100/97 99/101/98 96/98/95
f 100/102/99 97/99/96 101/103/100
f 101/103/100 102/104/101 100/102/99
f 103/105/102 104/106/103 105/107/104
f 105/107/104 106/108/105 103/105/102
f 105/109/104 104/110/103 107/111/106
f 107/111/106 108/112/107 105/109/104
f 109/113/108 110/114/109 111/115/110
f 111/115/110 112/116/111 109/113/108
f 113/117/112 110/114/109 114/118/113
f 115/119/114 110/114/109 113/117/112
f 113/117/112 116/120/115 115/119/114
f 117/121/116 118/122/117 119/123/118
f 119/123/118 120/124/119 117/121/116
f 119/123/118 118/122/117 121/125/120
f 121/125/120 122/126/121 119/123/118
f 123/127/122 124/128/123 125/129/124
f 126/130/125 127/131/126 128/132/127
f 129/133/128 127/131/126 130/134/129
f 130/134/129 131/135/130 129/133/128
f 132/136/131 133/137/132 134/138/133
f 134/138/133 135/139/134 132/136/131
f 134/138/133 133/137/132 136/140/135
f 136/140/135 137/141/136 134/138/133
f 138/142/137 139/143/138 140/144/139
f 140/144/139 141/145/140 138/142/137
f 142/146/141 139/143/138 143/147/142
f 143/147/142 144/148/143 142/146/141
f 147/149/144 145/150/145 148/151/146
f 148/151/146 149/152/147 147/149/144
f 150/153/148 151/154/149 152/155/150
f 154/156/151 155/157/152 156/158/153
f 156/158/153 157/159/154 154/156/151
f 158/160/155 155/157/152 154/156/151
f 159/161/156 160/162/157 161/163/158
f 161/163/158 160/162/157 162/164/159
f 162/164/159 163/165/160 161/163/158
f 162/164/159 160/162/157 164/166/161
f 164/166/161 165/167/162 162/164/159
f 166/168/163 167/169/164 168/170/165
f 168/170/165 167/169/164 169/171/166
f 169/171/166 170/172/167 168/170/165
f 171/173/168 172/174/169 173/175/170
f 173/175/170 174/176/171 171/173/168
f 175/177/172 176/178/173 177/179/174
f 177/179/174 178/180/175 175/177/172
f 177/179/174 176/178/173 179/181/176
f 180/182/177 181/183/178 182/184/179
f 182/184/179 183/185/180 180/182/177
f 182/184/179 181/183/178 184/186/181
f 184/186/181 185/187/182 182/184/179
f 186/188/183 187/189/184 1/1/1
f 1/1/1 4/4/4 186/188/183
f 188/190/185 187/189/184 186/188/183
f 186/188/183 189/191/186 188/190/185
f 190/192/187 187/189/184 191/193/188
f 191/193/188 192/194/189 190/192/187
f 193/195/190 194/196/191 3/3/3
f 3/3/3 6/6/6 193/195/190
f 195/197/192 194/196/191 196/198/193
f 184/186/181 197/199/194 198/200/195
f 198/200/195 185/187/182 184/186/181
f 198/200/195 197/199/194 199/201/196
f 199/201/196 200/202/197 198/200/195
f 201/203/198 202/204/199 203/205/200
f 203/205/200 204/206/201 201/203/198
f 203/205/200 202/204/199 205/207/202
f 205/207/202 206/208/203 203/205/200
f 207/209/204 208/210/205 10/11/11
f 10/11/11 11/12/12 207/209/204
f 207/209/204 209/211/206 208/210/205
f 210/212/207 211/213/208 212/214/209
f 212/214/209 211/213/208 213/215/210
f 213/215/210 214/216/211 212/214/209
f 215/217/212 216/218/213 8/9/9
f 8/9/9 217/219/214 215/217/212
f 218/220/215 216/218/213 215/217/212
f 215/217/212 79/82/79 218/220/215
f 219/221/216 220/222/217 12/13/13
f 22/23/23 220/222/217 219/221/216
f 219/221/216 23/24/24 22/23/23
f 221/223/218 222/224/219 14/15/15
f 14/15/15 16/17/17 221/223/218
f 64/68/65 222/224/219 221/223/218
f 221/223/218 65/69/66 64/68/65
f 82/85/82 223/225/220 224/226/221
f 225/227/222 223/225/220 226/228/223
f 226/228/223 227/229/224 225/227/222
f 224/226/221 223/225/220 225/227/222
f 225/227/222 228/230/225 224/226/221
f 229/231/226 230/232/227 20/21/21
f 20/21/21 23/24/24 229/231/226
f 231/233/228 230/232/227 229/231/226
f 229/231/226 232/234/229 231/233/228
f 233/235/230 234/236/231 235/237/232
f 235/237/232 236/238/233 233/235/230
f 87/89/86 234/236/231 233/235/230
f 237/239/234 239/240/235 238/241/236
f 37/40/38 240/242/237 241/243/238
f 241/243/238 38/41/39 37/40/38
f 26/28/27 27/30/28 173/175/170
f 172/174/169 26/28/27 173/175/170
f 125/129/124 242/244/239 243/245/240
f 243/245/240 123/127/122 125/129/124
f 244/246/241 242/244/239 245/247/242
f 245/247/242 246/248/243 244/246/241
f 243/245/240 242/244/239 244/246/241
f 247/249/244 248/250/245 29/32/30
f 29/32/30 32/35/33 247/249/244
f 43/46/44 248/250/245 247/249/244
f 247/249/244 44/47/45 43/46/44
f 34/37/35 249/251/246 30/33/31
f 250/252/247 249/251/246 251/253/248
f 254/254/249 255/255/250 35/38/36
f 35/38/36 38/41/39 254/254/249
f 45/48/46 255/255/250 254/254/249
f 254/254/249 46/49/47 45/48/46
f 256/256/251 257/257/252 258/258/253
f 258/258/253 259/259/254 256/256/251
f 111/115/110 257/257/252 256/256/251
f 256/256/251 112/116/111 111/115/110
f 132/136/131 260/260/255 261/261/256
f 261/261/256 262/262/257 132/136/131
f 260/260/255 263/263/258 261/261/256
f 264/264/259 265/265/260 39/42/40
f 39/42/40 42/45/43 264/264/259
f 119/123/118 265/265/260 264/264/259
f 264/264/259 120/124/119 119/123/118
f 266/266/261 267/267/262 41/44/42
f 41/44/42 44/47/45 266/266/261
f 142/146/141 267/267/262 266/266/261
f 266/266/261 268/268/263 142/146/141
f 53/56/54 269/269/264 51/54/52
f 270/270/265 269/269/264 53/56/54
f 53/56/54 271/271/266 270/270/265
f 272/272/267 269/269/264 273/273/268
f 274/274/269 275/275/270 47/276/48
f 47/276/48 50/277/51 274/274/269
f 162/164/159 275/275/270 274/274/269
f 274/274/269 163/165/160 162/164/159
f 98/100/97 276/278/271 277/279/272
f 277/279/272 99/101/98 98/100/97
f 277/279/272 276/278/271 278/280/273
f 278/280/273 279/281/274 277/279/272
f 54/57/55 57/60/58 280/282/275
f 280/282/275 282/283/276 281/284/277
f 105/107/104 283/285/278 284/286/279
f 284/286/279 106/108/105 105/107/104
f 285/287/280 286/288/281 59/62/60
f 59/62/60 62/65/63 285/287/280
f 69/73/70 286/288/281 285/287/280
f 285/287/280 70/74/71 69/73/70
f 84/87/84 287/289/282 85/88/85
f 287/289/282 65/69/66 85/88/85
f 288/290/283 289/291/284 61/292/62
f 61/292/62 290/293/285 288/290/283
f 291/294/286 289/295/284 292/296/287
f 292/296/287 293/297/288 291/294/286
f 295/298/289 294/299/290 634/300/291
f 634/300/291 296/301/292 295/298/289
f 298/302/293 299/303/294 297/304/295
f 298/302/293 297/304/295 300/305/296
f 300/305/296 70/74/71 298/302/293
f 71/75/72 74/78/75 301/306/297
f 302/307/298 71/75/72 301/306/297
f 301/306/297 86/308/299 302/307/298
f 305/309/300 304/310/301 306/311/302
f 306/311/302 307/312/303 305/309/300
f 303/313/304 304/310/301 305/309/300
f 305/309/300 308/314/305 303/313/304
f 309/315/306 89/91/88 76/79/76
f 76/79/76 79/82/79 309/315/306
f 309/315/306 90/92/89 89/91/88
f 310/316/307 311/317/308 312/318/309
f 312/318/309 313/319/310 310/316/307
f 314/320/311 311/317/308 310/316/307
f 315/321/312 311/317/308 316/322/313
f 317/323/314 318/324/315 86/308/299
f 136/140/135 318/324/315 317/323/314
f 317/323/314 137/141/136 136/140/135
f 138/142/137 319/325/316 320/326/317
f 320/326/317 143/147/142 138/142/137
f 321/327/318 319/325/316 322/328/319
f 322/328/319 323/329/320 321/327/318
f 320/326/317 319/325/316 321/327/318
f 324/330/321 325/331/322 96/98/95
f 96/98/95 99/101/98 324/330/321
f 326/332/323 325/331/322 324/330/321
f 324/330/321 327/333/324 326/332/323
f 328/334/325 329/335/326 100/102/99
f 100/102/99 102/104/101 328/334/325
f 150/153/148 329/335/326 328/334/325
f 328/334/325 153/336/327 150/153/148
f 330/337/328 331/338/329 103/105/102
f 103/105/102 106/108/105 330/337/328
f 145/150/145 331/338/329 330/337/328
f 330/337/328 148/151/146 145/150/145
f 332/339/330 333/340/331 109/113/108
f 109/113/108 112/116/111 332/339/330
f 121/125/120 333/340/331 332/339/330
f 332/339/330 122/126/121 121/125/120
f 336/341/332 335/342/333 337/343/334
f 337/343/334 338/344/335 336/341/332
f 339/345/336 340/346/337 117/121/116
f 117/121/116 120/124/119 339/345/336
f 341/347/338 340/346/337 339/345/336
f 339/345/336 144/148/143 341/347/338
f 134/138/133 342/348/339 343/349/340
f 343/349/340 135/139/134 134/138/133
f 343/349/340 342/348/339 344/350/341
f 345/351/342 346/352/343 126/130/125
f 140/144/139 346/352/343 345/351/342
f 345/351/342 141/145/140 140/144/139
f 347/353/344 147/149/144 348/354/345
f 348/354/345 349/355/346 347/353/344
f 151/154/149 153/336/327 350/356/347
f 124/128/123 151/154/149 350/356/347
f 350/356/347 125/129/124 124/128/123
f 351/357/348 352/358/349 353/359/350
f 353/359/350 81/84/81 351/357/348
f 354/360/351 352/358/349 355/361/352
f 353/359/350 352/358/349 354/360/351
f 354/360/351 356/362/353 353/359/350
f 357/363/354 358/364/355 159/161/156
f 159/161/156 161/163/158 357/363/354
f 359/365/356 358/364/355 360/366/357
f 166/168/163 168/170/165 361/367/358
f 362/368/359 166/168/163 361/367/358
f 361/367/358 363/369/360 362/368/359
f 174/176/171 364/370/361 171/173/168
f 101/103/100 364/370/361 174/176/171
f 174/176/171 102/104/101 101/103/100
f 365/371/362 366/372/363 175/177/172
f 175/177/172 178/180/175 365/371/362
f 56/59/57 366/372/363 365/371/362
f 365/371/362 57/60/58 56/59/57
f 367/373/364 368/374/365 180/182/177
f 180/182/177 183/185/180 367/373/364
f 52/55/53 368/374/365 367/373/364
f 367/373/364 53/56/54 52/55/53
f 369/375/366 370/376/367 182/184/179
f 182/184/179 185/187/182 369/375/366
f 371/377/368 370/376/367 369/375/366
f 369/375/366 372/378/369 371/377/368
f 373/379/370 374/380/371 375/381/372
f 375/381/372 376/382/373 373/379/370
f 164/166/161 374/380/371 373/379/370
f 373/379/370 165/167/162 164/166/161
f 377/383/374 378/384/375 177/179/174
f 177/179/174 179/181/176 377/383/374
f 379/385/376 378/384/375 380/386/377
f 380/386/377 381/387/378 379/385/376
f 385/388/379 383/389/380 386/390/381
f 386/390/381 387/391/382 385/388/379
f 382/392/383 383/389/380 385/388/379
f 152/155/150 388/393/384 389/394/385
f 389/394/385 150/153/148 152/155/150
f 389/394/385 388/393/384 390/395/386
f 390/395/386 163/165/160 389/394/385
f 392/396/387 520/397/388 393/398/389
f 393/398/389 394/399/390 392/396/387
f 146/400/391 520/397/388 392/396/387
f 148/151/146 395/401/392 397/402/393
f 397/402/393 149/152/147 148/151/146
f 398/403/394 399/404/395 186/188/183
f 186/188/183 4/4/4 398/403/394
f 186/188/183 399/404/395 400/405/396
f 400/405/396 189/191/186 186/188/183
f 400/405/396 399/404/395 401/406/397
f 401/406/397 209/211/206 400/405/396
f 241/243/238 402/407/398 254/254/249
f 254/254/249 38/41/39 241/243/238
f 403/408/399 402/407/398 404/409/400
f 404/409/400 405/410/401 403/408/399
f 198/200/195 406/411/402 369/375/366
f 369/375/366 185/187/182 198/200/195
f 369/375/366 406/411/402 407/412/403
f 407/412/403 372/378/369 369/375/366
f 408/413/404 406/411/402 409/414/405
f 410/415/406 411/416/407 219/221/216
f 219/221/216 12/13/13 410/415/406
f 219/221/216 411/416/407 229/231/226
f 229/231/226 23/24/24 219/221/216
f 229/231/226 411/416/407 412/417/408
f 412/417/408 232/234/229 229/231/226
f 413/418/409 414/419/410 373/379/370
f 373/379/370 376/382/373 413/418/409
f 373/379/370 414/419/410 415/420/411
f 415/420/411 165/167/162 373/379/370
f 416/421/412 417/422/413 418/423/414
f 418/423/414 419/424/415 416/421/412
f 420/425/416 417/422/413 421/426/417
f 421/426/417 422/427/418 420/425/416
f 212/214/209 423/428/419 424/429/420
f 425/430/421 426/431/422 423/428/419
f 425/430/421 423/428/419 427/432/423
f 427/432/423 428/433/424 425/430/421
f 431/434/425 432/435/426 433/436/427
f 433/436/427 434/437/428 431/434/425
f 432/435/426 236/238/233 433/436/427
f 435/438/429 436/439/430 437/440/431
f 437/440/431 235/237/232 435/438/429
f 437/440/431 436/439/430 215/217/212
f 215/217/212 217/219/214 437/440/431
f 215/217/212 436/439/430 309/315/306
f 309/315/306 79/82/79 215/217/212
f 384/441/432 438/442/433 237/239/234
f 237/239/234 24/25/25 384/441/432
f 237/239/234 438/442/433 239/240/235
f 651/443/434 438/444/433 439/445/435
f 439/445/435 440/446/436 651/443/434
f 274/274/269 441/447/437 389/394/385
f 389/394/385 163/165/160 274/274/269
f 389/394/385 441/447/437 442/448/438
f 442/448/438 150/153/148 389/394/385
f 442/448/438 441/447/437 443/449/439
f 443/449/439 444/450/440 442/448/438
f 277/279/272 445/451/441 324/330/321
f 324/330/321 99/101/98 277/279/272
f 324/330/321 445/451/441 446/452/442
f 446/452/442 327/333/324 324/330/321
f 448/453/443 449/454/444 285/287/280
f 285/287/280 62/65/63 448/453/443
f 285/287/280 449/454/444 298/302/293
f 298/302/293 70/74/71 285/287/280
f 298/302/293 449/454/444 450/455/445
f 450/455/445 299/303/294 298/302/293
f 451/456/446 452/457/447 453/458/448
f 453/458/448 454/459/449 451/456/446
f 453/458/448 452/457/447 256/256/251
f 256/256/251 259/259/254 453/458/448
f 256/256/251 452/457/447 332/339/330
f 332/339/330 112/116/111 256/256/251
f 455/460/450 456/461/451 457/462/452
f 457/462/452 458/463/453 455/460/450
f 459/464/454 456/461/451 460/465/455
f 460/465/455 461/466/456 459/464/454
f 350/356/347 153/336/327 391/467/457
f 350/356/347 391/467/457 242/244/239
f 242/244/239 125/129/124 350/356/347
f 242/244/239 391/467/457 462/468/458
f 317/323/314 463/469/459 464/470/460
f 464/470/460 137/141/136 317/323/314
f 465/471/461 463/469/459 466/472/462
f 466/472/462 467/473/463 465/471/461
f 468/474/464 146/400/391 392/396/387
f 469/475/465 470/476/466 471/477/467
f 471/477/467 472/478/468 469/475/465
f 473/479/469 470/476/466 474/480/470
f 247/249/244 32/35/33 475/481/471
f 247/249/244 475/481/471 266/266/261
f 266/266/261 44/47/45 247/249/244
f 266/266/261 475/481/471 476/482/472
f 476/482/472 268/268/263 266/266/261
f 479/483/473 480/484/474 481/485/475
f 481/485/475 480/484/474 482/486/476
f 482/486/476 483/487/477 481/485/475
f 484/488/478 480/484/474 485/489/479
f 485/489/479 486/490/480 484/488/478
f 488/491/481 489/492/482 487/493/483
f 490/494/484 488/491/481 491/495/485
f 264/264/259 42/45/43 492/496/486
f 264/264/259 492/496/486 339/345/336
f 339/345/336 120/124/119 264/264/259
f 493/497/487 494/498/488 495/499/489
f 310/316/307 494/498/488 496/500/490
f 496/500/490 314/320/311 310/316/307
f 367/373/364 183/185/180 497/501/491
f 53/56/54 367/373/364 498/502/492
f 498/502/492 271/271/266 53/56/54
f 499/503/493 500/504/494 501/505/495
f 501/505/495 502/506/496 499/503/493
f 501/505/495 500/504/494 503/507/497
f 503/507/497 504/508/498 501/505/495
f 503/507/497 500/504/494 505/509/499
f 505/509/499 206/208/203 503/507/497
f 365/371/362 178/180/175 506/510/500
f 365/371/362 506/510/500 507/511/501
f 507/511/501 57/60/58 365/371/362
f 383/389/380 509/512/502 508/513/503
f 383/389/380 508/513/503 510/514/504
f 512/515/505 152/155/150 511/516/506
f 514/517/507 512/515/505 515/518/508
f 515/518/508 516/519/509 514/517/507
f 517/520/510 153/336/327 328/334/325
f 518/521/511 519/522/512 520/397/388
f 520/397/388 521/523/513 518/521/511
f 519/522/512 31/34/32 593/524/514
f 330/337/328 522/525/515 523/526/516
f 523/526/516 148/151/146 330/337/328
f 523/526/516 522/525/515 524/527/517
f 524/527/517 525/528/518 523/526/516
f 526/529/519 306/311/302 73/77/74
f 526/529/519 307/312/303 306/311/302
f 357/363/354 161/163/158 390/395/386
f 513/530/520 357/363/354 390/395/386
f 528/531/521 515/518/508 303/313/304
f 303/313/304 308/314/305 528/531/521
f 528/531/521 516/519/509 515/518/508
f 240/242/237 532/532/522 531/533/523
f 531/533/523 241/243/238 240/242/237
f 605/534/524 245/247/242 27/30/28
f 27/30/28 28/31/29 605/534/524
f 605/534/524 246/248/243 245/247/242
f 533/535/525 37/536/38 489/492/482
f 488/491/481 533/535/525 489/492/482
f 243/245/240 244/246/241 609/537/526
f 491/495/485 243/245/240 609/537/526
f 609/537/526 490/494/484 491/495/485
f 534/538/527 535/539/528 536/540/529
f 337/541/334 115/119/114 116/120/115
f 116/120/115 338/542/335 337/541/334
f 291/294/286 293/297/288 537/543/530
f 114/118/113 291/294/286 537/543/530
f 483/487/477 482/486/476 288/290/283
f 288/290/283 290/293/285 483/487/477
f 486/490/480 485/489/479 335/342/333
f 335/342/333 336/341/332 486/490/480
f 345/351/342 128/132/127 314/320/311
f 345/351/342 126/130/125 128/132/127
f 347/353/344 349/355/346 623/544/531
f 130/134/129 347/353/344 623/544/531
f 623/544/531 131/135/130 130/134/129
f 540/545/532 471/477/467 315/321/312
f 540/545/532 472/478/468 471/477/467
f 541/546/533 542/547/534 543/548/535
f 544/549/536 322/328/319 94/96/93
f 94/96/93 95/97/94 544/549/536
f 544/549/536 323/329/320 322/328/319
f 93/95/92 92/94/91 295/298/289
f 295/298/289 296/301/292 93/95/92
f 458/463/453 457/462/452 294/550/290
f 294/550/290 66/70/67 458/463/453
f 320/326/317 321/327/318 631/551/537
f 460/465/455 320/326/317 631/551/537
f 631/551/537 461/466/456 460/465/455
f 283/285/278 547/552/538 546/553/539
f 546/553/539 284/286/279 283/285/278
f 58/61/59 270/270/265 271/271/266
f 271/271/266 56/59/57 58/61/59
f 327/333/324 640/554/540 548/555/541
f 548/555/541 108/112/107 327/333/324
f 446/452/442 640/554/540 327/333/324
f 551/556/542 550/557/543 697/558/544
f 697/558/544 552/559/545 551/556/542
f 170/172/167 386/390/381 168/170/165
f 170/172/167 387/391/382 386/390/381
f 250/252/247 251/253/248 553/560/546
f 167/561/164 250/252/247 553/560/546
f 553/560/546 169/562/166 167/561/164
f 647/563/547 439/445/435 382/392/383
f 382/392/383 385/388/379 647/563/547
f 647/563/547 440/446/436 439/445/435
f 554/564/548 555/565/549 556/566/550
f 558/567/551 156/158/153 379/385/376
f 379/385/376 381/387/378 558/567/551
f 558/567/551 157/159/154 156/158/153
f 210/212/207 559/568/552 377/383/374
f 377/383/374 179/181/176 210/212/207
f 424/429/420 559/568/552 210/212/207
f 210/212/207 212/214/209 424/429/420
f 560/569/553 425/430/421 353/359/350
f 353/359/350 356/362/353 560/569/553
f 560/569/553 426/431/422 425/430/421
f 563/570/554 226/228/223 15/16/16
f 15/16/16 19/20/20 563/570/554
f 563/570/554 227/229/224 226/228/223
f 565/571/555 418/423/414 193/195/190
f 193/195/190 6/6/6 565/571/555
f 565/571/555 419/424/415 418/423/414
f 224/226/221 228/230/225 566/572/556
f 421/426/417 224/226/221 566/572/556
f 566/572/556 422/427/418 421/426/417
f 568/573/557 569/574/558 567/575/559
f 214/216/211 661/576/560 666/7/7
f 666/7/7 9/10/10 214/216/211
f 213/215/210 661/576/560 214/216/211
f 188/190/185 189/191/186 400/405/396
f 11/12/12 188/190/185 400/405/396
f 372/378/369 570/577/561 571/578/562
f 571/578/562 572/579/563 372/378/369
f 407/412/403 570/577/561 372/378/369
f 190/192/187 192/194/189 573/580/564
f 409/414/405 190/192/187 573/580/564
f 574/581/565 575/582/566 576/583/567
f 577/584/568 209/211/206 401/406/397
f 577/584/568 401/406/397 578/585/569
f 372/378/369 572/579/563 579/586/570
f 199/201/196 580/587/571 200/202/197
f 5/5/5 206/208/203 205/207/202
f 5/5/5 205/207/202 565/571/555
f 565/571/555 6/6/6 5/5/5
f 302/307/298 86/308/299 83/86/83
f 78/81/78 582/588/572 218/220/215
f 218/220/215 79/82/79 78/81/78
f 582/588/572 428/433/424 218/220/215
f 214/216/211 9/10/10 427/432/423
f 233/235/230 236/238/233 432/435/426
f 33/36/34 238/241/236 239/240/235
f 239/240/235 34/37/35 33/36/34
f 278/589/273 49/52/50 584/590/573
f 584/590/573 279/591/274 278/589/273
f 107/111/106 585/592/574 327/333/324
f 327/333/324 108/112/107 107/111/106
f 333/340/331 299/303/294 450/455/445
f 450/455/445 109/113/108 333/340/331
f 68/72/69 70/74/71 300/305/296
f 458/463/453 66/70/67 68/72/69
f 341/347/338 144/148/143 143/147/142
f 351/357/348 81/84/81 80/83/80
f 587/593/575 477/594/576 478/595/577
f 287/289/282 483/487/477 63/66/64
f 63/66/64 65/69/66 287/289/282
f 483/487/477 290/293/285 63/66/64
f 260/260/255 489/492/482 588/596/578
f 588/596/578 263/263/258 260/260/255
f 489/492/482 37/536/38 588/596/578
f 123/127/122 343/349/340 344/350/341
f 589/597/579 493/497/487 495/499/489
f 345/351/342 314/320/311 496/500/490
f 505/509/499 590/598/580 203/205/200
f 203/205/200 206/208/203 505/509/499
f 203/205/200 590/598/580 591/599/581
f 591/599/581 204/206/201 203/205/200
f 507/511/501 592/600/582 280/282/275
f 280/282/275 57/60/58 507/511/501
f 592/600/582 282/283/276 280/282/275
f 161/163/158 163/165/160 390/395/386
f 593/524/514 393/398/389 520/397/388
f 252/601/583 31/34/32 519/522/512
f 519/522/512 253/602/584 252/601/583
f 598/603/585 599/604/586 597/605/587
f 514/517/507 599/604/586 598/603/585
f 28/31/29 606/606/588 605/534/524
f 244/246/241 610/607/589 609/537/526
f 490/494/484 677/608/590 611/609/591
f 607/610/592 490/494/484 611/609/591
f 611/609/591 608/611/593 607/610/592
f 612/612/594 244/246/241 246/248/243
f 612/612/594 610/607/589 244/246/241
f 606/613/588 28/614/29 614/615/595
f 336/341/332 618/616/596 486/490/480
f 113/117/112 615/617/597 116/120/115
f 486/490/480 680/618/598 484/488/478
f 484/488/478 617/619/599 616/620/600
f 620/621/601 336/341/332 338/344/335
f 620/621/601 618/616/596 336/341/332
f 628/622/602 93/95/92 296/301/292
f 321/327/318 632/623/603 631/551/537
f 633/624/604 321/327/318 323/329/320
f 633/624/604 632/623/603 321/327/318
f 93/95/92 690/625/605 91/93/90
f 698/626/606 641/627/607 642/628/608
f 638/629/609 552/630/545 273/273/268
f 639/631/610 644/632/611 643/633/612
f 637/634/613 645/635/614 550/557/543
f 251/253/248 701/636/615 553/560/546
f 385/388/379 556/566/550 647/563/547
f 648/637/616 385/388/379 387/391/382
f 648/637/616 556/566/550 385/388/379
f 649/638/617 251/253/248 650/639/618
f 649/638/617 701/636/615 251/253/248
f 170/172/167 169/171/166 652/640/619
f 673/641/620 530/642/621 672/643/622
f 534/538/527 674/644/623 675/645/624
f 536/540/529 676/646/625 606/647/588
f 674/644/623 536/540/529 606/647/588
f 610/648/589 612/649/594 676/650/625
f 676/650/625 535/539/528 610/648/589
f 608/611/593 611/651/591 677/652/590
f 538/653/626 678/654/627 615/655/597
f 680/618/598 681/656/628 617/619/599
f 681/656/628 539/657/629 679/658/630
f 618/616/596 620/621/601 678/654/627
f 678/654/627 538/653/626 618/616/596
f 545/659/631 688/660/632 689/661/633
f 689/661/633 690/662/605 545/659/631
f 632/623/603 633/624/604 688/663/632
f 688/663/632 545/659/631 632/623/603
f 697/558/544 699/664/634 700/665/635
f 700/665/635 552/559/545 697/558/544
f 643/633/612 551/556/542 696/666/636
f 699/664/634 697/558/544 698/667/606
f 703/668/637 651/443/434 704/669/638
f 704/669/638 555/565/549 703/668/637
f 554/670/548 652/671/619 702/672/639
f 711/673/640 562/674/641 710/675/642
f 713/676/643 714/677/644 567/575/559
f 715/678/645 568/573/557 714/677/644
f 716/679/646 569/574/558 568/573/557
f 717/680/647 567/575/559 712/681/648
f 723/682/649 575/582/566 722/683/650
f 2/2/2 1/1/1 724/684/651
f 724/684/651 725/685/652 2/2/2
f 2/2/2 725/685/652 206/208/203
f 206/208/203 5/5/5 2/2/2
f 580/587/571 725/685/652 724/684/651
f 724/684/651 200/202/197 580/587/571
f 7/8/8 10/11/11 217/219/214
f 217/219/214 8/9/9 7/8/8
f 666/7/7 665/686/653 7/8/8
f 13/14/14 12/13/13 578/585/569
f 578/585/569 18/19/19 13/14/14
f 21/22/22 20/21/21 236/238/233
f 236/238/233 235/237/232 21/22/22
f 235/237/232 208/210/205 21/22/22
f 25/26/26 24/25/25 531/533/523
f 531/533/523 532/532/522 25/26/26
f 25/26/26 532/532/522 614/615/595
f 614/615/595 28/614/29 25/26/26
f 30/33/31 29/32/30 405/410/401
f 405/410/401 33/36/34 30/33/31
f 36/687/37 35/688/36 259/259/254
f 259/259/254 258/258/253 36/687/37
f 36/687/37 258/258/253 263/689/258
f 263/689/258 588/690/578 36/687/37
f 36/691/37 588/596/578 37/536/38
f 40/43/41 39/42/40 454/459/449
f 454/459/449 45/48/46 40/43/41
f 48/51/49 51/54/52 584/590/573
f 584/590/573 49/52/50 48/51/49
f 48/51/49 47/50/48 726/692/654
f 726/692/654 52/55/53 48/51/49
f 55/58/56 54/57/55 546/553/539
f 546/553/539 547/552/538 55/58/56
f 55/58/56 547/552/538 644/632/611
f 60/63/61 59/62/60 727/693/655
f 727/693/655 64/694/65 60/63/61
f 60/67/61 63/66/64 290/293/285
f 290/293/285 61/292/62 60/67/61
f 67/695/68 66/696/67 434/437/428
f 434/437/428 231/233/228 67/695/68
f 72/76/73 71/75/72 728/697/656
f 728/697/656 201/203/198 72/76/73
f 77/80/77 76/79/76 313/319/310
f 313/319/310 312/318/309 77/80/77
f 77/80/77 312/318/309 729/698/657
f 729/698/657 80/83/80 77/80/77
f 83/86/83 86/308/299 481/485/475
f 481/485/475 84/87/84 83/86/83
f 94/96/93 89/91/88 88/90/87
f 97/99/96 96/98/95 730/699/658
f 730/699/658 101/103/100 97/99/96
f 97/99/96 100/102/99 444/450/440
f 444/450/440 98/100/97 97/99/96
f 104/106/103 103/105/102 731/700/659
f 731/700/659 362/701/359 104/106/103
f 109/113/108 114/118/113 110/114/109
f 110/114/109 115/119/114 111/115/110
f 118/122/117 117/121/116 455/460/450
f 455/460/450 297/304/295 118/122/117
f 124/128/123 123/127/122 732/702/660
f 732/702/660 303/313/304 124/128/123
f 127/131/126 126/130/125 733/703/661
f 733/703/661 253/602/584 127/131/126
f 145/150/145 147/149/144 521/523/513
f 521/523/513 146/400/391 145/150/145
f 155/157/152 158/160/155 396/704/662
f 160/162/157 159/161/156 502/506/496
f 502/506/496 164/166/161 160/162/157
f 167/561/164 166/705/163 394/399/390
f 394/399/390 393/398/389 167/561/164
f 172/174/169 171/173/168 509/512/502
f 509/512/502 382/392/383 172/174/169
f 176/178/173 175/177/172 734/706/663
f 734/706/663 579/586/570 176/178/173
f 181/183/178 180/182/177 376/382/373
f 376/382/373 375/381/372 181/183/178
f 181/183/178 375/381/372 504/508/498
f 504/508/498 184/186/181 181/183/178
f 155/157/152 396/704/662 525/528/518
f 525/528/518 281/284/277 155/157/152
f 187/189/184 188/190/185 667/707/664
f 667/707/664 191/193/188 187/189/184
f 194/196/191 195/197/192 398/403/394
f 197/199/194 184/186/181 504/508/498
f 504/508/498 503/507/497 197/199/194
f 202/204/199 201/203/198 728/697/656
f 728/697/656 416/421/412 202/204/199
f 72/76/73 201/203/198 204/206/201
f 204/206/201 75/708/665 72/76/73
f 21/22/22 208/210/205 209/211/206
f 209/211/206 22/23/23 21/22/22
f 235/237/232 437/440/431 208/210/205
f 211/213/208 210/212/207 572/579/563
f 572/579/563 571/578/562 211/213/208
f 216/218/213 218/220/215 428/433/424
f 428/433/424 427/432/423 216/218/213
f 220/222/217 22/23/23 209/211/206
f 209/211/206 577/584/568 220/222/217
f 222/224/219 64/68/65 727/709/655
f 727/709/655 410/415/406 222/224/219
f 223/225/220 82/85/82 85/88/85
f 85/88/85 429/710/666 223/225/220
f 67/695/68 231/233/228 232/234/229
f 232/234/229 69/711/70 67/695/68
f 230/232/227 231/233/228 434/437/428
f 434/437/428 433/436/427 230/232/227
f 87/89/86 92/94/91 88/90/87
f 234/236/231 87/89/86 90/92/89
f 90/92/89 435/438/429 234/236/231
f 237/239/234 238/241/236 405/410/401
f 405/410/401 404/409/400 237/239/234
f 37/536/38 533/535/525 240/712/237
f 26/28/27 172/174/169 384/713/432
f 248/250/245 43/46/44 46/49/47
f 46/49/47 403/408/399 248/250/245
f 249/251/246 250/252/247 593/524/514
f 252/601/583 253/602/584 733/703/661
f 733/703/661 475/481/471 252/601/583
f 253/602/584 130/134/129 127/131/126
f 255/714/250 45/48/46 454/459/449
f 454/459/449 453/458/448 255/714/250
f 111/115/110 587/593/575 257/257/252
f 133/137/132 132/136/131 262/262/257
f 262/262/257 334/715/667 133/137/132
f 260/260/255 132/136/131 135/139/134
f 135/139/134 487/493/483 260/260/255
f 265/265/260 119/123/118 122/126/121
f 122/126/121 451/456/446 265/265/260
f 139/143/138 142/146/141 268/268/263
f 268/268/263 140/144/139 139/143/138
f 267/267/262 142/146/141 144/148/143
f 144/148/143 492/496/486 267/267/262
f 269/269/264 270/270/265 638/629/609
f 638/629/609 273/273/268 269/269/264
f 275/275/270 162/164/159 165/167/162
f 165/167/162 415/420/411 275/275/270
f 276/278/271 98/100/97 444/450/440
f 444/450/440 443/449/439 276/278/271
f 155/157/152 281/284/277 282/283/276
f 282/283/276 156/158/153 155/157/152
f 280/282/275 281/284/277 525/528/518
f 525/528/518 524/527/517 280/282/275
f 283/716/278 105/109/104 108/112/107
f 108/112/107 548/555/541 283/716/278
f 286/717/281 69/711/70 232/234/229
f 232/234/229 412/417/408 286/717/281
f 287/289/282 84/87/84 481/485/475
f 289/295/284 291/294/286 448/453/443
f 294/299/290 295/298/289 431/434/425
f 118/122/117 297/304/295 299/303/294
f 299/303/294 121/125/120 118/122/117
f 71/75/72 302/307/298 581/718/668
f 304/310/301 303/313/304 732/702/660
f 732/702/660 465/471/461 304/310/301
f 94/96/93 589/597/579 89/91/88
f 311/317/308 314/320/311 626/719/669
f 626/719/669 316/322/313 311/317/308
f 318/324/315 136/140/135 479/483/473
f 319/325/316 138/142/137 141/145/140
f 141/145/140 493/497/487 319/325/316
f 139/143/138 138/142/137 143/147/142
f 325/331/322 326/332/323 363/369/360
f 363/369/360 735/720/670 325/331/322
f 585/592/574 326/332/323 327/333/324
f 150/153/148 442/448/438 329/335/326
f 151/154/149 150/153/148 153/336/327
f 331/338/329 145/150/145 146/400/391
f 146/400/391 468/474/464 331/338/329
f 333/340/331 121/125/120 299/303/294
f 335/342/333 334/715/667 262/262/257
f 262/262/257 477/721/576 335/342/333
f 334/715/667 136/140/135 133/137/132
f 340/346/337 341/347/338 460/465/455
f 342/348/339 134/138/133 137/141/136
f 137/141/136 464/470/460 342/348/339
f 346/352/343 140/144/139 268/268/263
f 268/268/263 476/482/472 346/352/343
f 147/149/144 347/353/344 518/521/511
f 151/154/149 124/128/123 511/516/506
f 352/358/349 351/357/348 586/722/671
f 586/722/671 473/479/469 352/358/349
f 358/364/355 359/365/356 736/723/672
f 736/723/672 499/503/493 358/364/355
f 166/705/163 362/724/359 731/700/659
f 731/700/659 394/399/390 166/705/163
f 104/110/103 362/368/359 363/369/360
f 363/369/360 107/111/106 104/110/103
f 364/370/361 101/103/100 730/699/658
f 730/699/658 508/513/503 364/370/361
f 368/374/365 52/55/53 726/692/654
f 726/692/654 413/418/409 368/374/365
f 370/376/367 371/377/368 734/706/663
f 734/706/663 497/501/491 370/376/367
f 579/586/570 371/377/368 372/378/369
f 374/380/371 164/166/161 502/506/496
f 502/506/496 501/505/495 374/380/371
f 378/384/375 379/385/376 737/725/673
f 737/725/673 506/510/500 378/384/375
f 383/389/380 382/392/383 509/512/502
f 172/174/169 382/392/383 384/713/432
f 152/155/150 512/515/505 388/393/384
f 153/336/327 517/520/510 391/467/457
f 520/397/388 146/400/391 521/523/513
f 148/151/146 523/526/516 395/401/392
f 194/196/191 398/403/394 4/4/4
f 4/4/4 3/3/3 194/196/191
f 398/403/394 401/406/397 399/404/395
f 400/405/396 207/209/204 11/12/12
f 220/222/217 577/584/568 578/585/569
f 578/585/569 12/13/13 220/222/217
f 248/250/245 403/408/399 405/410/401
f 405/410/401 29/32/30 248/250/245
f 402/407/398 403/408/399 46/49/47
f 46/49/47 254/254/249 402/407/398
f 237/239/234 404/409/400 531/533/523
f 531/533/523 24/25/25 237/239/234
f 241/243/238 404/409/400 402/407/398
f 406/411/402 198/200/195 200/202/197
f 200/202/197 409/414/405 406/411/402
f 571/578/562 664/726/674 211/213/208
f 187/189/184 190/192/187 724/684/651
f 724/684/651 1/1/1 187/189/184
f 222/224/219 410/415/406 12/13/13
f 12/13/13 14/15/15 222/224/219
f 411/416/407 410/415/406 727/709/655
f 727/709/655 412/417/408 411/416/407
f 286/288/281 412/727/408 727/693/655
f 727/693/655 59/62/60 286/288/281
f 368/374/365 413/418/409 376/382/373
f 376/382/373 180/182/177 368/374/365
f 414/419/410 413/418/409 726/692/654
f 726/692/654 415/420/411 414/419/410
f 275/275/270 415/420/411 726/728/654
f 726/728/654 47/276/48 275/275/270
f 417/422/413 416/421/412 728/697/656
f 728/697/656 581/718/668 417/422/413
f 202/204/199 416/421/412 419/424/415
f 419/424/415 205/207/202 202/204/199
f 194/196/191 193/195/190 660/729/675
f 660/729/675 196/198/193 194/196/191
f 581/718/668 421/426/417 417/422/413
f 71/75/72 581/718/668 728/697/656
f 423/428/419 212/214/209 214/216/211
f 214/216/211 427/432/423 423/428/419
f 377/383/374 380/386/377 378/384/375
f 216/218/213 427/432/423 9/10/10
f 9/10/10 8/9/9 216/218/213
f 223/225/220 429/710/666 430/730/676
f 430/730/676 226/228/223 223/225/220
f 583/731/677 221/223/218 16/17/17
f 429/710/666 85/88/85 65/69/66
f 65/69/66 430/730/676 429/710/666
f 294/299/290 431/434/425 434/437/428
f 434/437/428 66/696/67 294/299/290
f 230/232/227 433/436/427 236/238/233
f 236/238/233 20/21/21 230/232/227
f 234/236/231 435/438/429 235/237/232
f 436/439/430 435/438/429 90/92/89
f 90/92/89 309/315/306 436/439/430
f 208/210/205 437/440/431 217/219/214
f 217/219/214 10/11/11 208/210/205
f 249/251/246 34/37/35 650/639/618
f 650/639/618 251/253/248 249/251/246
f 384/713/432 439/445/435 438/444/433
f 26/27/27 384/441/432 24/25/25
f 441/447/437 274/274/269 50/277/51
f 50/277/51 443/449/439 441/447/437
f 329/335/326 442/448/438 444/450/440
f 444/450/440 100/102/99 329/335/326
f 276/278/271 443/449/439 50/277/51
f 50/277/51 278/280/273 276/278/271
f 269/269/264 272/272/267 584/590/573
f 584/590/573 51/54/52 269/269/264
f 445/732/441 277/733/272 279/591/274
f 279/591/274 447/734/678 445/732/441
f 289/295/284 448/453/443 62/65/63
f 62/65/63 61/64/62 289/295/284
f 448/453/443 450/455/445 449/454/444
f 265/265/260 451/456/446 454/459/449
f 454/459/449 39/42/40 265/265/260
f 452/457/447 451/456/446 122/126/121
f 122/126/121 332/339/330 452/457/447
f 255/714/250 453/458/448 259/259/254
f 259/259/254 35/688/36 255/714/250
f 455/460/450 340/346/337 456/461/451
f 297/304/295 455/460/450 458/463/453
f 458/463/453 300/305/296 297/304/295
f 635/735/679 634/736/291 294/550/290
f 456/461/451 340/346/337 460/465/455
f 455/460/450 117/121/116 340/346/337
f 462/468/458 173/175/170 27/30/28
f 173/175/170 462/468/458 391/467/457
f 462/468/458 245/247/242 242/244/239
f 304/310/301 465/471/461 467/473/463
f 467/473/463 306/311/302 304/310/301
f 463/469/459 465/471/461 732/702/660
f 732/702/660 464/470/460 463/469/459
f 466/472/462 301/306/297 74/78/75
f 463/469/459 317/323/314 86/308/299
f 86/308/299 466/472/462 463/469/459
f 342/348/339 464/470/460 732/702/660
f 732/702/660 344/350/341 342/348/339
f 392/396/387 394/399/390 731/700/659
f 731/700/659 468/474/464 392/396/387
f 331/338/329 468/474/464 731/700/659
f 731/700/659 103/105/102 331/338/329
f 473/479/469 355/361/352 352/358/349
f 470/476/466 473/479/469 586/722/671
f 586/722/671 471/477/467 470/476/466
f 474/480/470 395/401/392 396/704/662
f 147/149/144 149/152/147 627/737/680
f 627/737/680 348/354/345 147/149/144
f 311/317/308 315/321/312 729/698/657
f 729/698/657 312/318/309 311/317/308
f 252/601/583 475/481/471 32/35/33
f 32/35/33 31/34/32 252/601/583
f 733/703/661 476/482/472 475/481/471
f 346/352/343 476/482/472 733/703/661
f 733/703/661 126/130/125 346/352/343
f 477/721/576 337/343/334 335/342/333
f 478/738/577 477/721/576 262/262/257
f 262/262/257 261/261/256 478/738/577
f 257/257/252 587/593/575 263/689/258
f 263/689/258 258/258/253 257/257/252
f 478/738/577 261/261/256 263/263/258
f 318/324/315 479/483/473 481/485/475
f 481/485/475 86/308/299 318/324/315
f 479/483/473 485/489/479 480/484/474
f 287/289/282 481/485/475 483/487/477
f 289/291/284 288/290/283 619/739/681
f 619/739/681 292/740/287 289/291/284
f 488/491/481 487/493/483 135/139/134
f 135/139/134 343/349/340 488/491/481
f 260/260/255 487/493/483 489/492/482
f 240/712/237 533/535/525 613/741/682
f 343/349/340 491/495/485 488/491/481
f 267/267/262 492/496/486 42/45/43
f 42/45/43 41/44/42 267/267/262
f 144/148/143 339/345/336 492/496/486
f 493/497/487 322/328/319 319/325/316
f 494/498/488 493/497/487 141/145/140
f 141/145/140 496/500/490 494/498/488
f 89/91/88 589/597/579 313/319/310
f 313/319/310 76/79/76 89/91/88
f 494/498/488 310/316/307 313/319/310
f 313/319/310 495/499/489 494/498/488
f 734/706/663 175/177/172 366/372/363
f 498/502/492 366/372/363 56/59/57
f 56/59/57 271/271/266 498/502/492
f 367/373/364 497/501/491 734/706/663
f 734/706/663 498/502/492 367/373/364
f 370/376/367 497/501/491 183/185/180
f 183/185/180 182/184/179 370/376/367
f 358/364/355 499/503/493 502/506/496
f 502/506/496 159/161/156 358/364/355
f 500/504/494 499/503/493 736/723/672
f 736/723/672 505/509/499 500/504/494
f 374/380/371 501/505/495 504/508/498
f 504/508/498 375/381/372 374/380/371
f 197/199/194 503/507/497 206/208/203
f 206/208/203 199/201/196 197/199/194
f 378/384/375 506/510/500 178/180/175
f 178/180/175 177/179/174 378/384/375
f 737/725/673 507/511/501 506/510/500
f 364/370/361 508/513/503 509/512/502
f 509/512/502 171/173/168 364/370/361
f 730/699/658 735/720/670 508/513/503
f 510/514/504 361/367/358 168/170/165
f 508/513/503 735/720/670 363/369/360
f 363/369/360 510/514/504 508/513/503
f 325/331/322 735/720/670 730/699/658
f 730/699/658 96/98/95 325/331/322
f 151/154/149 511/516/506 152/155/150
f 511/516/506 515/518/508 512/515/505
f 388/393/384 512/515/505 513/530/520
f 513/530/520 390/395/386 388/393/384
f 358/364/355 357/363/354 602/742/683
f 602/742/683 360/366/357 358/364/355
f 517/520/510 328/334/325 102/104/101
f 102/104/101 174/176/171 517/520/510
f 391/467/457 517/520/510 174/176/171
f 174/176/171 173/175/170 391/467/457
f 147/149/144 518/521/511 521/523/513
f 249/251/246 593/524/514 31/34/32
f 31/34/32 30/33/31 249/251/246
f 593/524/514 520/397/388 519/522/512
f 522/525/515 330/337/328 106/108/105
f 106/108/105 284/286/279 522/525/515
f 395/401/392 523/526/516 525/528/518
f 525/528/518 396/704/662 395/401/392
f 280/282/275 524/527/517 546/553/539
f 546/553/539 54/57/55 280/282/275
f 284/286/279 524/527/517 522/525/515
f 467/473/463 466/472/462 306/311/302
f 527/743/684 75/708/665 204/206/201
f 204/206/201 591/599/581 527/743/684
f 357/363/354 513/530/520 598/603/585
f 598/603/585 597/605/587 357/363/354
f 511/516/506 124/128/123 515/518/508
f 595/744/685 527/743/684 359/365/356
f 359/365/356 596/745/686 595/744/685
f 73/77/74 594/746/687 526/529/519
f 357/363/354 597/605/587 602/742/683
f 532/532/522 240/242/237 604/747/688
f 604/747/688 603/748/689 532/532/522
f 533/535/525 488/491/481 607/610/592
f 243/245/240 491/495/485 343/349/340
f 343/349/340 123/127/122 243/245/240
f 533/535/525 607/610/592 613/741/682
f 532/532/522 603/748/689 614/615/595
f 115/119/114 337/541/334 477/594/576
f 477/594/576 587/593/575 115/119/114
f 291/294/286 114/118/113 109/113/108
f 109/113/108 450/455/445 291/294/286
f 479/483/473 136/140/135 485/489/479
f 482/486/476 616/620/600 619/739/681
f 619/739/681 288/290/283 482/486/476
f 622/749/690 621/750/691 128/132/127
f 347/353/344 130/134/129 253/602/584
f 253/602/584 519/522/512 347/353/344
f 397/402/393 474/480/470 470/476/466
f 625/751/692 624/752/693 397/402/393
f 586/722/671 351/357/348 471/477/467
f 128/132/127 621/750/691 626/719/669
f 626/719/669 314/320/311 128/132/127
f 397/402/393 624/752/693 627/737/680
f 627/737/680 149/152/147 397/402/393
f 493/497/487 589/597/579 322/328/319
f 87/89/86 233/235/230 92/94/91
f 630/753/694 629/754/695 457/462/452
f 460/465/455 341/347/338 320/326/317
f 457/462/452 629/754/695 635/735/679
f 635/735/679 294/550/290 457/462/452
f 283/285/278 636/755/696 547/552/538
f 270/270/265 58/61/59 639/631/610
f 639/631/610 638/629/609 270/270/265
f 549/756/697 447/734/678 279/591/274
f 279/591/274 584/590/573 549/756/697
f 446/452/442 641/757/607 640/554/540
f 547/552/538 636/755/696 644/632/611
f 283/285/278 637/634/613 636/755/696
f 383/389/380 510/514/504 386/390/381
f 250/252/247 167/561/164 393/398/389
f 393/398/389 593/524/514 250/252/247
f 239/240/235 646/758/698 650/639/618
f 650/639/618 34/37/35 239/240/235
f 557/759/699 355/361/352 473/479/469
f 473/479/469 474/480/470 557/759/699
f 282/283/276 592/600/582 156/158/153
f 428/433/424 582/588/572 425/430/421
f 158/160/155 653/760/700 557/759/699
f 654/761/701 559/568/552 424/429/420
f 424/429/420 655/762/702 654/761/701
f 430/730/676 583/731/677 226/228/223
f 564/763/703 18/19/19 578/585/569
f 659/764/704 658/765/705 418/423/414
f 224/226/221 421/426/417 581/718/668
f 581/718/668 302/307/298 224/226/221
f 418/423/414 658/765/705 660/729/675
f 660/729/675 193/195/190 418/423/414
f 188/190/185 11/12/12 663/766/706
f 663/766/706 662/767/707 188/190/185
f 190/192/187 409/414/405 200/202/197
f 188/190/185 662/767/707 667/707/664
f 209/211/206 207/209/204 400/405/396
f 398/403/394 578/585/569 401/406/397
f 564/763/703 578/585/569 398/403/394
f 398/403/394 195/197/192 564/763/703
f 241/243/238 531/533/523 404/409/400
f 176/178/173 579/586/570 572/579/563
f 572/579/563 179/181/176 176/178/173
f 734/706/663 371/377/368 579/586/570
f 580/587/571 199/201/196 206/208/203
f 206/208/203 725/685/652 580/587/571
f 190/192/187 200/202/197 724/684/651
f 419/424/415 565/571/555 205/207/202
f 302/307/298 83/86/83 82/85/82
f 224/226/221 302/307/298 82/85/82
f 210/212/207 179/181/176 572/579/563
f 582/588/572 78/81/78 81/84/81
f 425/430/421 582/588/572 81/84/81
f 81/84/81 353/359/350 425/430/421
f 583/731/677 430/730/676 65/69/66
f 65/69/66 221/223/218 583/731/677
f 226/228/223 583/731/677 16/17/17
f 16/17/17 15/16/16 226/228/223
f 233/235/230 432/435/426 431/434/425
f 92/94/91 233/235/230 431/434/425
f 431/434/425 295/298/289 92/94/91
f 384/713/432 382/392/383 439/445/435
f 238/241/236 33/36/34 405/410/401
f 49/52/50 278/589/273 50/53/51
f 584/590/573 272/272/267 549/756/697
f 585/592/574 107/111/106 363/369/360
f 363/369/360 326/332/323 585/592/574
f 291/294/286 450/455/445 448/453/443
f 68/72/69 300/305/296 458/463/453
f 320/326/317 341/347/338 143/147/142
f 245/247/242 462/468/458 27/30/28
f 86/308/299 301/306/297 466/472/462
f 306/311/302 466/472/462 74/78/75
f 74/78/75 73/77/74 306/311/302
f 397/402/393 395/401/392 474/480/470
f 557/759/699 474/480/470 396/704/662
f 396/704/662 158/160/155 557/759/699
f 351/357/348 80/83/80 729/698/657
f 471/477/467 351/357/348 729/698/657
f 729/698/657 315/321/312 471/477/467
f 587/593/575 478/595/577 263/689/258
f 115/119/114 587/593/575 111/115/110
f 485/489/479 136/140/135 334/715/667
f 334/715/667 335/342/333 485/489/479
f 123/127/122 344/350/341 732/702/660
f 589/597/579 495/499/489 313/319/310
f 322/328/319 589/597/579 94/96/93
f 345/351/342 496/500/490 141/145/140
f 734/706/663 366/372/363 498/502/492
f 590/598/580 505/509/499 736/723/672
f 736/723/672 591/599/581 590/598/580
f 527/743/684 591/599/581 736/723/672
f 736/723/672 359/365/356 527/743/684
f 592/600/582 507/511/501 737/725/673
f 156/158/153 592/600/582 737/725/673
f 737/725/673 379/385/376 156/158/153
f 363/369/360 361/367/358 510/514/504
f 386/390/381 510/514/504 168/170/165
f 515/518/508 124/128/123 303/313/304
f 347/353/344 519/522/512 518/521/511
f 284/286/279 546/553/539 524/527/517
f 668/768/708 526/529/519 594/746/687
f 670/769/709 595/744/685 596/745/686
f 672/643/622 528/531/521 308/314/305
f 512/515/505 514/517/507 598/603/585
f 598/603/585 513/530/520 512/515/505
f 600/770/710 72/76/73 75/708/665
f 75/708/665 601/771/711 600/770/710
f 600/770/710 594/746/687 73/77/74
f 73/77/74 72/76/73 600/770/710
f 595/744/685 601/771/711 75/708/665
f 75/708/665 527/743/684 595/744/685
f 360/366/357 596/745/686 359/365/356
f 674/772/623 603/748/689 604/747/688
f 604/747/688 675/773/624 674/772/623
f 676/774/625 605/534/524 606/606/588
f 534/538/527 613/741/682 607/610/592
f 677/608/590 490/494/484 609/537/526
f 488/491/481 490/494/484 607/610/592
f 240/242/237 613/775/682 604/747/688
f 678/776/627 116/120/115 615/617/597
f 679/777/630 537/543/530 293/297/288
f 681/656/628 616/620/600 617/619/599
f 480/484/474 484/488/478 616/620/600
f 616/620/600 482/486/476 480/484/474
f 683/778/712 621/750/691 622/749/690
f 684/779/713 623/544/531 349/355/346
f 686/780/714 624/752/693 625/751/692
f 687/781/715 540/545/532 315/321/312
f 127/131/126 129/133/128 622/749/690
f 622/749/690 128/132/127 127/131/126
f 470/476/466 469/475/465 625/751/692
f 625/751/692 397/402/393 470/476/466
f 688/663/632 544/549/536 95/97/94
f 95/97/94 689/782/633 688/663/632
f 296/301/292 691/783/716 628/622/602
f 93/95/92 628/622/602 690/625/605
f 693/784/717 629/754/695 630/753/694
f 456/461/451 459/464/454 630/753/694
f 630/753/694 457/462/452 456/461/451
f 643/633/612 644/632/611 636/755/696
f 695/785/718 636/755/696 637/634/613
f 696/786/636 638/629/609 639/631/610
f 698/787/606 640/554/540 641/757/607
f 699/788/634 549/756/697 272/272/267
f 272/272/267 700/789/635 699/788/634
f 641/627/607 445/732/441 447/734/678
f 447/734/678 642/628/608 641/627/607
f 446/452/442 445/451/441 641/757/607
f 549/756/697 642/628/608 447/734/678
f 55/58/56 644/632/611 639/631/610
f 639/631/610 58/61/59 55/58/56
f 645/790/614 283/716/278 548/555/541
f 645/635/614 637/634/613 283/285/278
f 640/554/540 645/790/614 548/555/541
f 652/671/619 169/562/166 553/560/546
f 702/672/639 553/560/546 701/636/615
f 704/669/638 647/563/547 556/566/550
f 438/442/433 651/791/434 646/758/698
f 646/758/698 239/240/235 438/442/433
f 705/792/719 557/759/699 653/760/700
f 707/793/720 558/567/551 381/387/378
f 709/794/721 654/761/701 655/762/702
f 710/675/642 560/569/553 356/362/353
f 154/156/151 653/760/700 158/160/155
f 355/361/352 656/795/722 354/360/351
f 557/759/699 656/795/722 355/361/352
f 657/796/723 423/428/419 426/431/422
f 657/796/723 655/762/702 424/429/420
f 424/429/420 423/428/419 657/796/723
f 377/383/374 654/761/701 380/386/377
f 377/383/374 559/568/552 654/761/701
f 712/681/648 563/570/554 19/20/20
f 713/676/643 564/763/703 195/197/192
f 715/678/645 658/765/705 659/764/704
f 716/679/646 566/572/556 228/230/225
f 417/422/413 420/425/416 659/764/704
f 659/764/704 418/423/414 417/422/413
f 718/797/724 661/576/560 213/215/210
f 719/798/725 662/767/707 663/766/706
f 721/799/726 570/577/561 407/412/403
f 722/683/650 573/580/564 192/194/189
f 211/213/208 664/726/674 213/215/210
f 406/411/402 408/413/404 407/412/403
f 7/8/8 665/686/653 663/766/706
f 663/766/706 11/12/12 7/8/8
f 529/800/727 669/801/728 530/642/621
f 668/768/708 529/800/727 530/642/621
f 530/642/621 673/641/620 668/768/708
f 670/769/709 669/801/728 529/800/727
f 669/801/728 671/802/729 530/642/621
f 599/604/586 671/802/729 669/801/728
f 672/643/622 530/642/621 671/802/729
f 671/802/729 514/517/507 516/519/509
f 599/604/586 514/517/507 671/802/729
f 672/643/622 671/802/729 516/519/509
f 516/519/509 528/531/521 672/643/622
f 669/801/728 360/366/357 602/742/683
f 669/801/728 670/769/709 596/745/686
f 596/745/686 360/366/357 669/801/728
f 599/604/586 669/801/728 602/742/683
f 602/742/683 597/605/587 599/604/586
f 673/641/620 305/309/300 307/312/303
f 673/641/620 672/643/622 308/314/305
f 308/314/305 305/309/300 673/641/620
f 668/768/708 673/641/620 307/312/303
f 307/312/303 526/529/519 668/768/708
f 529/800/727 600/770/710 601/771/711
f 529/800/727 668/768/708 594/746/687
f 594/746/687 600/770/710 529/800/727
f 670/769/709 529/800/727 601/771/711
f 601/771/711 595/744/685 670/769/709
f 534/538/527 677/652/590 535/539/528
f 674/644/623 534/538/527 536/540/529
f 676/650/625 536/803/529 535/539/528
f 608/611/593 677/652/590 534/538/527
f 610/648/589 535/539/528 677/652/590
f 614/615/595 674/772/623 606/613/588
f 614/615/595 603/748/689 674/772/623
f 246/248/243 676/774/625 612/612/594
f 246/248/243 605/534/524 676/774/625
f 677/608/590 609/537/526 610/607/589
f 675/645/624 613/741/682 534/538/527
f 604/747/688 613/775/682 675/773/624
f 534/538/527 607/610/592 608/611/593
f 539/657/629 538/653/626 615/655/597
f 679/658/630 539/657/629 615/655/597
f 615/655/597 682/804/730 679/658/630
f 680/618/598 538/653/626 539/657/629
f 681/656/628 680/618/598 539/657/629
f 618/616/596 538/653/626 680/618/598
f 617/619/599 484/488/478 680/618/598
f 680/618/598 486/490/480 618/616/596
f 682/805/730 113/117/112 114/118/113
f 615/617/597 113/117/112 682/805/730
f 679/777/630 682/805/730 114/118/113
f 114/118/113 537/543/530 679/777/630
f 681/656/628 292/740/287 619/739/681
f 681/806/628 679/777/630 293/297/288
f 293/297/288 292/296/287 681/806/628
f 619/739/681 616/620/600 681/656/628
f 338/344/335 678/654/627 620/621/601
f 338/542/335 116/120/115 678/776/627
f 683/778/712 541/546/533 543/548/535
f 684/779/713 542/547/534 541/546/533
f 685/807/731 543/548/535 542/547/534
f 686/780/714 685/807/731 542/547/534
f 687/781/715 543/548/535 685/807/731
f 542/547/534 348/354/345 627/737/680
f 542/547/534 684/779/713 349/355/346
f 349/355/346 348/354/345 542/547/534
f 686/780/714 542/547/534 627/737/680
f 627/737/680 624/752/693 686/780/714
f 541/546/533 129/133/128 131/135/130
f 541/546/533 683/778/712 622/749/690
f 622/749/690 129/133/128 541/546/533
f 684/779/713 541/546/533 131/135/130
f 131/135/130 623/544/531 684/779/713
f 685/807/731 469/475/465 472/478/468
f 685/807/731 686/780/714 625/751/692
f 625/751/692 469/475/465 685/807/731
f 687/781/715 685/807/731 472/478/468
f 472/478/468 540/545/532 687/781/715
f 543/548/535 316/322/313 626/719/669
f 543/548/535 687/781/715 315/321/312
f 315/321/312 316/322/313 543/548/535
f 683/778/712 543/548/535 626/719/669
f 626/719/669 621/750/691 683/778/712
f 690/662/605 691/808/716 545/659/631
f 628/622/602 691/783/716 690/625/605
f 691/808/716 692/809/732 545/659/631
f 693/784/717 692/809/732 691/808/716
f 691/808/716 694/810/733 693/784/717
f 632/623/603 545/659/631 692/809/732
f 694/810/733 634/736/291 635/735/679
f 694/811/733 691/783/716 296/301/292
f 296/301/292 634/300/291 694/811/733
f 693/784/717 694/810/733 635/735/679
f 635/735/679 629/754/695 693/784/717
f 692/809/732 459/464/454 461/466/456
f 692/809/732 693/784/717 630/753/694
f 630/753/694 459/464/454 692/809/732
f 632/623/603 692/809/732 461/466/456
f 461/466/456 631/551/537 632/623/603
f 689/782/633 91/93/90 690/625/605
f 95/97/94 91/93/90 689/782/633
f 323/329/320 688/663/632 633/624/604
f 323/329/320 544/549/536 688/663/632
f 695/785/718 550/557/543 551/556/542
f 551/556/542 643/633/612 695/785/718
f 696/666/636 551/556/542 552/559/545
f 698/667/606 697/558/544 550/557/543
f 643/633/612 696/786/636 639/631/610
f 643/633/612 636/755/696 695/785/718
f 700/789/635 273/273/268 552/630/545
f 272/272/267 273/273/268 700/789/635
f 552/630/545 638/629/609 696/786/636
f 550/557/543 695/785/718 637/634/613
f 698/787/606 550/812/543 645/790/614
f 645/790/614 640/554/540 698/787/606
f 642/628/608 699/788/634 698/626/606
f 642/628/608 549/756/697 699/788/634
f 554/564/548 701/813/615 555/565/549
f 556/566/550 648/637/616 554/564/548
f 702/672/639 701/636/615 554/670/548
f 703/668/637 555/565/549 701/813/615
f 701/813/615 649/814/617 703/668/637
f 704/669/638 556/566/550 555/565/549
f 554/564/548 648/637/616 387/391/382
f 387/391/382 170/172/167 554/564/548
f 440/446/436 704/669/638 651/443/434
f 651/791/434 703/815/637 646/758/698
f 440/446/436 647/563/547 704/669/638
f 652/640/619 554/564/548 170/172/167
f 652/671/619 553/560/546 702/672/639
f 703/815/637 649/638/617 650/639/618
f 650/639/618 646/758/698 703/815/637
f 561/816/734 706/817/735 562/674/641
f 705/792/719 561/816/734 562/674/641
f 562/674/641 711/673/640 705/792/719
f 707/793/720 706/817/735 561/816/734
f 706/817/735 708/818/736 562/674/641
f 709/794/721 708/818/736 706/817/735
f 710/675/642 562/674/641 708/818/736
f 711/673/640 354/360/351 656/795/722
f 711/673/640 710/675/642 356/362/353
f 356/362/353 354/360/351 711/673/640
f 705/792/719 711/673/640 656/795/722
f 656/795/722 557/759/699 705/792/719
f 561/816/734 154/156/151 157/159/154
f 561/816/734 705/792/719 653/760/700
f 653/760/700 154/156/151 561/816/734
f 707/793/720 561/816/734 157/159/154
f 157/159/154 558/567/551 707/793/720
f 706/817/735 380/386/377 654/761/701
f 706/817/735 707/793/720 381/387/378
f 381/387/378 380/386/377 706/817/735
f 709/794/721 706/817/735 654/761/701
f 708/818/736 657/796/723 426/431/422
f 708/818/736 709/794/721 655/762/702
f 655/762/702 657/796/723 708/818/736
f 710/675/642 708/818/736 426/431/422
f 426/431/422 560/569/553 710/675/642
f 712/681/648 567/575/559 569/574/558
f 567/575/559 717/680/647 713/676/643
f 567/575/559 714/677/644 568/573/557
f 569/574/558 225/227/222 227/229/224
f 569/574/558 716/679/646 228/230/225
f 228/230/225 225/227/222 569/574/558
f 712/681/648 569/574/558 227/229/224
f 227/229/224 563/570/554 712/681/648
f 568/573/557 420/425/416 422/427/418
f 568/573/557 715/678/645 659/764/704
f 659/764/704 420/425/416 568/573/557
f 716/679/646 568/573/557 422/427/418
f 422/427/418 566/572/556 716/679/646
f 717/680/647 17/18/18 18/19/19
f 717/680/647 712/681/648 19/20/20
f 19/20/20 17/18/18 717/680/647
f 713/676/643 717/680/647 18/19/19
f 18/19/19 564/763/703 713/676/643
f 714/677/644 196/198/193 660/729/675
f 714/677/644 713/676/643 195/197/192
f 195/197/192 196/198/193 714/677/644
f 715/678/645 714/677/644 660/729/675
f 660/729/675 658/765/705 715/678/645
f 574/581/565 720/819/737 575/582/566
f 718/797/724 574/581/565 576/583/567
f 719/798/725 576/583/567 575/582/566
f 575/582/566 723/682/649 719/798/725
f 721/799/726 720/819/737 574/581/565
f 722/683/650 575/582/566 720/819/737
f 574/581/565 664/726/674 571/578/562
f 574/581/565 718/797/724 213/215/210
f 213/215/210 664/726/674 574/581/565
f 721/799/726 574/581/565 571/578/562
f 571/578/562 570/577/561 721/799/726
f 576/583/567 665/686/653 666/7/7
f 576/583/567 719/798/725 663/766/706
f 663/766/706 665/686/653 576/583/567
f 718/797/724 576/583/567 666/7/7
f 666/7/7 661/576/560 718/797/724
f 723/682/649 191/193/188 667/707/664
f 723/682/649 722/683/650 192/194/189
f 192/194/189 191/193/188 723/682/649
f 719/798/725 723/682/649 667/707/664
f 667/707/664 662/767/707 719/798/725
f 720/819/737 408/413/404 409/414/405
f 720/819/737 721/799/726 407/412/403
f 407/412/403 408/413/404 720/819/737
f 722/683/650 720/819/737 409/414/405
f 409/414/405 573/580/564 722/683/650
