# File produced by Open Asset Import Library (http://www.assimp.sf.net)
# (assimp v3.1.151885474)

mtllib asteroid%203.mtl

# vertex positions
v 1.575608 -0.406831 0.601813
v 1.609308 -0.394635 0.442221
v 1.704843 -0.188941 0.439058
v 1.657936 -0.204783 0.614350
v 1.427028 -0.597027 0.587604
v 1.441272 -0.588309 0.439264
v 1.591698 0.411718 0.589142
v 1.460157 0.578962 0.574999
v 1.381989 0.569091 0.727129
v 1.489245 0.393147 0.748681
v 1.662982 0.273603 0.592740
v 1.687912 0.283020 0.435523
v 1.617634 0.396396 0.427190
v 1.311527 -0.319952 -0.366892
v 1.198368 -0.306570 -0.483784
v 1.271096 -0.155961 -0.483784
v 1.396829 -0.161314 -0.366892
v 1.169358 -0.473237 -0.366892
v 1.077154 -0.446474 -0.483784
v 1.379423 -0.327981 -0.263423
v 1.224680 -0.489295 -0.263423
v 1.332408 0.315949 -0.356760
v 1.407057 0.159993 -0.358549
v 1.285787 0.153717 -0.476644
v 1.235094 0.300960 -0.465934
v 1.382041 0.331519 -0.255049
v 1.480817 0.167060 -0.242913
v -1.339597 -0.300542 0.302972
v -1.261705 -0.291829 0.417337
v -1.306273 -0.147860 0.429469
v -1.400901 -0.153257 0.309314
v -1.237645 -0.437031 0.285805
v -1.182021 -0.428017 0.395646
v -1.292088 0.322812 0.322703
v -1.145440 0.478957 0.322703
v -1.188939 0.491583 0.204331
v -1.345473 0.329125 0.204331
v -1.380077 0.162458 0.322703
v -1.281216 0.158249 0.436822
v -1.203113 0.312290 0.436822
v -1.816971 -0.230060 -0.750865
v -1.843475 -0.228842 -0.588175
v -1.883836 -0.157001 -0.609278
v -1.867045 -0.135016 -0.781634
v -1.751784 0.502042 -0.801050
v -1.575219 0.710026 -0.787543
v -1.522119 0.702044 -0.950580
v -1.651588 0.511785 -0.978281
v -1.740065 0.479906 -0.631821
v -1.522542 0.712345 -0.627656
v 0.709869 -0.423121 1.163101
v 0.554715 -0.477210 1.178739
v 0.553630 -0.634015 1.075953
v 0.720251 -0.613939 1.046867
v 0.995105 -0.430519 1.046867
v 1.024825 -0.315554 1.075953
v 0.788642 -0.316169 1.178637
v 0.644996 -0.376400 1.219438
v 0.552557 -0.416390 1.224316
v 0.706507 0.418848 1.142817
v 0.459981 0.520849 1.066279
v 0.275999 0.432311 1.142805
v 0.488141 0.348873 1.205785
v 1.022616 0.396099 1.042503
v 1.016964 0.577472 0.954422
v 0.776390 0.610547 0.990384
v 0.746551 0.175824 1.197867
v 1.026809 0.183989 1.088744
v 0.343640 -0.221765 -1.417717
v 0.087969 -0.214023 -1.469732
v 0.090639 -0.133391 -1.518063
v 0.339563 -0.118509 -1.466805
v 0.503939 -0.208379 -1.333942
v 0.506953 -0.309796 -1.259283
v 0.354253 -0.308285 -1.327386
v 0.376594 0.561057 -1.374347
v 0.112094 0.550757 -1.443746
v 0.116031 0.684229 -1.382727
v 0.337097 0.678475 -1.335842
v 0.337744 0.343086 -1.450995
v 0.089966 0.343478 -1.506491
v 0.466583 0.494495 -1.347290
v 0.456778 0.323966 -1.398836
v 0.683032 -0.992543 0.600383
v 0.392563 -1.046123 0.608631
v 0.369362 -1.080108 0.416179
v 0.662185 -1.015070 0.436502
v 0.686278 -0.914877 0.771408
v 0.404323 -0.941171 0.812684
v 0.845058 0.944977 0.543894
v 1.067225 0.863758 0.553462
v 1.049273 0.878546 0.414629
v 0.829397 0.973448 0.408393
v 0.836147 0.872965 0.691814
v 1.048158 0.812688 0.698012
v 0.541075 -0.822523 -0.363027
v 0.544228 -0.867260 -0.254145
v 0.392677 -0.909969 -0.257238
v 0.366811 -0.869453 -0.359165
v 0.502404 -0.756130 -0.477604
v 0.720990 -0.673909 -0.483784
v 0.759000 -0.733666 -0.365346
v 0.346069 1.179866 -0.776318
v 0.349784 1.066591 -0.941276
v 0.116703 1.101965 -0.966767
v 0.112576 1.208151 -0.795983
v 0.467052 1.142736 -0.733844
v 0.462069 1.040022 -0.900112
v -0.351503 -0.456807 1.145955
v -0.099102 -0.461578 1.194792
v -0.107572 -0.343650 1.247211
v -0.347385 -0.321760 1.205070
v -0.530435 -0.418584 1.067676
v -0.542588 -0.596007 0.948275
v -0.358066 -0.627888 1.034223
v -0.388581 0.256644 1.182723
v -0.528843 0.248557 1.114025
v -0.534072 0.109572 1.148074
v -0.360595 0.116508 1.229612
v -0.241146 0.268333 1.217438
v -0.290689 0.372369 1.130080
v -0.395648 0.365809 1.102278
v -0.798210 -0.198143 -1.416140
v -1.117344 -0.215232 -1.265150
v -1.164559 -0.134466 -1.308106
v -0.899200 -0.122975 -1.432507
v -0.618062 -0.230094 -1.440699
v -0.582346 -0.301508 -1.330660
v -0.769580 -0.296139 -1.280455
v -0.877795 0.556564 -1.387289
v -1.173937 0.537581 -1.285971
v -1.125697 0.732764 -1.208269
v -0.812470 0.767871 -1.286941
v -0.884791 0.328475 -1.448991
v -1.188570 0.322959 -1.332922
v -0.632367 0.569010 -1.438330
v -0.682350 0.339284 -1.503565
v -0.369755 -1.041427 0.564970
v -0.537868 -0.974793 0.532607
v -0.525041 -1.013602 0.422969
v -0.364924 -1.071960 0.435080
v -0.377909 -0.980905 0.676635
v -0.538933 -0.930993 0.616404
v -0.539941 0.838070 0.322482
v -0.345370 0.891416 0.325093
v -0.297724 0.933082 0.197782
v -0.524183 0.873107 0.201056
v -0.539226 0.778412 0.441832
v -0.371237 0.816923 0.458173
v -0.468218 -0.838761 -0.344005
v -0.448058 -0.775680 -0.460510
v -0.218336 -0.807502 -0.474474
v -0.222652 -0.883753 -0.356345
v -0.727199 1.158423 -0.782672
v -0.784054 1.065592 -0.961971
v -1.053507 0.986670 -0.940630
v -1.046257 1.032955 -0.792573
v -0.572642 1.189933 -0.826399
v -0.602198 1.102415 -0.979412
v -0.780802 1.144156 -0.695464
v -0.685381 1.189862 -0.689231
v -0.645618 1.206736 -0.734082
v 1.474398 -0.343084 0.029922
v 1.312748 -0.521599 0.039087
v 1.242179 -0.542671 -0.067698
v 1.437238 -0.345249 -0.065669
v 1.521119 -0.346590 0.114698
v 1.404600 -0.508369 0.161508
v 1.503090 0.334545 0.048662
v 1.507357 0.380838 0.108594
v 1.574883 0.327089 0.110344
v 1.566118 0.293767 0.075448
v 1.548313 0.243586 0.022047
v 1.514979 0.249689 -0.059850
v 1.439775 0.354324 -0.055987
v 0.541973 -0.941347 0.024078
v 0.409332 -0.984125 0.048403
v 0.395553 -0.981741 0.000493
v 0.471915 -0.966853 -0.015568
v 0.512413 -0.956308 -0.040103
v 0.593418 -0.913303 -0.031418
v 0.651227 0.924806 0.087206
v 0.880452 0.819873 0.058005
v 0.812692 0.818887 -0.032689
v 0.583269 0.914763 0.009081
v 0.128948 0.953256 0.382282
v 0.189636 0.995132 0.276527
v 0.056317 0.981892 0.233147
v -0.016896 0.940900 0.346503
v -0.913556 -0.319035 0.715456
v -0.898083 -0.458372 0.650634
v -0.832079 -0.480794 0.710506
v -0.829802 -0.344646 0.796839
v -1.033521 -0.295922 0.623545
v -1.006628 -0.423119 0.579975
v -0.912594 -0.176486 0.762863
v -1.048344 -0.153946 0.649426
v -0.453563 0.560267 0.794455
v -0.467809 0.523560 0.855014
v -0.425532 0.541895 0.868841
v -0.410474 0.560161 0.835242
v -0.390669 0.591419 0.769947
v -0.418001 0.655169 0.672369
v -0.501267 0.628670 0.674746
v -0.854338 0.270160 0.779184
v -0.892222 0.135250 0.785228
v -0.780038 0.124035 0.913900
v -0.753484 0.259604 0.901235
v -0.971311 0.284073 0.662626
v -1.022803 0.144673 0.664929
v -0.790392 0.381492 0.768726
v -0.885490 0.403769 0.658788
v -0.855300 -0.739308 0.389190
v -0.829338 -0.784819 0.267872
v -0.765471 -0.841034 0.305614
v -0.795970 -0.803371 0.396705
v -0.980820 -0.654385 0.319353
v -0.948954 -0.700165 0.203455
v -0.890642 -0.682488 0.432478
v -0.992639 -0.617926 0.385359
v -0.410233 -0.981432 0.080046
v -0.604539 -0.921241 0.106843
v -0.644845 -0.869868 0.003972
v -0.435327 -0.949594 0.005463
v 0.030017 0.654076 0.778820
v 0.056202 0.704208 0.718950
v -0.084671 0.699560 0.688443
v -0.066621 0.629243 0.787061
v 0.099968 0.632504 0.831788
v 0.198887 0.684302 0.800109
v -1.595601 -0.252801 -0.209910
v -1.487219 -0.299071 -0.087644
v -1.531746 -0.215312 -0.071786
v -1.596749 -0.190813 -0.173232
v -1.498009 -0.361074 -0.213424
v -1.377482 -0.415884 -0.108900
v -1.647309 -0.215472 -0.231854
v -1.680689 -0.235011 -0.270239
v -1.647678 -0.268498 -0.276094
v -1.259824 -0.493360 -0.433458
v -1.132642 -0.494538 -0.550144
v -0.990933 -0.571764 -0.474125
v -1.090615 -0.577129 -0.360563
v -1.474201 0.357122 -0.173328
v -1.319004 0.532016 -0.183428
v -1.441894 0.545540 -0.325939
v -1.546451 0.373605 -0.273561
v -1.422495 0.344310 -0.050417
v -1.254000 0.516505 -0.048021
v -1.578052 0.175182 -0.179546
v -1.527491 0.168363 -0.057605
v 0.417664 -0.490962 -0.900485
v 0.568462 -0.462915 -0.888312
v 0.616391 -0.528277 -0.747163
v 0.446413 -0.572021 -0.752032
v 0.790658 -0.252779 -0.900485
v 0.746737 -0.349074 -0.888312
v 0.674492 -0.326611 -1.032210
v 0.699796 -0.236456 -1.056556
v 0.917598 -0.271137 -0.752032
v 0.849094 -0.379680 -0.747163
v 0.817011 -0.124262 -0.907789
v 0.958700 -0.137715 -0.754953
v 0.816994 0.339435 -0.848064
v 0.827041 0.190256 -0.882611
v 0.715064 0.234178 -1.043706
v 0.708648 0.396031 -1.001785
v 0.951210 0.315801 -0.709024
v 0.974925 0.164504 -0.735735
v 0.801929 0.447194 -0.804518
v 0.902417 0.456976 -0.671225
v 0.790595 0.819874 -0.449110
v 0.792909 0.736494 -0.559365
v 0.698442 0.829428 -0.665923
v 0.698047 0.926382 -0.534588
v 0.918430 0.714939 -0.387683
v 0.914328 0.648539 -0.484973
v 0.769921 0.877014 -0.358871
v 0.895464 0.769161 -0.301007
v 0.433062 1.023051 -0.235007
v 0.598163 0.976720 -0.256611
v 0.546650 1.062707 -0.346007
v 0.397265 1.100588 -0.344332
v 0.476113 0.962026 -0.143989
v 0.674308 0.896240 -0.182634
v 0.221570 1.050672 -0.214251
v 0.250838 1.001498 -0.102065
v -0.523362 -0.509400 -0.839564
v -0.273501 -0.512687 -0.890984
v -0.235801 -0.608629 -0.735735
v -0.469397 -0.597924 -0.703986
v -0.571225 0.957491 -0.190377
v -0.377198 1.011411 -0.195165
v -0.442108 1.074575 -0.337083
v -0.614427 1.024912 -0.341836
v -0.521201 0.922597 -0.057692
v -0.257138 0.990560 -0.080156
v -0.821982 0.850534 -0.186640
v -0.787035 0.814695 -0.049331
v 1.703466 -0.017650 0.607066
v 1.743723 -0.008389 0.435965
v 1.741792 0.109861 0.439135
v 1.704995 0.127597 0.596785
v 1.594671 -0.376610 0.306443
v 1.423338 -0.559526 0.296066
v 1.570760 -0.358231 0.208290
v 1.264713 -0.423694 0.917824
v 1.454509 -0.407727 0.771408
v 1.495686 -0.210878 0.812684
v 1.297825 -0.288246 0.944441
v 1.220929 -0.764237 0.580082
v 1.349228 -0.587986 0.737589
v 1.181483 -0.738883 0.722545
v 0.952915 -0.847647 0.737589
v 0.966042 -0.897328 0.587604
v 1.617882 0.357657 0.276626
v 1.684598 0.264752 0.308986
v 1.655230 0.307966 0.230862
v 1.623336 0.335661 0.194878
v 1.563454 0.392514 0.206093
v 1.289473 0.388720 0.909663
v 1.234540 0.560143 0.859804
v 1.281090 0.741065 0.559907
v 1.469891 0.564405 0.422017
v 1.271498 0.740603 0.418373
v 1.427820 -0.000330 -0.364806
v 1.299011 -0.000561 -0.481999
v 1.060279 -0.289683 -0.612648
v 0.964816 -0.413718 -0.611431
v 0.981467 -0.613649 -0.366505
v 1.018775 -0.640000 -0.261877
v 0.772442 -0.771629 -0.257238
v 1.103545 0.297321 -0.583160
v 1.135558 0.153474 -0.601079
v 1.064081 0.600398 -0.353315
v 1.210078 0.465076 -0.349011
v 1.150606 0.435253 -0.448084
v 1.040844 0.552484 -0.446596
v -1.414613 0.002300 0.319356
v -1.313515 0.002597 0.434984
v -1.407485 -0.326945 0.045104
v -1.376841 -0.313190 0.173529
v -1.457602 -0.159641 0.169582
v -1.473360 -0.216908 0.055918
v -1.159603 -0.283967 0.523405
v -1.115383 -0.403509 0.495867
v -1.117786 -0.553854 0.277818
v -1.248531 -0.459141 0.155187
v -1.097594 -0.590472 0.152510
v -1.382524 0.335025 0.080395
v -1.219704 0.502022 0.080994
v -1.091778 0.298923 0.549270
v -1.157296 0.152330 0.549846
v -0.958757 0.622581 0.322539
v -1.072942 0.457914 0.436822
v -0.907561 0.588912 0.436757
v -0.723828 0.699077 0.436560
v -0.750664 0.745372 0.322048
v -1.897154 0.110899 -0.806680
v -1.902936 0.085575 -0.623374
v -1.855898 0.261345 -0.628360
v -1.854053 0.293185 -0.807664
v -1.896218 -0.017374 -0.797390
v -1.914074 -0.018492 -0.622964
v -1.432915 -0.224297 -1.101415
v -1.676603 -0.214657 -0.928547
v -1.739275 -0.067577 -0.975009
v -1.483076 -0.124623 -1.144738
v -1.589405 -0.379458 -0.615990
v -1.720968 -0.311619 -0.694165
v -1.572148 -0.314268 -0.851112
v -1.438101 -0.382972 -0.754014
v -1.286648 -0.437335 -0.648566
v -1.432655 -0.433339 -0.520796
v -1.454099 0.520007 -1.145820
v -1.370020 0.704317 -1.097308
v -1.351611 0.887309 -0.790052
v -1.329380 0.883785 -0.680048
v -1.038801 1.034926 -0.697527
v 0.724919 -0.046491 1.233750
v 1.032187 -0.009188 1.104100
v 0.797069 -0.153999 1.207132
v 1.041396 -0.133762 1.099523
v 0.709564 -0.791785 0.917824
v 0.514949 -0.813203 0.944441
v 0.172099 -0.439640 1.233611
v 0.106829 -0.335587 1.276801
v 0.319743 -0.485172 1.207566
v 0.332970 -0.422858 1.253870
v 0.242615 -0.388563 1.274118
v 0.189643 -0.329771 1.294860
v 0.810609 0.760470 0.843521
v 1.021572 0.719278 0.835819
v 0.087547 0.285657 1.245659
v 0.036868 0.403122 1.148490
v -0.103256 0.386288 1.149461
v -0.073132 0.279760 1.237635
v 0.263986 0.309019 1.237036
v 0.328380 0.141315 -1.500063
v 0.072842 0.140963 -1.550402
v 0.336770 0.007564 -1.495495
v 0.083915 0.021782 -1.554920
v 0.370656 -0.378525 -1.204203
v 0.512302 -0.371776 -1.161614
v 0.533285 -0.416782 -1.032210
v 0.392103 -0.432940 -1.056556
v -0.200528 -0.197180 -1.508929
v 0.116853 -0.300597 -1.368096
v -0.127712 -0.295371 -1.382509
v -0.301906 -0.301241 -1.371727
v -0.356672 -0.229657 -1.479394
v -0.280530 -0.166124 -1.549201
v -0.224843 -0.115361 -1.571066
v -0.137325 -0.121683 -1.551637
v 0.381431 0.917523 -1.116772
v 0.125213 0.971869 -1.139286
v 0.339462 0.836807 -1.220001
v 0.121179 0.869421 -1.247103
v -0.160934 0.555726 -1.485276
v -0.182696 0.339028 -1.544831
v -0.376381 0.343622 -1.545523
v -0.382419 0.573812 -1.470981
v 0.653070 -0.997067 0.293056
v 0.449753 -1.051439 0.288748
v 0.445237 -1.013402 0.155322
v 0.609138 -0.964381 0.152230
v 0.108735 -1.073729 0.608035
v 0.110021 -0.974103 0.787947
v -0.189632 -0.967623 0.763629
v -0.158165 -1.067362 0.598153
v 0.791610 0.969418 0.286443
v 1.014696 0.862754 0.283667
v 0.983889 0.822085 0.162730
v 0.734142 0.943923 0.179171
v 0.454632 0.988408 0.481511
v 0.641086 0.982655 0.519436
v 0.638053 1.020521 0.397274
v 0.471209 1.031271 0.373194
v 0.324835 1.017200 0.328078
v 0.285022 0.973850 0.431539
v 0.005236 -0.901896 -0.360777
v 0.014802 -0.948972 -0.251072
v -0.218333 -0.926558 -0.244947
v 0.183317 -0.896741 -0.359165
v 0.167292 -0.944353 -0.257238
v -0.159892 1.238975 -0.788640
v -0.139327 1.128852 -0.981318
v -0.320459 1.129964 -0.989662
v -0.322971 1.222568 -0.830944
v -0.223978 1.267697 -0.737433
v -0.157674 1.267179 -0.690695
v -0.077937 1.255693 -0.697284
v -0.351420 -0.045180 1.246207
v -0.101219 -0.043946 1.292226
v -0.126129 0.142024 1.271594
v -0.346854 -0.178682 1.237891
v -0.106285 -0.165676 1.287509
v -0.366990 -0.788683 0.905146
v -0.545421 -0.741908 0.829238
v -0.541467 -0.828204 0.748648
v -0.378190 -0.892871 0.793997
v -0.392150 0.453164 1.011854
v -0.302354 0.446917 1.050018
v -0.361620 0.490184 0.992256
v -0.401132 0.503815 0.954016
v -0.439492 0.483219 0.949723
v -0.845900 0.112409 -1.494871
v -1.188757 0.135266 -1.351364
v -0.919561 0.013467 -1.465602
v -1.193659 0.020872 -1.343535
v -0.701379 -0.381035 -1.139425
v -0.496175 -0.380848 -1.196867
v -0.334400 -0.436660 -1.077200
v -0.599408 -0.442778 -0.996011
v -0.811785 0.941534 -1.140877
v -1.075128 0.888972 -1.094820
v -0.369972 -1.068738 0.302407
v -0.529355 -1.021874 0.308174
v -0.579713 -0.974062 0.208907
v -0.391452 -1.027995 0.182391
v -0.511440 0.896843 0.075138
v -0.258309 0.960077 0.066084
v 1.416509 -0.334974 -0.165606
v 1.247496 -0.507991 -0.166114
v 1.402683 0.355591 -0.161059
v 1.487611 0.233214 -0.159005
v 0.518932 -0.909197 -0.154756
v 0.384384 -0.939954 -0.176495
v 0.584616 -0.902835 -0.104798
v 0.505476 -0.947736 -0.098572
v 0.459520 -0.950900 -0.123816
v 0.380656 -0.960790 -0.140149
v 0.526241 0.923826 -0.064790
v 0.753135 0.838038 -0.112014
v -0.169379 0.924410 0.326631
v -0.098383 0.965276 0.204658
v -0.664695 -0.390967 0.966794
v -0.669032 -0.557076 0.860139
v -0.753257 -0.372862 0.882836
v -0.741646 -0.525179 0.804450
v -0.533513 0.707018 0.553552
v -0.423429 0.739133 0.557043
v -0.653341 0.248175 1.017983
v -0.667054 0.114364 1.038872
v -0.673570 -0.893792 0.504808
v -0.634580 -0.952703 0.402529
v -0.725699 -0.870159 0.449488
v -0.694447 -0.912654 0.369437
v -0.486979 -0.893482 -0.133923
v -0.736409 -0.801687 -0.089378
v -0.740198 -0.777951 -0.201968
v -0.485529 -0.871440 -0.231149
v -0.459559 -0.924651 -0.064303
v -0.705748 0.464164 0.757046
v -0.585070 0.522959 0.767884
v -0.630415 0.577347 0.666996
v -0.770229 0.502085 0.658538
v 0.288154 0.578043 0.971186
v 0.559945 0.648840 0.947090
v 0.367491 0.678157 0.868885
v 0.179838 0.605408 0.904616
v -0.195397 0.598838 0.803236
v -0.206275 0.685195 0.682266
v -0.291156 0.675946 0.674096
v -0.278341 0.606130 0.773125
v -0.225273 0.580405 0.844226
v -0.180498 0.566092 0.884389
v -0.134631 0.570000 0.869235
v 0.069196 0.791454 0.608863
v 0.091123 0.879917 0.494851
v -0.061389 0.871161 0.460021
v -0.082275 0.786205 0.573926
v -0.753049 -0.845326 0.163592
v -0.851983 -0.767810 0.083162
v 0.290685 1.005516 0.188180
v 0.449593 0.984380 0.127836
v 0.361633 0.971437 0.061751
v 0.176432 0.992588 0.133660
v -0.872223 -0.585796 0.581428
v -0.984523 -0.518374 0.528022
v -0.984067 -0.564526 0.476991
v -0.892643 -0.620444 0.516166
v -0.847600 -0.639993 0.579389
v -0.821814 -0.644700 0.621876
v -0.822275 -0.593252 0.645387
v -0.909742 -0.016033 0.781556
v -1.046353 -0.004608 0.661821
v 1.088603 -0.685678 0.046046
v 0.816878 -0.828290 0.042180
v 0.809224 -0.812846 -0.024400
v 1.059065 -0.680711 -0.032132
v 1.093137 0.683597 0.032685
v 1.310105 0.510933 0.033085
v 1.267228 0.514886 -0.060423
v 1.042984 0.685148 -0.057782
v 1.625637 0.019629 0.049747
v 1.573320 -0.157098 0.034984
v 1.546550 -0.158965 -0.059581
v 1.587444 -0.004521 -0.055542
v 1.577250 0.097383 -0.059662
v 1.601014 0.108889 0.022487
v 1.651833 0.070564 0.077251
v 1.683898 0.040934 0.113684
v 1.659488 -0.020616 0.110860
v 0.067181 -1.021577 0.026220
v -0.173178 -1.012936 0.055829
v -0.194201 -0.992164 -0.008658
v 0.002761 -1.012468 -0.027680
v 0.125040 -1.022331 -0.015827
v 0.204578 -1.012306 0.000444
v 0.201444 -1.017464 0.048391
v -1.811878 -0.220817 -0.445307
v -1.854805 -0.154872 -0.482746
v -1.752291 -0.253679 -0.374373
v -1.772896 -0.223854 -0.362966
v -1.815755 -0.194176 -0.402442
v -1.845112 -0.149972 -0.426841
v -0.909094 -0.671510 -0.318058
v -0.839652 -0.653102 -0.432494
v -0.656928 -0.722644 -0.437236
v -0.699331 -0.763367 -0.321891
v -1.691096 0.435638 -0.486169
v -1.494326 0.630491 -0.474400
v -1.634817 0.399395 -0.378341
v 0.475581 -0.664338 -0.611103
v 0.669694 -0.602174 -0.611431
v 0.614421 -0.221784 -1.205842
v 0.604013 -0.313212 -1.161614
v 0.618018 0.474672 -1.151252
v 0.630845 0.274971 -1.186914
v 0.566239 0.291334 -1.280129
v 0.561551 0.456983 -1.247079
v 0.598466 0.543179 -1.177786
v 0.620142 0.587428 -1.116328
v 0.642924 0.555948 -1.067988
v 0.623702 1.019474 -0.618886
v 0.624761 0.912620 -0.765722
v 0.565702 0.971352 -0.819838
v 0.550477 1.084163 -0.676769
v 0.372659 1.167214 -0.456100
v 0.513745 1.130934 -0.455983
v 0.493425 1.158134 -0.591696
v 0.363178 1.195508 -0.554450
v -0.442600 -0.692100 -0.580544
v -0.218385 -0.711296 -0.600537
v -0.636354 1.112310 -0.492467
v -0.469709 1.142113 -0.456842
v -0.578501 1.167252 -0.534035
v -0.647991 1.168239 -0.580724
v -0.737796 1.117726 -0.572497
v 0.675815 -0.417627 -0.881009
v 0.749817 -0.464882 -0.744242
v -0.965453 -0.494157 -0.664121
v -0.758186 -0.501167 -0.762269
v -0.680471 -0.580081 -0.651070
v -0.857992 -0.567297 -0.575084
v 0.004115 1.057941 -0.199577
v 0.004437 1.011921 -0.074805
v -0.178870 1.043220 -0.196216
v -0.019314 -0.514624 -0.906022
v 0.216407 -0.507790 -0.907789
v 0.237474 -0.598268 -0.754953
v 0.004946 -0.609607 -0.751123
v 0.828303 0.026681 -0.903929
v 0.976457 0.010770 -0.751123
v -1.085798 0.704167 -0.184231
v -1.037136 0.676212 -0.048349
v -1.406515 -0.446128 -0.246909
v -1.347072 -0.481673 -0.327179
v -1.168362 -0.567040 -0.246767
v -1.254031 -0.520343 -0.155344
v -1.642382 0.004424 -0.198442
v -1.575291 0.017669 -0.063722
v -1.621046 -0.078589 -0.168463
v -1.572202 -0.078770 -0.062907
v 0.712055 0.923949 -0.293190
v 0.821925 0.824998 -0.230730
v 0.789644 0.642925 -0.663137
v 0.902532 0.564404 -0.582835
v 0.793582 0.555219 -0.733925
v 1.554346 -0.011053 -0.161791
v 1.515986 -0.164206 -0.164084
v 1.472269 -0.164526 -0.263423
v 1.505355 0.000634 -0.258296
v 1.540008 0.109120 -0.158971
v -1.522734 0.015320 0.074026
v -1.475252 0.001336 0.195644
v -1.439394 0.164983 0.204331
v -1.481190 0.166670 0.078598
v -1.514188 -0.100659 0.065103
v 1.331104 0.004603 0.952642
v 1.556895 -0.005544 0.782191
v 1.575658 0.199357 0.740605
v 1.328148 0.192558 0.932675
v 1.315645 -0.141214 0.958357
v 1.141150 0.002340 -0.610547
v 1.117557 -0.148188 -0.613378
v 1.113072 -0.693710 0.824603
v 1.197466 -0.580123 0.873011
v 0.961335 -0.592374 0.977662
v 0.941332 -0.748843 0.873011
v 1.037293 -0.657065 -0.173073
v 0.779029 -0.792668 -0.169207
v 1.047005 -0.672247 -0.103265
v 0.796472 -0.801653 -0.110997
v 1.170678 0.668048 0.801067
v 1.239693 0.713500 0.701667
v 0.833758 -0.518484 -0.610700
v 0.915384 -0.570608 -0.483784
v 0.999738 0.514525 -0.525927
v 1.047872 0.425985 -0.554974
v 0.988672 0.705720 -0.165780
v 1.050653 0.646160 -0.265244
v 1.233004 0.516082 -0.162429
v 1.225749 0.495749 -0.256208
v -1.186061 0.000778 0.547487
v -1.184996 -0.146930 0.539643
v 0.107189 -0.832618 0.952709
v -0.142032 -0.824191 0.932943
v 0.307847 -0.824953 0.958357
v 0.295511 -0.646079 1.099523
v 0.129463 -0.640584 1.102751
v 0.173543 -0.070174 1.318536
v 0.323723 -0.019021 1.312464
v 0.289069 0.135033 1.288136
v 0.116801 0.121330 1.292382
v 0.108753 -0.175578 1.312419
v 0.191736 -0.185271 1.326826
v 0.247095 -0.122854 1.332203
v -0.226218 0.115752 -1.588358
v -0.147194 0.015246 -1.585963
v -0.235142 0.005604 -1.601989
v -0.300642 0.056324 -1.605892
v -0.397840 0.160982 -1.581040
v -1.517489 0.134119 -1.184080
v -1.757665 0.112304 -0.995469
v -1.729270 0.310314 -0.994902
v -1.500969 0.318363 -1.175010
v -1.510519 0.002012 -1.172234
v -0.139065 1.000583 -1.164061
v -0.353030 0.984712 -1.179102
v -1.067162 -0.473069 0.485619
v -1.094386 -0.496436 0.431906
v 0.050500 -0.983486 -0.152241
v -0.213314 -0.949852 -0.153234
v 0.182734 -0.971759 -0.176507
v 0.192392 -0.990858 -0.140198
v 0.116711 -1.005632 -0.124074
v -0.006054 -0.998257 -0.100786
v -0.215528 -0.967572 -0.094162
v -0.842102 0.547004 0.548231
v -0.982580 0.431751 0.548310
v -0.682741 0.640867 0.550297
v -0.214441 0.775782 0.559803
v -0.211438 0.854683 0.446912
v -0.320701 0.758426 0.557475
v -1.009183 0.657874 0.080568
v -0.987844 0.642782 0.204004
v -0.767413 0.792794 0.079291
v -0.780795 -0.627504 -0.517419
v -0.641229 -0.660107 -0.547223
v 0.018310 -0.716002 -0.608866
v 0.023337 -0.820490 -0.475276
v 0.254378 -0.704527 -0.607198
v 0.268059 -0.817024 -0.459063
v -1.043536 -0.641831 -0.028957
v -1.275027 -0.462655 0.018662
v -0.971441 -0.668885 -0.194731
v -1.265379 0.823754 -1.043880
v -1.327285 0.865527 -0.931471
v 0.022487 0.989653 0.065563
v 0.290320 0.975085 -0.009878
v -0.593198 0.398254 0.961014
v -0.628874 0.349370 0.982180
v -0.516898 0.352650 1.054860
v -0.512395 0.421864 0.988575
v -0.631527 0.420165 0.908180
v -0.706008 0.372447 0.878592
v -0.077785 0.486247 1.032294
v 0.127223 0.512792 1.024451
v -0.159606 0.458892 1.060990
v -0.079166 0.527693 0.967340
v -0.136805 0.526752 0.973876
v -0.147479 0.508538 1.007708
v 0.413690 0.796147 0.740949
v 0.607042 0.785650 0.804738
v 0.632419 0.900643 0.658722
v 0.439098 0.904799 0.607960
v 0.233372 0.793290 0.673633
v -0.605136 -0.979885 0.328297
v -0.647420 -0.955244 0.278293
v 0.491622 1.032284 0.302944
v 0.608852 1.025223 0.292002
v 0.539016 1.007743 0.203388
v 0.401563 1.027512 0.248612
v -0.687230 -0.703580 0.730886
v -0.659423 -0.784209 0.684259
v -0.747163 -0.643487 0.714210
v -0.757781 -0.692190 0.677486
v -0.730141 -0.729138 0.679604
v -0.671330 -0.044642 1.040642
v -0.528097 -0.055466 1.159141
v -0.667485 -0.221417 1.019088
v -0.506432 -0.237716 1.149360
v -0.791581 -0.035972 0.910261
v -0.794023 -0.222129 0.883994
v 1.185021 -0.738813 0.294927
v 1.216479 -0.761670 0.436255
v 1.143438 -0.703293 0.159962
v 0.913212 -0.888759 0.294520
v 0.860078 -0.858154 0.155322
v 1.236378 0.725077 0.293705
v 1.442316 0.545006 0.293014
v 1.201188 0.707449 0.202546
v 1.736056 0.020399 0.280155
v 1.690106 -0.175193 0.302007
v 1.735070 0.118762 0.310663
v 1.714586 -0.021479 0.209348
v 1.732238 0.041811 0.198657
v 1.740776 0.073219 0.233324
v 0.058917 -1.100426 0.294548
v -0.160340 -1.095103 0.298483
v -0.164424 -1.055934 0.163786
v 0.050744 -1.062509 0.154346
v 0.247175 -1.084161 0.288748
v 0.096014 -1.108044 0.439489
v 0.582951 -0.358326 -1.115514
v 0.624008 -0.384544 -1.017603
v -1.223539 -0.383491 -0.898199
v -1.341670 -0.311311 -1.012804
v -1.048418 -0.302337 -1.165210
v -0.960899 -0.382381 -1.033269
v -1.092718 -0.438664 -0.776899
v -0.102492 1.204081 -0.493199
v -0.037128 1.127652 -0.345528
v 0.180895 1.122601 -0.345881
v 0.148997 1.188324 -0.469096
v -0.237130 1.179117 -0.457462
v -0.191473 1.114647 -0.338146
v -0.053795 1.234111 -0.572557
v -0.132235 1.247075 -0.580107
v -0.174787 1.230490 -0.534267
v -0.074993 -0.380933 -1.238026
v 0.157529 -0.380879 -1.229718
v 0.190236 -0.442635 -1.071163
v -0.057027 -0.444373 -1.077541
v -0.274821 -0.380782 -1.228995
v 0.633647 0.079111 -1.220444
v 0.720061 0.052022 -1.069168
v 0.714979 -0.107550 -1.071163
v 0.617622 -0.082757 -1.236274
v 0.550977 0.100263 -1.331363
v -1.236797 0.809591 -0.463368
v -1.169265 0.748110 -0.328562
v -0.875128 0.911995 -0.336428
v -0.933546 0.971259 -0.470516
v -1.281300 0.853176 -0.570679
v -1.685290 -0.352569 -0.443133
v -1.751780 -0.301405 -0.447216
v -1.769243 -0.303778 -0.555994
v -1.662271 -0.371587 -0.499403
v -1.626930 -0.380533 -0.385310
v -1.703384 -0.315158 -0.378449
v -1.848568 0.038698 -0.456856
v -1.797798 0.230984 -0.480972
v -1.874954 -0.040600 -0.488357
v -1.860971 -0.053366 -0.430198
v -1.845515 -0.016938 -0.407924
v -1.792937 0.064939 -0.379393
v -1.742747 0.218288 -0.389481
v 0.588715 1.078944 -0.443697
v 0.602949 1.077776 -0.515612
v 0.638874 1.019618 -0.369701
v 0.683766 0.981977 -0.434204
v 0.616289 0.792525 -0.928226
v 0.562786 0.871065 -0.953976
v 0.641539 0.693424 -0.969672
v 0.620613 0.716926 -1.022024
v 0.599729 0.782209 -1.003301
v 0.331643 0.760980 -1.284542
v 0.114738 0.778812 -1.318743
v 0.513908 0.465450 -1.304816
v 0.511473 0.301566 -1.343914
v 0.516523 0.909684 -0.987810
v 0.470097 0.927666 -1.036737
v 0.513920 1.011771 -0.855543
v 0.648865 0.621335 -1.012222
v 0.627579 0.648704 -1.061882
v 0.504534 0.692066 -1.153950
v 0.501917 0.627903 -1.203747
v 0.468629 0.645422 -1.236340
v 0.467847 0.708483 -1.192022
v 0.541467 0.675499 -1.115649
v 0.536733 0.617098 -1.164237
v -1.698589 -0.268918 -0.325182
v -1.725039 -0.237850 -0.316277
v -1.601879 -0.135718 -0.163506
v -1.547821 -0.147560 -0.062986
v -1.871905 -0.096691 -0.492900
v -1.860380 -0.100087 -0.436111
v -1.744648 0.064492 -0.324274
v -1.693555 0.048381 -0.269031
v -1.632632 0.192243 -0.262491
v -1.688455 0.209846 -0.325963
v -1.729750 -0.113804 -0.333983
v -1.770496 -0.104143 -0.375972
v -1.759839 -0.140157 -0.370495
v -1.720055 -0.151296 -0.330519
v -1.739446 -0.076388 -0.337517
v -1.776527 -0.071241 -0.377068
v -0.450362 1.207957 -0.837623
v -0.462734 1.117188 -0.989719
v -0.776006 1.128467 -0.634075
v -0.684291 1.176593 -0.635701
v -0.350870 1.158907 -0.448198
v -0.315385 1.093612 -0.332432
v -0.049195 1.247391 -0.634904
v -0.127489 1.259644 -0.634988
v -0.402323 1.195017 -0.640741
v -0.286869 1.211498 -0.637380
v -0.308024 1.218211 -0.681218
v -0.421126 1.203133 -0.687545
v 1.531807 0.396274 0.157239
v 1.595293 0.341283 0.152332
v 1.570702 0.175874 0.015345
v 1.543812 0.173276 -0.063809
v 1.713794 0.192122 0.316748
v 1.717154 0.196700 0.441382
v 1.690669 -0.030647 0.160265
v 1.712018 0.031459 0.156678
v 1.633946 0.179150 0.166155
v 1.613896 0.180074 0.132851
v 1.595329 0.231193 0.133755
v 1.612166 0.234342 0.163717
v 1.656090 0.123994 0.169263
v 1.636293 0.128111 0.137912
v -0.760384 -0.842031 0.416787
v -0.729718 -0.879938 0.333772
v -0.896787 -0.647162 0.470286
v -0.991394 -0.588676 0.428797
v -0.651874 -0.830597 0.637117
v -0.654634 -0.868345 0.581909
v -0.537159 -0.882149 0.684904
v -0.785068 -0.613189 0.686187
v -0.789988 -0.663190 0.656470
v -0.765705 -0.732551 0.547191
v -0.790654 -0.711874 0.527345
v -0.786855 -0.736871 0.500155
v -0.763314 -0.759167 0.515546
v -0.766963 -0.706862 0.579744
v -0.790282 -0.690222 0.558006
v -0.462276 0.502568 0.901815
v -0.422395 0.522203 0.910417
v -0.337331 0.601881 0.764504
v -0.356127 0.667406 0.669081
v -0.228063 0.449797 1.062560
v -0.195424 0.377479 1.143922
v -0.098170 0.549607 0.918989
v -0.149174 0.546828 0.930740
v -0.282801 0.513124 0.910084
v -0.303614 0.527293 0.875948
v -0.341677 0.524291 0.871997
v -0.328574 0.511442 0.901712
v -0.236649 0.514088 0.919958
v -0.260203 0.528088 0.885731
v 0.602580 -0.905909 -0.068050
v 0.521961 -0.949979 -0.069106
v 0.305865 -1.001607 0.053744
v 0.300662 -0.997913 0.006393
v 0.283082 -0.955044 -0.181848
v 0.285932 -0.974934 -0.146100
v -0.015206 -1.007526 -0.064261
v -0.213111 -0.981187 -0.051410
v 0.289575 -0.963063 -0.065795
v 0.286610 -0.961026 -0.080910
v 0.373246 -0.947749 -0.077455
v 0.377740 -0.949169 -0.064557
v 0.201445 -0.977009 -0.066683
v 0.200779 -0.975077 -0.078927
v -0.927875 -0.054748 -1.446317
v -1.190014 -0.056834 -1.324195
v -0.486283 -0.239641 -1.457587
v -0.441520 -0.307018 -1.349770
v -0.123769 -0.053185 -1.571548
v -0.210554 -0.054928 -1.589393
v -0.535257 0.169756 -1.563603
v -0.670511 0.159000 -1.541248
v -0.529971 0.347096 -1.525968
v -0.516980 -0.049153 -1.520452
v -0.509426 -0.103298 -1.507049
v -0.633905 -0.097755 -1.490099
v -0.647800 -0.048070 -1.501366
v -0.386206 -0.049761 -1.539660
v -0.386530 -0.098905 -1.526430
v -0.524487 0.004848 -1.533824
v -0.398687 -0.000216 -1.551100
v 0.809404 -0.234520 1.190540
v 1.042815 -0.224347 1.086359
v 0.436928 -0.492663 1.190776
v 0.442389 -0.432264 1.236481
v 0.444741 -0.000072 1.297022
v 0.565151 -0.004068 1.276828
v 0.562281 0.170235 1.249094
v 0.425840 0.159284 1.269994
v 0.091244 -0.256123 1.296959
v 0.173025 -0.258125 1.313345
v 0.443915 -0.244025 1.251199
v 0.441533 -0.312928 1.237009
v 0.548734 -0.303753 1.223333
v 0.557649 -0.239671 1.235181
v 0.330185 -0.248107 1.267271
v 0.334846 -0.311122 1.252925
v 1.523631 0.172034 -0.129413
v -1.508880 -0.156310 0.021917
v 1.229248 -0.217226 0.996497
v 0.980087 -0.719821 -0.067698
v 0.811095 -0.805931 -0.067698
v 0.415038 -0.768683 0.996497
v 0.424405 -0.646697 1.086359
v 0.398280 0.281236 1.241248
v -0.280355 -0.252736 1.240302
v -0.116633 -0.254974 1.268739
v 0.270394 -0.056687 -1.503818
v 0.098182 -0.055768 -1.538117
v -0.518515 0.498516 -1.483914
v -1.404104 -0.059624 -1.215336
v -0.073838 0.790369 -1.340596
v -0.170362 0.715202 -1.401472
v -0.453660 0.790121 -1.336804
v -0.164623 0.870260 -1.287786
v -0.469154 1.028432 -1.115568
v -1.068486 -0.538620 0.402537
v 0.276819 -0.900021 -0.326790
v 0.279722 -0.926690 -0.260331
v -0.375269 -0.954681 -0.038017
v -0.368959 0.723536 0.592195
v -0.620525 0.447495 0.872558
v -0.662466 0.443249 0.833125
v -0.552296 0.473653 0.883437
v -0.564926 0.492149 0.834187
v -0.168748 0.311290 1.204983
v 0.107920 0.601809 0.883560
v 0.020385 0.573941 0.903026
v 0.056768 0.553559 0.952306
v -0.696419 -0.912398 0.273431
v -0.699712 -0.899651 0.224144
v -0.433667 -0.921875 0.721496
v -0.790322 -0.404611 0.818297
v -0.787103 -0.499893 0.761231
v 1.239284 0.650850 0.156494
v 1.147318 0.690950 0.111727
v 1.373824 0.537371 0.157069
v 1.343322 0.522996 0.101369
v 1.703907 0.199929 0.545374
v 1.582718 -0.297331 0.161496
v 1.638656 -0.176836 0.161480
v 1.667425 -0.175380 0.218397
v 0.340895 -1.058881 0.246314
v 0.324593 -1.033346 0.158415
v 0.300059 1.213704 -0.614362
v 0.356512 1.208935 -0.663368
v 0.147752 1.230360 -0.624773
v 0.146057 1.218878 -0.556038
v -0.288344 1.045910 -0.237763
v -0.403490 -0.359464 -1.258105
v 0.508903 0.168849 -1.372494
v -1.220296 0.918331 -0.625914
v -1.021399 1.016227 -0.629055
v -1.594340 -0.377771 -0.339054
v -1.640286 -0.332396 -0.329666
v -1.903144 -0.079489 -0.732308
v -1.903108 -0.087227 -0.620481
v -1.629069 0.330590 -0.325950
v 0.511623 1.087241 -0.750331
v 0.767497 0.519578 -0.807908
v 0.710058 0.563750 -0.898140
v 0.702909 0.636778 -0.853523
v 0.432775 0.749088 -1.264316
v 0.440310 0.812317 -1.208655
v 0.442253 0.797358 -1.197195
v 0.435140 0.738433 -1.249195
v 0.523030 0.549321 -1.285505
v 0.486709 0.574083 -1.316914
v 0.482361 0.579530 -1.299335
v 0.513884 0.558412 -1.271811
v 0.528568 0.858389 -1.055243
v 0.565004 0.827325 -1.027912
v 0.552964 0.814214 -1.034172
v 0.521013 0.841377 -1.058198
v 0.620615 0.657636 -1.074706
v 0.613603 0.600576 -1.125521
v 0.595779 0.606835 -1.125659
v 0.602385 0.659911 -1.078282
v 0.595421 0.780343 -1.020318
v 0.614256 0.720670 -1.037777
v 0.596597 0.718038 -1.044128
v 0.579696 0.772408 -1.027867
v 0.460271 0.856985 -1.149389
v 0.491674 0.870309 -1.096994
v 0.488455 0.851819 -1.095101
v 0.460474 0.839245 -1.142295
v 0.456957 0.617634 -1.325924
v 0.438652 0.680082 -1.305899
v 0.440481 0.674743 -1.287691
v 0.456734 0.617903 -1.306473
v 0.593614 0.559205 -1.182603
v 0.561044 0.543241 -1.238333
v 0.547825 0.553337 -1.229440
v 0.577388 0.568185 -1.178597
v -1.729781 -0.222433 -0.310681
v -1.689834 -0.220135 -0.269216
v -1.687191 -0.203994 -0.278975
v -1.722961 -0.205907 -0.316126
v -1.648879 -0.135021 -0.207769
v -1.663238 -0.092727 -0.213531
v -1.664187 -0.098092 -0.231580
v -1.651620 -0.134256 -0.226384
v -1.853183 -0.099594 -0.420474
v -1.839562 -0.143015 -0.412015
v -1.822961 -0.134712 -0.408717
v -1.834967 -0.097389 -0.416346
v -1.772285 -0.012780 -0.317634
v -1.811380 -0.014196 -0.361666
v -1.798674 -0.027729 -0.366100
v -1.763630 -0.026616 -0.326710
v -1.840569 -0.030315 -0.396868
v -1.854011 -0.060404 -0.415948
v -1.835960 -0.065325 -0.413067
v -1.824382 -0.041208 -0.396959
v -1.690059 -0.054152 -0.234266
v -1.729127 -0.026801 -0.272067
v -1.724041 -0.039596 -0.285008
v -1.688147 -0.064234 -0.250221
v -1.660190 -0.203486 -0.235246
v -1.647201 -0.173528 -0.214886
v -1.649903 -0.165813 -0.231937
v -1.661079 -0.189986 -0.249160
v -1.813082 -0.182364 -0.389917
v -1.773676 -0.209340 -0.353527
v -1.763109 -0.193792 -0.355360
v -1.799241 -0.169457 -0.388836
v -0.446221 1.246041 -0.757109
v -0.553283 1.228471 -0.746696
v -0.545329 1.215757 -0.734840
v -0.443589 1.232447 -0.744547
v -0.668707 1.184883 -0.637413
v -0.635725 1.177594 -0.588791
v -0.621834 1.171339 -0.600091
v -0.651706 1.177613 -0.642691
v -0.366659 1.200339 -0.510252
v -0.265179 1.218574 -0.519708
v -0.269626 1.210682 -0.536457
v -0.366130 1.193420 -0.527639
v -0.144854 1.261863 -0.631837
v -0.171927 1.268375 -0.680820
v -0.183172 1.254332 -0.674878
v -0.159013 1.248794 -0.632263
v -0.634347 1.210752 -0.720826
v -0.670535 1.196079 -0.682911
v -0.654263 1.186841 -0.680587
v -0.621480 1.199423 -0.711923
v -0.571304 1.176893 -0.546428
v -0.475158 1.185460 -0.519704
v -0.470301 1.179216 -0.536875
v -0.562186 1.170909 -0.561811
v -0.186995 1.236690 -0.545423
v -0.148382 1.251211 -0.584752
v -0.161358 1.239958 -0.592556
v -0.196223 1.227396 -0.559404
v -0.233142 1.268568 -0.722743
v -0.332040 1.260265 -0.748649
v -0.334038 1.246095 -0.736248
v -0.239594 1.254217 -0.712255
v 1.604851 0.327355 0.148839
v 1.629128 0.322314 0.185535
v 1.621753 0.304995 0.184419
v 1.601050 0.309448 0.153251
v 1.603887 0.185336 0.058757
v 1.586591 0.240333 0.064969
v 1.586600 0.233940 0.082845
v 1.602207 0.184447 0.077361
v 1.711747 0.190759 0.244460
v 1.729037 0.132202 0.238409
v 1.711549 0.132515 0.230887
v 1.695900 0.185289 0.236259
v 1.711577 0.048674 0.155697
v 1.687048 0.057274 0.118380
v 1.677101 0.067923 0.130350
v 1.698225 0.060189 0.162304
v 1.658516 0.083976 0.086168
v 1.629329 0.129940 0.066058
v 1.625470 0.133875 0.084130
v 1.651922 0.091832 0.102134
v 1.657270 0.297407 0.216993
v 1.686317 0.249691 0.236978
v 1.672606 0.239108 0.229348
v 1.646335 0.282750 0.211590
v 1.580183 0.286517 0.083496
v 1.587403 0.315473 0.113139
v 1.586417 0.299717 0.123499
v 1.580664 0.274862 0.098814
v 1.735576 0.084222 0.220178
v 1.728755 0.057018 0.191119
v 1.712510 0.066672 0.191523
v 1.717704 0.089929 0.215289
v -0.781892 -0.820239 0.471685
v -0.754860 -0.841212 0.496385
v -0.751300 -0.823077 0.500467
v -0.774149 -0.805227 0.479745
v -0.857818 -0.689726 0.503405
v -0.851003 -0.719537 0.474623
v -0.833789 -0.718302 0.482293
v -0.839635 -0.692695 0.507026
v -0.718698 -0.805828 0.612938
v -0.725675 -0.770233 0.646758
v -0.726815 -0.760726 0.630372
v -0.720729 -0.791702 0.600956
v -0.792446 -0.676968 0.646597
v -0.820196 -0.660982 0.616249
v -0.806923 -0.667943 0.604785
v -0.783021 -0.681592 0.631084
v -0.835091 -0.753788 0.457939
v -0.810344 -0.789227 0.457915
v -0.798625 -0.778434 0.468052
v -0.820061 -0.747769 0.468022
v -0.733294 -0.847257 0.530276
v -0.721239 -0.833482 0.571619
v -0.722927 -0.815799 0.564972
v -0.733190 -0.827947 0.529211
v -0.842885 -0.656819 0.578898
v -0.855269 -0.667610 0.539723
v -0.837427 -0.673607 0.538382
v -0.826683 -0.664276 0.572317
v -0.741345 -0.733304 0.666294
v -0.764882 -0.701646 0.664759
v -0.759850 -0.702210 0.646512
v -0.740188 -0.728890 0.647473
v -0.407108 0.529975 0.910698
v -0.388068 0.513917 0.948895
v -0.373960 0.509439 0.937206
v -0.390871 0.523300 0.904111
v -0.330353 0.580827 0.827226
v -0.369828 0.573445 0.831360
v -0.361075 0.558657 0.839408
v -0.327791 0.564660 0.836379
v -0.242148 0.498382 1.017257
v -0.194522 0.505219 1.014950
v -0.201531 0.501019 0.997450
v -0.241892 0.495488 0.998873
v -0.165085 0.547810 0.936748
v -0.193807 0.564911 0.895361
v -0.204593 0.549822 0.898782
v -0.178357 0.534760 0.935484
v -0.397648 0.561696 0.847707
v -0.410188 0.546554 0.875561
v -0.393870 0.536938 0.875064
v -0.383692 0.549131 0.852639
v -0.162933 0.516465 0.999915
v -0.153957 0.531162 0.972724
v -0.168433 0.521347 0.964691
v -0.175823 0.509971 0.985610
v -0.234827 0.578063 0.858478
v -0.282848 0.582867 0.836016
v -0.285612 0.566279 0.844554
v -0.242044 0.561879 0.865000
v -0.352349 0.501766 0.983102
v -0.299233 0.496909 1.006265
v -0.293244 0.494373 0.988538
v -0.341847 0.498686 0.967599
v 0.504537 -0.958216 -0.069240
v 0.497974 -0.962759 -0.048134
v 0.481866 -0.953550 -0.053193
v 0.485606 -0.950697 -0.066829
v 0.300986 -1.000516 -0.010569
v 0.208927 -1.014302 -0.016286
v 0.210591 -1.000881 -0.029566
v 0.298843 -0.987669 -0.024070
v 0.287266 -0.982726 -0.130860
v 0.378058 -0.969171 -0.125137
v 0.373152 -0.961787 -0.108397
v 0.286081 -0.974787 -0.113899
v 0.083793 -1.025133 -0.071470
v 0.091584 -1.020328 -0.092811
v 0.104296 -1.008803 -0.084067
v 0.099433 -1.011914 -0.070087
v 0.463312 -0.971337 -0.029824
v 0.391715 -0.985059 -0.016192
v 0.385635 -0.972887 -0.029434
v 0.452724 -0.960268 -0.040771
v 0.134133 -1.023937 -0.030330
v 0.095199 -1.026942 -0.049684
v 0.107331 -1.013094 -0.055453
v 0.140285 -1.010148 -0.041501
v 0.126830 -1.011583 -0.111475
v 0.197791 -0.997957 -0.125232
v 0.200449 -0.989362 -0.108528
v 0.133956 -1.001904 -0.097009
v 0.452228 -0.959670 -0.110970
v 0.491838 -0.956602 -0.091262
v 0.476489 -0.949679 -0.081808
v 0.442882 -0.952655 -0.096280
v -0.814169 -0.056072 -1.505256
v -0.804707 -0.003627 -1.520722
v -0.788877 -0.007056 -1.510991
v -0.796745 -0.052424 -1.497659
v -0.504540 -0.194348 -1.514032
v -0.625207 -0.184081 -1.498914
v -0.619892 -0.166828 -1.493172
v -0.503771 -0.176744 -1.507711
v -0.228169 -0.056770 -1.591868
v -0.240601 -0.109866 -1.575783
v -0.253282 -0.100639 -1.565224
v -0.242606 -0.054482 -1.579187
v -0.537653 0.080540 -1.582855
v -0.413992 0.070613 -1.598511
v -0.416403 0.058838 -1.583840
v -0.535367 0.068421 -1.568787
v -0.310473 0.041956 -1.606159
v -0.249995 -0.003334 -1.602969
v -0.261821 -0.007759 -1.588874
v -0.317547 0.032394 -1.591391
v -0.727259 -0.155091 -1.491575
v -0.789300 -0.109491 -1.494614
v -0.774616 -0.099287 -1.488370
v -0.717372 -0.139978 -1.485936
v -0.754856 0.040670 -1.539986
v -0.658556 0.069643 -1.562022
v -0.651418 0.057995 -1.548799
v -0.743079 0.031517 -1.528120
v -0.291896 -0.154808 -1.556131
v -0.386656 -0.183780 -1.534325
v -0.390600 -0.166635 -1.527184
v -0.300423 -0.140074 -1.547663
v 0.706105 -0.240869 1.243122
v 0.692781 -0.175606 1.258060
v 0.677229 -0.180245 1.248439
v 0.689101 -0.238822 1.235066
v 0.443192 -0.417475 1.244990
v 0.547802 -0.402362 1.233428
v 0.541095 -0.385926 1.226816
v 0.441742 -0.400275 1.237819
v 0.453113 -0.082821 1.314155
v 0.346811 -0.098674 1.327459
v 0.350532 -0.110698 1.313287
v 0.451522 -0.095646 1.300666
v 0.190161 -0.258885 1.316141
v 0.205127 -0.323595 1.299430
v 0.217539 -0.314452 1.288556
v 0.204107 -0.256304 1.303592
v 0.644560 -0.122201 1.276103
v 0.558517 -0.090968 1.295919
v 0.551499 -0.103381 1.283387
v 0.632667 -0.132162 1.264846
v 0.258514 -0.136182 1.333099
v 0.207127 -0.193000 1.328345
v 0.219392 -0.197010 1.314593
v 0.266999 -0.145499 1.318759
v 0.254165 -0.376907 1.280464
v 0.339417 -0.408595 1.261493
v 0.343307 -0.391846 1.253493
v 0.262877 -0.362588 1.271264
v 0.635229 -0.365134 1.228680
v 0.687459 -0.307674 1.232620
v 0.672198 -0.299084 1.225625
v 0.623777 -0.351346 1.222185
v 0.441389 0.724142 -1.225294
v 0.447611 0.781611 -1.175529
v 0.472220 0.769943 -1.141846
v 0.503375 0.578568 -1.245880
v 0.473742 0.597018 -1.272783
v 0.510574 0.810319 -1.069081
v 0.540764 0.786729 -1.044901
v 0.539871 0.736267 -1.073966
v 0.506251 0.756710 -1.105030
v 0.575225 0.663281 -1.087100
v 0.569284 0.610808 -1.133108
v 0.460936 0.816363 -1.139065
v 0.479754 0.820742 -1.103607
v 0.563939 0.760753 -1.038717
v 0.570760 0.719686 -1.052412
v 0.456861 0.623639 -1.283182
v 0.445330 0.663191 -1.263745
v 0.560953 0.580989 -1.172635
v 0.535556 0.572549 -1.206557
v -1.715934 -0.183713 -0.325207
v -1.681798 -0.183577 -0.289798
v -1.682691 -0.155871 -0.291970
v -1.659284 -0.130533 -0.254634
v -1.670542 -0.097523 -0.259351
v -1.699873 -0.087719 -0.296471
v -1.689004 -0.123158 -0.292018
v -1.806987 -0.097548 -0.407066
v -1.796117 -0.131585 -0.400394
v -1.750340 -0.045256 -0.336600
v -1.783924 -0.044691 -0.373778
v -1.783579 -0.158323 -0.385984
v -1.754172 -0.172350 -0.362877
v -1.664154 -0.178287 -0.265014
v -1.656416 -0.159004 -0.258043
v -1.688512 -0.072308 -0.268107
v -1.712488 -0.057287 -0.296933
v -1.806586 -0.050471 -0.394288
v -1.809304 -0.068735 -0.405469
v -0.436111 1.214511 -0.725125
v -0.537103 1.198346 -0.717794
v -0.530207 1.186815 -0.685897
v -0.609444 1.170370 -0.646803
v -0.582564 1.164398 -0.606781
v -0.494168 1.171693 -0.601021
v -0.518082 1.178739 -0.645017
v -0.369576 1.184422 -0.553522
v -0.273009 1.201065 -0.560269
v -0.276977 1.203560 -0.595487
v -0.383390 1.186867 -0.593644
v -0.197255 1.229113 -0.634650
v -0.219255 1.234471 -0.674475
v -0.216977 1.216132 -0.571790
v -0.195957 1.221385 -0.597980
v -0.595951 1.190564 -0.704950
v -0.614757 1.178353 -0.681751
v -0.542876 1.166690 -0.576134
v -0.473296 1.170308 -0.562207
v -0.257983 1.238783 -0.702677
v -0.327921 1.228233 -0.717380
v 1.598588 0.280723 0.160049
v 1.617249 0.277037 0.188468
v 1.631657 0.231778 0.194621
v 1.600912 0.181649 0.102282
v 1.585392 0.228877 0.106282
v 1.674278 0.179648 0.225049
v 1.689925 0.129725 0.221231
v 1.672703 0.125708 0.198863
v 1.653850 0.178305 0.199284
v 1.677787 0.080473 0.169245
v 1.658652 0.086872 0.140043
v 1.643889 0.101909 0.116637
v 1.622893 0.133069 0.108353
v 1.581664 0.260533 0.112536
v 1.584776 0.273673 0.133134
v 1.699860 0.099245 0.211888
v 1.691246 0.084870 0.195546
v 1.637504 0.265208 0.207534
v 1.652304 0.230900 0.218991
v -0.764544 -0.784223 0.491001
v -0.743762 -0.800724 0.509342
v -0.740604 -0.777657 0.534507
v -0.815440 -0.696709 0.512259
v -0.810567 -0.720129 0.488887
v -0.723667 -0.772994 0.584936
v -0.728600 -0.745295 0.612342
v -0.744193 -0.726280 0.596661
v -0.741017 -0.753101 0.566701
v -0.771324 -0.687933 0.609083
v -0.793213 -0.674662 0.585899
v -0.738426 -0.725852 0.628877
v -0.750385 -0.706286 0.623545
v -0.811156 -0.670861 0.566199
v -0.813864 -0.678442 0.541025
v -0.805629 -0.742263 0.477194
v -0.786855 -0.760597 0.479402
v -0.732569 -0.808899 0.529361
v -0.725037 -0.795485 0.552496
v -0.366941 0.513386 0.898502
v -0.350437 0.500718 0.928930
v -0.309129 0.498093 0.934047
v -0.320021 0.543767 0.848890
v -0.351492 0.539182 0.849646
v -0.246289 0.491293 0.974362
v -0.209158 0.495391 0.975145
v -0.220249 0.501468 0.949539
v -0.261809 0.499148 0.943827
v -0.198906 0.519559 0.929152
v -0.223258 0.533367 0.895342
v -0.247921 0.546302 0.871216
v -0.280121 0.544981 0.857161
v -0.370421 0.537218 0.856850
v -0.372419 0.525400 0.872245
v -0.329800 0.495240 0.953810
v -0.293850 0.490363 0.964492
v -0.189059 0.503252 0.972445
v -0.187955 0.507915 0.955166
v 0.448797 -0.942617 -0.064419
v 0.447657 -0.944386 -0.054815
v 0.378916 -0.950973 -0.052537
v 0.295575 -0.971737 -0.036636
v 0.209446 -0.984719 -0.041454
v 0.205366 -0.978492 -0.054009
v 0.292525 -0.965084 -0.050791
v 0.284990 -0.963444 -0.096742
v 0.370146 -0.950645 -0.091858
v 0.131885 -0.992722 -0.067891
v 0.133944 -0.990728 -0.077862
v 0.422170 -0.946792 -0.087413
v 0.442576 -0.941787 -0.075457
v 0.158219 -0.995743 -0.046853
v 0.137085 -0.993672 -0.057221
v 0.152309 -0.989730 -0.088592
v 0.201176 -0.977570 -0.092342
v 0.430725 -0.952334 -0.045673
v 0.380355 -0.957450 -0.040970
v -0.750457 -0.048498 -1.490926
v -0.745576 -0.005738 -1.503116
v -0.648782 0.000619 -1.514279
v -0.504223 -0.148767 -1.500505
v -0.620226 -0.140115 -1.485645
v -0.284930 -0.051126 -1.559176
v -0.292166 -0.094659 -1.546426
v -0.530949 0.047707 -1.549243
v -0.412557 0.039420 -1.564558
v -0.322620 -0.125999 -1.537305
v -0.390910 -0.140310 -1.519556
v -0.338698 0.023174 -1.574938
v -0.301193 -0.006957 -1.568615
v -0.694317 -0.125337 -1.482431
v -0.731718 -0.092884 -1.481799
v -0.716929 0.023088 -1.518887
v -0.646703 0.039059 -1.529777
v 0.647380 -0.237214 1.227157
v 0.638200 -0.180735 1.239819
v 0.553755 -0.176493 1.248747
v 0.440401 -0.369235 1.230110
v 0.539164 -0.356563 1.218709
v 0.448837 -0.120915 1.281271
v 0.348680 -0.134134 1.294023
v 0.338347 -0.184524 1.279827
v 0.446326 -0.175197 1.265368
v 0.241801 -0.252129 1.284401
v 0.252304 -0.308306 1.270350
v 0.281670 -0.346314 1.261474
v 0.342498 -0.362668 1.245445
v 0.602562 -0.335988 1.217590
v 0.633329 -0.295253 1.217628
v 0.285819 -0.156240 1.302695
v 0.254481 -0.194965 1.295208
v 0.610350 -0.144320 1.255174
v 0.548041 -0.126853 1.264619
v 0.701230 -0.313456 1.223908
v 0.489960 -0.045058 -1.394319
v 0.424414 0.679209 -1.316091
v 0.444892 0.610831 -1.337428
v 0.950671 -0.906424 0.439264
v 0.129758 1.238866 -0.693370
v -0.111222 -0.638634 1.083350
v -0.802470 -0.116018 -1.485335
v -0.735360 -0.166808 -1.481654
v -0.153327 -1.104384 0.443188
v -0.760241 0.773149 0.203021
v -0.810194 -0.791821 0.440802
v -0.838445 -0.751313 0.440906
v -0.026174 0.593270 0.853266
v 0.258309 0.894510 0.548750
v 1.605655 -0.166899 0.104507
v -1.578719 -0.340473 -0.280835
v 0.709476 0.494694 -0.950412
v -0.857909 -0.441962 -0.894312
v -1.523689 -0.422043 -0.405073
v -1.632358 -0.179373 -0.208125
v 1.408558 0.540351 0.212824
v -1.107996 -0.529399 0.359504
v 0.460824 0.120641 -1.431155
v -0.380134 -0.197645 -1.525994
v -0.327591 1.259212 -0.765410
v -0.529489 0.456212 0.933167
v -0.583911 0.967696 -1.167675
v -0.277998 0.585627 0.819652
v -0.861692 -0.652347 0.534697
v 1.619775 0.120677 0.054952
v 0.203422 -1.052348 0.155322
v 0.562719 0.526037 -1.238680
v -0.984309 1.000504 -0.560721
v -1.521495 -0.406475 -0.313986
v 0.696284 0.722448 -0.786228
v 0.563482 -0.074499 1.293085
v 0.654685 -0.108361 1.271913
v -0.663750 0.086215 -1.560119
v -0.764953 0.054606 -1.536650
v 0.079785 -1.025396 -0.040890
v -0.303735 0.484760 1.017753
v -0.706938 -0.843419 0.572122
v -0.720866 -0.858929 0.524900
v 1.687191 0.255941 0.253164
v -0.477843 1.176083 -0.505371
v -1.722342 -0.011055 -0.269483
v -1.679930 -0.041184 -0.228487
v 0.482760 0.883343 -1.089951
v 0.447741 0.869229 -1.147843
v 0.425942 0.821619 -1.211721
v 0.417966 0.753838 -1.271249
v 0.479005 0.561803 -1.326441
v 0.520399 0.533184 -1.290926
v 0.565416 0.834666 -1.012257
v 0.524238 0.869857 -1.043079
v -1.650125 -0.084734 -0.205582
v -1.633932 -0.133523 -0.199288
v -1.812641 0.002069 -0.368109
v -1.769275 0.003936 -0.319160
v -0.559362 1.225907 -0.763022
v -0.446668 1.244393 -0.774110
v -0.258023 1.210906 -0.505679
v -0.364767 1.191659 -0.495622
v 1.573006 0.242008 0.054178
v 1.592056 0.181186 0.047143
v 1.733847 0.126914 0.254378
v 1.714852 0.191589 0.261198
v -0.746081 -0.851626 0.485598
v -0.777539 -0.827319 0.456729
v -0.856692 -0.711979 0.460125
v -0.864565 -0.677697 0.493157
v -0.712018 -0.771473 0.657508
v -0.704067 -0.811975 0.619060
v -0.377152 0.574272 0.815575
v -0.331137 0.583127 0.810243
v -0.185288 0.494856 1.026142
v -0.240588 0.486625 1.029413
v 0.075559 -1.016327 -0.099360
v 0.064672 -1.022922 -0.070238
v -0.819089 0.004258 -1.515128
v -0.830236 -0.055670 -1.497406
v -0.628473 -0.198060 -1.489103
v -0.503000 -0.208699 -1.504833
v -0.409090 0.087320 -1.598141
v -0.537717 0.097611 -1.581846
v 0.706796 -0.167403 1.252135
v 0.721687 -0.239731 1.235537
v 0.340422 -0.082520 1.326378
v 0.452342 -0.065868 1.312341

# UV coordinates
vt 0.462802 0.893766
vt 0.464382 0.921651
vt 0.443226 0.944212
vt 0.429077 0.928603
vt 0.497124 0.893214
vt 0.495879 0.911606
vt 0.416419 0.772162
vt 0.421421 0.746172
vt 0.440876 0.744969
vt 0.438546 0.770140
vt 0.413828 0.792253
vt 0.394848 0.787556
vt 0.397086 0.770429
vt 0.055366 0.168951
vt 0.067125 0.183285
vt 0.049453 0.190584
vt 0.036673 0.175388
vt 0.077256 0.163154
vt 0.087153 0.177227
vt 0.047795 0.157362
vt 0.070679 0.151484
vt 0.314174 0.708773
vt 0.303588 0.727186
vt 0.291185 0.713311
vt 0.301971 0.697263
vt 0.324633 0.716790
vt 0.314601 0.737907
vt 0.835613 0.820428
vt 0.824109 0.810711
vt 0.834636 0.798774
vt 0.847467 0.809623
vt 0.822212 0.832429
vt 0.812466 0.822950
vt 0.601289 0.424080
vt 0.583247 0.444251
vt 0.574272 0.431494
vt 0.593696 0.410270
vt 0.619171 0.409548
vt 0.625439 0.426417
vt 0.608246 0.440018
vt 0.454326 0.155888
vt 0.449246 0.133533
vt 0.458818 0.132895
vt 0.471735 0.148307
vt 0.504766 0.287640
vt 0.487847 0.322293
vt 0.467709 0.317106
vt 0.475388 0.287517
vt 0.523465 0.305882
vt 0.500675 0.340374
vt 0.572395 0.803828
vt 0.591675 0.801994
vt 0.597234 0.821779
vt 0.578055 0.827516
vt 0.540854 0.823101
vt 0.532328 0.812829
vt 0.559416 0.796772
vt 0.578604 0.793747
vt 0.590124 0.793643
vt 0.532413 0.716247
vt 0.547657 0.684635
vt 0.576658 0.681655
vt 0.560704 0.707959
vt 0.498485 0.740642
vt 0.486058 0.722218
vt 0.507527 0.701927
vt 0.541567 0.744080
vt 0.508402 0.763264
vt 0.192720 0.292504
vt 0.226630 0.287702
vt 0.230345 0.299357
vt 0.198650 0.307876
vt 0.162104 0.290737
vt 0.164705 0.271124
vt 0.186662 0.276447
vt 0.236780 0.403632
vt 0.263616 0.384807
vt 0.273476 0.402272
vt 0.250451 0.416938
vt 0.225908 0.372098
vt 0.253526 0.358163
vt 0.221854 0.402466
vt 0.209825 0.376759
vt 0.596583 0.890066
vt 0.629453 0.886897
vt 0.634195 0.908406
vt 0.600765 0.907958
vt 0.593056 0.869718
vt 0.623836 0.861809
vt 0.452342 0.666433
vt 0.439687 0.691232
vt 0.426265 0.682350
vt 0.438834 0.656871
vt 0.468924 0.676458
vt 0.455559 0.698699
vt 0.152174 0.143330
vt 0.149680 0.129821
vt 0.165932 0.124935
vt 0.170825 0.137257
vt 0.157818 0.158382
vt 0.132869 0.165645
vt 0.127836 0.150689
vt 0.315687 0.515678
vt 0.291816 0.490004
vt 0.318544 0.472342
vt 0.338915 0.492002
vt 0.307151 0.537086
vt 0.285007 0.508528
vt 0.694232 0.776429
vt 0.664656 0.778410
vt 0.662672 0.762455
vt 0.691773 0.757982
vt 0.717412 0.774758
vt 0.721632 0.800907
vt 0.698599 0.800779
vt 0.675260 0.545704
vt 0.662656 0.533613
vt 0.675285 0.523162
vt 0.689947 0.536993
vt 0.672478 0.673465
vt 0.654210 0.679470
vt 0.650829 0.659913
vt 0.663129 0.654524
vt 0.331276 0.251712
vt 0.368442 0.229104
vt 0.376894 0.238173
vt 0.345834 0.256003
vt 0.309197 0.256397
vt 0.302023 0.243293
vt 0.324598 0.233899
vt 0.373899 0.329525
vt 0.407746 0.311939
vt 0.413213 0.336160
vt 0.379926 0.356983
vt 0.363874 0.304650
vt 0.399586 0.287741
vt 0.346817 0.344793
vt 0.340674 0.317575
vt 0.244829 0.012480
vt 0.262995 0.016873
vt 0.259233 0.029669
vt 0.241306 0.026739
vt 0.715558 0.875149
vt 0.711672 0.860439
vt 0.730579 0.857346
vt 0.733797 0.867987
vt 0.533210 0.517404
vt 0.518880 0.537879
vt 0.498600 0.533579
vt 0.516950 0.510583
vt 0.550108 0.525259
vt 0.540520 0.544640
vt 0.263098 0.120215
vt 0.263671 0.135944
vt 0.237389 0.140994
vt 0.234893 0.124012
vt 0.418650 0.420697
vt 0.408037 0.399003
vt 0.432301 0.374793
vt 0.444353 0.387999
vt 0.400878 0.431121
vt 0.390334 0.413730
vt 0.431303 0.422055
vt 0.423094 0.432304
vt 0.415343 0.432853
vt 0.495103 0.967671
vt 0.517815 0.959479
vt 0.527820 0.971044
vt 0.502609 0.977091
vt 0.487462 0.959246
vt 0.504474 0.946263
vt 0.352964 0.746234
vt 0.361695 0.746461
vt 0.358228 0.758933
vt 0.352443 0.758182
vt 0.343547 0.755298
vt 0.336873 0.745761
vt 0.344672 0.731558
vt 0.614262 0.954928
vt 0.629565 0.951215
vt 0.631361 0.956633
vt 0.622924 0.958919
vt 0.618512 0.961921
vt 0.608412 0.961710
vt 0.409223 0.622254
vt 0.390956 0.649190
vt 0.382944 0.636732
vt 0.403139 0.610481
vt 0.488412 0.588189
vt 0.468777 0.586317
vt 0.474291 0.570648
vt 0.495838 0.571847
vt 0.778428 0.787664
vt 0.775116 0.805356
vt 0.765105 0.803331
vt 0.765037 0.784090
vt 0.794992 0.792815
vt 0.789485 0.807193
vt 0.782442 0.770316
vt 0.802208 0.778065
vt 0.603694 0.554503
vt 0.614757 0.553789
vt 0.615330 0.560989
vt 0.608518 0.562855
vt 0.596079 0.563102
vt 0.579853 0.553793
vt 0.585462 0.543168
vt 0.630522 0.492898
vt 0.645076 0.482620
vt 0.653177 0.498163
vt 0.639717 0.508251
vt 0.622568 0.475549
vt 0.637985 0.464438
vt 0.618960 0.505102
vt 0.609790 0.489716
vt 0.305253 0.032296
vt 0.300779 0.046892
vt 0.291142 0.042958
vt 0.295836 0.032164
vt 0.322144 0.039531
vt 0.317525 0.053619
vt 0.311742 0.026423
vt 0.324918 0.030997
vt 0.247442 0.068680
vt 0.270983 0.065821
vt 0.278364 0.077932
vt 0.251993 0.077758
vt 0.561809 0.616121
vt 0.549390 0.611923
vt 0.557958 0.595089
vt 0.573289 0.607755
vt 0.561915 0.628420
vt 0.545402 0.632834
vt 0.418767 0.084410
vt 0.400535 0.074169
vt 0.410632 0.067384
vt 0.423061 0.075739
vt 0.400618 0.091162
vt 0.382225 0.082124
vt 0.427721 0.085037
vt 0.429600 0.091955
vt 0.423737 0.093885
vt 0.368259 0.124362
vt 0.353954 0.140481
vt 0.333250 0.133123
vt 0.343965 0.117978
vt 0.567368 0.367312
vt 0.545344 0.388766
vt 0.537103 0.365574
vt 0.559867 0.352820
vt 0.576009 0.382233
vt 0.554661 0.405564
vt 0.588619 0.348920
vt 0.596102 0.364852
vt 0.171581 0.216830
vt 0.152904 0.218749
vt 0.145981 0.200464
vt 0.166575 0.196754
vt 0.116761 0.233385
vt 0.127416 0.225999
vt 0.139203 0.242567
vt 0.131569 0.251114
vt 0.099550 0.216264
vt 0.113605 0.209400
vt 0.104380 0.242942
vt 0.085359 0.225324
vt 0.256939 0.650202
vt 0.245474 0.665359
vt 0.228804 0.651540
vt 0.240228 0.634977
vt 0.273536 0.665278
vt 0.261789 0.680929
vt 0.266911 0.639465
vt 0.284421 0.649407
vt 0.328929 0.614586
vt 0.310598 0.617938
vt 0.300310 0.597315
vt 0.322055 0.592918
vt 0.331717 0.637952
vt 0.316566 0.639202
vt 0.343647 0.611757
vt 0.345003 0.634852
vt 0.382251 0.575233
vt 0.367587 0.592754
vt 0.358256 0.577081
vt 0.369363 0.560830
vt 0.391347 0.588114
vt 0.372572 0.609501
vt 0.402052 0.554876
vt 0.414600 0.566743
vt 0.283546 0.186151
vt 0.254112 0.198258
vt 0.246011 0.178478
vt 0.273268 0.169628
vt 0.474564 0.477880
vt 0.456841 0.497694
vt 0.444561 0.480953
vt 0.459372 0.462977
vt 0.486316 0.492457
vt 0.460675 0.518023
vt 0.497358 0.450383
vt 0.510124 0.463588
vt 0.414729 0.952052
vt 0.431152 0.962974
vt 0.424433 0.974530
vt 0.408551 0.968623
vt 0.472618 0.937857
vt 0.500483 0.929196
vt 0.479280 0.949257
vt 0.509633 0.843273
vt 0.483853 0.863668
vt 0.468845 0.841924
vt 0.499051 0.831486
vt 0.529982 0.893831
vt 0.507305 0.873612
vt 0.533733 0.877247
vt 0.562634 0.875497
vt 0.563121 0.893048
vt 0.378475 0.767855
vt 0.379199 0.783802
vt 0.371074 0.774257
vt 0.368012 0.767273
vt 0.372309 0.756662
vt 0.466976 0.759155
vt 0.462697 0.737841
vt 0.428679 0.718318
vt 0.404252 0.742858
vt 0.414278 0.711679
vt 0.020210 0.183132
vt 0.033682 0.199386
vt 0.289926 0.741507
vt 0.278000 0.727318
vt 0.082314 0.199401
vt 0.099635 0.192926
vt 0.101658 0.157221
vt 0.096584 0.145070
vt 0.124866 0.137833
vt 0.288281 0.682662
vt 0.277140 0.697505
vt 0.329694 0.662246
vt 0.323038 0.686670
vt 0.310933 0.679560
vt 0.316569 0.660306
vt 0.857272 0.796972
vt 0.844334 0.786002
vt 0.853475 0.771408
vt 0.866621 0.782322
vt 0.386431 0.061419
vt 0.380532 0.046691
vt 0.397628 0.039733
vt 0.399753 0.054599
vt 0.811225 0.800784
vt 0.803516 0.812501
vt 0.341116 0.041917
vt 0.358520 0.037120
vt 0.360699 0.053428
vt 0.338823 0.057338
vt 0.585201 0.396786
vt 0.564697 0.418961
vt 0.615218 0.457523
vt 0.631580 0.445160
vt 0.565671 0.468405
vt 0.591858 0.458632
vt 0.576560 0.480632
vt 0.562770 0.503767
vt 0.549258 0.493948
vt 0.559488 0.262095
vt 0.569642 0.281473
vt 0.549881 0.290126
vt 0.536554 0.270691
vt 0.574095 0.258369
vt 0.580814 0.276702
vt 0.406320 0.206669
vt 0.438577 0.185287
vt 0.455597 0.205013
vt 0.416752 0.217960
vt 0.414871 0.142111
vt 0.435609 0.150530
vt 0.419251 0.172345
vt 0.398169 0.160803
vt 0.375968 0.149888
vt 0.392323 0.132391
vt 0.443052 0.296542
vt 0.442384 0.321947
vt 0.468769 0.353794
vt 0.477563 0.363718
vt 0.452750 0.395279
vt 0.555307 0.764569
vt 0.518058 0.782122
vt 0.551800 0.780440
vt 0.522749 0.795321
vt 0.585940 0.850069
vt 0.607600 0.844346
vt 0.633101 0.781506
vt 0.637381 0.766199
vt 0.618061 0.792553
vt 0.614236 0.784553
vt 0.623057 0.776858
vt 0.627178 0.767870
vt 0.488105 0.687810
vt 0.471981 0.707741
vt 0.610624 0.690341
vt 0.606665 0.669079
vt 0.625423 0.664235
vt 0.630983 0.683791
vt 0.588929 0.697962
vt 0.214884 0.343699
vt 0.245477 0.332527
vt 0.206314 0.325760
vt 0.237856 0.318276
vt 0.181841 0.257405
vt 0.163554 0.254595
vt 0.159183 0.236947
vt 0.176842 0.237177
vt 0.262304 0.280051
vt 0.217977 0.272635
vt 0.247963 0.265057
vt 0.268598 0.256913
vt 0.279050 0.268694
vt 0.273621 0.282007
vt 0.269036 0.290405
vt 0.257911 0.292681
vt 0.270608 0.460765
vt 0.300148 0.448234
vt 0.265271 0.442063
vt 0.289170 0.430027
vt 0.293204 0.369355
vt 0.283687 0.343814
vt 0.305701 0.334547
vt 0.319190 0.359211
vt 0.601944 0.923977
vt 0.625182 0.923219
vt 0.625667 0.938694
vt 0.606677 0.940145
vt 0.661298 0.884597
vt 0.657139 0.860662
vt 0.689532 0.856949
vt 0.692187 0.882726
vt 0.427118 0.646921
vt 0.413045 0.673440
vt 0.399139 0.665938
vt 0.416607 0.635926
vt 0.472907 0.624831
vt 0.463541 0.644826
vt 0.449782 0.636640
vt 0.457839 0.619117
vt 0.463811 0.602544
vt 0.480777 0.605993
vt 0.209570 0.127620
vt 0.205830 0.113181
vt 0.231879 0.109715
vt 0.190488 0.131695
vt 0.189646 0.117627
vt 0.367503 0.470071
vt 0.345450 0.452022
vt 0.362797 0.436603
vt 0.378264 0.452570
vt 0.379016 0.469381
vt 0.377218 0.478871
vt 0.368736 0.485175
vt 0.688605 0.721470
vt 0.652805 0.724755
vt 0.648022 0.699974
vt 0.686303 0.698926
vt 0.690281 0.739033
vt 0.658052 0.739870
vt 0.703508 0.825071
vt 0.725291 0.823751
vt 0.727113 0.838026
vt 0.707890 0.843005
vt 0.656488 0.639403
vt 0.646116 0.645502
vt 0.644279 0.559846
vt 0.638776 0.565097
vt 0.631770 0.561991
vt 0.631497 0.556584
vt 0.348635 0.285174
vt 0.390868 0.267757
vt 0.353283 0.270298
vt 0.386545 0.254627
vt 0.312413 0.217566
vt 0.287951 0.229102
vt 0.265615 0.219236
vt 0.296543 0.203002
vt 0.394972 0.377937
vt 0.420013 0.357592
vt 0.240381 0.041523
vt 0.258587 0.042205
vt 0.265611 0.053683
vt 0.243451 0.055971
vt 0.501124 0.502894
vt 0.478946 0.528152
vt 0.042809 0.146879
vt 0.039249 0.136027
vt 0.066842 0.128670
vt 0.067183 0.140560
vt 0.335034 0.721537
vt 0.326884 0.738043
vt 0.149884 0.117016
vt 0.164425 0.114510
vt 0.141555 0.113179
vt 0.149694 0.108946
vt 0.155077 0.109996
vt 0.163629 0.109435
vt 0.397702 0.599680
vt 0.376402 0.624925
vt 0.505563 0.555658
vt 0.483429 0.553735
vt 0.737351 0.777938
vt 0.739399 0.802080
vt 0.751462 0.781218
vt 0.750142 0.802053
vt 0.567237 0.532678
vt 0.560223 0.545849
vt 0.650918 0.520985
vt 0.663431 0.511221
vt 0.279193 0.020015
vt 0.272413 0.031989
vt 0.285174 0.026592
vt 0.280062 0.035824
vt 0.261381 0.094711
vt 0.292483 0.088705
vt 0.294631 0.101968
vt 0.263076 0.106354
vt 0.256288 0.086084
vt 0.610202 0.517755
vt 0.605265 0.534969
vt 0.591598 0.525604
vt 0.599445 0.506483
vt 0.556886 0.659945
vt 0.523064 0.678282
vt 0.535117 0.653950
vt 0.561831 0.643411
vt 0.587767 0.594823
vt 0.567302 0.581197
vt 0.572263 0.570284
vt 0.589124 0.580227
vt 0.596079 0.595083
vt 0.599177 0.606995
vt 0.593229 0.610924
vt 0.529926 0.602057
vt 0.509070 0.593739
vt 0.516895 0.576488
vt 0.537928 0.584372
vt 0.290089 0.059209
vt 0.304871 0.068108
vt 0.449160 0.590161
vt 0.429034 0.602419
vt 0.426791 0.589237
vt 0.451407 0.575365
vt 0.772734 0.821954
vt 0.786872 0.819352
vt 0.787918 0.827270
vt 0.777288 0.829504
vt 0.769405 0.827362
vt 0.764439 0.825953
vt 0.764460 0.818909
vt 0.790513 0.753200
vt 0.798361 0.737897
vt 0.818697 0.748595
vt 0.810502 0.763460
vt 0.547144 0.955983
vt 0.581065 0.955303
vt 0.582048 0.963183
vt 0.551085 0.965347
vt 0.375587 0.678304
vt 0.363389 0.712618
vt 0.354854 0.702574
vt 0.367110 0.667859
vt 0.464585 0.993089
vt 0.478069 0.979713
vt 0.485995 0.987397
vt 0.475190 0.999000
vt 0.323553 0.777055
vt 0.314630 0.769334
vt 0.323718 0.760672
vt 0.330380 0.767422
vt 0.458925 0.995386
vt 0.456102 0.989741
vt 0.460914 0.984778
vt 0.193085 0.077947
vt 0.220103 0.071528
vt 0.223862 0.079942
vt 0.201533 0.084008
vt 0.667741 0.953009
vt 0.661214 0.957465
vt 0.652542 0.955625
vt 0.652876 0.950204
vt 0.443890 0.115535
vt 0.453376 0.118018
vt 0.435388 0.107297
vt 0.439339 0.105089
vt 0.445698 0.109424
vt 0.452053 0.111152
vt 0.318636 0.114758
vt 0.312049 0.129463
vt 0.288720 0.131300
vt 0.291339 0.116426
vt 0.538823 0.322968
vt 0.519343 0.351401
vt 0.550287 0.336570
vt 0.161846 0.177178
vt 0.139148 0.182498
vt 0.145458 0.270066
vt 0.150838 0.258265
vt 0.224007 0.620282
vt 0.213276 0.641274
vt 0.201420 0.636257
vt 0.210385 0.619049
vt 0.222934 0.611754
vt 0.232265 0.608564
vt 0.237345 0.613828
vt 0.314526 0.573302
vt 0.289746 0.579421
vt 0.284172 0.567215
vt 0.309836 0.556821
vt 0.355417 0.547645
vt 0.345237 0.563095
vt 0.327702 0.550457
vt 0.343297 0.538244
vt 0.266280 0.152985
vt 0.240559 0.159555
vt 0.441988 0.450588
vt 0.431587 0.469550
vt 0.430695 0.453478
vt 0.431374 0.443506
vt 0.440967 0.434724
vt 0.138595 0.221167
vt 0.128632 0.204284
vt 0.334971 0.156869
vt 0.310990 0.172201
vt 0.297995 0.159443
vt 0.318540 0.147419
vt 0.421989 0.534663
vt 0.438797 0.544130
vt 0.438768 0.517459
vt 0.223844 0.206753
vt 0.195785 0.213077
vt 0.191091 0.192113
vt 0.218065 0.186006
vt 0.233624 0.681655
vt 0.249311 0.695509
vt 0.090420 0.253903
vt 0.071226 0.236034
vt 0.521610 0.418959
vt 0.532639 0.433547
vt 0.385956 0.098885
vt 0.378301 0.109997
vt 0.352637 0.103352
vt 0.363688 0.091101
vt 0.444583 0.057941
vt 0.431936 0.047197
vt 0.439985 0.030764
vt 0.452449 0.037192
vt 0.434478 0.064694
vt 0.424066 0.055974
vt 0.355678 0.605521
vt 0.357849 0.626671
vt 0.293113 0.622892
vt 0.300187 0.641922
vt 0.280298 0.629800
vt 0.006746 0.158829
vt 0.022763 0.152888
vt 0.028625 0.163424
vt 0.011635 0.170245
vt 0.001000 0.147800
vt 0.017360 0.142145
vt 0.306229 0.761212
vt 0.316852 0.751152
vt 0.419676 0.036330
vt 0.409154 0.026452
vt 0.419854 0.011482
vt 0.429195 0.021394
vt 0.410958 0.046097
vt 0.480977 0.803011
vt 0.449492 0.821584
vt 0.436140 0.797784
vt 0.471475 0.783287
vt 0.490604 0.816598
vt 0.051351 0.217457
vt 0.066265 0.207678
vt 0.264255 0.711329
vt 0.539421 0.863509
vt 0.524996 0.855296
vt 0.551205 0.839329
vt 0.559943 0.857612
vt 0.093163 0.134824
vt 0.122268 0.127512
vt 0.090897 0.126560
vt 0.119141 0.120948
vt 0.459926 0.722340
vt 0.445386 0.721444
vt 0.118456 0.187498
vt 0.109168 0.171552
vt 0.305277 0.656630
vt 0.298021 0.667603
vt 0.357020 0.655153
vt 0.341966 0.661104
vt 0.344899 0.693489
vt 0.334206 0.689819
vt 0.828705 0.774641
vt 0.819773 0.788190
vt 0.837237 0.759957
vt 0.652140 0.835200
vt 0.679206 0.831019
vt 0.630274 0.838889
vt 0.625567 0.813351
vt 0.643838 0.807743
vt 0.619509 0.736877
vt 0.599691 0.738156
vt 0.596313 0.719333
vt 0.618001 0.711753
vt 0.631725 0.746928
vt 0.621779 0.751052
vt 0.612822 0.746413
vt 0.278650 0.316587
vt 0.264828 0.308599
vt 0.275092 0.303904
vt 0.284747 0.306606
vt 0.300159 0.313709
vt 0.432137 0.248878
vt 0.465030 0.231048
vt 0.473307 0.258224
vt 0.439157 0.271185
vt 0.425481 0.232849
vt 0.327641 0.429787
vt 0.348133 0.411728
vt 0.797267 0.818856
vt 0.801037 0.825062
vt 0.199167 0.101019
vt 0.229214 0.098155
vt 0.185659 0.107546
vt 0.183381 0.102798
vt 0.190653 0.098015
vt 0.204091 0.093344
vt 0.228027 0.090544
vt 0.587812 0.493509
vt 0.600638 0.474062
vt 0.576899 0.514092
vt 0.546360 0.569475
vt 0.527140 0.560666
vt 0.553604 0.557622
vt 0.543733 0.445932
vt 0.554790 0.457244
vt 0.522695 0.474999
vt 0.306638 0.140971
vt 0.289655 0.146142
vt 0.213776 0.165407
vt 0.210435 0.145373
vt 0.187051 0.170691
vt 0.183309 0.148500
vt 0.332828 0.079587
vt 0.365932 0.069440
vt 0.325015 0.099616
vt 0.438954 0.341749
vt 0.454010 0.345877
vt 0.455431 0.555681
vt 0.423258 0.577331
vt 0.635246 0.535169
vt 0.640309 0.528906
vt 0.650265 0.541222
vt 0.638314 0.545466
vt 0.627865 0.530688
vt 0.628655 0.518831
vt 0.610128 0.643101
vt 0.582502 0.655261
vt 0.625086 0.645793
vt 0.602018 0.631727
vt 0.610485 0.627871
vt 0.617066 0.633724
vt 0.512755 0.643969
vt 0.501424 0.666245
vt 0.481067 0.654897
vt 0.491651 0.633660
vt 0.522618 0.622466
vt 0.268076 0.040325
vt 0.273316 0.045882
vt 0.448137 0.616961
vt 0.439530 0.627882
vt 0.432913 0.616089
vt 0.448241 0.604980
vt 0.744729 0.825795
vt 0.742652 0.837314
vt 0.752479 0.820261
vt 0.754642 0.828352
vt 0.751261 0.832195
vt 0.746150 0.735678
vt 0.720185 0.727856
vt 0.727377 0.709699
vt 0.754502 0.719025
vt 0.740039 0.755971
vt 0.713681 0.750174
vt 0.769108 0.744838
vt 0.761487 0.765813
vt 0.535338 0.926156
vt 0.530671 0.909822
vt 0.540211 0.942002
vt 0.570723 0.925157
vt 0.576410 0.941469
vt 0.401654 0.703779
vt 0.389899 0.736754
vt 0.392257 0.696999
vt 0.442606 0.976053
vt 0.454201 0.956158
vt 0.434323 0.983297
vt 0.451294 0.977176
vt 0.447862 0.983644
vt 0.443174 0.984144
vt 0.669042 0.920958
vt 0.693172 0.921728
vt 0.692539 0.937749
vt 0.669481 0.937533
vt 0.648211 0.921994
vt 0.664861 0.904286
vt 0.153588 0.250011
vt 0.147300 0.237429
vt 0.373076 0.180576
vt 0.391362 0.193892
vt 0.357040 0.215794
vt 0.342523 0.200396
vt 0.353667 0.168034
vt 0.393950 0.500646
vt 0.406715 0.519103
vt 0.387300 0.539487
vt 0.373540 0.525292
vt 0.411018 0.491367
vt 0.421818 0.505214
vt 0.379818 0.498156
vt 0.386281 0.490378
vt 0.395524 0.490413
vt 0.237007 0.247744
vt 0.208759 0.254277
vt 0.201577 0.234008
vt 0.231689 0.227526
vt 0.260763 0.239882
vt 0.113975 0.287680
vt 0.105605 0.271290
vt 0.120506 0.261083
vt 0.133364 0.282257
vt 0.202636 0.661389
vt 0.189178 0.655630
vt 0.497496 0.385628
vt 0.510340 0.400809
vt 0.483212 0.435026
vt 0.470938 0.420398
vt 0.487139 0.374846
vt 0.423444 0.118704
vt 0.432890 0.117990
vt 0.436551 0.131591
vt 0.421008 0.126173
vt 0.415130 0.112743
vt 0.426573 0.109770
vt 0.582806 0.298041
vt 0.561486 0.307367
vt 0.589194 0.289902
vt 0.593515 0.294950
vt 0.591180 0.299642
vt 0.584678 0.309664
vt 0.568597 0.319627
vt 0.342441 0.574433
vt 0.331732 0.571742
vt 0.349684 0.587476
vt 0.338299 0.591388
vt 0.263048 0.588843
vt 0.261901 0.576478
vt 0.254348 0.600274
vt 0.247839 0.595567
vt 0.251977 0.587695
vt 0.258475 0.428911
vt 0.281439 0.415900
vt 0.202169 0.616128
vt 0.192644 0.632754
vt 0.184994 0.628164
vt 0.195975 0.611146
vt 0.256972 0.569029
vt 0.248499 0.563711
vt 0.272249 0.551979
vt 0.279091 0.558807
vt 0.246635 0.607818
vt 0.240951 0.602790
vt 0.224741 0.590898
vt 0.217398 0.597541
vt 0.212095 0.594556
vt 0.218679 0.587743
vt 0.230585 0.594364
vt 0.223393 0.600074
vt 0.428964 0.100901
vt 0.433739 0.098875
vt 0.428044 0.069820
vt 0.417118 0.061484
vt 0.460075 0.116670
vt 0.458044 0.110590
vt 0.595020 0.286612
vt 0.597993 0.291910
vt 0.588730 0.317721
vt 0.595033 0.325054
vt 0.580564 0.338071
vt 0.574121 0.329203
vt 0.608612 0.306581
vt 0.604528 0.301863
vt 0.608415 0.300780
vt 0.612346 0.304703
vt 0.604693 0.308141
vt 0.601216 0.303295
vt 0.388918 0.440934
vt 0.376576 0.424543
vt 0.437423 0.426602
vt 0.428518 0.436096
vt 0.422409 0.481536
vt 0.434008 0.493881
vt 0.372488 0.493165
vt 0.379906 0.486153
vt 0.405597 0.461957
vt 0.396188 0.472141
vt 0.393870 0.467044
vt 0.402663 0.456918
vt 0.367451 0.750671
vt 0.363517 0.762108
vt 0.336706 0.760809
vt 0.330282 0.753105
vt 0.378162 0.793757
vt 0.393067 0.798725
vt 0.389074 0.809251
vt 0.374254 0.802413
vt 0.456439 0.980034
vt 0.452258 0.985681
vt 0.344715 0.779663
vt 0.344554 0.775083
vt 0.350647 0.772867
vt 0.351187 0.777548
vt 0.338449 0.782013
vt 0.338915 0.778082
vt 0.290094 0.030259
vt 0.285306 0.039777
vt 0.314387 0.021195
vt 0.315554 0.015105
vt 0.326643 0.018729
vt 0.326234 0.025007
vt 0.742779 0.845435
vt 0.744423 0.853216
vt 0.728386 0.847771
vt 0.758198 0.818452
vt 0.759169 0.826106
vt 0.763443 0.846722
vt 0.767235 0.848539
vt 0.765751 0.852219
vt 0.762222 0.851263
vt 0.764555 0.842193
vt 0.768266 0.844598
vt 0.622864 0.554628
vt 0.623363 0.560893
vt 0.591872 0.570806
vt 0.575853 0.561730
vt 0.635789 0.646494
vt 0.638130 0.662332
vt 0.597356 0.622310
vt 0.604447 0.618681
vt 0.645600 0.625766
vt 0.650167 0.624696
vt 0.652852 0.626974
vt 0.649790 0.628469
vt 0.641169 0.623374
vt 0.646338 0.622077
vt 0.607663 0.966148
vt 0.617559 0.965350
vt 0.138571 0.109377
vt 0.146840 0.106383
vt 0.641166 0.950078
vt 0.641907 0.955429
vt 0.175158 0.111517
vt 0.173700 0.106792
vt 0.204275 0.088464
vt 0.226864 0.085179
vt 0.169671 0.097373
vt 0.170584 0.098912
vt 0.161511 0.101452
vt 0.160547 0.100162
vt 0.178812 0.094085
vt 0.179384 0.095458
vt 0.351919 0.262075
vt 0.382948 0.245860
vt 0.293596 0.261440
vt 0.284861 0.249312
vt 0.258892 0.301545
vt 0.269571 0.298126
vt 0.316098 0.307982
vt 0.330729 0.299841
vt 0.323449 0.326914
vt 0.304751 0.283748
vt 0.301878 0.278306
vt 0.315552 0.273330
vt 0.319024 0.277867
vt 0.290416 0.289533
vt 0.288762 0.284205
vt 0.307653 0.289158
vt 0.293797 0.294254
vt 0.553442 0.789778
vt 0.526522 0.804596
vt 0.605304 0.798486
vt 0.602663 0.790388
vt 0.584966 0.742325
vt 0.571455 0.749803
vt 0.563178 0.731645
vt 0.579192 0.724335
vt 0.636876 0.755875
vt 0.626828 0.758732
vt 0.595326 0.770151
vt 0.598072 0.777378
vt 0.586434 0.781307
vt 0.582986 0.775151
vt 0.607753 0.765438
vt 0.609354 0.772515
vt 0.324677 0.747262
vt 0.408968 0.054140
vt 0.504683 0.817629
vt 0.097950 0.120594
vt 0.116603 0.116159
vt 0.616774 0.834210
vt 0.611650 0.818175
vt 0.575436 0.709305
vt 0.682296 0.749356
vt 0.661792 0.751241
vt 0.211322 0.314612
vt 0.232736 0.309154
vt 0.330017 0.343363
vt 0.409272 0.231967
vt 0.301251 0.404493
vt 0.305611 0.388223
vt 0.341905 0.380390
vt 0.317582 0.408802
vt 0.365650 0.410334
vt 0.336003 0.026911
vt 0.340234 0.022450
vt 0.179764 0.129971
vt 0.177798 0.121308
vt 0.245596 0.083057
vt 0.563035 0.554772
vt 0.622223 0.532114
vt 0.618676 0.525402
vt 0.621797 0.541808
vt 0.614692 0.539370
vt 0.640901 0.675271
vt 0.568052 0.635356
vt 0.581096 0.630464
vt 0.582838 0.639942
vt 0.280316 0.046501
vt 0.281481 0.052282
vt 0.715988 0.850216
vt 0.757759 0.788841
vt 0.757521 0.802159
vt 0.384122 0.702783
vt 0.383107 0.688092
vt 0.376406 0.724050
vt 0.370377 0.718751
vt 0.406674 0.802228
vt 0.477772 0.958253
vt 0.467194 0.967604
vt 0.461562 0.962977
vt 0.637539 0.927440
vt 0.639148 0.937776
vt 0.341343 0.526847
vt 0.329490 0.527973
vt 0.354926 0.511468
vt 0.362823 0.517331
vt 0.443727 0.503672
vt 0.277451 0.239219
vt 0.185474 0.646223
vt 0.474928 0.379135
vt 0.458725 0.401357
vt 0.411308 0.107003
vt 0.418876 0.103933
vt 0.583164 0.262944
vt 0.588306 0.274099
vt 0.561258 0.339199
vt 0.299723 0.549846
vt 0.269306 0.629642
vt 0.259666 0.619367
vt 0.267985 0.612240
vt 0.247501 0.435437
vt 0.252825 0.446348
vt 0.250335 0.446631
vt 0.245464 0.436569
vt 0.207629 0.607592
vt 0.202728 0.603682
vt 0.204606 0.602549
vt 0.209076 0.605849
vt 0.245686 0.574859
vt 0.249478 0.580530
vt 0.246621 0.581169
vt 0.243437 0.576424
vt 0.239487 0.601217
vt 0.231554 0.606620
vt 0.230704 0.604532
vt 0.237851 0.599550
vt 0.249405 0.587367
vt 0.245710 0.594542
vt 0.243413 0.593475
vt 0.246602 0.587054
vt 0.255853 0.456809
vt 0.255384 0.465422
vt 0.252790 0.464061
vt 0.253184 0.456298
vt 0.233573 0.418808
vt 0.240815 0.425771
vt 0.239458 0.427803
vt 0.232978 0.421553
vt 0.226912 0.419504
vt 0.226588 0.416532
vt 0.222925 0.609714
vt 0.214678 0.609812
vt 0.215413 0.607719
vt 0.222852 0.607507
vt 0.435445 0.097460
vt 0.431766 0.091120
vt 0.434092 0.090267
vt 0.437273 0.095983
vt 0.434824 0.074596
vt 0.439394 0.070418
vt 0.440731 0.072362
vt 0.436818 0.076071
vt 0.457488 0.108746
vt 0.452192 0.108998
vt 0.452410 0.106700
vt 0.457022 0.106707
vt 0.596853 0.311909
vt 0.593743 0.305771
vt 0.595938 0.305420
vt 0.598740 0.310744
vt 0.593170 0.300160
vt 0.594988 0.296116
vt 0.596628 0.297337
vt 0.595354 0.300623
vt 0.608401 0.320782
vt 0.602042 0.317371
vt 0.603569 0.315570
vt 0.609234 0.318655
vt 0.445049 0.067849
vt 0.445657 0.069642
vt 0.430207 0.084848
vt 0.431377 0.079402
vt 0.433892 0.080116
vt 0.432865 0.084697
vt 0.446414 0.107313
vt 0.440575 0.103211
vt 0.441916 0.101231
vt 0.447238 0.105082
vt 0.396240 0.448833
vt 0.406094 0.440228
vt 0.407081 0.442203
vt 0.397909 0.450388
vt 0.426876 0.437563
vt 0.429292 0.444196
vt 0.427000 0.444907
vt 0.425063 0.439139
vt 0.415504 0.475038
vt 0.405634 0.483516
vt 0.404520 0.481528
vt 0.413677 0.473543
vt 0.381884 0.484869
vt 0.379546 0.478428
vt 0.382082 0.477957
vt 0.383981 0.483459
vt 0.415464 0.434900
vt 0.422300 0.434231
vt 0.421457 0.436325
vt 0.415683 0.437103
vt 0.428500 0.453368
vt 0.423532 0.464374
vt 0.421318 0.463478
vt 0.426112 0.453194
vt 0.395409 0.488353
vt 0.387275 0.488501
vt 0.388331 0.486450
vt 0.395204 0.486139
vt 0.381264 0.469757
vt 0.387509 0.459288
vt 0.389621 0.460351
vt 0.383705 0.470193
vt 0.362311 0.764233
vt 0.366301 0.768747
vt 0.364431 0.770368
vt 0.361042 0.766594
vt 0.340926 0.766278
vt 0.346929 0.762806
vt 0.347783 0.765531
vt 0.342309 0.768270
vt 0.369291 0.791123
vt 0.366725 0.797958
vt 0.365015 0.796756
vt 0.366985 0.790625
vt 0.451406 0.987426
vt 0.454761 0.991005
vt 0.453271 0.992355
vt 0.450451 0.989270
vt 0.331962 0.777164
vt 0.335344 0.771094
vt 0.337150 0.772189
vt 0.333765 0.777325
vt 0.457299 0.996000
vt 0.455512 0.996747
vt 0.368979 0.775035
vt 0.369891 0.782986
vt 0.367491 0.783247
vt 0.366695 0.775936
vt 0.352648 0.761037
vt 0.357661 0.761658
vt 0.357007 0.764772
vt 0.352877 0.764253
vt 0.443573 0.986115
vt 0.447654 0.985624
vt 0.447416 0.987738
vt 0.444076 0.988211
vt 0.440188 0.991131
vt 0.439096 0.989363
vt 0.292817 0.023505
vt 0.289066 0.020957
vt 0.290428 0.019403
vt 0.293559 0.021467
vt 0.307895 0.018064
vt 0.305372 0.021850
vt 0.303981 0.020027
vt 0.306152 0.016920
vt 0.751089 0.844485
vt 0.751726 0.838719
vt 0.754038 0.839597
vt 0.753184 0.844561
vt 0.759800 0.828445
vt 0.764339 0.828115
vt 0.764414 0.830440
vt 0.760612 0.831010
vt 0.301790 0.024352
vt 0.297300 0.024701
vt 0.297316 0.022401
vt 0.301054 0.022151
vt 0.754258 0.855056
vt 0.751800 0.850327
vt 0.753562 0.849482
vt 0.755436 0.853653
vt 0.286582 0.017185
vt 0.288284 0.016385
vt 0.768718 0.829204
vt 0.772269 0.832176
vt 0.771357 0.833608
vt 0.768138 0.831267
vt 0.753219 0.833742
vt 0.756027 0.830445
vt 0.757719 0.832838
vt 0.755480 0.835483
vt 0.623251 0.563308
vt 0.630759 0.564147
vt 0.630198 0.566644
vt 0.623384 0.566011
vt 0.601233 0.575895
vt 0.605152 0.569432
vt 0.607379 0.571463
vt 0.603726 0.577182
vt 0.634675 0.636265
vt 0.626414 0.633868
vt 0.627750 0.630690
vt 0.634802 0.633203
vt 0.606820 0.617650
vt 0.601811 0.606688
vt 0.604505 0.606270
vt 0.609133 0.616361
vt 0.610029 0.565363
vt 0.616049 0.563546
vt 0.616844 0.566306
vt 0.611740 0.567993
vt 0.618486 0.630992
vt 0.612375 0.625843
vt 0.614379 0.623651
vt 0.620089 0.628037
vt 0.598744 0.595171
vt 0.598821 0.584746
vt 0.601545 0.585315
vt 0.601553 0.595212
vt 0.649104 0.634676
vt 0.642537 0.636956
vt 0.641591 0.634400
vt 0.647525 0.633427
vt 0.637044 0.566569
vt 0.635922 0.568248
vt 0.619517 0.965169
vt 0.620296 0.962772
vt 0.622124 0.963829
vt 0.621520 0.965314
vt 0.642016 0.957454
vt 0.652158 0.957582
vt 0.651806 0.959698
vt 0.642139 0.959627
vt 0.173031 0.104847
vt 0.163367 0.107367
vt 0.163044 0.105149
vt 0.172295 0.102752
vt 0.192612 0.090270
vt 0.192146 0.093122
vt 0.189761 0.092339
vt 0.190171 0.090634
vt 0.624098 0.960573
vt 0.631980 0.958573
vt 0.632597 0.960666
vt 0.625274 0.962392
vt 0.186632 0.085496
vt 0.191135 0.087594
vt 0.189353 0.088851
vt 0.185841 0.087138
vt 0.660289 0.959036
vt 0.659428 0.960829
vt 0.188987 0.096449
vt 0.182265 0.100953
vt 0.181052 0.098985
vt 0.187166 0.094621
vt 0.155265 0.107922
vt 0.150729 0.107264
vt 0.151545 0.105102
vt 0.155369 0.105665
vt 0.337576 0.269596
vt 0.338236 0.275976
vt 0.335989 0.276058
vt 0.335418 0.270706
vt 0.297748 0.268813
vt 0.311369 0.264546
vt 0.311471 0.266706
vt 0.298483 0.270798
vt 0.271641 0.297242
vt 0.271179 0.290454
vt 0.273465 0.290571
vt 0.273857 0.296283
vt 0.312028 0.298529
vt 0.298060 0.303193
vt 0.297878 0.300999
vt 0.311215 0.296565
vt 0.285348 0.304644
vt 0.276510 0.302310
vt 0.278018 0.300566
vt 0.285925 0.302510
vt 0.323745 0.263136
vt 0.332515 0.265090
vt 0.331066 0.266856
vt 0.323130 0.265232
vt 0.334288 0.283440
vt 0.324907 0.291507
vt 0.323420 0.289975
vt 0.332336 0.282555
vt 0.275441 0.282910
vt 0.284978 0.275277
vt 0.286412 0.276900
vt 0.277362 0.283966
vt 0.566568 0.782629
vt 0.565506 0.774962
vt 0.567729 0.774794
vt 0.568670 0.781552
vt 0.602040 0.788526
vt 0.590233 0.791634
vt 0.590329 0.789424
vt 0.601384 0.786503
vt 0.588075 0.751821
vt 0.600480 0.748296
vt 0.600447 0.750602
vt 0.588833 0.753864
vt 0.624771 0.759414
vt 0.625108 0.767658
vt 0.622881 0.767413
vt 0.622558 0.760189
vt 0.568783 0.766461
vt 0.576837 0.758231
vt 0.578364 0.759759
vt 0.570807 0.767237
vt 0.611979 0.748405
vt 0.620198 0.752550
vt 0.618524 0.754176
vt 0.611114 0.750569
vt 0.621305 0.775838
vt 0.612975 0.783029
vt 0.611607 0.781350
vt 0.619366 0.774730
vt 0.579386 0.791825
vt 0.571429 0.788494
vt 0.572983 0.786771
vt 0.580233 0.789693
vt 0.242622 0.438564
vt 0.247409 0.448222
vt 0.244140 0.452618
vt 0.238491 0.442058
vt 0.211867 0.602894
vt 0.207390 0.599944
vt 0.239521 0.579115
vt 0.242611 0.583342
vt 0.237197 0.588236
vt 0.232574 0.584296
vt 0.235184 0.597433
vt 0.228343 0.602292
vt 0.250145 0.455058
vt 0.249204 0.460659
vt 0.243529 0.587242
vt 0.240651 0.591619
vt 0.232861 0.424975
vt 0.237041 0.429988
vt 0.232589 0.432121
vt 0.228374 0.424240
vt 0.222962 0.605028
vt 0.217766 0.604691
vt 0.439884 0.094503
vt 0.436791 0.089150
vt 0.439802 0.087656
vt 0.443632 0.093284
vt 0.617906 0.313486
vt 0.614276 0.315648
vt 0.609500 0.312558
vt 0.613354 0.310718
vt 0.601664 0.297547
vt 0.605452 0.296959
vt 0.601272 0.309449
vt 0.598470 0.304660
vt 0.447748 0.102779
vt 0.444270 0.099507
vt 0.448201 0.098735
vt 0.451758 0.103368
vt 0.435417 0.085152
vt 0.437164 0.081922
vt 0.609855 0.316411
vt 0.605871 0.313811
vt 0.597409 0.301386
vt 0.599008 0.299209
vt 0.400033 0.452841
vt 0.408773 0.444578
vt 0.411619 0.447530
vt 0.421575 0.443097
vt 0.423269 0.448315
vt 0.416862 0.456719
vt 0.414566 0.451503
vt 0.411394 0.471123
vt 0.402656 0.479126
vt 0.399431 0.476116
vt 0.408601 0.467018
vt 0.388188 0.479971
vt 0.386454 0.474961
vt 0.396393 0.483045
vt 0.391857 0.482842
vt 0.414582 0.440267
vt 0.418577 0.440215
vt 0.423034 0.454017
vt 0.418837 0.461263
vt 0.387067 0.469515
vt 0.391982 0.462638
vt 0.356752 0.776386
vt 0.355738 0.781176
vt 0.350536 0.782082
vt 0.343685 0.771136
vt 0.348980 0.768897
vt 0.344212 0.787796
vt 0.338712 0.788650
vt 0.338527 0.785591
vt 0.344437 0.784077
vt 0.333226 0.783439
vt 0.334003 0.779989
vt 0.335577 0.777315
vt 0.338613 0.774469
vt 0.352644 0.767546
vt 0.355480 0.769775
vt 0.335153 0.788450
vt 0.333694 0.786481
vt 0.353745 0.784294
vt 0.349851 0.785826
vt 0.761064 0.855023
vt 0.758197 0.853814
vt 0.758936 0.849976
vt 0.770445 0.850164
vt 0.768846 0.853212
vt 0.755916 0.844799
vt 0.756840 0.840448
vt 0.760339 0.840914
vt 0.759435 0.845468
vt 0.765984 0.838670
vt 0.769522 0.841426
vt 0.757671 0.837414
vt 0.760529 0.836592
vt 0.771442 0.843915
vt 0.771206 0.846671
vt 0.767121 0.855221
vt 0.764458 0.855374
vt 0.756535 0.852276
vt 0.755991 0.849204
vt 0.652876 0.630904
vt 0.649590 0.632126
vt 0.645791 0.629533
vt 0.653318 0.623988
vt 0.654416 0.625832
vt 0.636731 0.629750
vt 0.631589 0.626692
vt 0.636627 0.625000
vt 0.640803 0.627589
vt 0.637999 0.620876
vt 0.643099 0.619747
vt 0.647419 0.619463
vt 0.650689 0.621371
vt 0.655009 0.627398
vt 0.654812 0.629092
vt 0.646421 0.632132
vt 0.642473 0.631679
vt 0.632459 0.622497
vt 0.634545 0.622031
vt 0.153584 0.101238
vt 0.153361 0.100255
vt 0.160057 0.098856
vt 0.167928 0.094259
vt 0.176755 0.091672
vt 0.177756 0.092952
vt 0.168773 0.095859
vt 0.171431 0.100570
vt 0.162463 0.102923
vt 0.184335 0.089788
vt 0.185454 0.091594
vt 0.156900 0.103817
vt 0.154160 0.102818
vt 0.181181 0.089331
vt 0.183434 0.089194
vt 0.184547 0.094088
vt 0.179934 0.096973
vt 0.154723 0.098813
vt 0.159526 0.097442
vt 0.330204 0.273066
vt 0.330949 0.277991
vt 0.320826 0.282974
vt 0.299704 0.273718
vt 0.312501 0.269617
vt 0.279146 0.294119
vt 0.278574 0.288894
vt 0.309905 0.293684
vt 0.296809 0.298048
vt 0.280826 0.284223
vt 0.287745 0.279601
vt 0.288179 0.299795
vt 0.282887 0.298123
vt 0.320954 0.267889
vt 0.326265 0.269410
vt 0.328833 0.282557
vt 0.321986 0.287390
vt 0.573352 0.779305
vt 0.572346 0.772921
vt 0.581141 0.768320
vt 0.600229 0.783199
vt 0.589398 0.786227
vt 0.590133 0.757168
vt 0.601408 0.753937
vt 0.604398 0.759008
vt 0.592472 0.762962
vt 0.617652 0.761889
vt 0.618245 0.768654
vt 0.616355 0.773930
vt 0.610345 0.778258
vt 0.582047 0.787032
vt 0.577247 0.784459
vt 0.609102 0.753305
vt 0.613971 0.756215
vt 0.573980 0.767593
vt 0.579852 0.762724
vt 0.441711 0.860191
vt 0.388337 0.025436
vt 0.374539 0.031652
vt 0.612239 0.395211
vt 0.465845 0.166135
vt 0.466469 0.129010
vt 0.473870 0.138258
vt 0.498541 0.246734
vt 0.569954 0.790087
vt 0.179657 0.320473
vt 0.242027 0.423883
vt 0.234150 0.416265
vt 0.566153 0.909068
vt 0.348815 0.503637
vt 0.670650 0.803198
vt 0.660650 0.552972
vt 0.333931 0.263467
vt 0.324391 0.261211
vt 0.218594 0.021563
vt 0.223563 0.004239
vt 0.535937 0.484761
vt 0.297299 0.026779
vt 0.302459 0.026408
vt 0.579525 0.619978
vt 0.500715 0.612957
vt 0.472305 0.973172
vt 0.217330 0.056985
vt 0.411596 0.097918
vt 0.250524 0.625682
vt 0.326489 0.185820
vt 0.402097 0.116841
vt 0.429061 0.078767
vt 0.414154 0.814136
vt 0.424915 0.834974
vt 0.381855 0.729930
vt 0.299517 0.751813
vt 0.410044 0.001000
vt 0.399217 0.014615
vt 0.340643 0.031772
vt 0.604446 0.380990
vt 0.491363 0.221195
vt 0.195258 0.346156
vt 0.283692 0.273799
vt 0.276313 0.494455
vt 0.266231 0.475017
vt 0.692872 0.904029
vt 0.385541 0.458354
vt 0.629083 0.544791
vt 0.371721 0.394505
vt 0.217059 0.038741
vt 0.749204 0.861594
vt 0.596264 0.584198
vt 0.773223 0.831032
vt 0.333593 0.770237
vt 0.330228 0.777086
vt 0.652707 0.937496
vt 0.136161 0.306649
vt 0.213947 0.611736
vt 0.463887 0.409436
vt 0.401591 0.105104
vt 0.605976 0.330452
vt 0.280185 0.604527
vt 0.582138 0.968207
vt 0.561206 0.969146
vt 0.575422 0.756863
vt 0.566925 0.765784
vt 0.326255 0.292894
vt 0.336093 0.284204
vt 0.485059 0.206271
vt 0.352598 0.023788
vt 0.192743 0.086334
vt 0.187247 0.083758
vt 0.643833 0.639211
vt 0.650970 0.635735
vt 0.750235 0.851307
vt 0.753215 0.856498
vt 0.777326 0.728224
vt 0.372084 0.782832
vt 0.193062 0.061893
vt 0.425605 0.465142
vt 0.217766 0.670311
vt 0.175686 0.648758
vt 0.116977 0.301915
vt 0.600580 0.319027
vt 0.607684 0.322785
vt 0.257952 0.466841
vt 0.258338 0.457282
vt 0.255145 0.446112
vt 0.249367 0.434435
vt 0.200934 0.604635
vt 0.206241 0.609185
vt 0.252103 0.579935
vt 0.247792 0.573423
vt 0.240687 0.569190
vt 0.438451 0.068403
vt 0.433069 0.073235
vt 0.591679 0.306012
vt 0.595010 0.312925
vt 0.405202 0.438418
vt 0.394701 0.447449
vt 0.406672 0.485324
vt 0.417209 0.476362
vt 0.346131 0.760375
vt 0.339597 0.764563
vt 0.368220 0.799308
vt 0.371394 0.791725
vt 0.287781 0.022316
vt 0.292127 0.025417
vt 0.306640 0.023519
vt 0.309529 0.019066
vt 0.749650 0.837970
vt 0.749144 0.844589
vt 0.310967 0.013714
vt 0.603121 0.567442
vt 0.598850 0.574691
vt 0.625570 0.636772
vt 0.634929 0.638961
vt 0.194290 0.093763
vt 0.194879 0.089902
vt 0.340321 0.275854
vt 0.339569 0.268580
vt 0.311319 0.262574
vt 0.297032 0.267018
vt 0.298189 0.305198
vt 0.312806 0.300317
vt 0.563453 0.775129
vt 0.564604 0.783647
vt 0.600534 0.746199
vt 0.587349 0.749939
vt 0.552538 0.973638
vt 0.174403 0.668127
vt 0.483013 0.192996
vt 0.490378 0.198425
vt 0.238255 0.573073
vt 0.239652 0.571064
vt 0.226241 0.413543
vt 0.444117 0.073739
vt 0.440265 0.077378
vt 0.456034 0.103553
vt 0.599478 0.295116
vt 0.598674 0.293506
vt 0.444876 0.065996
vt 0.362337 0.773699
vt 0.359256 0.770439
vt 0.362527 0.795857
vt 0.364068 0.789992
vt 0.451724 0.995067
vt 0.449103 0.992279
vt 0.438161 0.987726
vt 0.291825 0.016915
vt 0.294628 0.018709
vt 0.307512 0.013241
vt 0.309290 0.013605
vt 0.301887 0.018182
vt 0.303840 0.015309
vt 0.765341 0.833354
vt 0.762442 0.834003
vt 0.284958 0.017835
vt 0.631707 0.569965
vt 0.625124 0.569536
vt 0.609889 0.573832
vt 0.606573 0.579431
vt 0.606799 0.603341
vt 0.611524 0.613496
vt 0.150771 0.105234
vt 0.148636 0.105860
vt 0.625798 0.964972
vt 0.625402 0.966014
vt 0.651731 0.961978
vt 0.642358 0.961940
vt 0.186826 0.090398
vt 0.226859 0.581225
vt 0.234449 0.576092
vt 0.616186 0.308318
vt 0.619868 0.310859
vt 0.447122 0.071090
vt 0.601710 0.297064
vt 0.453784 0.997861
vt 0.446539 0.990714
vt 0.444308 0.990469
vt 0.441981 0.993065
vt 0.364531 0.782838
vt 0.364504 0.777415
vt 0.769687 0.835310
vt 0.767691 0.833230
vt 0.305369 0.011932
vt 0.297886 0.019657
vt 0.300313 0.020104
vt 0.289820 0.015231
vt 0.604659 0.587305
vt 0.604012 0.595071
vt 0.618339 0.569495
vt 0.613520 0.570150
vt 0.635868 0.570137
vt 0.616907 0.620908
vt 0.622393 0.625590
vt 0.152715 0.101934
vt 0.185479 0.089425
vt 0.183435 0.087590
vt 0.657306 0.962135
vt 0.633120 0.962906
vt 0.627697 0.963613

# vertex normals
vn 0.807490 -0.487121 0.332676
vn 0.842063 -0.538982 -0.020688
vn 0.946512 -0.320242 0.039494
vn 0.867003 -0.274582 0.415824
vn 0.690508 -0.690000 0.217024
vn 0.686594 -0.720954 -0.093883
vn 0.796804 0.521727 0.304804
vn 0.710467 0.673804 0.203041
vn 0.613701 0.577289 0.538618
vn 0.669156 0.387158 0.634302
vn 0.858192 0.373403 0.352244
vn 0.898992 0.437285 0.024386
vn 0.806905 0.589063 -0.043696
vn 0.663137 -0.475288 -0.578231
vn 0.614115 -0.407437 -0.675913
vn 0.647402 -0.206405 -0.733667
vn 0.723237 -0.253096 -0.642551
vn 0.576680 -0.642779 -0.504258
vn 0.545755 -0.581792 -0.603050
vn 0.729869 -0.543761 -0.414265
vn 0.614667 -0.702848 -0.358036
vn 0.701658 0.467296 -0.537876
vn 0.746201 0.243525 -0.619581
vn 0.657066 0.184322 -0.730951
vn 0.638987 0.379836 -0.668895
vn 0.741848 0.554402 -0.377226
vn 0.835260 0.315501 -0.450334
vn -0.778595 -0.480232 0.403939
vn -0.706319 -0.385032 0.594023
vn -0.721169 -0.173062 0.670794
vn -0.835127 -0.238843 0.495497
vn -0.702253 -0.647467 0.296019
vn -0.670333 -0.565212 0.480821
vn -0.713685 0.518788 0.470651
vn -0.614265 0.677926 0.403850
vn -0.639351 0.721755 0.265141
vn -0.760237 0.568979 0.313532
vn -0.795827 0.290542 0.531268
vn -0.694138 0.239298 0.678903
vn -0.647734 0.445878 0.617765
vn -0.670699 -0.664255 -0.330042
vn -0.800733 -0.598330 0.028760
vn -0.916689 -0.396466 0.049952
vn -0.833228 -0.425423 -0.353195
vn -0.827634 0.544796 -0.134980
vn -0.696099 0.716126 -0.051084
vn -0.627003 0.640952 -0.442773
vn -0.702778 0.440561 -0.558578
vn -0.786064 0.549149 0.283794
vn -0.616362 0.707376 0.346001
vn 0.318192 -0.463147 0.827193
vn 0.204135 -0.557986 0.804351
vn 0.173088 -0.566917 0.805386
vn 0.249042 -0.535710 0.806841
vn 0.373028 -0.382160 0.845461
vn 0.406847 -0.263822 0.874570
vn 0.404326 -0.306677 0.861667
vn 0.325863 -0.462506 0.824562
vn 0.215043 -0.533911 0.817738
vn 0.167015 0.469284 0.867109
vn -0.054170 0.700038 0.712048
vn -0.038519 0.673623 0.738071
vn 0.099882 0.443447 0.890718
vn 0.361805 0.332501 0.870942
vn 0.303812 0.537961 0.786318
vn 0.101613 0.633291 0.767214
vn 0.297437 0.188576 0.935933
vn 0.399051 0.156087 0.903546
vn 0.296038 -0.536398 -0.790341
vn 0.104310 -0.631049 -0.768698
vn 0.152757 -0.393567 -0.906516
vn 0.336348 -0.315841 -0.887195
vn 0.579777 -0.380467 -0.720489
vn 0.437745 -0.663382 -0.606881
vn 0.189783 -0.766226 -0.613905
vn 0.301171 0.284651 -0.910093
vn 0.175307 0.342289 -0.923096
vn 0.159669 0.479967 -0.862634
vn 0.196753 0.454886 -0.868543
vn 0.327675 0.223415 -0.917995
vn 0.171494 0.231855 -0.957514
vn 0.573372 0.160864 -0.803348
vn 0.589219 0.174722 -0.788856
vn 0.249986 -0.936182 0.247124
vn 0.134956 -0.943146 0.303748
vn 0.158795 -0.987308 -0.002755
vn 0.285941 -0.957980 -0.022643
vn 0.222134 -0.835216 0.503062
vn 0.102509 -0.814294 0.571330
vn 0.227384 0.924429 0.306151
vn 0.406825 0.889722 0.207095
vn 0.456598 0.885651 -0.084499
vn 0.310989 0.950239 0.018196
vn 0.134234 0.842000 0.522511
vn 0.325105 0.816055 0.477871
vn 0.271582 -0.843584 -0.463259
vn 0.309633 -0.890893 -0.332321
vn 0.203267 -0.911011 -0.358806
vn 0.177102 -0.863788 -0.471705
vn 0.223681 -0.794406 -0.564700
vn 0.339355 -0.768608 -0.542292
vn 0.376605 -0.815311 -0.439814
vn 0.281527 0.876081 -0.391439
vn 0.290381 0.780591 -0.553495
vn 0.149302 0.817541 -0.556180
vn 0.128310 0.905404 -0.404697
vn 0.540124 0.764987 -0.350800
vn 0.542383 0.685503 -0.485702
vn -0.316997 -0.438989 0.840715
vn -0.136313 -0.470357 0.871885
vn -0.149798 -0.338777 0.928865
vn -0.301771 -0.305176 0.903217
vn -0.531100 -0.372710 0.760933
vn -0.517748 -0.491369 0.700352
vn -0.312573 -0.546740 0.776771
vn -0.321944 0.391394 0.862069
vn -0.494751 0.344998 0.797620
vn -0.532575 0.126017 0.836949
vn -0.318963 0.153152 0.935311
vn -0.193933 0.441274 0.876167
vn -0.197355 0.646311 0.737112
vn -0.294154 0.617162 0.729784
vn -0.270208 -0.735926 -0.620807
vn -0.295904 -0.700778 -0.649116
vn -0.385375 -0.457761 -0.801212
vn -0.384362 -0.474371 -0.791983
vn -0.168805 -0.833901 -0.525465
vn -0.134845 -0.863904 -0.485270
vn -0.176930 -0.853055 -0.490911
vn -0.260562 0.370997 -0.891330
vn -0.376863 0.335146 -0.863511
vn -0.341468 0.533654 -0.773701
vn -0.217899 0.552179 -0.804748
vn -0.305832 0.201338 -0.930554
vn -0.402199 0.166094 -0.900361
vn -0.175913 0.387903 -0.904757
vn -0.212185 0.236547 -0.948168
vn -0.279799 -0.897330 0.341339
vn -0.460157 -0.827163 0.322578
vn -0.426542 -0.891218 0.154246
vn -0.247892 -0.962121 0.113460
vn -0.317274 -0.807106 0.497914
vn -0.474594 -0.754811 0.452793
vn -0.314503 0.890415 0.329012
vn -0.211031 0.916502 0.339838
vn -0.199468 0.963521 0.178438
vn -0.315601 0.930568 0.185580
vn -0.302654 0.825378 0.476604
vn -0.193036 0.838586 0.509423
vn -0.250938 -0.884211 -0.393955
vn -0.209089 -0.824865 -0.525242
vn -0.100174 -0.815151 -0.570521
vn -0.129055 -0.885295 -0.446763
vn -0.342773 0.903988 -0.255563
vn -0.256641 0.854240 -0.452117
vn -0.346622 0.855060 -0.385649
vn -0.391735 0.910916 -0.129526
vn -0.220936 0.869853 -0.441071
vn -0.182910 0.840251 -0.510414
vn -0.416604 0.903316 0.102277
vn -0.430143 0.897706 0.095397
vn -0.344011 0.928036 -0.142845
vn 0.758518 -0.542581 -0.360910
vn 0.623038 -0.710120 -0.327953
vn 0.616577 -0.751061 -0.236094
vn 0.775322 -0.579230 -0.251731
vn 0.732565 -0.497229 -0.464878
vn 0.635481 -0.671361 -0.381364
vn 0.658811 0.592955 -0.463005
vn 0.573982 0.641878 -0.508466
vn 0.591825 0.586639 -0.552809
vn 0.603419 0.477995 -0.638283
vn 0.779811 0.412352 -0.471021
vn 0.837659 0.449130 -0.310821
vn 0.726962 0.627365 -0.279178
vn 0.344833 -0.923643 -0.167254
vn 0.208977 -0.960908 -0.181619
vn 0.206345 -0.977004 0.053712
vn 0.302770 -0.949754 0.079354
vn 0.408913 -0.912468 0.013895
vn 0.428558 -0.900360 -0.075429
vn 0.269035 0.883679 -0.383056
vn 0.407086 0.832959 -0.374781
vn 0.412997 0.886091 -0.210420
vn 0.271137 0.937600 -0.217694
vn -0.204841 0.902970 0.377737
vn -0.164553 0.978892 0.121214
vn -0.122911 0.982265 0.141594
vn -0.157102 0.917156 0.366256
vn -0.668129 -0.301859 0.680063
vn -0.651268 -0.414940 0.635354
vn -0.737645 -0.374567 0.561764
vn -0.742896 -0.292494 0.602123
vn -0.616277 -0.297013 0.729374
vn -0.596083 -0.433737 0.675690
vn -0.690755 -0.148497 0.707676
vn -0.636633 -0.135847 0.759108
vn -0.313922 0.829918 0.461182
vn -0.395965 0.821998 0.409306
vn -0.425309 0.825673 0.370643
vn -0.340460 0.891271 0.299536
vn -0.183054 0.862719 0.471388
vn -0.177480 0.798268 0.575560
vn -0.281427 0.773994 0.567215
vn -0.680148 0.333897 0.652618
vn -0.702986 0.146553 0.695940
vn -0.737462 0.124479 0.663818
vn -0.712830 0.310825 0.628699
vn -0.628112 0.354661 0.692598
vn -0.649854 0.168759 0.741087
vn -0.605315 0.541616 0.583306
vn -0.564530 0.538656 0.625425
vn -0.710848 -0.685283 0.158372
vn -0.651054 -0.757460 0.048809
vn -0.716904 -0.697171 -0.000956
vn -0.737454 -0.675128 0.019091
vn -0.623645 -0.748374 0.225841
vn -0.602859 -0.794041 0.077845
vn -0.705957 -0.617522 0.346830
vn -0.618111 -0.686448 0.383051
vn -0.241614 -0.911235 -0.333577
vn -0.419588 -0.860545 -0.288806
vn -0.402708 -0.885680 -0.231080
vn -0.251067 -0.937057 -0.242671
vn -0.176961 0.799252 0.574352
vn -0.191105 0.783454 0.591336
vn -0.139751 0.792636 0.593463
vn -0.140044 0.816439 0.560192
vn -0.193213 0.814797 0.546603
vn -0.219821 0.781750 0.583563
vn -0.656360 -0.508016 0.557774
vn -0.731697 -0.569839 0.374035
vn -0.832403 -0.354886 0.425630
vn -0.760676 -0.288675 0.581412
vn -0.593538 -0.683953 0.424170
vn -0.623227 -0.728985 0.283140
vn -0.573201 -0.401858 0.714108
vn -0.582090 -0.501652 0.639935
vn -0.564614 -0.574505 0.592583
vn -0.291277 -0.932912 -0.211737
vn -0.244489 -0.921521 -0.301702
vn -0.314745 -0.867832 -0.384453
vn -0.363594 -0.892876 -0.265653
vn -0.712470 0.515817 0.475731
vn -0.592646 0.666401 0.452416
vn -0.564034 0.608095 0.558647
vn -0.645636 0.451130 0.616146
vn -0.756324 0.566993 0.326331
vn -0.627565 0.715066 0.307966
vn -0.797792 0.345448 0.494160
vn -0.860760 0.370297 0.349245
vn 0.146198 -0.890520 -0.430814
vn 0.289507 -0.858196 -0.423894
vn 0.303247 -0.799107 -0.519104
vn 0.170668 -0.830146 -0.530783
vn 0.761659 -0.302375 -0.573102
vn 0.668927 -0.537927 -0.513003
vn 0.719093 -0.525527 -0.454672
vn 0.823548 -0.264248 -0.501938
vn 0.667462 -0.332285 -0.666394
vn 0.591129 -0.540077 -0.599068
vn 0.784358 -0.119956 -0.608600
vn 0.688804 -0.145305 -0.710236
vn 0.780149 0.261823 -0.568169
vn 0.778309 0.142091 -0.611593
vn 0.853999 0.125545 -0.504900
vn 0.860052 0.195922 -0.471090
vn 0.672982 0.308742 -0.672142
vn 0.680138 0.153338 -0.716869
vn 0.788271 0.352438 -0.504396
vn 0.678354 0.432965 -0.593614
vn 0.761650 0.573624 -0.301405
vn 0.765895 0.492314 -0.413560
vn 0.849428 0.408839 -0.333650
vn 0.835904 0.492378 -0.242546
vn 0.660642 0.658406 -0.360631
vn 0.653206 0.574520 -0.493204
vn 0.731247 0.679054 -0.064534
vn 0.652054 0.745835 -0.136219
vn 0.226743 0.846385 0.481892
vn 0.392733 0.795204 0.461964
vn 0.363798 0.811618 0.457086
vn 0.167571 0.851340 0.497132
vn 0.285190 0.894344 0.344696
vn 0.427248 0.844062 0.324065
vn 0.107071 0.896188 0.430561
vn 0.146893 0.942290 0.300852
vn -0.131437 -0.898735 -0.418329
vn -0.065863 -0.895832 -0.439486
vn -0.076860 -0.828853 -0.554162
vn -0.159185 -0.830706 -0.533467
vn -0.290936 0.865671 0.407393
vn -0.186362 0.892310 0.411160
vn -0.195554 0.848682 0.491424
vn -0.294118 0.822008 0.487645
vn -0.293663 0.914973 0.276742
vn -0.154250 0.943999 0.291672
vn -0.395297 0.825500 0.402852
vn -0.413300 0.867816 0.275822
vn 0.891190 -0.077320 0.446991
vn 0.991663 -0.104219 0.075776
vn 0.988284 0.130133 0.079748
vn 0.904372 0.132571 0.405631
vn 0.805669 -0.544141 -0.234112
vn 0.647312 -0.708050 -0.282228
vn 0.777855 -0.521120 -0.351247
vn 0.504320 -0.367222 0.781543
vn 0.669446 -0.404572 0.623028
vn 0.666695 -0.190588 0.720552
vn 0.511452 -0.234096 0.826811
vn 0.542317 -0.826098 0.153149
vn 0.605958 -0.597243 0.525467
vn 0.489562 -0.743054 0.456288
vn 0.349414 -0.816177 0.460179
vn 0.390469 -0.903244 0.177999
vn 0.757444 0.636071 -0.147283
vn 0.887828 0.458038 -0.044295
vn 0.805432 0.569859 -0.162909
vn 0.708296 0.643848 -0.289443
vn 0.653680 0.702737 -0.280827
vn 0.512946 0.309199 0.800801
vn 0.467997 0.509641 0.721973
vn 0.576264 0.801598 0.159252
vn 0.705179 0.698730 -0.120409
vn 0.590799 0.795043 -0.137344
vn 0.751620 -0.002465 -0.659592
vn 0.657926 -0.008631 -0.753033
vn 0.618979 -0.363812 -0.696065
vn 0.551833 -0.551126 -0.625892
vn 0.476868 -0.753393 -0.452765
vn 0.501772 -0.803935 -0.319239
vn 0.405703 -0.861297 -0.305897
vn 0.625027 0.333125 -0.705953
vn 0.638052 0.159478 -0.753297
vn 0.628291 0.671412 -0.393010
vn 0.646983 0.617047 -0.447958
vn 0.611615 0.528062 -0.589133
vn 0.606622 0.587590 -0.535488
vn -0.839275 0.025883 0.543091
vn -0.714792 0.033113 0.698552
vn -0.754819 -0.591398 0.283718
vn -0.790369 -0.553268 0.263079
vn -0.889037 -0.299947 0.345898
vn -0.852327 -0.397976 0.339344
vn -0.642797 -0.315985 0.697829
vn -0.626191 -0.460318 0.629279
vn -0.645781 -0.728376 0.228987
vn -0.685976 -0.709527 0.161271
vn -0.621614 -0.777258 0.097294
vn -0.767932 0.582254 0.266948
vn -0.639996 0.731406 0.235480
vn -0.617686 0.390548 0.682595
vn -0.645845 0.199008 0.737076
vn -0.521490 0.774417 0.358228
vn -0.573950 0.610966 0.545255
vn -0.491998 0.714758 0.497051
vn -0.405308 0.780495 0.475975
vn -0.427751 0.840585 0.332334
vn -0.941994 0.087133 -0.324124
vn -0.969767 0.176119 0.168922
vn -0.905821 0.355890 0.229851
vn -0.914930 0.323280 -0.241646
vn -0.935015 -0.105124 -0.338668
vn -0.993667 0.000578 0.112360
vn -0.388452 -0.679397 -0.622514
vn -0.507613 -0.660254 -0.553528
vn -0.668546 -0.303186 -0.679062
vn -0.479894 -0.425968 -0.766976
vn -0.298388 -0.936423 -0.184601
vn -0.454549 -0.855989 -0.246310
vn -0.330695 -0.863601 -0.380570
vn -0.223414 -0.937569 -0.266555
vn -0.192863 -0.952842 -0.234298
vn -0.240166 -0.956926 -0.163137
vn -0.526032 0.350737 -0.774773
vn -0.486671 0.556018 -0.673792
vn -0.532463 0.844666 -0.054976
vn -0.504538 0.825279 0.253684
vn -0.410031 0.896780 0.166317
vn 0.356046 0.108912 0.928100
vn 0.417772 0.049971 0.907177
vn 0.424685 -0.037145 0.904579
vn 0.426772 -0.052817 0.902816
vn 0.222289 -0.680897 0.697831
vn 0.143958 -0.678240 0.720602
vn -0.078368 -0.511994 0.855407
vn -0.145892 -0.356652 0.922776
vn 0.026073 -0.577840 0.815733
vn 0.035702 -0.546171 0.836913
vn -0.071543 -0.487500 0.870187
vn -0.154563 -0.359797 0.920140
vn 0.084645 0.741884 0.665164
vn 0.279170 0.695368 0.662214
vn -0.043245 0.453779 0.890064
vn -0.065725 0.698788 0.712303
vn -0.077677 0.691606 0.718086
vn -0.086164 0.472288 0.877223
vn 0.006348 0.437006 0.899436
vn 0.346155 0.085539 -0.934270
vn 0.165364 0.117281 -0.979234
vn 0.346212 -0.092371 -0.933598
vn 0.172395 -0.057813 -0.983330
vn 0.124386 -0.890027 -0.438611
vn 0.307657 -0.843824 -0.439668
vn 0.275483 -0.890756 -0.361473
vn 0.121407 -0.924453 -0.361452
vn 0.074324 -0.697195 -0.713018
vn 0.054392 -0.808251 -0.586321
vn 0.013793 -0.827818 -0.560828
vn -0.016658 -0.850116 -0.526331
vn 0.005638 -0.815962 -0.578079
vn 0.070296 -0.593687 -0.801620
vn 0.151449 -0.422627 -0.893560
vn 0.145160 -0.427334 -0.892365
vn 0.282001 0.752147 -0.595609
vn 0.163944 0.749439 -0.641454
vn 0.192051 0.676759 -0.710714
vn 0.155590 0.663336 -0.731968
vn 0.051395 0.374538 -0.925786
vn 0.063512 0.231271 -0.970814
vn -0.054286 0.244583 -0.968108
vn -0.069921 0.388165 -0.918934
vn 0.309482 -0.924504 -0.222517
vn 0.205389 -0.956618 -0.206633
vn 0.205786 -0.931818 -0.298945
vn 0.314464 -0.893322 -0.321074
vn 0.026718 -0.938882 0.343202
vn -0.006893 -0.822563 0.568632
vn -0.146177 -0.801492 0.579864
vn -0.100168 -0.928764 0.356880
vn 0.332977 0.907185 -0.257179
vn 0.454443 0.838974 -0.299341
vn 0.439458 0.798302 -0.411814
vn 0.300859 0.863741 -0.404271
vn -0.129977 0.894733 0.427269
vn 0.036567 0.918197 0.394433
vn 0.126577 0.983188 0.131601
vn -0.056596 0.982117 0.179563
vn -0.166691 0.975227 0.145421
vn -0.221362 0.887929 0.403213
vn -0.022184 -0.873701 -0.485957
vn -0.040225 -0.937729 -0.345031
vn -0.152366 -0.942647 -0.296988
vn 0.077079 -0.872198 -0.483042
vn 0.074263 -0.926431 -0.369066
vn 0.085317 0.908677 -0.408690
vn 0.067684 0.835584 -0.545178
vn -0.021024 0.836260 -0.547930
vn -0.017904 0.870508 -0.491829
vn 0.044432 0.973554 -0.224093
vn 0.120033 0.991403 -0.052089
vn 0.121296 0.987351 -0.102106
vn -0.317328 0.001265 0.948315
vn -0.139959 0.031996 0.989640
vn -0.135069 0.207662 0.968831
vn -0.301912 -0.127100 0.944825
vn -0.151713 -0.100488 0.983303
vn -0.313998 -0.633654 0.707028
vn -0.506073 -0.565678 0.651075
vn -0.493186 -0.635878 0.593656
vn -0.330804 -0.707142 0.624915
vn -0.309802 0.682378 0.662105
vn -0.199486 0.668037 0.716890
vn -0.308692 0.681616 0.663408
vn -0.397000 0.720133 0.569034
vn -0.383256 0.738766 0.554383
vn -0.355972 0.111286 -0.927847
vn -0.420618 0.027480 -0.906822
vn -0.424282 -0.089866 -0.901060
vn -0.430188 -0.129882 -0.893347
vn -0.128800 -0.913828 -0.385136
vn -0.093679 -0.909099 -0.405910
vn -0.055178 -0.931822 -0.358696
vn -0.108018 -0.937173 -0.331721
vn -0.216886 0.727611 -0.650802
vn -0.326224 0.725017 -0.606572
vn -0.221784 -0.964459 -0.143634
vn -0.392610 -0.916854 -0.072364
vn -0.433959 -0.860713 -0.266182
vn -0.222987 -0.919393 -0.324026
vn -0.304296 0.936468 0.174449
vn -0.174064 0.971762 0.159310
vn 0.766971 -0.580978 -0.272435
vn 0.631252 -0.731206 -0.258571
vn 0.736090 0.612751 -0.287590
vn 0.834697 0.444486 -0.325137
vn 0.332828 -0.863679 -0.378530
vn 0.205781 -0.885024 -0.417596
vn 0.410440 -0.848457 -0.334154
vn 0.385507 -0.842299 -0.376719
vn 0.281114 -0.835342 -0.472418
vn 0.191664 -0.854429 -0.482924
vn 0.296090 0.952194 0.075208
vn 0.432572 0.899352 0.063625
vn -0.158809 0.922228 0.352526
vn -0.131606 0.977566 0.164454
vn -0.652677 -0.316734 0.688253
vn -0.627430 -0.439165 0.643013
vn -0.720179 -0.298066 0.626498
vn -0.696671 -0.396534 0.597838
vn -0.294635 0.782988 0.547833
vn -0.194942 0.801558 0.565245
vn -0.644308 0.307554 0.700198
vn -0.681485 0.112633 0.723112
vn -0.527396 -0.803235 0.276890
vn -0.547380 -0.822066 0.156788
vn -0.618403 -0.777047 0.117372
vn -0.639326 -0.763220 0.093586
vn -0.288951 -0.923674 -0.251661
vn -0.418736 -0.889964 -0.180623
vn -0.393310 -0.898302 -0.195859
vn -0.279143 -0.926145 -0.253643
vn -0.274723 -0.918032 -0.285911
vn -0.481761 0.698620 0.528996
vn -0.375097 0.772693 0.512101
vn -0.375985 0.734524 0.564898
vn -0.469235 0.667532 0.578117
vn -0.139990 0.776657 0.614172
vn -0.081924 0.715434 0.693861
vn -0.179822 0.759615 0.625020
vn -0.181999 0.817615 0.546244
vn -0.091134 0.865995 0.491678
vn -0.132505 0.796174 0.590380
vn -0.144395 0.795074 0.589074
vn -0.120267 0.863576 0.489667
vn 0.013659 0.956284 0.292120
vn 0.075565 0.946838 0.312710
vn -0.051659 0.902909 0.426716
vn -0.202572 0.785163 0.585222
vn -0.209056 0.821496 0.530509
vn -0.155775 0.836946 0.524649
vn -0.146780 0.797284 0.585486
vn -0.578134 -0.805103 -0.132551
vn -0.542699 -0.835744 -0.083723
vn -0.056384 0.985496 -0.160055
vn 0.104952 0.934516 -0.340096
vn 0.116514 0.974251 -0.193029
vn -0.027273 0.997254 -0.068850
vn -0.704574 -0.454677 0.544834
vn -0.595805 -0.543785 0.591029
vn -0.598920 -0.636616 0.485813
vn -0.696834 -0.562199 0.445370
vn -0.834654 -0.315458 0.451485
vn -0.796325 -0.276039 0.538209
vn -0.761659 -0.343662 0.549337
vn -0.700558 -0.003649 0.713586
vn -0.647627 0.013603 0.761836
vn 0.505057 -0.809426 -0.299579
vn 0.418663 -0.862295 -0.284902
vn 0.435219 -0.887517 -0.151322
vn 0.507736 -0.840650 -0.188447
vn 0.525046 0.769793 -0.362968
vn 0.608905 0.705254 -0.363114
vn 0.631052 0.739188 -0.235318
vn 0.537972 0.814907 -0.215668
vn 0.865294 -0.094833 -0.492213
vn 0.859619 -0.342722 -0.378942
vn 0.895082 -0.361322 -0.261294
vn 0.950804 -0.066914 -0.302479
vn 0.918432 0.240958 -0.313724
vn 0.854578 0.216554 -0.472018
vn 0.748527 0.019601 -0.662815
vn 0.791285 -0.107609 -0.601905
vn 0.791153 -0.245112 -0.560354
vn -0.018589 -0.986999 -0.159650
vn -0.117091 -0.947085 -0.298863
vn -0.140124 -0.970966 -0.193881
vn -0.119800 -0.989878 -0.076095
vn 0.019542 -0.996452 0.081868
vn 0.113834 -0.992113 0.052472
vn 0.113275 -0.977201 -0.179574
vn -0.796747 -0.546958 0.256966
vn -0.915320 -0.347283 0.203922
vn -0.674972 -0.601462 0.427383
vn -0.705840 -0.521373 0.479542
vn -0.807663 -0.448944 0.382269
vn -0.897072 -0.306113 0.318679
vn -0.387095 -0.874494 -0.292264
vn -0.337123 -0.839934 -0.425276
vn -0.301601 -0.830174 -0.468879
vn -0.352090 -0.873911 -0.335129
vn -0.710502 0.517479 0.476868
vn -0.570040 0.649244 0.503524
vn -0.666527 0.473338 0.575929
vn 0.193615 -0.796076 -0.573390
vn 0.316902 -0.767490 -0.557254
vn 0.771599 -0.270338 -0.575806
vn 0.650716 -0.553439 -0.519879
vn 0.876413 0.125166 -0.465009
vn 0.849723 0.119768 -0.513446
vn 0.797856 0.123516 -0.590060
vn 0.810946 0.097273 -0.576979
vn 0.881533 0.098134 -0.461811
vn 0.916027 0.157255 -0.369005
vn 0.910537 0.179510 -0.372422
vn 0.798487 0.545906 -0.253782
vn 0.833970 0.437984 -0.335654
vn 0.764807 0.521652 -0.378086
vn 0.721901 0.626355 -0.294175
vn 0.166747 0.917732 0.360505
vn 0.392659 0.877264 0.276094
vn 0.493399 0.868498 -0.047634
vn 0.184026 0.963949 0.192191
vn -0.177792 -0.804174 -0.567182
vn -0.083224 -0.798216 -0.596595
vn -0.313364 0.789092 0.528334
vn -0.204573 0.804635 0.557416
vn -0.286790 0.796346 0.532527
vn -0.372071 0.811441 0.450696
vn -0.380076 0.807090 0.451828
vn 0.486901 -0.748315 -0.450502
vn 0.456476 -0.707435 -0.539598
vn -0.214394 -0.912733 -0.347784
vn -0.183470 -0.904736 -0.384437
vn -0.233163 -0.837615 -0.494000
vn -0.277853 -0.849336 -0.448806
vn -0.006813 0.914411 0.404729
vn -0.004520 0.961507 0.274743
vn -0.105865 0.907506 0.406480
vn -0.004395 -0.893797 -0.448451
vn 0.057855 -0.893872 -0.444574
vn 0.072504 -0.832506 -0.549251
vn -0.003205 -0.829640 -0.558290
vn 0.783005 0.022376 -0.621613
vn 0.686719 0.009463 -0.726862
vn -0.488223 0.765846 0.418472
vn -0.516892 0.806426 0.287228
vn -0.492535 -0.837774 0.235676
vn -0.371383 -0.928047 -0.028349
vn -0.426857 -0.899564 -0.092620
vn -0.523997 -0.842641 0.124028
vn -0.799044 0.143150 0.583983
vn -0.914381 0.106327 0.390644
vn -0.820161 -0.128969 0.557407
vn -0.898570 -0.183237 0.398742
vn 0.598242 0.759302 0.256059
vn 0.570933 0.808551 0.142409
vn 0.775036 0.436161 -0.457256
vn 0.655890 0.510823 -0.555759
vn 0.790060 0.386511 -0.475830
vn 0.924817 -0.044125 -0.377845
vn 0.880049 -0.349112 -0.321923
vn 0.821179 -0.306544 -0.481348
vn 0.855519 -0.008732 -0.517699
vn 0.900412 0.248823 -0.356855
vn -0.929227 0.067949 0.363208
vn -0.917250 0.029306 0.397232
vn -0.867929 0.332796 0.368708
vn -0.878674 0.360715 0.312757
vn -0.908864 -0.218601 0.355219
vn 0.533081 0.033668 0.845394
vn 0.691272 -0.011690 0.722500
vn 0.715575 0.196519 0.670323
vn 0.528607 0.153061 0.834954
vn 0.520620 -0.074643 0.850520
vn 0.643692 -0.003810 -0.765275
vn 0.642441 -0.173161 -0.746515
vn 0.422076 -0.640485 0.641585
vn 0.464176 -0.518967 0.717784
vn 0.335344 -0.504064 0.795905
vn 0.324396 -0.661391 0.676261
vn 0.508430 -0.821652 -0.257655
vn 0.415562 -0.868179 -0.271246
vn 0.503318 -0.829777 -0.241122
vn 0.423571 -0.863755 -0.272977
vn 0.415101 0.648614 0.637959
vn 0.494817 0.730245 0.471060
vn 0.443644 -0.690087 -0.571804
vn 0.449494 -0.702384 -0.551917
vn 0.601368 0.538533 -0.590202
vn 0.606876 0.475952 -0.636530
vn 0.569826 0.819930 -0.054885
vn 0.631572 0.750355 -0.195152
vn 0.645935 0.736821 -0.199657
vn 0.662614 0.697371 -0.273161
vn -0.650619 0.028903 0.758854
vn -0.649627 -0.136672 0.747867
vn -0.031925 -0.691955 0.721234
vn -0.131014 -0.675930 0.725227
vn 0.042266 -0.683379 0.728839
vn 0.032030 -0.585434 0.810087
vn -0.041094 -0.578905 0.814359
vn -0.074815 0.098420 0.992329
vn 0.039180 0.191876 0.980637
vn 0.039875 0.218020 0.975129
vn -0.032992 0.198500 0.979545
vn -0.146252 -0.071111 0.986688
vn -0.152440 -0.058455 0.986583
vn -0.063743 0.084226 0.994406
vn 0.085277 0.157852 -0.983774
vn 0.155928 -0.033461 -0.987202
vn 0.140529 -0.041939 -0.989188
vn 0.041684 0.100026 -0.994111
vn -0.049486 0.221174 -0.973978
vn -0.541846 -0.006698 -0.840451
vn -0.718306 0.001415 -0.695726
vn -0.725302 0.228263 -0.649486
vn -0.537213 0.170675 -0.825998
vn -0.523339 -0.176618 -0.833620
vn 0.056877 0.746034 -0.663475
vn -0.040396 0.740875 -0.670427
vn -0.610168 -0.538519 0.581113
vn -0.621913 -0.611278 0.489452
vn -0.073051 -0.916156 -0.394108
vn -0.164988 -0.943611 -0.287015
vn 0.069208 -0.900986 -0.428292
vn 0.079444 -0.868849 -0.488662
vn -0.020903 -0.876767 -0.480460
vn -0.155774 -0.924218 -0.348649
vn -0.169550 -0.932089 -0.320098
vn -0.473355 0.675884 0.564904
vn -0.555538 0.562110 0.612707
vn -0.387329 0.741968 0.547229
vn -0.137556 0.802233 0.580948
vn -0.150162 0.844704 0.513738
vn -0.148269 0.801017 0.579990
vn -0.530778 0.820946 0.210530
vn -0.535206 0.813130 0.228852
vn -0.425402 0.885078 0.188868
vn -0.303566 -0.820987 -0.483558
vn -0.263552 -0.811973 -0.520807
vn 0.000883 -0.796961 -0.604031
vn -0.003320 -0.804275 -0.594249
vn 0.088451 -0.799205 -0.594515
vn 0.108415 -0.807959 -0.579180
vn -0.536319 -0.844011 0.002633
vn -0.646895 -0.739679 0.185477
vn -0.437602 -0.888582 -0.137570
vn -0.430187 0.705534 -0.563170
vn -0.486160 0.791129 -0.371164
vn -0.033782 0.995041 0.093552
vn 0.146703 0.987301 0.060947
vn -0.463816 0.646283 0.605965
vn -0.555627 0.516685 0.651395
vn -0.417730 0.567510 0.709530
vn -0.366366 0.693940 0.619857
vn -0.483892 0.701572 0.523111
vn -0.620944 0.557878 0.550637
vn -0.029791 0.794477 0.606563
vn -0.100263 0.796121 0.596773
vn -0.052551 0.724155 0.687632
vn -0.026323 0.874826 0.483722
vn 0.122066 0.883404 0.452435
vn 0.079212 0.797949 0.597498
vn -0.193390 0.767652 0.610992
vn -0.085951 0.762538 0.641208
vn -0.044810 0.831229 0.554121
vn -0.175675 0.811484 0.557344
vn -0.235798 0.772628 0.589445
vn -0.510365 -0.859880 0.011620
vn -0.574356 -0.814665 -0.080221
vn 0.009915 0.998395 -0.055756
vn 0.162072 0.974003 -0.158275
vn 0.132547 0.931749 -0.338045
vn -0.044695 0.988450 -0.144806
vn -0.575617 -0.497113 0.649264
vn -0.506558 -0.613831 0.605483
vn -0.673627 -0.389547 0.628076
vn -0.658229 -0.367369 0.657096
vn -0.560702 -0.488428 0.668619
vn -0.687433 -0.036152 0.725347
vn -0.543076 -0.029483 0.839166
vn -0.675543 -0.165657 0.718470
vn -0.511224 -0.198894 0.836117
vn -0.737044 -0.020621 0.675531
vn -0.734411 -0.167973 0.657591
vn 0.519295 -0.800286 -0.299793
vn 0.542006 -0.830945 -0.125536
vn 0.503433 -0.785275 -0.360413
vn 0.414581 -0.868376 -0.272114
vn 0.409784 -0.842265 -0.350238
vn 0.567686 0.765341 -0.303290
vn 0.663635 0.698951 -0.266562
vn 0.548881 0.742460 -0.384034
vn 0.987087 -0.137537 -0.082119
vn 0.923724 -0.338405 -0.179490
vn 0.988086 0.153884 -0.002513
vn 0.920903 -0.282909 -0.268142
vn 0.943795 -0.122853 -0.306852
vn 0.989232 0.020524 -0.144910
vn 0.027011 -0.986206 -0.163303
vn -0.081974 -0.983207 -0.163047
vn -0.094994 -0.944142 -0.315551
vn 0.011985 -0.956317 -0.292087
vn 0.116267 -0.974798 -0.190399
vn 0.038923 -0.996926 0.067991
vn 0.490737 -0.757318 -0.430868
vn 0.503066 -0.769894 -0.392668
vn -0.184077 -0.930194 -0.317577
vn -0.256828 -0.860336 -0.440296
vn -0.206043 -0.852566 -0.480288
vn -0.157930 -0.919819 -0.359154
vn -0.165675 -0.947890 -0.272131
vn 0.020317 0.891414 0.452734
vn -0.011443 0.888476 0.458781
vn 0.062281 0.880701 0.469561
vn 0.051477 0.916258 0.397268
vn -0.065316 0.844444 0.531647
vn -0.089644 0.874714 0.476276
vn 0.087319 0.951407 0.295297
vn 0.129124 0.937261 0.323833
vn 0.039525 0.880027 0.473276
vn -0.001446 -0.900768 -0.434297
vn 0.039222 -0.897789 -0.438676
vn 0.044493 -0.928011 -0.369886
vn -0.003823 -0.929327 -0.369239
vn -0.031905 -0.902754 -0.428973
vn 0.836438 0.031672 -0.547146
vn 0.853753 0.029922 -0.519817
vn 0.847914 -0.096642 -0.521251
vn 0.813162 -0.095002 -0.574232
vn 0.780268 0.044180 -0.623883
vn -0.453819 0.728888 0.512612
vn -0.456490 0.724793 0.516034
vn -0.375359 0.786066 0.491127
vn -0.372693 0.783248 0.497617
vn -0.459244 0.758712 0.462007
vn -0.537417 -0.832308 0.135816
vn -0.679013 -0.698238 0.226725
vn -0.613956 -0.789321 -0.005547
vn -0.425805 -0.904322 -0.029861
vn -0.495208 -0.831036 0.253277
vn -0.634879 -0.651604 0.415141
vn -0.882579 0.252290 0.396743
vn -0.817832 0.350557 0.456355
vn -0.962660 0.044650 0.267008
vn -0.935596 0.042834 0.350464
vn -0.864394 0.207090 0.458188
vn -0.764035 0.315842 0.562578
vn -0.748072 0.337354 0.571472
vn 0.587272 0.788950 0.180750
vn 0.708748 0.704215 -0.041934
vn 0.609826 0.747140 0.264376
vn 0.778992 0.626538 -0.024927
vn 0.866134 0.398743 -0.301358
vn 0.781897 0.520494 -0.343107
vn 0.907955 0.305344 -0.287024
vn 0.913567 0.306106 -0.267758
vn 0.868989 0.423499 -0.255944
vn 0.178894 0.578661 -0.795706
vn 0.149866 0.581377 -0.799713
vn 0.740575 0.111585 -0.662644
vn 0.745947 0.134373 -0.652309
vn 0.704123 0.592645 -0.391130
vn 0.540205 0.695400 -0.473917
vn 0.703539 0.579400 -0.411495
vn 0.916310 0.241462 -0.319486
vn 0.923887 0.225093 -0.309460
vn 0.741025 0.392577 -0.544762
vn 0.735113 0.426287 -0.527151
vn 0.779559 0.401342 -0.480845
vn 0.776763 0.366661 -0.512053
vn 0.703759 0.416745 -0.575366
vn 0.687897 0.464031 -0.558097
vn -0.585886 -0.600057 0.544674
vn -0.628205 -0.532746 0.567045
vn -0.806588 -0.215319 0.550504
vn -0.870622 -0.277767 0.406033
vn -0.962942 -0.163828 0.214251
vn -0.939990 -0.143535 0.309544
vn -0.687997 0.299049 0.661234
vn -0.687403 0.261634 0.677513
vn -0.700403 0.309064 0.643362
vn -0.685656 0.311684 0.657822
vn -0.725886 -0.124731 0.676411
vn -0.690373 -0.099905 0.716522
vn -0.672209 -0.009666 0.740299
vn -0.718142 -0.046322 0.694354
vn -0.729046 -0.202868 0.653710
vn -0.685003 -0.197780 0.701180
vn -0.118744 0.864691 -0.488067
vn -0.104073 0.834800 -0.540627
vn -0.406497 0.850646 0.333408
vn -0.426359 0.847718 0.315582
vn -0.129670 0.825514 0.549283
vn -0.135722 0.861887 0.488600
vn 0.110672 0.983582 0.142542
vn 0.150043 0.978136 0.144005
vn -0.143996 0.963704 0.224810
vn -0.170160 0.959474 0.224621
vn -0.171196 0.939627 0.296297
vn -0.139333 0.948700 0.283821
vn 0.592545 0.683745 -0.425891
vn 0.633333 0.642357 -0.431587
vn 0.833574 0.328173 -0.444361
vn 0.882842 0.359315 -0.302461
vn 0.947161 0.320227 -0.018462
vn 0.952345 0.299888 0.055736
vn 0.833683 -0.297442 -0.465297
vn 0.861497 -0.156616 -0.483006
vn 0.820421 0.302221 -0.485358
vn 0.850207 0.320238 -0.417847
vn 0.872200 0.259972 -0.414346
vn 0.830430 0.252482 -0.496627
vn 0.809485 0.351872 -0.470021
vn 0.838539 0.382452 -0.388051
vn -0.702063 -0.711812 0.020765
vn -0.714030 -0.700026 0.011147
vn -0.688968 -0.594309 0.414874
vn -0.601372 -0.663478 0.445139
vn -0.487353 -0.686917 0.539103
vn -0.486284 -0.749468 0.449251
vn -0.483959 -0.694840 0.531960
vn -0.747000 -0.334838 0.574347
vn -0.742062 -0.294513 0.602168
vn -0.751382 -0.531916 0.390500
vn -0.700327 -0.575472 0.422342
vn -0.692807 -0.523869 0.495561
vn -0.754215 -0.485669 0.441911
vn -0.738891 -0.580777 0.341670
vn -0.673539 -0.642527 0.365382
vn -0.408954 0.792372 0.452662
vn -0.437079 0.770102 0.464657
vn -0.129977 0.863765 0.486844
vn -0.137095 0.798977 0.585526
vn -0.114632 0.686762 0.717786
vn -0.124430 0.672364 0.729687
vn -0.042224 0.906845 0.419343
vn 0.108574 0.928784 0.354361
vn -0.112884 0.891330 0.439077
vn -0.122309 0.851826 0.509346
vn -0.033953 0.866276 0.498411
vn -0.047248 0.909158 0.413763
vn -0.180211 0.863487 0.471078
vn -0.199996 0.812661 0.547343
vn 0.446048 -0.877334 -0.176994
vn 0.446045 -0.877178 -0.177773
vn 0.155162 -0.966725 -0.203390
vn 0.158072 -0.986995 0.029221
vn 0.140858 -0.899314 -0.413996
vn 0.138449 -0.869864 -0.473465
vn -0.165022 -0.968922 -0.184276
vn -0.161638 -0.959814 -0.229415
vn 0.155834 -0.974428 -0.161883
vn 0.157075 -0.987577 -0.004401
vn 0.115108 -0.993107 0.022107
vn 0.122964 -0.980254 -0.154863
vn 0.188544 -0.967818 -0.166671
vn 0.198726 -0.979844 0.020358
vn -0.422356 -0.271807 -0.864718
vn -0.421083 -0.274789 -0.864396
vn -0.076682 -0.846957 -0.526102
vn -0.071782 -0.866117 -0.494661
vn 0.165640 -0.225411 -0.960080
vn 0.176865 -0.228650 -0.957308
vn -0.141132 0.222402 -0.964686
vn -0.230794 0.208699 -0.950357
vn -0.136142 0.248157 -0.959106
vn -0.141623 -0.256445 -0.956127
vn -0.143283 -0.204662 -0.968289
vn -0.113777 -0.189298 -0.975306
vn -0.118563 -0.253846 -0.959951
vn -0.164631 -0.257996 -0.952016
vn -0.173641 -0.193285 -0.965655
vn -0.139441 -0.307845 -0.941163
vn -0.168077 -0.321513 -0.931869
vn 0.428760 -0.172313 0.886833
vn 0.423317 -0.156315 0.892395
vn 0.114836 -0.580397 0.806196
vn 0.125176 -0.551624 0.824647
vn 0.127971 0.203131 0.970753
vn 0.227126 0.189422 0.955266
vn 0.196125 0.216081 0.956475
vn 0.111006 0.223320 0.968404
vn -0.159355 -0.213314 0.963900
vn -0.178946 -0.210548 0.961066
vn 0.144166 -0.204380 0.968217
vn 0.140739 -0.162103 0.976686
vn 0.106322 -0.145905 0.983569
vn 0.117531 -0.198860 0.972955
vn 0.170671 -0.209244 0.962854
vn 0.174836 -0.155654 0.972216
vn 0.878537 0.365803 -0.307183
vn -0.882994 -0.315322 0.347699
vn 0.484151 -0.147332 0.862491
vn 0.486390 -0.854444 -0.182618
vn 0.437782 -0.881408 -0.177389
vn 0.092978 -0.648048 0.755903
vn 0.102618 -0.581968 0.806711
vn 0.071243 0.371192 0.925819
vn -0.248586 -0.214242 0.944619
vn -0.154954 -0.216701 0.963862
vn 0.287621 -0.208009 -0.934883
vn 0.170876 -0.220791 -0.960236
vn -0.130209 0.352698 -0.926634
vn -0.479747 -0.281670 -0.830966
vn 0.076692 0.587604 -0.805506
vn 0.047879 0.520297 -0.852642
vn -0.088501 0.577011 -0.811927
vn 0.050412 0.644383 -0.763040
vn -0.093380 0.765087 -0.637120
vn -0.614122 -0.662128 0.429466
vn 0.133556 -0.888180 -0.439657
vn 0.140816 -0.920277 -0.365051
vn -0.232580 -0.943283 -0.236903
vn -0.146528 0.797502 0.585253
vn -0.457575 0.775166 0.435596
vn -0.491898 0.744711 0.451046
vn -0.373618 0.820163 0.433292
vn -0.378868 0.819774 0.429453
vn -0.132458 0.530194 0.837466
vn -0.190263 0.838465 0.510663
vn -0.146139 0.869403 0.471998
vn -0.129766 0.849388 0.511567
vn -0.661933 -0.741173 -0.111833
vn -0.628961 -0.759461 -0.166212
vn -0.378043 -0.738530 0.558263
vn -0.757096 -0.310591 0.574751
vn -0.750951 -0.363380 0.551387
vn 0.547325 0.709998 -0.443100
vn 0.520367 0.725338 -0.450669
vn 0.587347 0.676201 -0.444720
vn 0.577003 0.665372 -0.473655
vn 0.916270 0.279501 0.286931
vn 0.764818 -0.456795 -0.454303
vn 0.817128 -0.341214 -0.464624
vn 0.882767 -0.353391 -0.309575
vn 0.154589 -0.958303 -0.240327
vn 0.151746 -0.942569 -0.297552
vn 0.160092 0.980170 0.116776
vn 0.236750 0.968039 -0.082767
vn 0.090463 0.986882 0.133721
vn 0.071789 0.964548 0.253956
vn -0.140972 0.892933 0.427548
vn -0.063640 -0.895745 -0.439990
vn 0.746207 0.080629 -0.660813
vn -0.444847 0.800591 0.401453
vn -0.396248 0.842654 0.364585
vn -0.482554 -0.768853 0.419532
vn -0.559633 -0.625147 0.544060
vn -0.937836 -0.246490 -0.244350
vn -0.976524 -0.200876 0.077784
vn -0.647407 0.406749 0.644530
vn 0.688531 0.636767 -0.347062
vn 0.816114 0.354808 -0.456146
vn 0.875047 0.298190 -0.381281
vn 0.871043 0.326497 -0.366992
vn 0.830187 0.323480 -0.454037
vn 0.826710 0.297598 -0.477479
vn 0.973881 -0.012252 -0.226729
vn 0.985963 0.090749 -0.140147
vn 0.714526 0.514450 -0.474124
vn 0.762246 0.476975 -0.437581
vn 0.751231 0.650682 -0.110747
vn 0.581516 0.776398 -0.242994
vn 0.739262 0.269800 -0.617009
vn 0.697029 0.307819 -0.647609
vn 0.506108 0.053076 -0.860835
vn 0.663081 -0.068871 -0.745373
vn 0.636750 0.452592 -0.624267
vn 0.640582 0.480791 -0.598745
vn 0.274286 0.677640 -0.682328
vn 0.266701 0.567608 -0.778904
vn 0.660754 0.365237 -0.655748
vn 0.641240 0.416886 -0.644218
vn 0.280035 0.432916 -0.856834
vn 0.355456 0.244906 -0.902038
vn 0.811773 0.272665 -0.516409
vn 0.780007 0.258608 -0.569835
vn 0.806087 -0.123818 -0.578699
vn 0.920858 -0.101407 -0.376480
vn 0.806482 0.411423 -0.424639
vn 0.826597 0.356521 -0.435466
vn 0.973927 0.216285 -0.068467
vn 0.906124 0.421257 -0.038496
vn 0.655082 0.505340 -0.561693
vn 0.680332 0.519652 -0.516827
vn 0.443234 0.809721 -0.384571
vn 0.328178 0.772431 -0.543736
vn -0.707536 0.019780 0.706401
vn -0.736701 0.013650 0.676081
vn -0.711923 0.451994 0.537463
vn -0.597590 0.465706 0.652690
vn -0.810385 -0.170539 0.560530
vn -0.793013 -0.218119 0.568819
vn -0.897434 -0.398954 0.188278
vn -0.964326 -0.195460 0.178522
vn -0.625408 -0.071897 0.776979
vn -0.641197 -0.026695 0.766912
vn -0.305251 0.199473 0.931146
vn -0.263039 0.000588 0.964785
vn -0.728540 -0.266546 0.631018
vn -0.701839 -0.261136 0.662744
vn -0.488273 -0.658776 0.572367
vn -0.590743 -0.670236 0.449230
vn -0.662794 -0.225486 0.714045
vn -0.629156 -0.147711 0.763115
vn -0.275782 -0.272608 0.921753
vn -0.365612 -0.543257 0.755778
vn -0.770191 -0.248336 0.587481
vn -0.748991 -0.262632 0.608307
vn -0.679848 -0.646013 0.347095
vn -0.787962 -0.562772 0.249808
vn -0.777945 -0.021881 0.627952
vn -0.809864 -0.096540 0.578619
vn -0.968264 0.070995 0.239636
vn -0.860932 0.334756 0.383059
vn -0.662990 0.001818 0.748626
vn -0.684984 0.016062 0.728381
vn -0.494996 0.443043 0.747457
vn -0.388468 0.360143 0.848169
vn -0.129330 0.923182 0.361950
vn -0.104124 0.926116 0.362584
vn 0.009761 0.695703 0.718263
vn -0.092818 0.684715 0.722876
vn -0.010534 0.980484 0.196319
vn -0.044908 0.989643 0.136347
vn 0.209199 0.968157 -0.137503
vn 0.298025 0.951154 0.080548
vn -0.155406 0.984330 0.083330
vn -0.181874 0.979841 0.082665
vn -0.252044 0.905709 -0.340830
vn -0.145530 0.927343 -0.344754
vn -0.277581 0.931624 0.234577
vn -0.244640 0.920988 0.303203
vn -0.470134 0.721754 0.507982
vn -0.562614 0.779400 0.275684
vn -0.066260 0.934176 0.350605
vn -0.019672 0.957846 0.286608
vn 0.287314 0.874066 0.391740
vn 0.152396 0.750172 0.643442
vn -0.091241 0.990529 0.102604
vn -0.128781 0.987737 0.088263
vn -0.044850 0.940602 -0.336535
vn 0.079936 0.955837 -0.282820
vn -0.219380 0.971025 0.094775
vn -0.264847 0.952479 0.150464
vn -0.541020 0.840784 -0.019459
vn -0.399018 0.878650 -0.262218
vn -0.193964 0.918957 0.343361
vn -0.155030 0.920878 0.357701
vn -0.189956 0.673279 0.714572
vn -0.321289 0.677922 0.661207
vn 0.848234 0.162007 -0.504235
vn 0.815631 0.171038 -0.552714
vn 0.718168 -0.227413 -0.657661
vn 0.849494 -0.244119 -0.467725
vn 0.873386 0.334746 -0.353753
vn 0.884725 0.295385 -0.360567
vn 0.975537 0.205260 0.078717
vn 0.927650 0.359684 0.100463
vn 0.749347 0.264955 -0.606859
vn 0.739750 0.302398 -0.601103
vn 0.374996 0.288275 -0.881065
vn 0.415762 0.140399 -0.898571
vn 0.781247 0.436813 -0.445923
vn 0.810792 0.425504 -0.401949
vn 0.667631 0.732411 -0.133578
vn 0.563799 0.761113 -0.320682
vn 0.838503 0.398147 -0.372010
vn 0.859206 0.366598 -0.356889
vn 0.865245 0.493349 0.089203
vn 0.775602 0.630966 0.017989
vn 0.783817 0.200664 -0.587678
vn 0.762153 0.233826 -0.603696
vn 0.468942 0.008845 -0.883184
vn 0.569987 -0.129652 -0.811360
vn 0.889147 0.239857 -0.389726
vn 0.876115 0.185025 -0.445184
vn 0.953766 -0.170912 -0.247222
vn 0.999530 0.005808 -0.030113
vn 0.737306 0.358363 -0.572674
vn 0.752511 0.415742 -0.510769
vn 0.456404 0.691792 -0.559571
vn 0.376125 0.495682 -0.782834
vn -0.751205 -0.435270 0.496217
vn -0.786202 -0.410745 0.461709
vn -0.774045 -0.000168 0.633131
vn -0.629599 -0.100830 0.770350
vn -0.648738 -0.615094 0.448104
vn -0.659017 -0.576354 0.483231
vn -0.277704 -0.616181 0.737022
vn -0.244794 -0.765196 0.595442
vn -0.838833 -0.439885 0.320720
vn -0.830916 -0.474168 0.291107
vn -0.965870 -0.244300 -0.086099
vn -0.993107 -0.111877 0.034962
vn -0.718529 -0.632090 0.290136
vn -0.689983 -0.648419 0.321677
vn -0.420206 -0.906260 0.046053
vn -0.549168 -0.832384 -0.074508
vn -0.685882 -0.522171 0.506856
vn -0.719284 -0.470925 0.510745
vn -0.498106 -0.230075 0.836036
vn -0.367135 -0.415280 0.832319
vn -0.818631 -0.404595 0.407610
vn -0.836049 -0.416777 0.356818
vn -0.982678 -0.013711 0.184816
vn -0.913030 0.039339 0.405990
vn -0.667122 -0.650895 0.362330
vn -0.651860 -0.639548 0.407502
vn -0.249672 -0.869667 0.425845
vn -0.308505 -0.924803 0.222629
vn -0.803726 -0.530735 0.268969
vn -0.758998 -0.593434 0.267876
vn -0.707652 -0.687758 -0.161921
vn -0.872831 -0.456507 -0.172531
vn 0.024751 0.916335 0.399646
vn 0.003520 0.932864 0.360211
vn 0.363528 0.928116 0.080300
vn 0.441455 0.862981 0.245727
vn -0.119368 0.816747 0.564514
vn -0.066015 0.829029 0.555295
vn 0.110925 0.524322 0.844265
vn -0.101168 0.474842 0.874237
vn -0.099496 0.947593 0.303591
vn -0.147190 0.938984 0.310877
vn -0.253049 0.958365 -0.132297
vn -0.062072 0.984476 -0.164180
vn -0.241015 0.837023 0.491228
vn -0.221189 0.826436 0.517764
vn -0.535305 0.504643 0.677336
vn -0.607249 0.562352 0.561257
vn -0.007800 0.857220 0.514891
vn 0.025623 0.890928 0.453421
vn 0.454712 0.765181 0.455779
vn 0.339341 0.632775 0.696020
vn -0.210022 0.909861 0.357832
vn -0.247347 0.865963 0.434658
vn -0.633819 0.689769 0.349990
vn -0.500898 0.863913 0.052494
vn -0.193935 0.819371 0.539463
vn -0.158988 0.815198 0.556934
vn -0.267572 0.458789 0.847300
vn -0.422097 0.466696 0.777193
vn -0.031385 0.943740 0.329195
vn -0.066662 0.948151 0.310752
vn 0.078214 0.986980 -0.140543
vn 0.229545 0.971262 -0.062930
vn 0.028107 -0.989228 -0.143659
vn 0.057450 -0.966091 -0.251729
vn -0.232086 -0.833884 -0.500774
vn -0.301688 -0.949339 -0.087974
vn 0.150744 -0.941276 -0.302117
vn 0.166415 -0.938393 -0.302861
vn 0.177232 -0.638448 -0.748982
vn 0.105262 -0.654397 -0.748789
vn 0.157674 -0.987321 -0.018318
vn 0.141562 -0.989772 -0.017634
vn 0.061773 -0.865394 0.497270
vn 0.136457 -0.857268 0.496458
vn 0.281372 -0.944574 -0.169143
vn 0.250640 -0.965873 -0.065340
vn 0.495923 -0.836272 0.233902
vn 0.581319 -0.794851 -0.174014
vn 0.111600 -0.945899 -0.304664
vn 0.135105 -0.943364 -0.303003
vn 0.031435 -0.658424 -0.751990
vn -0.070785 -0.681864 -0.728046
vn 0.189730 -0.933884 -0.303091
vn 0.242138 -0.933735 -0.263643
vn 0.462867 -0.706669 -0.535139
vn 0.280355 -0.632280 -0.722235
vn 0.197328 -0.980199 -0.016473
vn 0.173612 -0.984659 -0.017501
vn 0.209650 -0.839686 0.500973
vn 0.313892 -0.822891 0.473627
vn 0.117667 -0.992892 -0.017901
vn 0.067740 -0.996244 -0.053940
vn -0.195589 -0.942728 0.270200
vn -0.040049 -0.883357 0.466987
vn -0.005268 -0.240477 -0.970641
vn -0.021730 -0.323231 -0.946071
vn 0.262614 -0.463054 -0.846531
vn 0.296669 -0.189575 -0.935975
vn -0.145753 -0.114626 -0.982658
vn -0.119905 -0.116554 -0.985920
vn -0.041345 0.294601 -0.954726
vn -0.140512 0.298921 -0.943876
vn -0.276010 -0.260273 -0.925244
vn -0.257850 -0.181054 -0.949069
vn -0.512691 0.018446 -0.858375
vn -0.553918 -0.251037 -0.793824
vn -0.134143 -0.393003 -0.909700
vn -0.159463 -0.391243 -0.906367
vn -0.194143 -0.727818 -0.657715
vn -0.097486 -0.733446 -0.672721
vn -0.197304 -0.378806 -0.904200
vn -0.247465 -0.334950 -0.909159
vn -0.478526 -0.500741 -0.721298
vn -0.328561 -0.671639 -0.664039
vn -0.082824 -0.128860 -0.988198
vn -0.034874 -0.169284 -0.984950
vn 0.223995 0.059452 -0.972775
vn 0.088357 0.235540 -0.967840
vn -0.069799 -0.376952 -0.923599
vn -0.108588 -0.391099 -0.913920
vn 0.000946 -0.726888 -0.686755
vn 0.133338 -0.662751 -0.736873
vn -0.210690 -0.130900 -0.968749
vn -0.172006 -0.116633 -0.978167
vn -0.240816 0.292949 -0.925305
vn -0.376650 0.223945 -0.898879
vn 0.003108 -0.189536 0.981869
vn 0.019153 -0.258178 0.965908
vn -0.280645 -0.392354 0.875955
vn -0.320764 -0.167522 0.932227
vn 0.134993 -0.061480 0.988937
vn 0.101815 -0.065384 0.992652
vn -0.007630 0.310975 0.950388
vn 0.117188 0.324016 0.938766
vn 0.150649 -0.343080 0.927146
vn 0.183130 -0.339073 0.922764
vn 0.253687 -0.661256 0.705963
vn 0.132147 -0.675810 0.725133
vn 0.282355 -0.211274 0.935756
vn 0.265738 -0.144420 0.953166
vn 0.535198 0.037998 0.843872
vn 0.577616 -0.184651 0.795150
vn 0.067036 -0.313594 0.947188
vn 0.115633 -0.338269 0.933918
vn 0.007100 -0.664411 0.747333
vn -0.149493 -0.582814 0.798737
vn 0.223144 -0.319485 0.920943
vn 0.264107 -0.274237 0.924685
vn 0.531931 -0.401422 0.745594
vn 0.402939 -0.580977 0.707182
vn 0.218765 -0.091253 0.971501
vn 0.170564 -0.066683 0.983088
vn 0.243947 0.312368 0.918105
vn 0.401887 0.228935 0.886609
vn 0.061926 -0.084805 0.994471
vn 0.021820 -0.128251 0.991502
vn -0.277142 0.048467 0.959606
vn -0.155406 0.229637 0.960789
vn 0.914138 0.231768 -0.332617
vn 0.913637 0.150253 -0.377746
vn 0.786696 0.321388 -0.527085
vn 0.683892 0.602320 -0.411707
vn 0.784906 0.530869 -0.319532
vn 0.729217 0.171374 -0.662475
vn 0.625241 0.229095 -0.746049
vn 0.696697 0.380040 -0.608427
vn 0.743376 0.360051 -0.563698
vn 0.496492 0.511371 -0.701423
vn 0.482677 0.593922 -0.643645
vn 0.902236 0.034329 -0.429874
vn 0.816723 0.114239 -0.565609
vn 0.474451 0.299009 -0.827943
vn 0.492177 0.423662 -0.760442
vn 0.888394 0.417901 -0.190042
vn 0.910300 0.310031 -0.274288
vn 0.446719 0.694970 -0.563434
vn 0.584809 0.649904 -0.485411
vn -0.669481 0.256608 0.697100
vn -0.753176 0.254882 0.606433
vn -0.761893 -0.050169 0.645758
vn -0.890196 -0.186198 0.415791
vn -0.858353 -0.337638 0.386305
vn -0.764484 -0.237112 0.599452
vn -0.758790 -0.147993 0.634299
vn -0.489644 -0.042112 0.870905
vn -0.484938 0.110849 0.867495
vn -0.675134 -0.488740 0.552565
vn -0.592821 -0.486333 0.641906
vn -0.462269 0.286983 0.839016
vn -0.582492 0.268607 0.767172
vn -0.849364 0.246375 0.466777
vn -0.894720 0.006278 0.446583
vn -0.795699 -0.503856 0.336144
vn -0.735298 -0.496564 0.461261
vn -0.463773 -0.469590 0.751266
vn -0.487676 -0.236942 0.840257
vn -0.119278 0.835621 0.536199
vn -0.047266 0.836045 0.546621
vn -0.105278 0.948964 0.297296
vn 0.047877 0.984565 0.168345
vn 0.031002 0.999243 0.023496
vn -0.114582 0.981973 0.150336
vn -0.117810 0.967739 0.222717
vn -0.150974 0.982480 -0.109268
vn -0.224455 0.966857 -0.121689
vn -0.182735 0.971527 0.150811
vn -0.147948 0.974983 0.165888
vn -0.331827 0.909099 0.251854
vn -0.307688 0.864864 0.396659
vn -0.327249 0.935297 -0.134641
vn -0.339335 0.937187 0.080826
vn 0.057943 0.833566 0.549372
vn 0.056373 0.936894 0.345038
vn 0.015495 0.988040 -0.153416
vn -0.080251 0.989626 -0.119168
vn -0.274373 0.781225 0.560720
vn -0.185675 0.819983 0.541436
vn 0.864880 0.003413 -0.501966
vn 0.771074 -0.016966 -0.636520
vn 0.789536 0.220454 -0.572741
vn 0.925365 0.356918 -0.127706
vn 0.962116 0.239640 -0.130022
vn 0.595948 0.206778 -0.775944
vn 0.553839 0.315116 -0.770691
vn 0.761623 0.340117 -0.551590
vn 0.785201 0.282816 -0.550885
vn 0.710582 0.576307 -0.403663
vn 0.767668 0.587278 -0.256495
vn 0.808853 0.583246 -0.074709
vn 0.880474 0.461378 -0.109065
vn 0.988815 0.077896 -0.127190
vn 0.939560 0.034978 -0.340594
vn 0.485568 0.457530 -0.744909
vn 0.623105 0.536846 -0.568803
vn 0.632171 -0.043294 -0.773618
vn 0.618573 0.099267 -0.779432
vn -0.710451 -0.280958 0.645230
vn -0.814145 -0.187120 0.549685
vn -0.811291 -0.421841 0.404793
vn -0.457918 -0.707599 0.538158
vn -0.462375 -0.596383 0.656153
vn -0.942697 -0.281505 0.179104
vn -0.926168 -0.370274 0.071483
vn -0.797553 -0.530273 0.287610
vn -0.799606 -0.484902 0.354261
vn -0.655708 -0.746233 0.114821
vn -0.540579 -0.821706 0.180481
vn -0.875540 -0.478190 -0.069023
vn -0.769067 -0.638229 0.034628
vn -0.388764 -0.885366 0.254929
vn -0.434303 -0.800400 0.413207
vn -0.444552 -0.445244 0.777259
vn -0.598779 -0.359832 0.715531
vn -0.909958 -0.064202 0.409700
vn -0.941106 -0.187256 0.281522
vn 0.228994 0.918347 0.322802
vn 0.200591 0.962172 0.184360
vn -0.030710 0.944811 0.326174
vn -0.122495 0.656325 0.744468
vn 0.044266 0.685482 0.726743
vn -0.074303 0.995524 0.058398
vn -0.222270 0.971906 0.077422
vn -0.182801 0.907238 0.378817
vn -0.101140 0.926370 0.362779
vn -0.435792 0.714097 0.547861
vn -0.414506 0.641532 0.645462
vn -0.390392 0.536727 0.748009
vn -0.251786 0.614116 0.747974
vn 0.257753 0.701428 0.664501
vn 0.254606 0.839722 0.479628
vn 0.178557 0.983860 0.011741
vn 0.038333 0.998313 0.043620
vn -0.426376 0.895191 0.129753
vn -0.450750 0.807236 0.381044
vn -0.067534 -0.990340 -0.121102
vn -0.055914 -0.898510 -0.435377
vn 0.108047 -0.933937 -0.340716
vn 0.121644 -0.752145 -0.647673
vn 0.182875 -0.726433 -0.662459
vn 0.190181 -0.920322 -0.341817
vn 0.150575 -0.936138 -0.317762
vn 0.145584 -0.918930 0.366569
vn 0.078821 -0.919626 0.384806
vn 0.371749 -0.910993 -0.178589
vn 0.348536 -0.927372 0.136028
vn -0.005652 -0.905585 0.424127
vn -0.039152 -0.986512 0.158937
vn 0.255728 -0.675228 -0.691861
vn 0.328736 -0.826973 -0.456124
vn 0.285107 -0.854444 0.434326
vn 0.208711 -0.895892 0.392195
vn -0.031471 -0.712147 -0.701325
vn 0.054688 -0.741118 -0.669144
vn 0.035458 -0.233671 -0.971669
vn 0.038417 -0.383295 -0.922827
vn -0.109281 -0.318152 -0.941720
vn -0.146342 0.053544 -0.987784
vn -0.080281 0.065611 -0.994611
vn -0.314646 -0.261873 -0.912371
vn -0.315800 -0.111408 -0.942263
vn -0.122275 -0.542605 -0.831041
vn -0.185360 -0.550732 -0.813841
vn -0.305303 0.080307 -0.948863
vn -0.212691 0.062240 -0.975135
vn -0.272480 -0.565403 -0.778507
vn -0.299478 -0.402814 -0.864901
vn 0.012541 0.092245 -0.995657
vn 0.025083 -0.089219 -0.995696
vn 0.039895 -0.557233 -0.829397
vn -0.056119 -0.549027 -0.833919
vn -0.054451 -0.188796 0.980506
vn -0.049702 -0.313540 0.948273
vn 0.113444 -0.251985 0.961059
vn 0.132722 0.069394 0.988721
vn 0.053984 0.078912 0.995419
vn 0.145439 -0.463199 0.874239
vn 0.220961 -0.469895 0.854620
vn 0.180982 -0.261572 0.948064
vn 0.147391 -0.246399 0.957895
vn 0.337013 -0.206773 0.918514
vn 0.331792 -0.080718 0.939893
vn 0.318609 0.085645 0.944009
vn 0.211111 0.073285 0.974711
vn -0.055650 0.094326 0.993985
vn -0.055880 -0.065760 0.996270
vn 0.323880 -0.475852 0.817720
vn 0.334752 -0.327602 0.883526
vn -0.044385 -0.468824 0.882176
vn 0.067291 -0.465128 0.882682
vn 0.415285 -0.329250 0.848017
vn 0.631370 -0.127705 -0.764894
vn 0.355270 0.446748 -0.821096
vn 0.441050 0.292011 -0.848649
vn 0.413016 -0.906149 -0.091169
vn 0.111216 0.988695 -0.100564
vn -0.129445 -0.569757 0.811555
vn -0.387806 -0.455860 -0.801123
vn -0.289822 -0.615947 -0.732538
vn -0.084384 -0.992610 0.087207
vn -0.434113 0.878320 0.200250
vn -0.767306 -0.640403 0.033536
vn -0.818706 -0.564944 0.102756
vn -0.144122 0.850808 0.505326
vn -0.236230 0.807007 0.541234
vn 0.796445 -0.324835 -0.510057
vn -0.545897 -0.635105 0.546477
vn 0.869813 0.264632 -0.416407
vn -0.143082 -0.942013 -0.303544
vn -0.342446 -0.938804 0.037125
vn -0.591249 -0.255956 0.764794
vn 0.626290 0.698781 -0.345637
vn -0.635956 -0.675979 0.372307
vn 0.613919 0.061768 -0.786949
vn -0.021934 -0.683874 -0.729270
vn -0.053009 0.954994 -0.291849
vn -0.363160 0.769406 0.525480
vn -0.142603 0.733877 -0.664145
vn -0.060919 0.959173 0.276182
vn -0.851942 -0.383691 0.356337
vn 0.724132 0.175408 -0.666982
vn 0.110718 -0.950805 -0.289329
vn 0.816928 0.071679 -0.572268
vn -0.384238 0.806391 0.449549
vn -0.452935 -0.820128 0.349629
vn 0.859365 0.368221 -0.354832
vn 0.229363 0.164247 0.959383
vn 0.342780 0.101196 0.933949
vn -0.224429 0.144191 -0.963764
vn -0.332552 0.081711 -0.939538
vn -0.095066 -0.994924 0.032993
vn -0.200939 0.668539 0.716016
vn -0.482553 -0.749454 0.453279
vn -0.530258 -0.792984 0.300005
vn 0.890695 0.443046 -0.101852
vn -0.197853 0.806656 0.556920
vn -0.659891 0.217115 0.719309
vn -0.645146 0.110088 0.756087
vn 0.570244 0.690694 -0.444706
vn 0.426207 0.700525 -0.572374
vn 0.353389 0.636069 -0.685954
vn 0.340317 0.552584 -0.760812
vn 0.604074 0.152336 -0.782233
vn 0.736851 0.088368 -0.670255
vn 0.787203 0.545412 -0.287814
vn 0.696687 0.625642 -0.350997
vn -0.634734 -0.041299 0.771626
vn -0.619195 -0.148404 0.771087
vn -0.767449 0.266728 0.582991
vn -0.696696 0.258539 0.669158
vn -0.226532 0.937815 -0.263031
vn -0.137506 0.946285 -0.292637
vn -0.059887 0.840494 0.538501
vn -0.129187 0.823897 0.551819
vn 0.659720 0.351881 -0.664040
vn 0.707250 0.270747 -0.653065
vn 0.974917 0.206601 -0.082781
vn 0.938456 0.333320 -0.090545
vn -0.615319 -0.775225 0.142859
vn -0.701320 -0.711067 0.050340
vn -0.845721 -0.488755 0.214183
vn -0.850071 -0.437402 0.293358
vn -0.496759 -0.608125 0.619204
vn -0.478373 -0.686591 0.547496
vn -0.216039 0.939344 0.266385
vn -0.124729 0.955454 0.267488
vn -0.015419 0.714540 0.699425
vn -0.108925 0.679007 0.726006
vn -0.124270 -0.921344 -0.368352
vn -0.157930 -0.975953 -0.150247
vn -0.421474 -0.079376 -0.903360
vn -0.436115 -0.270730 -0.858201
vn -0.186830 -0.695502 -0.693810
vn -0.102455 -0.708736 -0.697994
vn -0.068020 0.149169 -0.986469
vn -0.146087 0.150249 -0.977795
vn 0.427472 -0.033197 0.903419
vn 0.447114 -0.182846 0.875589
vn 0.047855 0.159663 0.986011
vn 0.137300 0.172445 0.975403

# Mesh
g octotoad2
usemtl default
f 4/4/4 1/1/1 2/2/2
f 2/2/2 3/3/3 4/4/4
f 2/2/2 1/1/1 5/5/5
f 5/5/5 6/6/6 2/2/2
f 10/10/10 7/7/7 8/8/8
f 8/8/8 9/9/9 10/10/10
f 13/13/13 7/7/7 11/11/11
f 11/11/11 12/12/12 13/13/13
f 17/17/17 14/14/14 15/15/15
f 15/15/15 16/16/16 17/17/17
f 15/15/15 14/14/14 18/18/18
f 18/18/18 19/19/19 15/15/15
f 18/18/18 14/14/14 20/20/20
f 20/20/20 21/21/21 18/18/18
f 25/25/25 22/22/22 23/23/23
f 23/23/23 24/24/24 25/25/25
f 23/23/23 22/22/22 26/26/26
f 26/26/26 27/27/27 23/23/23
f 31/31/31 28/28/28 29/29/29
f 29/29/29 30/30/30 31/31/31
f 29/29/29 28/28/28 32/32/32
f 32/32/32 33/33/33 29/29/29
f 37/37/37 34/34/34 35/35/35
f 35/35/35 36/36/36 37/37/37
f 40/40/40 34/34/34 38/38/38
f 38/38/38 39/39/39 40/40/40
f 44/44/44 41/41/41 42/42/42
f 42/42/42 43/43/43 44/44/44
f 48/48/48 45/45/45 46/46/46
f 46/46/46 47/47/47 48/48/48
f 46/46/46 45/45/45 49/49/49
f 49/49/49 50/50/50 46/46/46
f 54/54/54 51/51/51 52/52/52
f 52/52/52 53/53/53 54/54/54
f 57/57/57 51/51/51 55/55/55
f 55/55/55 56/56/56 57/57/57
f 52/52/52 51/51/51 58/58/58
f 58/58/58 59/59/59 52/52/52
f 63/63/63 60/60/60 61/61/61
f 61/61/61 62/62/62 63/63/63
f 66/66/66 60/60/60 64/64/64
f 64/64/64 65/65/65 66/66/66
f 64/64/64 60/60/60 67/67/67
f 67/67/67 68/68/68 64/64/64
f 72/72/72 69/69/69 70/70/70
f 70/70/70 71/71/71 72/72/72
f 75/75/75 69/69/69 73/73/73
f 73/73/73 74/74/74 75/75/75
f 79/79/79 76/76/76 77/77/77
f 77/77/77 78/78/78 79/79/79
f 77/77/77 76/76/76 80/80/80
f 80/80/80 81/81/81 77/77/77
f 80/80/80 76/76/76 82/82/82
f 82/82/82 83/83/83 80/80/80
f 87/87/87 84/84/84 85/85/85
f 85/85/85 86/86/86 87/87/87
f 85/85/85 84/84/84 88/88/88
f 88/88/88 89/89/89 85/85/85
f 93/93/93 90/90/90 91/91/91
f 91/91/91 92/92/92 93/93/93
f 91/91/91 90/90/90 94/94/94
f 94/94/94 95/95/95 91/91/91
f 99/99/99 96/96/96 97/97/97
f 97/97/97 98/98/98 99/99/99
f 102/102/102 96/96/96 100/100/100
f 100/100/100 101/101/101 102/102/102
f 106/106/106 103/103/103 104/104/104
f 104/104/104 105/105/105 106/106/106
f 104/104/104 103/103/103 107/107/107
f 107/107/107 108/108/108 104/104/104
f 112/112/112 109/109/109 110/110/110
f 110/110/110 111/111/111 112/112/112
f 115/115/115 109/109/109 113/113/113
f 113/113/113 114/114/114 115/115/115
f 119/119/119 116/116/116 117/117/117
f 117/117/117 118/118/118 119/119/119
f 122/123/122 116/120/116 120/121/120
f 120/121/120 121/122/121 122/123/122
f 126/127/126 123/124/123 124/125/124
f 124/125/124 125/126/125 126/127/126
f 129/130/129 123/124/123 127/128/127
f 127/128/127 128/129/128 129/130/129
f 133/134/133 130/131/130 131/132/131
f 131/132/131 132/133/132 133/134/133
f 131/132/131 130/131/130 134/135/134
f 134/135/134 135/136/135 131/132/131
f 134/135/134 130/131/130 136/137/136
f 136/137/136 137/138/137 134/135/134
f 141/142/141 138/139/138 139/140/139
f 139/140/139 140/141/140 141/142/141
f 139/146/139 138/143/138 142/144/142
f 142/144/142 143/145/143 139/146/139
f 147/150/147 144/147/144 145/148/145
f 145/148/145 146/149/146 147/150/147
f 145/148/145 144/147/144 148/151/148
f 148/151/148 149/152/149 145/148/145
f 153/156/153 150/153/150 151/154/151
f 151/154/151 152/155/152 153/156/153
f 157/160/157 154/157/154 155/158/155
f 155/158/155 156/159/156 157/160/157
f 155/158/155 154/157/154 158/161/158
f 158/161/158 159/162/159 155/158/155
f 162/165/162 154/157/154 160/163/160
f 160/163/160 161/164/161 162/165/162
f 166/169/166 163/166/163 164/167/164
f 164/167/164 165/168/165 166/169/166
f 164/167/164 163/166/163 167/170/167
f 167/170/167 168/171/168 164/167/164
f 172/175/172 169/172/169 170/173/170
f 170/173/170 171/174/171 172/175/172
f 175/178/175 169/172/169 173/176/173
f 173/176/173 174/177/174 175/178/175
f 179/182/179 176/179/176 177/180/177
f 177/180/177 178/181/178 179/182/179
f 181/184/181 176/179/176 179/182/179
f 179/182/179 180/183/180 181/184/181
f 185/188/185 182/185/182 183/186/183
f 183/186/183 184/187/184 185/188/185
f 189/192/189 186/189/186 187/190/187
f 187/190/187 188/191/188 189/192/189
f 193/196/193 190/193/190 191/194/191
f 191/194/191 192/195/192 193/196/193
f 191/194/191 190/193/190 194/197/194
f 194/197/194 195/198/195 191/194/191
f 194/197/194 190/193/190 196/199/196
f 196/199/196 197/200/197 194/197/194
f 201/204/201 198/201/198 199/202/199
f 199/202/199 200/203/200 201/204/201
f 204/207/204 198/201/198 202/205/202
f 202/205/202 203/206/203 204/207/204
f 208/211/208 205/208/205 206/209/206
f 206/209/206 207/210/207 208/211/208
f 206/209/206 205/208/205 209/212/209
f 209/212/209 210/213/210 206/209/206
f 209/212/209 205/208/205 211/214/211
f 211/214/211 212/215/212 209/212/209
f 216/219/216 213/216/213 214/217/214
f 214/217/214 215/218/215 216/219/216
f 214/217/214 213/216/213 217/220/217
f 217/220/217 218/221/218 214/217/214
f 217/220/217 213/216/213 219/222/219
f 219/222/219 220/223/220 217/220/217
f 224/227/224 221/224/221 222/225/222
f 222/225/222 223/226/223 224/227/224
f 228/231/228 225/228/225 226/229/226
f 226/229/226 227/230/227 228/231/228
f 226/229/226 225/228/225 229/232/229
f 229/232/229 230/233/230 226/229/226
f 234/237/234 231/234/231 232/235/232
f 232/235/232 233/236/233 234/237/234
f 232/235/232 231/234/231 235/238/235
f 235/238/235 236/239/236 232/235/232
f 239/242/239 231/234/231 237/240/237
f 237/240/237 238/241/238 239/242/239
f 243/246/243 240/243/240 241/244/241
f 241/244/241 242/245/242 243/246/243
f 247/250/247 244/247/244 245/248/245
f 245/248/245 246/249/246 247/250/247
f 245/248/245 244/247/244 248/251/248
f 248/251/248 249/252/249 245/248/245
f 248/251/248 244/247/244 250/253/250
f 250/253/250 251/254/251 248/251/248
f 255/258/255 252/255/252 253/256/253
f 253/256/253 254/257/254 255/258/255
f 259/262/259 256/259/256 257/260/257
f 257/260/257 258/261/258 259/262/259
f 257/260/257 256/259/256 260/263/260
f 260/263/260 261/264/261 257/260/257
f 260/263/260 256/259/256 262/265/262
f 262/265/262 263/266/263 260/263/260
f 267/270/267 264/267/264 265/268/265
f 265/268/265 266/269/266 267/270/267
f 265/268/265 264/267/264 268/271/268
f 268/271/268 269/272/269 265/268/265
f 268/271/268 264/267/264 270/273/270
f 270/273/270 271/274/271 268/271/268
f 275/278/275 272/275/272 273/276/273
f 273/276/273 274/277/274 275/278/275
f 273/276/273 272/275/272 276/279/276
f 276/279/276 277/280/277 273/276/273
f 276/279/276 272/275/272 278/281/278
f 278/281/278 279/282/279 276/279/276
f 283/286/283 280/283/280 281/284/281
f 281/284/281 282/285/282 283/286/283
f 281/284/281 280/283/280 284/287/284
f 284/287/284 285/288/285 281/284/281
f 284/287/284 280/283/280 286/289/286
f 286/289/286 287/290/287 284/287/284
f 291/294/291 288/291/288 289/292/289
f 289/292/289 290/293/290 291/294/291
f 295/298/295 292/295/292 293/296/293
f 293/296/293 294/297/294 295/298/295
f 293/296/293 292/295/292 296/299/296
f 296/299/296 297/300/297 293/296/293
f 296/299/296 292/295/292 298/301/298
f 298/301/298 299/302/299 296/299/296
f 301/304/301 300/303/300 4/4/4
f 4/4/4 3/3/3 301/304/301
f 303/306/303 300/303/300 301/304/301
f 301/304/301 302/305/302 303/306/303
f 305/308/305 304/307/304 2/2/2
f 2/2/2 6/6/6 305/308/305
f 306/309/306 304/307/304 305/308/305
f 305/308/305 168/171/168 306/309/306
f 310/313/310 307/310/307 308/311/308
f 308/311/308 309/312/309 310/313/310
f 55/55/55 307/310/307 310/313/310
f 310/313/310 56/56/56 55/55/55
f 313/316/313 311/314/311 5/5/5
f 5/5/5 312/315/312 313/316/313
f 315/318/315 311/314/311 313/316/313
f 313/316/313 314/317/314 315/318/315
f 317/320/317 316/319/316 13/13/13
f 13/13/13 12/12/12 317/320/317
f 320/323/320 316/319/316 318/321/318
f 318/321/318 319/322/319 320/323/320
f 322/325/322 321/324/321 10/10/10
f 10/10/10 9/9/9 322/325/322
f 64/64/64 321/324/321 322/325/322
f 322/325/322 65/65/65 64/64/64
f 325/328/325 323/326/323 8/8/8
f 8/8/8 324/327/324 325/328/325
f 91/91/91 323/326/323 325/328/325
f 325/328/325 92/92/92 91/91/91
f 327/330/327 326/329/326 17/17/17
f 17/17/17 16/16/16 327/330/327
f 23/23/23 326/331/326 327/332/327
f 327/332/327 24/24/24 23/23/23
f 329/334/329 328/333/328 15/15/15
f 15/15/15 19/19/19 329/334/329
f 260/263/260 328/333/328 329/334/329
f 329/334/329 261/264/261 260/263/260
f 331/336/331 330/335/330 18/18/18
f 18/18/18 21/21/21 331/336/331
f 102/102/102 330/335/330 331/336/331
f 331/336/331 332/337/332 102/102/102
f 334/339/334 333/338/333 25/25/25
f 25/25/25 24/24/24 334/339/334
f 268/271/268 333/338/333 334/339/334
f 334/339/334 269/272/269 268/271/268
f 338/343/338 335/340/335 336/341/336
f 336/341/336 337/342/337 338/343/338
f 276/279/276 335/340/335 338/343/338
f 338/343/338 277/280/277 276/279/276
f 340/345/340 339/344/339 31/31/31
f 31/31/31 30/30/30 340/345/340
f 38/347/38 339/344/339 340/345/340
f 340/345/340 39/346/39 38/347/38
f 344/351/344 341/348/341 342/349/342
f 342/349/342 343/350/343 344/351/344
f 232/235/232 341/348/341 344/351/344
f 344/351/344 233/236/233 232/235/232
f 346/353/346 345/352/345 29/29/29
f 29/29/29 33/33/33 346/353/346
f 194/197/194 345/352/345 346/353/346
f 346/353/346 195/198/195 194/197/194
f 349/357/349 347/354/347 32/355/32
f 32/355/32 348/356/348 349/357/349
f 217/220/217 347/354/347 349/357/349
f 349/357/349 218/221/218 217/220/217
f 351/359/351 350/358/350 37/37/37
f 37/37/37 36/36/36 351/359/351
f 248/251/248 350/358/350 351/359/351
f 351/359/351 249/252/249 248/251/248
f 353/361/353 352/360/352 40/40/40
f 40/40/40 39/39/39 353/361/353
f 209/212/209 352/360/352 353/361/353
f 353/361/353 210/213/210 209/212/209
f 356/364/356 354/362/354 35/35/35
f 35/35/35 355/363/355 356/364/356
f 358/366/358 354/362/354 356/364/356
f 356/364/356 357/365/357 358/366/358
f 362/370/362 359/367/359 360/368/360
f 360/368/360 361/369/361 362/370/362
f 360/368/360 359/367/359 363/371/363
f 363/371/363 364/372/364 360/368/360
f 368/376/368 365/373/365 366/374/366
f 366/374/366 367/375/367 368/376/368
f 124/125/124 365/373/365 368/376/368
f 368/376/368 125/126/125 124/125/124
f 372/380/372 369/377/369 370/378/370
f 370/378/370 371/379/371 372/380/372
f 374/382/374 369/377/369 372/380/372
f 372/380/372 373/381/373 374/382/374
f 376/384/376 375/383/375 48/48/48
f 48/48/48 47/47/47 376/384/376
f 131/132/131 375/383/375 376/384/376
f 376/384/376 132/133/132 131/132/131
f 378/386/378 377/385/377 46/46/46
f 46/46/46 50/50/50 378/386/378
f 157/160/157 377/385/377 378/386/378
f 378/386/378 379/387/379 157/160/157
f 67/67/67 380/388/380 381/389/381
f 381/389/381 68/68/68 67/67/67
f 381/389/381 380/388/380 382/390/382
f 382/390/382 383/391/383 381/389/381
f 385/393/385 384/392/384 54/54/54
f 54/54/54 53/53/53 385/393/385
f 88/88/88 384/392/384 385/393/385
f 385/393/385 89/89/89 88/88/88
f 110/110/110 386/394/386 387/395/387
f 387/395/387 111/111/111 110/110/110
f 390/398/390 386/394/386 388/396/388
f 388/396/388 389/397/389 390/398/390
f 387/395/387 386/394/386 390/398/390
f 390/398/390 391/399/391 387/395/387
f 393/401/393 392/400/392 66/66/66
f 66/66/66 65/65/65 393/401/393
f 94/94/94 392/400/392 393/401/393
f 393/401/393 95/95/95 94/94/94
f 397/405/397 394/402/394 395/403/395
f 395/403/395 396/404/396 397/405/397
f 395/403/395 394/402/394 398/406/398
f 398/406/398 62/62/62 395/403/395
f 80/80/80 399/407/399 400/408/400
f 400/408/400 81/81/81 80/80/80
f 400/408/400 399/407/399 401/409/401
f 401/409/401 402/410/402 400/408/400
f 404/412/404 403/411/403 75/75/75
f 75/75/75 74/74/74 404/412/404
f 406/414/406 403/411/403 404/412/404
f 404/412/404 405/413/405 406/414/406
f 409/417/409 407/415/407 70/70/70
f 70/70/70 408/416/408 409/417/409
f 411/419/411 407/415/407 409/417/409
f 409/417/409 410/418/410 411/419/411
f 414/422/414 407/415/407 412/420/412
f 412/420/412 413/421/413 414/422/414
f 104/104/104 415/423/415 416/424/416
f 416/424/416 105/105/105 104/104/104
f 416/424/416 415/423/415 417/425/417
f 417/425/417 418/426/418 416/424/416
f 420/428/420 419/427/419 77/77/77
f 77/77/77 81/81/81 420/428/420
f 422/430/422 419/427/419 420/428/420
f 420/428/420 421/429/421 422/430/422
f 424/432/424 423/431/423 87/87/87
f 87/87/87 86/86/86 424/432/424
f 426/434/426 423/431/423 424/432/424
f 424/432/424 425/433/425 426/434/426
f 428/436/428 427/435/427 85/85/85
f 85/85/85 89/89/89 428/436/428
f 430/438/430 427/435/427 428/436/428
f 428/436/428 429/437/429 430/438/430
f 432/440/432 431/439/431 93/93/93
f 93/93/93 92/92/92 432/440/432
f 434/442/434 431/439/431 432/440/432
f 432/440/432 433/441/433 434/442/434
f 438/446/438 435/443/435 436/444/436
f 436/444/436 437/445/437 438/446/438
f 440/448/440 435/443/435 438/446/438
f 438/446/438 439/447/439 440/448/440
f 153/156/153 441/449/441 442/450/442
f 442/450/442 443/451/443 153/156/153
f 442/450/442 441/449/441 444/452/444
f 444/452/444 445/453/445 442/450/442
f 447/455/447 446/454/446 106/106/106
f 106/106/106 105/105/105 447/455/447
f 449/457/449 446/454/446 447/455/447
f 447/455/447 448/456/448 449/457/449
f 452/460/452 446/454/446 450/458/450
f 450/458/450 451/459/451 452/460/452
f 119/464/119 453/461/453 454/462/454
f 454/462/454 455/463/455 119/464/119
f 454/462/454 453/461/453 456/465/456
f 456/465/456 457/466/457 454/462/454
f 459/468/459 458/467/458 115/115/115
f 115/115/115 114/114/114 459/468/459
f 461/470/461 458/467/458 459/468/459
f 459/468/459 460/469/460 461/470/461
f 463/472/463 462/471/462 122/123/122
f 122/123/122 121/122/121 463/472/463
f 466/476/466 462/473/462 464/474/464
f 464/474/464 465/475/465 466/476/466
f 134/135/134 467/477/467 468/478/468
f 468/478/468 135/136/135 134/135/134
f 468/478/468 467/477/467 469/479/469
f 469/479/469 470/480/470 468/478/468
f 472/482/472 471/481/471 129/130/129
f 129/130/129 128/129/128 472/482/472
f 474/484/474 471/481/471 472/482/472
f 472/482/472 473/483/473 474/484/474
f 476/486/476 475/485/475 133/134/133
f 133/134/133 132/133/132 476/486/476
f 155/158/155 475/485/475 476/486/476
f 476/486/476 156/159/156 155/158/155
f 478/488/478 477/487/477 141/142/141
f 141/142/141 140/141/140 478/488/478
f 480/490/480 477/487/477 478/488/478
f 478/488/478 479/489/479 480/490/480
f 482/492/482 481/491/481 147/150/147
f 147/150/147 146/149/146 482/492/482
f 296/299/296 481/491/481 482/492/482
f 482/492/482 297/300/297 296/299/296
f 484/496/484 483/493/483 166/494/166
f 166/494/166 165/495/165 484/496/484
f 20/20/20 483/493/483 484/496/484
f 484/496/484 21/21/21 20/20/20
f 486/498/486 485/497/485 175/178/175
f 175/178/175 174/177/174 486/498/486
f 26/26/26 485/497/485 486/498/486
f 486/498/486 27/27/27 26/26/26
f 97/97/97 487/499/487 488/500/488
f 488/500/488 98/98/98 97/97/97
f 491/503/491 487/499/487 489/501/489
f 489/501/489 490/502/490 491/503/491
f 488/500/488 487/499/487 491/503/491
f 491/503/491 492/504/492 488/500/488
f 494/506/494 493/505/493 185/188/185
f 185/188/185 184/187/184 494/506/494
f 284/287/284 493/505/493 494/506/494
f 494/506/494 285/288/285 284/287/284
f 496/508/496 495/507/495 189/192/189
f 189/192/189 188/191/188 496/508/496
f 145/148/145 495/507/495 496/508/496
f 496/508/496 146/149/146 145/148/145
f 113/113/113 497/509/497 498/510/498
f 498/510/498 114/114/114 113/113/113
f 498/510/498 497/509/497 499/511/499
f 499/511/499 500/512/500 498/510/498
f 502/514/502 501/513/501 204/207/204
f 204/207/204 203/206/203 502/514/502
f 148/151/148 501/513/501 502/514/502
f 502/514/502 149/152/149 148/151/148
f 504/516/504 503/515/503 208/211/208
f 208/211/208 207/210/207 504/516/504
f 117/117/117 503/515/503 504/516/504
f 504/516/504 118/118/118 117/117/117
f 139/140/139 505/517/505 506/518/506
f 506/518/506 140/141/140 139/140/139
f 506/518/506 505/517/505 507/519/507
f 507/519/507 508/520/508 506/518/506
f 512/524/512 509/521/509 510/522/510
f 510/522/510 511/523/511 512/524/512
f 510/522/510 509/521/509 513/525/513
f 513/525/513 223/226/223 510/522/510
f 517/529/517 514/526/514 515/527/515
f 515/527/515 516/528/516 517/529/517
f 211/214/211 514/526/514 517/529/517
f 517/529/517 212/215/212 211/214/211
f 520/532/520 518/530/518 61/61/61
f 61/61/61 519/531/519 520/532/520
f 521/533/521 518/530/518 520/532/520
f 520/532/520 230/233/230 521/533/521
f 523/535/523 522/534/522 228/231/228
f 228/231/228 227/230/227 523/535/523
f 525/537/525 522/534/522 523/535/523
f 523/535/523 524/536/524 525/537/525
f 528/540/528 522/534/522 526/538/526
f 526/538/526 527/539/527 528/540/528
f 532/544/532 529/541/529 530/542/530
f 530/542/530 531/543/531 532/544/532
f 226/229/226 529/541/529 532/544/532
f 532/544/532 227/230/227 226/229/226
f 534/546/534 533/545/533 214/217/214
f 214/217/214 218/221/218 534/546/534
f 222/225/222 533/545/533 534/546/534
f 534/546/534 223/226/223 222/225/222
f 538/550/538 535/547/535 536/548/536
f 536/548/536 537/549/537 538/550/538
f 187/190/187 535/547/535 538/550/538
f 538/550/538 188/191/188 187/190/187
f 540/552/540 539/551/539 191/194/191
f 191/194/191 195/198/195 540/552/540
f 542/554/542 539/551/539 540/552/540
f 540/552/540 541/553/541 542/554/542
f 545/557/545 539/551/539 543/555/543
f 543/555/543 544/556/544 545/557/545
f 547/561/547 546/558/546 206/559/206
f 206/559/206 210/560/210 547/561/547
f 196/199/196 546/558/546 547/561/547
f 547/561/547 197/200/197 196/199/196
f 551/565/551 548/562/548 549/563/549
f 549/563/549 550/564/550 551/565/551
f 164/167/164 548/562/548 551/565/551
f 551/565/551 165/168/165 164/167/164
f 555/569/555 552/566/552 553/567/553
f 553/567/553 554/568/554 555/569/555
f 183/186/183 552/566/552 555/569/555
f 555/569/555 184/187/184 183/186/183
f 559/573/559 556/570/556 557/571/557
f 557/571/557 558/572/558 559/573/559
f 561/577/561 556/574/556 559/575/559
f 559/575/559 560/576/560 561/577/561
f 564/580/564 556/570/556 562/578/562
f 562/578/562 563/579/563 564/580/564
f 568/584/568 565/581/565 566/582/566
f 566/582/566 567/583/567 568/584/568
f 571/588/571 565/585/565 569/586/569
f 569/586/569 570/587/570 571/588/571
f 42/42/42 572/589/572 573/590/573
f 573/590/573 43/43/43 42/42/42
f 576/593/576 572/589/572 574/591/574
f 574/591/574 575/592/575 576/593/576
f 573/590/573 572/589/572 576/593/576
f 576/593/576 577/594/577 573/590/573
f 579/596/579 578/595/578 243/246/243
f 243/246/243 242/245/242 579/596/579
f 581/598/581 578/595/578 579/596/579
f 579/596/579 580/597/580 581/598/581
f 49/49/49 582/599/582 583/600/583
f 583/600/583 50/50/50 49/49/49
f 583/600/583 582/599/582 584/601/584
f 584/601/584 246/249/246 583/600/583
f 586/603/586 585/602/585 255/258/255
f 255/258/255 254/257/254 586/603/586
f 100/100/100 585/602/585 586/603/586
f 586/603/586 101/101/101 100/100/100
f 588/605/588 587/604/587 259/262/259
f 259/262/259 258/261/258 588/605/588
f 73/73/73 587/604/587 588/605/588
f 588/605/588 74/74/74 73/73/73
f 590/607/590 589/606/589 267/270/267
f 267/270/267 266/269/266 590/607/590
f 592/609/592 589/606/589 590/607/590
f 590/607/590 591/608/591 592/609/592
f 595/612/595 589/606/589 593/610/593
f 593/610/593 594/611/594 595/612/595
f 597/614/597 596/613/596 275/278/275
f 275/278/275 274/277/274 597/614/597
f 599/616/599 596/613/596 597/614/597
f 597/614/597 598/615/598 599/616/599
f 601/618/601 600/617/600 283/286/283
f 283/286/283 282/285/282 601/618/601
f 603/620/603 600/617/600 601/618/601
f 601/618/601 602/619/602 603/620/603
f 605/622/605 604/621/604 291/294/291
f 291/294/291 290/293/290 605/622/605
f 151/154/151 604/621/604 605/622/605
f 605/622/605 152/155/152 151/154/151
f 607/624/607 606/623/606 295/298/295
f 295/298/295 294/297/294 607/624/607
f 610/627/610 606/623/606 608/625/608
f 608/625/608 609/626/609 610/627/610
f 612/629/612 611/628/611 257/260/257
f 257/260/257 261/264/261 612/629/612
f 253/256/253 611/628/611 612/629/612
f 612/629/612 254/257/254 253/256/253
f 616/633/616 613/630/613 614/631/614
f 614/631/614 615/632/615 616/633/616
f 241/244/241 613/630/613 616/633/616
f 616/633/616 242/245/242 241/244/241
f 286/289/286 617/634/617 618/635/618
f 618/635/618 287/290/287 286/289/286
f 618/635/618 617/634/617 619/636/619
f 619/636/619 297/300/297 618/635/618
f 623/640/623 620/637/620 621/638/621
f 621/638/621 622/639/622 623/640/623
f 289/292/289 620/637/620 623/640/623
f 623/640/623 290/293/290 289/292/289
f 625/642/625 624/641/624 265/268/265
f 265/268/265 269/272/269 625/642/625
f 262/265/262 624/643/624 625/644/625
f 625/644/625 263/266/263 262/265/262
f 627/646/627 626/645/626 245/248/245
f 245/248/245 249/252/249 627/646/627
f 298/301/298 626/645/626 627/646/627
f 627/646/627 299/302/299 298/301/298
f 631/650/631 628/647/628 629/648/629
f 629/648/629 630/649/630 631/650/631
f 235/238/235 628/647/628 631/650/631
f 631/650/631 236/239/236 235/238/235
f 250/654/250 632/651/632 633/652/633
f 633/652/633 251/653/251 250/654/250
f 633/652/633 632/651/632 634/655/634
f 634/655/634 635/656/635 633/652/633
f 637/658/637 636/657/636 281/284/281
f 281/284/281 285/288/285 637/658/637
f 278/281/278 636/657/636 637/658/637
f 637/658/637 279/282/279 278/281/278
f 639/660/639 638/659/638 273/276/273
f 273/276/273 277/280/277 639/660/639
f 640/661/640 638/659/638 639/660/639
f 639/660/639 271/274/271 640/661/640
f 644/665/644 641/662/641 642/663/642
f 642/663/642 643/664/643 644/665/644
f 642/663/642 641/662/641 559/666/559
f 559/666/559 558/667/558 642/663/642
f 559/575/559 641/668/641 645/669/645
f 645/669/645 560/576/560 559/575/559
f 649/673/649 646/670/646 647/671/647
f 647/671/647 648/672/648 649/673/649
f 647/671/647 646/670/646 650/674/650
f 650/674/650 343/350/343 647/671/647
f 654/678/654 651/675/651 652/676/652
f 652/676/652 653/677/653 654/678/654
f 652/676/652 651/675/651 655/679/655
f 655/679/655 309/312/309 652/676/652
f 657/681/657 656/680/656 327/330/327
f 327/330/327 16/16/16 657/681/657
f 327/332/327 656/682/656 334/339/334
f 334/339/334 24/24/24 327/332/327
f 334/339/334 656/682/656 625/642/625
f 625/642/625 269/272/269 334/339/334
f 661/686/661 658/683/658 659/684/659
f 659/684/659 660/685/660 661/686/661
f 659/684/659 658/683/658 313/316/313
f 313/316/313 312/315/312 659/684/659
f 484/496/484 662/687/662 331/336/331
f 331/336/331 21/21/21 484/496/484
f 331/336/331 662/687/662 663/688/663
f 663/688/663 332/337/332 331/336/331
f 663/688/663 662/687/662 664/689/664
f 664/689/664 665/690/665 663/688/663
f 667/692/667 666/691/666 322/325/322
f 322/325/322 9/9/9 667/692/667
f 322/325/322 666/691/666 393/401/393
f 393/401/393 65/65/65 322/325/322
f 669/694/669 668/693/668 329/334/329
f 329/334/329 19/19/19 669/694/669
f 329/334/329 668/693/668 612/629/612
f 612/629/612 261/264/261 329/334/329
f 612/629/612 668/693/668 586/603/586
f 586/603/586 254/257/254 612/629/612
f 639/660/639 670/695/670 671/696/671
f 671/696/671 271/274/271 639/660/639
f 671/696/671 670/695/670 338/343/338
f 338/343/338 337/342/337 671/696/671
f 637/658/637 672/697/672 673/698/673
f 673/698/673 279/282/279 637/658/637
f 673/698/673 672/697/672 674/699/674
f 674/699/674 675/700/675 673/698/673
f 674/699/674 672/697/672 555/569/555
f 555/569/555 554/568/554 674/699/674
f 555/569/555 672/697/672 494/506/494
f 494/506/494 184/187/184 555/569/555
f 677/702/677 676/701/676 340/345/340
f 340/345/340 30/30/30 677/702/677
f 340/345/340 676/701/676 353/703/353
f 353/703/353 39/346/39 340/345/340
f 353/703/353 676/701/676 547/561/547
f 547/561/547 210/560/210 353/703/353
f 428/436/428 678/704/678 679/705/679
f 679/705/679 429/437/429 428/436/428
f 682/708/682 678/704/678 680/706/680
f 680/706/680 681/707/681 682/708/682
f 686/712/686 683/709/683 684/710/684
f 684/710/684 685/711/685 686/712/686
f 689/715/689 683/709/683 687/713/687
f 687/713/687 688/714/688 689/715/689
f 400/408/400 690/716/690 420/428/420
f 420/428/420 81/81/81 400/408/400
f 693/719/693 690/716/690 691/717/691
f 691/717/691 692/718/692 693/719/693
f 420/428/420 690/716/690 694/720/694
f 694/720/694 421/429/421 420/428/420
f 698/724/698 695/721/695 696/722/696
f 696/722/696 697/723/697 698/724/698
f 696/722/696 695/721/695 699/725/699
f 699/725/699 367/375/367 696/722/696
f 416/424/416 700/726/700 447/455/447
f 447/455/447 105/105/105 416/424/416
f 447/455/447 700/726/700 701/727/701
f 701/727/701 448/456/448 447/455/447
f 346/353/346 702/728/702 540/552/540
f 540/552/540 195/198/195 346/353/346
f 540/552/540 702/728/702 703/729/703
f 703/729/703 541/553/541 540/552/540
f 442/450/442 704/730/704 705/731/705
f 705/731/705 443/451/443 442/450/442
f 708/734/708 704/730/704 706/732/706
f 706/732/706 707/733/707 708/734/708
f 705/731/705 704/730/704 709/735/709
f 709/735/709 710/736/710 705/731/705
f 517/529/517 711/737/711 712/738/712
f 712/738/712 212/215/212 517/529/517
f 712/738/712 711/737/711 356/364/356
f 356/364/356 355/363/355 712/738/712
f 356/364/356 711/737/711 713/739/713
f 713/739/713 357/365/357 356/364/356
f 715/741/715 714/740/714 532/544/532
f 532/544/532 531/543/531 715/741/715
f 532/544/532 714/740/714 523/535/523
f 523/535/523 227/230/227 532/544/532
f 523/535/523 714/740/714 716/742/716
f 716/742/716 524/536/524 523/535/523
f 718/744/718 717/743/717 351/359/351
f 351/359/351 36/36/36 718/744/718
f 351/359/351 717/743/717 627/646/627
f 627/646/627 249/252/249 351/359/351
f 627/646/627 717/743/717 719/745/719
f 719/745/719 299/302/299 627/646/627
f 616/633/616 720/746/720 579/596/579
f 579/596/579 242/245/242 616/633/616
f 579/596/579 720/746/720 721/747/721
f 721/747/721 580/597/580 579/596/579
f 605/622/605 722/748/722 723/749/723
f 723/749/723 152/155/152 605/622/605
f 723/749/723 722/748/722 724/750/724
f 724/750/724 725/751/725 723/749/723
f 724/750/724 722/748/722 623/640/623
f 623/640/623 622/639/622 724/750/724
f 631/650/631 726/752/726 727/753/727
f 727/753/727 236/239/236 631/650/631
f 727/753/727 726/752/726 349/357/349
f 349/357/349 348/356/348 727/753/727
f 349/357/349 726/752/726 534/546/534
f 534/546/534 218/221/218 349/357/349
f 534/546/534 726/752/726 510/522/510
f 510/522/510 223/226/223 534/546/534
f 510/522/510 726/752/726 728/754/728
f 728/754/728 511/523/511 510/522/510
f 730/756/730 729/755/729 376/384/376
f 376/384/376 47/47/47 730/756/730
f 376/384/376 729/755/729 476/486/476
f 476/486/476 132/133/132 376/384/376
f 496/508/496 731/757/731 482/492/482
f 482/492/482 146/149/146 496/508/496
f 482/492/482 731/757/731 618/635/618
f 618/635/618 297/300/297 482/492/482
f 618/635/618 731/757/731 732/758/732
f 732/758/732 287/290/287 618/635/618
f 732/758/732 731/757/731 538/550/538
f 538/550/538 537/549/537 732/758/732
f 736/762/736 733/759/733 734/760/734
f 734/760/734 735/761/735 736/762/736
f 734/760/734 733/759/733 737/763/737
f 737/763/737 738/764/738 734/760/734
f 740/766/740 739/765/739 395/403/395
f 395/403/395 62/62/62 740/766/740
f 395/403/395 739/765/739 741/767/741
f 741/767/741 396/404/396 395/403/395
f 744/770/744 739/765/739 742/768/742
f 742/768/742 743/769/743 744/770/744
f 748/774/748 745/771/745 746/772/746
f 746/772/746 747/773/747 748/774/748
f 746/772/746 745/771/745 520/532/520
f 520/532/520 519/531/519 746/772/746
f 520/532/520 745/771/745 749/775/749
f 749/775/749 230/233/230 520/532/520
f 506/518/506 750/776/750 478/488/478
f 478/488/478 140/141/140 506/518/506
f 478/488/478 750/776/750 751/777/751
f 751/777/751 479/489/479 478/488/478
f 755/781/755 752/778/752 753/779/753
f 753/779/753 754/780/754 755/781/755
f 753/779/753 752/778/752 438/446/438
f 438/446/438 437/445/437 753/779/753
f 498/510/498 756/782/756 459/468/459
f 459/468/459 114/114/114 498/510/498
f 459/468/459 756/782/756 757/783/757
f 757/783/757 460/469/460 459/468/459
f 760/786/760 756/782/756 758/784/758
f 758/784/758 759/785/759 760/786/760
f 504/790/504 761/787/761 762/788/762
f 762/788/762 118/789/118 504/790/504
f 762/788/762 761/787/761 763/791/763
f 763/791/763 764/792/764 762/788/762
f 763/791/763 761/787/761 765/793/765
f 765/793/765 766/794/766 763/791/763
f 768/796/768 767/795/767 305/308/305
f 305/308/305 6/6/6 768/796/768
f 305/308/305 767/795/767 769/797/769
f 769/797/769 168/171/168 305/308/305
f 769/797/769 767/795/767 770/798/770
f 770/798/770 771/799/771 769/797/769
f 773/801/773 772/800/772 325/328/325
f 325/328/325 324/327/324 773/801/773
f 325/328/325 772/800/772 432/440/432
f 432/440/432 92/92/92 325/328/325
f 432/440/432 772/800/772 774/802/774
f 774/802/774 433/441/433 432/440/432
f 776/804/776 775/803/775 301/304/301
f 301/304/301 3/3/3 776/804/776
f 301/304/301 775/803/775 777/805/777
f 777/805/777 302/305/302 301/304/301
f 780/808/780 775/803/775 778/806/778
f 778/806/778 779/807/779 780/808/780
f 784/812/784 781/809/781 782/810/782
f 782/810/782 783/811/783 784/812/784
f 786/814/786 781/809/781 785/813/785
f 785/813/785 86/86/86 786/814/786
f 588/605/588 787/815/787 404/412/404
f 404/412/404 74/74/74 588/605/588
f 404/412/404 787/815/787 788/816/788
f 788/816/788 405/413/405 404/412/404
f 792/820/792 789/817/789 790/818/790
f 790/818/790 791/819/791 792/820/792
f 790/818/790 789/817/789 372/380/372
f 372/380/372 371/379/371 790/818/790
f 372/380/372 789/817/789 793/821/793
f 793/821/793 373/381/373 372/380/372
f 797/825/797 794/822/794 795/823/795
f 795/823/795 796/824/796 797/825/797
f 795/823/795 794/822/794 798/826/798
f 798/826/798 799/827/799 795/823/795
f 802/830/802 794/822/794 800/828/800
f 800/828/800 801/829/801 802/830/802
f 806/834/806 803/831/803 804/832/804
f 804/832/804 805/833/805 806/834/806
f 804/832/804 803/831/803 409/417/409
f 409/417/409 408/416/408 804/832/804
f 409/417/409 803/831/803 807/835/807
f 807/835/807 410/418/410 409/417/409
f 811/839/811 808/836/808 809/837/809
f 809/837/809 810/838/810 811/839/811
f 590/607/590 808/840/808 812/841/812
f 812/841/812 591/608/591 590/607/590
f 816/845/816 813/842/813 814/843/814
f 814/843/814 815/844/815 816/845/816
f 583/600/583 813/842/813 817/846/817
f 817/846/817 50/50/50 583/600/583
f 821/850/821 818/847/818 819/848/819
f 819/848/819 820/849/820 821/850/821
f 819/848/819 818/847/818 822/851/822
f 822/851/822 823/852/823 819/848/819
f 360/368/360 824/853/824 825/854/825
f 825/854/825 361/369/361 360/368/360
f 828/857/828 824/853/824 826/855/826
f 826/855/826 827/856/827 828/857/828
f 825/854/825 824/853/824 829/858/829
f 829/858/829 830/859/830 825/854/825
f 601/618/601 831/860/831 832/861/832
f 832/861/832 602/619/602 601/618/601
f 832/861/832 831/860/831 833/862/833
f 833/862/833 834/863/834 832/861/832
f 597/614/597 835/864/835 836/865/836
f 836/865/836 598/615/598 597/614/597
f 839/868/839 835/864/835 837/866/837
f 837/866/837 838/867/838 839/868/839
f 841/870/841 840/869/840 79/79/79
f 79/79/79 78/78/78 841/870/841
f 417/425/417 840/869/840 841/870/841
f 841/870/841 418/426/418 417/425/417
f 843/872/843 842/871/842 592/609/592
f 592/609/592 591/608/591 843/872/843
f 82/874/82 842/871/842 843/872/843
f 843/872/843 83/873/83 82/874/82
f 846/878/846 844/875/844 845/876/845
f 845/876/845 108/877/108 846/878/846
f 836/865/836 844/875/844 846/878/846
f 846/878/846 598/615/598 836/865/836
f 848/880/848 847/879/847 595/612/595
f 595/612/595 594/611/594 848/880/848
f 837/866/837 847/879/847 848/880/848
f 848/880/848 838/867/838 837/866/837
f 852/884/852 849/881/849 850/882/850
f 850/882/850 851/883/851 852/884/852
f 850/882/850 849/881/849 853/885/853
f 853/885/853 854/886/854 850/882/850
f 856/888/856 855/887/855 239/242/239
f 239/242/239 238/241/238 856/888/856
f 574/591/574 855/887/855 856/888/856
f 856/888/856 575/592/575 574/591/574
f 858/890/858 857/889/857 234/237/234
f 234/237/234 233/236/233 858/890/858
f 634/655/634 857/889/857 858/890/858
f 858/890/858 635/656/635 634/655/634
f 860/892/860 859/891/859 573/590/573
f 573/590/573 577/594/577 860/892/860
f 826/855/826 859/893/859 860/894/860
f 860/894/860 827/856/827 826/855/826
f 864/898/864 861/895/861 862/896/862
f 862/896/862 863/897/863 864/898/864
f 829/858/829 861/895/861 864/898/864
f 864/898/864 830/859/830 829/858/829
f 868/902/868 865/899/865 866/900/866
f 866/900/866 867/901/867 868/902/868
f 866/900/866 865/899/865 869/903/869
f 869/903/869 870/904/870 866/900/866
f 872/906/872 871/905/871 449/457/449
f 449/457/449 448/456/448 872/906/872
f 158/161/158 871/905/871 872/906/872
f 872/906/872 159/162/159 158/161/158
f 874/908/874 873/907/873 610/627/610
f 610/627/610 609/626/609 874/908/874
f 160/163/160 873/907/873 874/908/874
f 874/908/874 161/164/161 160/163/160
f 876/910/876 875/909/875 607/624/607
f 607/624/607 294/297/294 876/910/876
f 798/826/798 875/909/875 876/910/876
f 876/910/876 799/827/799 798/826/798
f 878/912/878 877/911/877 452/460/452
f 452/460/452 451/459/451 878/912/878
f 800/828/800 877/911/877 878/912/878
f 878/912/878 801/829/801 800/828/800
f 882/916/882 879/913/879 880/914/880
f 880/914/880 881/915/881 882/916/882
f 884/918/884 883/917/883 320/323/320
f 320/323/320 319/322/319 884/918/884
f 170/173/170 883/917/883 884/918/884
f 884/918/884 171/174/171 170/173/170
f 886/920/886 885/919/885 561/577/561
f 561/577/561 560/576/560 886/920/886
f 173/176/173 885/919/885 886/920/886
f 886/920/886 174/177/174 173/176/173
f 888/922/888 887/921/887 317/320/317
f 317/320/317 12/12/12 888/922/888
f 777/924/777 887/921/887 888/922/888
f 888/922/888 302/923/302 777/924/777
f 890/926/890 889/925/889 564/580/564
f 564/580/564 563/579/563 890/926/890
f 778/806/778 889/925/889 890/926/890
f 890/926/890 779/807/779 778/806/778
f 894/930/894 891/927/891 892/928/892
f 892/928/892 893/929/893 894/930/894
f 892/928/892 891/927/891 895/931/895
f 895/931/895 896/932/896 892/928/892
f 898/934/898 897/933/897 216/219/216
f 216/219/216 215/218/215 898/934/898
f 507/519/507 897/933/897 898/934/898
f 898/934/898 508/520/508 507/519/507
f 900/938/900 899/935/899 542/936/542
f 542/936/542 541/937/541 900/938/900
f 219/222/219 899/935/899 900/938/900
f 900/938/900 220/223/220 219/222/219
f 903/941/903 901/939/901 902/940/902
f 902/940/902 143/145/143 903/941/903
f 757/783/757 901/939/901 903/941/903
f 903/941/903 460/469/460 757/783/757
f 905/943/905 904/942/904 545/557/545
f 545/557/545 544/556/544 905/943/905
f 758/784/758 904/942/904 905/943/905
f 905/943/905 759/785/759 758/784/758
f 909/947/909 906/944/906 907/945/907
f 907/945/907 908/946/908 909/947/909
f 907/945/907 906/944/906 910/948/910
f 910/948/910 911/949/911 907/945/907
f 913/951/913 912/950/912 466/476/466
f 466/476/466 465/475/465 913/951/913
f 199/202/199 912/950/912 913/951/913
f 913/951/913 200/203/200 199/202/199
f 915/953/915 914/952/914 525/537/525
f 525/537/525 524/536/524 915/953/915
f 202/205/202 914/952/914 915/953/915
f 915/953/915 203/206/203 202/205/202
f 917/955/917 916/954/916 463/472/463
f 463/472/463 121/122/121 917/955/917
f 741/767/741 916/954/916 917/955/917
f 917/955/917 396/404/396 741/767/741
f 919/957/919 918/956/918 528/540/528
f 528/540/528 527/539/527 919/957/919
f 742/768/742 918/956/918 919/957/919
f 919/957/919 743/769/743 742/768/742
f 923/961/923 920/958/920 921/959/921
f 921/959/921 922/960/922 923/961/923
f 921/959/921 920/958/920 924/962/924
f 924/962/924 925/963/925 921/959/921
f 927/965/927 926/964/926 181/184/181
f 181/184/181 180/183/180 927/965/927
f 489/501/489 926/966/926 927/967/927
f 927/967/927 490/502/490 489/501/489
f 929/969/929 928/968/928 571/588/571
f 571/588/571 570/587/570 929/969/929
f 177/180/177 928/968/928 929/969/929
f 929/969/929 178/181/178 177/180/177
f 931/971/931 930/970/930 488/500/488
f 488/500/488 492/504/492 931/971/931
f 706/732/706 930/970/930 931/971/931
f 931/971/931 707/733/707 706/732/706
f 933/973/933 932/972/932 568/584/568
f 568/584/568 567/583/567 933/973/933
f 709/735/709 932/972/932 933/973/933
f 933/973/933 710/736/710 709/735/709
f 937/977/937 934/974/934 935/975/935
f 935/975/935 936/976/936 937/977/937
f 935/975/935 934/974/934 938/978/938
f 938/978/938 939/979/939 935/975/935
f 941/981/941 940/980/940 126/127/126
f 126/127/126 125/126/125 941/981/941
f 469/479/469 940/980/940 941/981/941
f 941/981/941 470/480/470 469/479/469
f 943/983/943 942/982/942 411/419/411
f 411/419/411 410/418/410 943/983/943
f 127/128/127 942/982/942 943/983/943
f 943/983/943 128/129/128 127/128/127
f 945/985/945 944/984/944 414/422/414
f 414/422/414 413/421/413 945/985/945
f 691/717/691 944/984/944 945/985/945
f 945/985/945 692/718/692 691/717/691
f 948/988/948 946/986/946 947/987/947
f 947/987/947 137/138/137 948/988/948
f 694/720/694 946/986/946 948/988/948
f 948/988/948 421/429/421 694/720/694
f 952/992/952 949/989/949 950/990/950
f 950/990/950 951/991/951 952/992/952
f 950/990/950 949/989/949 953/993/953
f 953/993/953 954/994/954 950/990/950
f 953/993/953 949/989/949 955/995/955
f 955/995/955 956/996/956 953/993/953
f 958/998/958 957/997/957 57/57/57
f 57/57/57 56/56/56 958/998/958
f 382/390/382 957/997/957 958/998/958
f 958/998/958 383/391/383 382/390/382
f 960/1000/960 959/999/959 52/52/52
f 52/52/52 59/59/59 960/1000/960
f 388/396/388 959/999/959 960/1000/960
f 960/1000/960 389/397/389 388/396/388
f 964/1004/964 961/1001/961 962/1002/962
f 962/1002/962 963/1003/963 964/1004/964
f 684/710/684 961/1001/961 964/1004/964
f 964/1004/964 685/711/685 684/710/684
f 966/1006/966 965/1005/965 387/395/387
f 387/395/387 391/399/391 966/1006/966
f 687/713/687 965/1005/965 966/1006/966
f 966/1006/966 688/714/688 687/713/687
f 970/1010/970 967/1007/967 968/1008/968
f 968/1008/968 969/1009/969 970/1010/970
f 968/1008/968 967/1007/967 971/1011/971
f 971/1011/971 972/1012/972 968/1008/968
f 645/669/645 973/1013/973 886/920/886
f 886/920/886 560/576/560 645/669/645
f 650/674/650 974/1014/974 344/351/344
f 344/351/344 343/350/343 650/674/650
f 344/351/344 974/1014/974 858/890/858
f 858/890/858 233/236/233 344/351/344
f 655/679/655 975/1015/975 310/313/310
f 310/313/310 309/312/309 655/679/655
f 310/313/310 975/1015/975 958/998/958
f 958/998/958 56/56/56 310/313/310
f 664/689/664 976/1016/976 977/1017/977
f 977/1017/977 665/690/665 664/689/664
f 680/706/680 978/1018/978 979/1019/979
f 979/1019/979 681/707/681 680/706/680
f 398/406/398 980/1020/980 63/63/63
f 63/63/63 62/62/62 398/406/398
f 63/63/63 980/1020/980 964/1004/964
f 964/1004/964 963/1003/963 63/63/63
f 456/465/456 981/1021/981 982/1022/982
f 982/1022/982 457/466/457 456/465/456
f 401/409/401 983/1023/983 984/1024/984
f 984/1024/984 402/410/402 401/409/401
f 136/137/136 985/1025/985 948/988/948
f 948/988/948 137/138/137 136/137/136
f 699/725/699 986/1026/986 368/376/368
f 368/376/368 367/375/367 699/725/699
f 368/376/368 986/1026/986 941/981/941
f 941/981/941 125/126/125 368/376/368
f 990/1030/990 987/1027/987 988/1028/988
f 988/1028/988 989/1029/989 990/1030/990
f 988/1028/988 987/1027/987 841/870/841
f 841/870/841 78/78/78 988/1028/988
f 701/727/701 991/1031/991 872/906/872
f 872/906/872 448/456/448 701/727/701
f 703/1033/703 992/1032/992 900/938/900
f 900/938/900 541/937/541 703/1033/703
f 444/452/444 993/1034/993 994/1035/994
f 994/1035/994 445/453/445 444/452/444
f 513/525/513 995/1036/995 224/227/224
f 224/227/224 223/226/223 513/525/513
f 224/227/224 995/1036/995 933/973/933
f 933/973/933 567/583/567 224/227/224
f 716/742/716 996/1037/996 915/953/915
f 915/953/915 524/536/524 716/742/716
f 737/763/737 997/1038/997 998/1039/998
f 998/1039/998 738/764/738 737/763/737
f 998/1039/998 997/1038/997 999/1040/999
f 999/1040/999 1000/1041/1000 998/1039/998
f 120/121/120 1001/1042/1001 917/955/917
f 917/955/917 121/122/121 120/121/120
f 229/232/229 1002/1043/1002 521/533/521
f 521/533/521 230/233/230 229/232/229
f 521/533/521 1002/1043/1002 1003/1044/1003
f 1003/1044/1003 1004/1045/1004 521/533/521
f 751/777/751 1005/1046/1005 1006/1047/1006
f 1006/1047/1006 479/489/479 751/777/751
f 1006/1047/1006 1005/1046/1005 898/934/898
f 898/934/898 215/218/215 1006/1047/1006
f 142/144/142 1007/1048/1007 903/941/903
f 903/941/903 143/145/143 142/144/142
f 499/511/499 1008/1049/1008 1009/1050/1009
f 1009/1050/1009 500/512/500 499/511/499
f 774/802/774 1010/1051/1010 1011/1052/1011
f 1011/1052/1011 433/441/433 774/802/774
f 1011/1052/1011 1010/1051/1010 1012/1053/1012
f 1012/1053/1012 1013/1054/1013 1011/1052/1011
f 11/11/11 1014/1055/1014 888/922/888
f 888/922/888 12/12/12 11/11/11
f 167/170/167 1015/1056/1015 306/309/306
f 306/309/306 168/171/168 167/170/167
f 306/309/306 1015/1056/1015 1016/1057/1016
f 1016/1057/1016 1017/1058/1017 306/309/306
f 785/813/785 1018/1059/1018 424/432/424
f 424/432/424 86/86/86 785/813/785
f 424/432/424 1018/1059/1018 1019/1060/1019
f 1019/1060/1019 425/433/425 424/432/424
f 1021/1062/1021 1020/1061/1020 603/620/603
f 603/620/603 602/619/602 1021/1062/1021
f 603/620/603 1020/1061/1020 1022/1063/1022
f 1022/1063/1022 1023/1064/1023 603/620/603
f 619/636/619 1024/1065/1024 293/296/293
f 293/296/293 297/300/297 619/636/619
f 293/296/293 1024/1065/1024 876/910/876
f 876/910/876 294/297/294 293/296/293
f 807/835/807 1025/1066/1025 943/983/943
f 943/983/943 410/418/410 807/835/807
f 812/841/812 1026/1067/1026 843/872/843
f 843/872/843 591/608/591 812/841/812
f 817/846/817 1027/1068/1027 378/386/378
f 378/386/378 50/50/50 817/846/817
f 378/386/378 1027/1068/1027 1028/1069/1028
f 1028/1069/1028 379/387/379 378/386/378
f 822/851/822 1029/1070/1029 1030/1071/1030
f 1030/1071/1030 823/852/823 822/851/822
f 363/371/363 1031/1072/1031 1032/1073/1032
f 1032/1073/1032 364/372/364 363/371/363
f 584/601/584 1033/1074/1033 247/250/247
f 247/250/247 246/249/246 584/601/584
f 247/250/247 1033/1074/1033 864/898/864
f 864/898/864 863/897/863 247/250/247
f 107/107/107 1034/1075/1034 846/878/846
f 846/878/846 108/877/108 107/107/107
f 270/273/270 1035/1076/1035 640/661/640
f 640/661/640 271/274/271 270/273/270
f 640/661/640 1035/1076/1035 1036/1077/1036
f 1036/1077/1036 1037/1078/1037 640/661/640
f 1041/1082/1041 1038/1079/1038 1039/1080/1039
f 1039/1080/1039 1040/1081/1040 1041/1082/1041
f 1045/1086/1045 1042/1083/1042 1043/1084/1043
f 1043/1084/1043 1044/1085/1044 1045/1086/1045
f 1049/1090/1049 1046/1087/1046 1047/1088/1047
f 1047/1088/1047 1048/1089/1048 1049/1090/1049
f 1053/1094/1053 1050/1091/1050 1051/1092/1051
f 1051/1092/1051 1052/1093/1052 1053/1094/1053
f 1057/1098/1057 1054/1095/1054 1055/1096/1055
f 1055/1096/1055 1056/1097/1056 1057/1098/1057
f 1047/1088/1047 1054/1095/1054 1057/1098/1057
f 1057/1098/1057 1048/1089/1048 1047/1088/1047
f 1061/1102/1061 1058/1099/1058 1059/1100/1059
f 1059/1100/1059 1060/1101/1060 1061/1102/1061
f 1039/1080/1039 1058/1099/1058 1061/1102/1061
f 1061/1102/1061 1040/1081/1040 1039/1080/1039
f 1065/1106/1065 1062/1103/1062 1063/1104/1063
f 1063/1104/1063 1064/1105/1064 1065/1106/1065
f 1043/1108/1043 1062/1103/1062 1065/1106/1065
f 1065/1106/1065 1044/1107/1044 1043/1108/1043
f 1069/1112/1069 1066/1109/1066 1067/1110/1067
f 1067/1110/1067 1068/1111/1068 1069/1112/1069
f 1051/1092/1051 1066/1109/1066 1069/1112/1069
f 1069/1112/1069 1052/1093/1052 1051/1092/1051
f 1073/1116/1073 1070/1113/1070 1071/1114/1071
f 1071/1114/1071 1072/1115/1072 1073/1116/1073
f 1077/1120/1077 1074/1117/1074 1075/1118/1075
f 1075/1118/1075 1076/1119/1076 1077/1120/1077
f 1081/1124/1081 1078/1121/1078 1079/1122/1079
f 1079/1122/1079 1080/1123/1080 1081/1124/1081
f 1085/1128/1085 1082/1125/1082 1083/1126/1083
f 1083/1126/1083 1084/1127/1084 1085/1128/1085
f 1089/1132/1089 1086/1129/1086 1087/1130/1087
f 1087/1130/1087 1088/1131/1088 1089/1132/1089
f 1083/1126/1083 1086/1129/1086 1089/1132/1089
f 1089/1132/1089 1084/1127/1084 1083/1126/1083
f 1093/1136/1093 1090/1133/1090 1091/1134/1091
f 1091/1134/1091 1092/1135/1092 1093/1136/1093
f 1075/1118/1075 1090/1137/1090 1093/1138/1093
f 1093/1138/1093 1076/1119/1076 1075/1118/1075
f 1097/1142/1097 1094/1139/1094 1095/1140/1095
f 1095/1140/1095 1096/1141/1096 1097/1142/1097
f 1071/1114/1071 1094/1139/1094 1097/1142/1097
f 1097/1142/1097 1072/1115/1072 1071/1114/1071
f 1101/1146/1101 1098/1143/1098 1099/1144/1099
f 1099/1144/1099 1100/1145/1100 1101/1146/1101
f 1079/1122/1079 1098/1143/1098 1101/1146/1101
f 1101/1146/1101 1080/1123/1080 1079/1122/1079
f 1105/1150/1105 1102/1147/1102 1103/1148/1103
f 1103/1148/1103 1104/1149/1104 1105/1150/1105
f 1109/1154/1109 1106/1151/1106 1107/1152/1107
f 1107/1152/1107 1108/1153/1108 1109/1154/1109
f 1113/1158/1113 1110/1155/1110 1111/1156/1111
f 1111/1156/1111 1112/1157/1112 1113/1158/1113
f 1117/1162/1117 1114/1159/1114 1115/1160/1115
f 1115/1160/1115 1116/1161/1116 1117/1162/1117
f 1121/1166/1121 1118/1163/1118 1119/1164/1119
f 1119/1164/1119 1120/1165/1120 1121/1166/1121
f 1103/1148/1103 1118/1163/1118 1121/1166/1121
f 1121/1166/1121 1104/1149/1104 1103/1148/1103
f 1125/1170/1125 1122/1167/1122 1123/1168/1123
f 1123/1168/1123 1124/1169/1124 1125/1170/1125
f 1107/1152/1107 1122/1167/1122 1125/1170/1125
f 1125/1170/1125 1108/1153/1108 1107/1152/1107
f 1129/1174/1129 1126/1171/1126 1127/1172/1127
f 1127/1172/1127 1128/1173/1128 1129/1174/1129
f 1111/1156/1111 1126/1171/1126 1129/1174/1129
f 1129/1174/1129 1112/1157/1112 1111/1156/1111
f 1133/1178/1133 1130/1175/1130 1131/1176/1131
f 1131/1176/1131 1132/1177/1132 1133/1178/1133
f 1115/1160/1115 1130/1175/1130 1133/1178/1133
f 1133/1178/1133 1116/1161/1116 1115/1160/1115
f 1137/1182/1137 1134/1179/1134 1135/1180/1135
f 1135/1180/1135 1136/1181/1136 1137/1182/1137
f 1141/1186/1141 1138/1183/1138 1139/1184/1139
f 1139/1184/1139 1140/1185/1140 1141/1186/1141
f 1145/1190/1145 1142/1187/1142 1143/1188/1143
f 1143/1188/1143 1144/1189/1144 1145/1190/1145
f 1149/1194/1149 1146/1191/1146 1147/1192/1147
f 1147/1192/1147 1148/1193/1148 1149/1194/1149
f 1153/1198/1153 1150/1195/1150 1151/1196/1151
f 1151/1196/1151 1152/1197/1152 1153/1198/1153
f 1147/1192/1147 1150/1199/1150 1153/1200/1153
f 1153/1200/1153 1148/1193/1148 1147/1192/1147
f 1157/1204/1157 1154/1201/1154 1155/1202/1155
f 1155/1202/1155 1156/1203/1156 1157/1204/1157
f 1135/1180/1135 1154/1201/1154 1157/1204/1157
f 1157/1204/1157 1136/1181/1136 1135/1180/1135
f 1161/1208/1161 1158/1205/1158 1159/1206/1159
f 1159/1206/1159 1160/1207/1160 1161/1208/1161
f 1139/1184/1139 1158/1205/1158 1161/1208/1161
f 1161/1208/1161 1140/1185/1140 1139/1184/1139
f 1165/1212/1165 1162/1209/1162 1163/1210/1163
f 1163/1210/1163 1164/1211/1164 1165/1212/1165
f 1143/1214/1143 1162/1209/1162 1165/1212/1165
f 1165/1212/1165 1144/1213/1144 1143/1214/1143
f 1169/1218/1169 1166/1215/1166 1167/1216/1167
f 1167/1216/1167 1168/1217/1168 1169/1218/1169
f 1173/1222/1173 1170/1219/1170 1171/1220/1171
f 1171/1220/1171 1172/1221/1172 1173/1222/1173
f 1177/1226/1177 1174/1223/1174 1175/1224/1175
f 1175/1224/1175 1176/1225/1176 1177/1226/1177
f 1181/1230/1181 1178/1227/1178 1179/1228/1179
f 1179/1228/1179 1180/1229/1180 1181/1230/1181
f 1185/1234/1185 1182/1231/1182 1183/1232/1183
f 1183/1232/1183 1184/1233/1184 1185/1234/1185
f 1171/1220/1171 1182/1231/1182 1185/1234/1185
f 1185/1234/1185 1172/1221/1172 1171/1220/1171
f 1189/1238/1189 1186/1235/1186 1187/1236/1187
f 1187/1236/1187 1188/1237/1188 1189/1238/1189
f 1167/1216/1167 1186/1239/1186 1189/1240/1189
f 1189/1240/1189 1168/1217/1168 1167/1216/1167
f 1193/1244/1193 1190/1241/1190 1191/1242/1191
f 1191/1242/1191 1192/1243/1192 1193/1244/1193
f 1179/1228/1179 1190/1241/1190 1193/1244/1193
f 1193/1244/1193 1180/1229/1180 1179/1228/1179
f 1197/1248/1197 1194/1245/1194 1195/1246/1195
f 1195/1246/1195 1196/1247/1196 1197/1248/1197
f 1175/1224/1175 1194/1245/1194 1197/1248/1197
f 1197/1248/1197 1176/1225/1176 1175/1224/1175
f 1201/1252/1201 1198/1249/1198 1199/1250/1199
f 1199/1250/1199 1200/1251/1200 1201/1252/1201
f 1205/1256/1205 1202/1253/1202 1203/1254/1203
f 1203/1254/1203 1204/1255/1204 1205/1256/1205
f 1209/1260/1209 1206/1257/1206 1207/1258/1207
f 1207/1258/1207 1208/1259/1208 1209/1260/1209
f 1213/1264/1213 1210/1261/1210 1211/1262/1211
f 1211/1262/1211 1212/1263/1212 1213/1264/1213
f 1217/1268/1217 1214/1265/1214 1215/1266/1215
f 1215/1266/1215 1216/1267/1216 1217/1268/1217
f 1203/1254/1203 1214/1265/1214 1217/1268/1217
f 1217/1268/1217 1204/1255/1204 1203/1254/1203
f 1221/1272/1221 1218/1269/1218 1219/1270/1219
f 1219/1270/1219 1220/1271/1220 1221/1272/1221
f 1207/1258/1207 1218/1269/1218 1221/1272/1221
f 1221/1272/1221 1208/1259/1208 1207/1258/1207
f 1225/1276/1225 1222/1273/1222 1223/1274/1223
f 1223/1274/1223 1224/1275/1224 1225/1276/1225
f 1211/1262/1211 1222/1273/1222 1225/1276/1225
f 1225/1276/1225 1212/1263/1212 1211/1262/1211
f 1229/1280/1229 1226/1277/1226 1227/1278/1227
f 1227/1278/1227 1228/1279/1228 1229/1280/1229
f 1199/1250/1199 1226/1281/1226 1229/1282/1229
f 1229/1282/1229 1200/1251/1200 1199/1250/1199
f 1233/1286/1233 1230/1283/1230 1231/1284/1231
f 1231/1284/1231 1232/1285/1232 1233/1286/1233
f 1237/1290/1237 1234/1287/1234 1235/1288/1235
f 1235/1288/1235 1236/1289/1236 1237/1290/1237
f 1241/1294/1241 1238/1291/1238 1239/1292/1239
f 1239/1292/1239 1240/1293/1240 1241/1294/1241
f 1245/1298/1245 1242/1295/1242 1243/1296/1243
f 1243/1296/1243 1244/1297/1244 1245/1298/1245
f 1249/1302/1249 1246/1299/1246 1247/1300/1247
f 1247/1300/1247 1248/1301/1248 1249/1302/1249
f 1231/1284/1231 1246/1299/1246 1249/1302/1249
f 1249/1302/1249 1232/1285/1232 1231/1284/1231
f 1253/1306/1253 1250/1303/1250 1251/1304/1251
f 1251/1304/1251 1252/1305/1252 1253/1306/1253
f 1235/1288/1235 1250/1307/1250 1253/1308/1253
f 1253/1308/1253 1236/1289/1236 1235/1288/1235
f 1257/1312/1257 1254/1309/1254 1255/1310/1255
f 1255/1310/1255 1256/1311/1256 1257/1312/1257
f 1243/1296/1243 1254/1309/1254 1257/1312/1257
f 1257/1312/1257 1244/1297/1244 1243/1296/1243
f 1261/1316/1261 1258/1313/1258 1259/1314/1259
f 1259/1314/1259 1260/1315/1260 1261/1316/1261
f 1239/1292/1239 1258/1313/1258 1261/1316/1261
f 1261/1316/1261 1240/1293/1240 1239/1292/1239
f 1265/1320/1265 1262/1317/1262 1263/1318/1263
f 1263/1318/1263 1264/1319/1264 1265/1320/1265
f 1269/1324/1269 1266/1321/1266 1267/1322/1267
f 1267/1322/1267 1268/1323/1268 1269/1324/1269
f 1273/1328/1273 1270/1325/1270 1271/1326/1271
f 1271/1326/1271 1272/1327/1272 1273/1328/1273
f 1277/1332/1277 1274/1329/1274 1275/1330/1275
f 1275/1330/1275 1276/1331/1276 1277/1332/1277
f 1281/1336/1281 1278/1333/1278 1279/1334/1279
f 1279/1334/1279 1280/1335/1280 1281/1336/1281
f 1275/1330/1275 1278/1333/1278 1281/1336/1281
f 1281/1336/1281 1276/1331/1276 1275/1330/1275
f 1285/1340/1285 1282/1337/1282 1283/1338/1283
f 1283/1338/1283 1284/1339/1284 1285/1340/1285
f 1267/1322/1267 1282/1337/1282 1285/1340/1285
f 1285/1340/1285 1268/1323/1268 1267/1322/1267
f 1289/1344/1289 1286/1341/1286 1287/1342/1287
f 1287/1342/1287 1288/1343/1288 1289/1344/1289
f 1263/1318/1263 1286/1341/1286 1289/1344/1289
f 1289/1344/1289 1264/1319/1264 1263/1318/1263
f 1293/1348/1293 1290/1345/1290 1291/1346/1291
f 1291/1346/1291 1292/1347/1292 1293/1348/1293
f 1271/1326/1271 1290/1345/1290 1293/1348/1293
f 1293/1348/1293 1272/1327/1272 1271/1326/1271
f 1297/1352/1297 1294/1349/1294 1295/1350/1295
f 1295/1350/1295 1296/1351/1296 1297/1352/1297
f 1301/1356/1301 1298/1353/1298 1299/1354/1299
f 1299/1354/1299 1300/1355/1300 1301/1356/1301
f 1305/1360/1305 1302/1357/1302 1303/1358/1303
f 1303/1358/1303 1304/1359/1304 1305/1360/1305
f 1309/1364/1309 1306/1361/1306 1307/1362/1307
f 1307/1362/1307 1308/1363/1308 1309/1364/1309
f 1313/1368/1313 1310/1365/1310 1311/1366/1311
f 1311/1366/1311 1312/1367/1312 1313/1368/1313
f 1295/1350/1295 1310/1365/1310 1313/1368/1313
f 1313/1368/1313 1296/1351/1296 1295/1350/1295
f 1317/1372/1317 1314/1369/1314 1315/1370/1315
f 1315/1370/1315 1316/1371/1316 1317/1372/1317
f 1303/1358/1303 1314/1369/1314 1317/1372/1317
f 1317/1372/1317 1304/1359/1304 1303/1358/1303
f 1321/1376/1321 1318/1373/1318 1319/1374/1319
f 1319/1374/1319 1320/1375/1320 1321/1376/1321
f 1307/1362/1307 1318/1373/1318 1321/1376/1321
f 1321/1376/1321 1308/1363/1308 1307/1362/1307
f 1325/1380/1325 1322/1377/1322 1323/1378/1323
f 1323/1378/1323 1324/1379/1324 1325/1380/1325
f 1299/1354/1299 1322/1377/1322 1325/1380/1325
f 1325/1380/1325 1300/1355/1300 1299/1354/1299
f 852/1384/852 1326/1381/1326 1327/1382/1327
f 1327/1382/1327 1328/1383/1328 852/1384/852
f 850/882/850 1329/1385/1329 1330/1386/1330
f 1330/1386/1330 851/883/851 850/882/850
f 1334/1390/1334 1331/1387/1331 1332/1388/1332
f 1332/1388/1332 1333/1389/1333 1334/1390/1334
f 853/885/853 1335/1391/1335 1336/1392/1336
f 1336/1392/1336 854/886/854 853/885/853
f 1327/1382/1327 1337/1393/1337 1338/1394/1338
f 1338/1394/1338 1328/1383/1328 1327/1382/1327
f 1332/1388/1332 1339/1395/1339 1340/1396/1340
f 1340/1396/1340 1333/1389/1333 1332/1388/1332
f 1330/1400/1330 1341/1397/1341 1342/1398/1342
f 1342/1398/1342 851/1399/851 1330/1400/1330
f 1336/1392/1336 1343/1401/1343 1344/1402/1344
f 1344/1402/1344 854/886/854 1336/1392/1336
f 868/1406/868 1345/1403/1345 1346/1404/1346
f 1346/1404/1346 1347/1405/1347 868/1406/868
f 1351/1410/1351 1348/1407/1348 1349/1408/1349
f 1349/1408/1349 1350/1409/1350 1351/1410/1351
f 866/900/866 1352/1411/1352 1353/1412/1353
f 1353/1412/1353 867/901/867 866/900/866
f 869/903/869 1354/1413/1354 1355/1414/1355
f 1355/1414/1355 870/904/870 869/903/869
f 1353/1418/1353 1356/1415/1356 1357/1416/1357
f 1357/1416/1357 867/1417/867 1353/1418/1353
f 1346/1404/1346 1358/1419/1358 1359/1420/1359
f 1359/1420/1359 1347/1405/1347 1346/1404/1346
f 1349/1408/1349 1360/1421/1360 1361/1422/1361
f 1361/1422/1361 1350/1409/1350 1349/1408/1349
f 1355/1414/1355 1362/1423/1362 1363/1424/1363
f 1363/1424/1363 870/904/870 1355/1414/1355
f 882/916/882 1364/1425/1364 1365/1426/1365
f 1365/1426/1365 1366/1427/1366 882/916/882
f 1370/1431/1370 1367/1428/1367 1368/1429/1368
f 1368/1429/1368 1369/1430/1369 1370/1431/1370
f 1374/1435/1374 1371/1432/1371 1372/1433/1372
f 1372/1433/1372 1373/1434/1373 1374/1435/1374
f 880/914/880 1375/1436/1375 1376/1437/1376
f 1376/1437/1376 881/915/881 880/914/880
f 1372/1433/1372 1377/1438/1377 1378/1439/1378
f 1378/1439/1378 1373/1434/1373 1372/1433/1372
f 1365/1426/1365 1379/1440/1379 1380/1441/1380
f 1380/1441/1380 1366/1427/1366 1365/1426/1365
f 1368/1429/1368 1381/1442/1381 1382/1443/1382
f 1382/1443/1382 1369/1430/1369 1368/1429/1368
f 1376/1437/1376 1383/1444/1383 1384/1445/1384
f 1384/1445/1384 881/915/881 1376/1437/1376
f 894/930/894 1385/1446/1385 1386/1447/1386
f 1386/1447/1386 1387/1448/1387 894/930/894
f 892/928/892 1388/1449/1388 1389/1450/1389
f 1389/1450/1389 893/929/893 892/928/892
f 1393/1454/1393 1390/1451/1390 1391/1452/1391
f 1391/1452/1391 1392/1453/1392 1393/1454/1393
f 895/931/895 1394/1455/1394 1395/1456/1395
f 1395/1456/1395 896/932/896 895/931/895
f 1395/1456/1395 1396/1457/1396 1397/1458/1397
f 1397/1458/1397 896/932/896 1395/1456/1395
f 1389/1450/1389 1398/1459/1398 1399/1460/1399
f 1399/1460/1399 893/929/893 1389/1450/1389
f 1391/1452/1391 1400/1461/1400 1401/1462/1401
f 1401/1462/1401 1392/1453/1392 1391/1452/1391
f 1386/1447/1386 1402/1463/1402 1403/1464/1403
f 1403/1464/1403 1387/1448/1387 1386/1447/1386
f 909/947/909 1404/1465/1404 1405/1466/1405
f 1405/1466/1405 1406/1467/1406 909/947/909
f 907/945/907 1407/1468/1407 1408/1469/1408
f 1408/1469/1408 908/946/908 907/945/907
f 1412/1473/1412 1409/1470/1409 1410/1471/1410
f 1410/1471/1410 1411/1472/1411 1412/1473/1412
f 910/948/910 1413/1474/1413 1414/1475/1414
f 1414/1475/1414 911/949/911 910/948/910
f 1410/1471/1410 1415/1476/1415 1416/1477/1416
f 1416/1477/1416 1411/1472/1411 1410/1471/1410
f 1414/1475/1414 1417/1478/1417 1418/1479/1418
f 1418/1479/1418 911/949/911 1414/1475/1414
f 1408/1469/1408 1419/1480/1419 1420/1481/1420
f 1420/1481/1420 908/946/908 1408/1469/1408
f 1405/1466/1405 1421/1482/1421 1422/1483/1422
f 1422/1483/1422 1406/1467/1406 1405/1466/1405
f 923/961/923 1423/1484/1423 1424/1485/1424
f 1424/1485/1424 1425/1486/1425 923/961/923
f 921/959/921 1426/1487/1426 1427/1488/1427
f 1427/1488/1427 922/960/922 921/959/921
f 1431/1492/1431 1428/1489/1428 1429/1490/1429
f 1429/1490/1429 1430/1491/1430 1431/1492/1431
f 924/962/924 1432/1493/1432 1433/1494/1433
f 1433/1494/1433 925/963/925 924/962/924
f 1433/1494/1433 1434/1495/1434 1435/1496/1435
f 1435/1496/1435 925/963/925 1433/1494/1433
f 1427/1488/1427 1436/1497/1436 1437/1498/1437
f 1437/1498/1437 922/960/922 1427/1488/1427
f 1424/1485/1424 1438/1499/1438 1439/1500/1439
f 1439/1500/1439 1425/1486/1425 1424/1485/1424
f 1429/1490/1429 1440/1501/1440 1441/1502/1441
f 1441/1502/1441 1430/1491/1430 1429/1490/1429
f 937/977/937 1442/1503/1442 1443/1504/1443
f 1443/1504/1443 1444/1505/1444 937/977/937
f 1448/1509/1448 1445/1506/1445 1446/1507/1446
f 1446/1507/1446 1447/1508/1447 1448/1509/1448
f 935/975/935 1449/1510/1449 1450/1511/1450
f 1450/1511/1450 936/976/936 935/975/935
f 938/978/938 1451/1512/1451 1452/1513/1452
f 1452/1513/1452 939/979/939 938/978/938
f 1450/1511/1450 1453/1514/1453 1454/1515/1454
f 1454/1515/1454 936/976/936 1450/1511/1450
f 1446/1507/1446 1455/1516/1455 1456/1517/1456
f 1456/1517/1456 1447/1508/1447 1446/1507/1446
f 1452/1513/1452 1457/1518/1457 1458/1519/1458
f 1458/1519/1458 939/979/939 1452/1513/1452
f 1443/1504/1443 1459/1520/1459 1460/1521/1460
f 1460/1521/1460 1444/1505/1444 1443/1504/1443
f 952/992/952 1461/1522/1461 1462/1523/1462
f 1462/1523/1462 1463/1524/1463 952/992/952
f 950/990/950 1464/1525/1464 1465/1526/1465
f 1465/1526/1465 951/991/951 950/990/950
f 953/993/953 1466/1527/1466 1467/1528/1467
f 1467/1528/1467 954/994/954 953/993/953
f 955/995/955 1468/1529/1468 1469/1530/1469
f 1469/1530/1469 956/996/956 955/995/955
f 1467/1528/1467 1470/1531/1470 1471/1532/1471
f 1471/1532/1471 954/994/954 1467/1528/1467
f 1469/1530/1469 1472/1533/1472 1473/1534/1473
f 1473/1534/1473 956/996/956 1469/1530/1469
f 1465/1526/1465 1474/1535/1474 1475/1536/1475
f 1475/1536/1475 951/991/951 1465/1526/1465
f 1462/1523/1462 1476/1537/1476 1477/1538/1477
f 1477/1538/1477 1463/1524/1463 1462/1523/1462
f 970/1010/970 1478/1539/1478 1479/1540/1479
f 1479/1540/1479 1480/1541/1480 970/1010/970
f 968/1008/968 1481/1542/1481 1482/1543/1482
f 1482/1543/1482 969/1009/969 968/1008/968
f 1486/1547/1486 1483/1544/1483 1484/1545/1484
f 1484/1545/1484 1485/1546/1485 1486/1547/1486
f 971/1011/971 1487/1548/1487 1488/1549/1488
f 1488/1549/1488 972/1012/972 971/1011/971
f 1488/1549/1488 1489/1550/1489 1490/1551/1490
f 1490/1551/1490 972/1012/972 1488/1549/1488
f 1482/1543/1482 1491/1552/1491 1492/1553/1492
f 1492/1553/1492 969/1009/969 1482/1543/1482
f 1484/1545/1484 1493/1554/1493 1494/1555/1494
f 1494/1555/1494 1485/1546/1485 1484/1545/1484
f 1479/1540/1479 1495/1556/1495 1496/1557/1496
f 1496/1557/1496 1480/1541/1480 1479/1540/1479
f 1/1/1 4/1558/4 309/312/309
f 309/312/309 308/311/308 1/1/1
f 1/1/1 308/311/308 312/315/312
f 312/315/312 5/5/5 1/1/1
f 7/7/7 13/13/13 324/327/324
f 324/327/324 8/8/8 7/7/7
f 7/7/7 10/10/10 653/677/653
f 653/677/653 11/11/11 7/7/7
f 14/14/14 17/17/17 643/664/643
f 643/664/643 20/20/20 14/14/14
f 22/22/22 25/25/25 337/342/337
f 337/342/337 336/341/336 22/22/22
f 22/22/22 336/341/336 675/700/675
f 675/700/675 26/26/26 22/22/22
f 28/1560/28 31/1559/31 343/350/343
f 343/350/343 342/349/342 28/1560/28
f 28/1560/28 342/349/342 348/356/348
f 348/356/348 32/355/32 28/1560/28
f 34/34/34 37/37/37 648/1561/648
f 648/1561/648 38/38/38 34/34/34
f 34/34/34 40/40/40 355/363/355
f 355/363/355 35/35/35 34/34/34
f 41/41/41 44/1562/44 367/375/367
f 367/375/367 366/374/366 41/41/41
f 1031/1564/1031 44/44/44 43/43/43
f 43/43/43 1032/1563/1032 1031/1564/1031
f 41/41/41 366/374/366 371/379/371
f 371/379/371 370/378/370 41/41/41
f 41/41/41 370/378/370 820/849/820
f 820/849/820 42/42/42 41/41/41
f 45/45/45 48/48/48 697/723/697
f 697/723/697 362/1565/362 45/45/45
f 51/51/51 57/57/57 1497/1566/1497
f 1497/1566/1497 58/58/58 51/51/51
f 51/51/51 54/54/54 660/685/660
f 660/685/660 55/55/55 51/51/51
f 60/60/60 66/66/66 519/531/519
f 519/531/519 61/61/61 60/60/60
f 60/60/60 63/63/63 963/1003/963
f 963/1003/963 67/67/67 60/60/60
f 69/69/69 72/72/72 1498/1567/1498
f 1498/1567/1498 73/73/73 69/69/69
f 983/1023/983 72/72/72 71/71/71
f 71/71/71 984/1024/984 983/1023/983
f 69/69/69 75/75/75 408/416/408
f 408/416/408 70/70/70 69/69/69
f 76/76/76 79/79/79 1499/1568/1499
f 1499/1568/1499 1500/1569/1500 76/76/76
f 84/84/84 87/87/87 1501/1570/1501
f 1501/1570/1501 315/318/315 84/84/84
f 90/90/90 93/93/93 437/445/437
f 437/445/437 436/444/436 90/90/90
f 90/90/90 436/444/436 747/773/747
f 747/773/747 94/94/94 90/90/90
f 96/96/96 99/99/99 725/751/725
f 725/751/725 100/100/100 96/96/96
f 993/1034/993 99/99/99 98/98/98
f 98/98/98 994/1035/994 993/1034/993
f 103/103/103 106/106/106 1502/1571/1502
f 1502/1571/1502 1021/1062/1021 103/103/103
f 109/109/109 112/112/112 764/792/764
f 764/792/764 113/113/113 109/109/109
f 981/1021/981 112/112/112 111/111/111
f 111/111/111 982/1022/982 981/1021/981
f 109/109/109 115/115/115 1503/1572/1503
f 1503/1572/1503 110/110/110 109/109/109
f 116/116/116 122/1573/122 735/761/735
f 735/761/735 117/117/117 116/116/116
f 123/124/123 126/127/126 1504/1574/1504
f 1504/1574/1504 1505/1575/1505 123/124/123
f 123/124/123 129/130/129 791/819/791
f 791/819/791 124/125/124 123/124/123
f 130/131/130 133/134/133 989/1029/989
f 989/1029/989 136/137/136 130/131/130
f 138/139/138 141/142/141 1506/1576/1506
f 1506/1576/1506 430/1577/430 138/139/138
f 144/147/144 147/150/147 1507/1578/1507
f 1507/1578/1507 358/366/358 144/147/144
f 163/166/163 166/169/166 558/572/558
f 558/572/558 557/571/557 163/166/163
f 169/172/169 175/178/175 554/568/554
f 554/568/554 553/567/553 169/172/169
f 176/179/176 181/184/181 550/564/550
f 550/564/550 549/563/549 176/179/176
f 182/185/182 185/188/185 537/549/537
f 537/549/537 536/548/536 182/185/182
f 186/189/186 189/192/189 531/543/531
f 531/543/531 530/542/530 186/189/186
f 190/193/190 193/196/193 766/794/766
f 766/794/766 196/199/196 190/193/190
f 1008/1049/1008 193/196/193 192/195/192
f 192/195/192 1009/1050/1009 1008/1049/1008
f 198/201/198 204/207/204 516/528/516
f 516/528/516 515/527/515 198/201/198
f 205/208/205 208/211/208 738/764/738
f 738/764/738 211/214/211 205/208/205
f 213/216/213 216/219/216 1508/1579/1508
f 1508/1579/1508 1509/1580/1509 213/216/213
f 221/224/221 224/227/224 567/583/567
f 567/583/567 566/582/566 221/224/221
f 198/201/198 515/527/515 1000/1041/1000
f 1000/1041/1000 199/202/199 198/201/198
f 225/228/225 228/231/228 1510/1581/1510
f 1510/1581/1510 229/232/229 225/228/225
f 186/189/186 530/542/530 1511/1582/1511
f 1511/1582/1511 440/448/440 186/189/186
f 182/185/182 536/548/536 754/780/754
f 754/780/754 434/442/434 182/185/182
f 176/179/176 549/563/549 771/799/771
f 771/799/771 426/434/426 176/179/176
f 169/172/169 553/567/553 1013/1054/1013
f 1013/1054/1013 170/173/170 169/172/169
f 163/166/163 557/571/557 1512/1583/1512
f 1512/1583/1512 167/170/167 163/166/163
f 221/224/221 566/582/566 783/1584/783
f 783/1584/783 480/490/480 221/224/221
f 231/234/231 239/242/239 1513/1585/1513
f 1513/1585/1513 235/238/235 231/234/231
f 240/243/240 243/246/243 630/649/630
f 630/649/630 629/648/629 240/243/240
f 244/247/244 247/250/247 863/897/863
f 863/897/863 250/253/250 244/247/244
f 252/255/252 255/258/255 622/639/622
f 622/639/622 621/638/621 252/255/252
f 256/259/256 259/262/259 810/838/810
f 810/838/810 262/265/262 256/259/256
f 264/267/264 267/270/267 1514/1586/1514
f 1514/1586/1514 270/273/270 264/267/264
f 272/275/272 275/278/275 834/863/834
f 834/863/834 278/281/278 272/275/272
f 280/283/280 283/286/283 796/824/796
f 796/824/796 286/289/286 280/283/280
f 288/291/288 291/294/291 615/632/615
f 615/632/615 614/631/614 288/291/288
f 292/295/292 295/298/295 815/844/815
f 815/844/815 298/301/298 292/295/292
f 288/291/288 614/631/614 1515/1587/1515
f 1515/1587/1515 474/484/474 288/291/288
f 252/255/252 621/638/621 805/833/805
f 805/833/805 406/414/406 252/255/252
f 240/243/240 629/648/629 1516/1588/1516
f 1516/1588/1516 374/382/374 240/243/240
f 231/234/231 234/237/234 1517/1589/1517
f 1517/1589/1517 237/240/237 231/234/231
f 300/1591/300 303/1590/303 653/677/653
f 653/677/653 652/676/652 300/1591/300
f 1014/1055/1014 303/1590/303 302/923/302
f 302/923/302 888/922/888 1014/1055/1014
f 304/307/304 306/309/306 1017/1058/1017
f 1017/1058/1017 776/804/776 304/307/304
f 307/310/307 55/55/55 660/685/660
f 660/685/660 659/684/659 307/310/307
f 84/84/84 315/318/315 314/317/314
f 314/317/314 88/88/88 84/84/84
f 311/314/311 315/318/315 1501/1570/1501
f 1501/1570/1501 768/796/768 311/314/311
f 316/319/316 320/323/320 1518/1592/1518
f 1518/1592/1518 773/801/773 316/319/316
f 321/324/321 64/64/64 68/68/68
f 68/68/68 654/678/654 321/324/321
f 323/326/323 91/91/91 95/95/95
f 95/95/95 667/692/667 323/326/323
f 326/331/326 23/23/23 27/27/27
f 27/27/27 644/1593/644 326/331/326
f 328/333/328 260/263/260 263/266/263
f 263/266/263 657/681/657 328/333/328
f 96/96/96 102/102/102 332/337/332
f 332/337/332 97/97/97 96/96/96
f 330/335/330 102/102/102 101/101/101
f 101/101/101 669/694/669 330/335/330
f 333/338/333 268/271/268 271/274/271
f 271/274/271 671/696/671 333/338/333
f 335/340/335 276/279/276 279/282/279
f 279/282/279 673/698/673 335/340/335
f 339/1595/339 38/1594/38 648/672/648
f 648/672/648 647/671/647 339/1595/339
f 341/348/341 232/235/232 236/239/236
f 236/239/236 727/753/727 341/348/341
f 345/352/345 194/197/194 197/200/197
f 197/200/197 677/702/677 345/352/345
f 347/354/347 217/220/217 220/223/220
f 220/223/220 1519/1596/1519 347/354/347
f 350/358/350 248/251/248 251/254/251
f 251/254/251 649/1597/649 350/358/350
f 352/360/352 209/212/209 212/215/212
f 212/215/212 712/738/712 352/360/352
f 144/147/144 358/366/358 357/365/357
f 357/365/357 148/151/148 144/147/144
f 354/362/354 358/366/358 1507/1578/1507
f 1507/1578/1507 718/744/718 354/362/354
f 359/1598/359 362/1565/362 697/723/697
f 697/723/697 696/722/696 359/1598/359
f 45/45/45 362/370/362 361/369/361
f 361/369/361 49/49/49 45/45/45
f 365/373/365 124/125/124 791/819/791
f 791/819/791 790/818/790 365/373/365
f 240/243/240 374/382/374 373/381/373
f 373/381/373 241/244/241 240/243/240
f 369/377/369 374/382/374 1516/1588/1516
f 1516/1588/1516 821/850/821 369/377/369
f 375/383/375 131/132/131 135/136/135
f 135/136/135 698/724/698 375/383/375
f 377/385/377 157/160/157 156/159/156
f 156/159/156 730/756/730 377/385/377
f 154/157/154 157/160/157 379/387/379
f 379/387/379 160/163/160 154/157/154
f 380/388/380 67/67/67 963/1003/963
f 963/1003/963 962/1002/962 380/388/380
f 384/392/384 88/88/88 314/317/314
f 314/317/314 661/686/661 384/392/384
f 386/394/386 110/110/110 1503/1572/1503
f 1503/1572/1503 682/708/682 386/394/386
f 392/400/392 94/94/94 747/773/747
f 747/773/747 746/772/746 392/400/392
f 394/402/394 397/405/397 455/463/455
f 455/463/455 686/712/686 394/402/394
f 1001/1042/1001 397/405/397 396/404/396
f 396/404/396 917/955/917 1001/1042/1001
f 399/407/399 80/80/80 83/83/83
f 83/83/83 1520/1599/1520 399/407/399
f 252/255/252 406/414/406 405/413/405
f 405/413/405 253/256/253 252/255/252
f 403/411/403 406/414/406 805/833/805
f 805/833/805 804/832/804 403/411/403
f 407/415/407 411/419/411 1521/1600/1521
f 1521/1600/1521 412/420/412 407/415/407
f 415/423/415 104/104/104 108/1601/108
f 108/1601/108 845/1602/845 415/423/415
f 419/427/419 422/430/422 989/1029/989
f 989/1029/989 988/1028/988 419/427/419
f 985/1025/985 422/430/422 421/429/421
f 421/429/421 948/988/948 985/1025/985
f 423/431/423 426/434/426 771/799/771
f 771/799/771 770/798/770 423/431/423
f 176/179/176 426/434/426 425/433/425
f 425/433/425 177/180/177 176/179/176
f 138/143/138 430/438/430 429/437/429
f 429/437/429 142/144/142 138/143/138
f 427/435/427 430/438/430 1506/1603/1506
f 1506/1603/1506 786/814/786 427/435/427
f 431/439/431 434/442/434 754/780/754
f 754/780/754 753/779/753 431/439/431
f 182/185/182 434/442/434 433/441/433
f 433/441/433 183/186/183 182/185/182
f 435/443/435 440/448/440 1511/1582/1511
f 1511/1582/1511 748/774/748 435/443/435
f 186/189/186 440/448/440 439/447/439
f 439/447/439 187/190/187 186/189/186
f 150/153/150 153/156/153 443/451/443
f 443/451/443 512/524/512 150/153/150
f 441/449/441 153/156/153 152/155/152
f 152/155/152 723/749/723 441/449/441
f 446/454/446 449/457/449 1522/1604/1522
f 1522/1604/1522 450/458/450 446/454/446
f 116/120/116 119/464/119 455/463/455
f 455/463/455 120/121/120 116/120/116
f 453/461/453 119/464/119 118/789/118
f 118/789/118 762/788/762 453/461/453
f 458/467/458 461/470/461 429/437/429
f 429/437/429 679/705/679 458/467/458
f 1007/1048/1007 461/470/461 460/469/460
f 460/469/460 903/941/903 1007/1048/1007
f 462/473/462 466/476/466 1523/1605/1523
f 1523/1605/1523 736/762/736 462/473/462
f 467/477/467 134/135/134 137/138/137
f 137/138/137 947/987/947 467/477/467
f 471/481/471 474/484/474 1515/1587/1515
f 1515/1587/1515 792/820/792 471/481/471
f 288/291/288 474/484/474 473/483/473
f 473/483/473 289/292/289 288/291/288
f 475/485/475 155/158/155 159/162/159
f 159/162/159 1524/1606/1524 475/485/475
f 221/224/221 480/490/480 479/489/479
f 479/489/479 222/225/222 221/224/221
f 477/487/477 480/490/480 783/1584/783
f 783/1584/783 782/1607/782 477/487/477
f 481/491/481 296/299/296 299/302/299
f 299/302/299 719/745/719 481/491/481
f 483/493/483 20/20/20 643/664/643
f 643/664/643 642/663/642 483/493/483
f 485/497/485 26/26/26 675/700/675
f 675/700/675 674/699/674 485/497/485
f 487/499/487 97/97/97 332/337/332
f 332/337/332 663/688/663 487/499/487
f 493/505/493 284/287/284 287/290/287
f 287/290/287 732/758/732 493/505/493
f 495/507/495 145/148/145 149/152/149
f 149/152/149 715/741/715 495/507/495
f 497/509/497 113/113/113 764/792/764
f 764/792/764 763/791/763 497/509/497
f 501/513/501 148/151/148 357/365/357
f 357/365/357 713/739/713 501/513/501
f 503/515/503 117/117/117 735/761/735
f 735/761/735 734/760/734 503/515/503
f 505/1608/505 139/146/139 143/145/143
f 143/145/143 902/940/902 505/1608/505
f 509/521/509 512/524/512 443/451/443
f 443/451/443 705/731/705 509/521/509
f 150/153/150 512/524/512 511/523/511
f 511/523/511 581/598/581 150/153/150
f 514/526/514 211/214/211 738/764/738
f 738/764/738 998/1039/998 514/526/514
f 518/530/518 521/533/521 1004/1045/1004
f 1004/1045/1004 740/766/740 518/530/518
f 522/534/522 525/537/525 1525/1609/1525
f 1525/1609/1525 526/538/526 522/534/522
f 529/541/529 226/229/226 230/233/230
f 230/233/230 749/775/749 529/541/529
f 533/545/533 222/225/222 479/489/479
f 479/489/479 1006/1047/1006 533/545/533
f 535/547/535 187/190/187 439/447/439
f 439/447/439 755/781/755 535/547/535
f 539/551/539 542/554/542 1526/1610/1526
f 1526/1610/1526 543/555/543 539/551/539
f 546/558/546 196/199/196 766/794/766
f 766/794/766 765/793/765 546/558/546
f 548/562/548 164/167/164 168/171/168
f 168/171/168 769/797/769 548/562/548
f 552/566/552 183/186/183 433/441/433
f 433/441/433 1011/1052/1011 552/566/552
f 556/574/556 561/577/561 1527/1611/1527
f 1527/1611/1527 562/1612/562 556/574/556
f 565/585/565 571/588/571 1528/1613/1528
f 1528/1613/1528 784/812/784 565/585/565
f 572/589/572 42/42/42 820/849/820
f 820/849/820 819/848/819 572/589/572
f 150/153/150 581/598/581 580/597/580
f 580/597/580 151/154/151 150/153/150
f 578/595/578 581/598/581 511/523/511
f 511/523/511 728/754/728 578/595/578
f 582/599/582 49/49/49 361/369/361
f 361/369/361 825/854/825 582/599/582
f 585/602/585 100/100/100 725/751/725
f 725/751/725 724/750/724 585/602/585
f 587/604/587 73/73/73 1498/1614/1498
f 1498/1614/1498 811/839/811 587/604/587
f 589/606/589 592/609/592 1529/1615/1529
f 1529/1615/1529 593/610/593 589/606/589
f 596/613/596 599/616/599 602/619/602
f 602/619/602 832/861/832 596/613/596
f 1034/1075/1034 599/616/599 598/615/598
f 598/615/598 846/878/846 1034/1075/1034
f 600/617/600 603/620/603 1023/1064/1023
f 1023/1064/1023 797/825/797 600/617/600
f 604/621/604 151/154/151 580/597/580
f 580/597/580 721/747/721 604/621/604
f 606/623/606 610/627/610 1530/1616/1530
f 1530/1616/1530 816/845/816 606/623/606
f 611/628/611 253/256/253 405/413/405
f 405/413/405 788/816/788 611/628/611
f 613/630/613 241/244/241 373/381/373
f 373/381/373 793/821/793 613/630/613
f 617/634/617 286/289/286 796/824/796
f 796/824/796 795/823/795 617/634/617
f 620/637/620 289/292/289 473/483/473
f 473/483/473 806/834/806 620/637/620
f 624/643/624 262/265/262 810/838/810
f 810/838/810 809/837/809 624/643/624
f 626/645/626 298/301/298 815/844/815
f 815/844/815 814/843/814 626/645/626
f 628/647/628 235/238/235 1513/1585/1513
f 1513/1585/1513 1531/1617/1531 628/647/628
f 632/1618/632 250/253/250 863/897/863
f 863/897/863 862/896/862 632/1618/632
f 636/657/636 278/281/278 834/863/834
f 834/863/834 833/862/833 636/657/636
f 638/659/638 640/661/640 1037/1078/1037
f 1037/1078/1037 1532/1619/1532 638/659/638
f 973/1013/973 486/498/486 174/177/174
f 174/177/174 886/920/886 973/1013/973
f 641/668/641 644/1593/644 27/27/27
f 27/27/27 645/669/645 641/668/641
f 326/329/326 644/665/644 643/664/643
f 643/664/643 17/17/17 326/329/326
f 483/493/483 642/663/642 558/667/558
f 558/667/558 166/494/166 483/493/483
f 350/358/350 649/1597/649 648/1561/648
f 648/1561/648 37/37/37 350/358/350
f 646/670/646 649/673/649 251/653/251
f 251/653/251 633/652/633 646/670/646
f 339/1595/339 647/671/647 343/350/343
f 343/350/343 31/1559/31 339/1595/339
f 646/670/646 633/652/633 635/656/635
f 635/656/635 650/674/650 646/670/646
f 321/324/321 654/678/654 653/677/653
f 653/677/653 10/10/10 321/324/321
f 651/675/651 654/678/654 68/68/68
f 68/68/68 381/389/381 651/675/651
f 300/1591/300 652/676/652 309/312/309
f 309/312/309 4/1558/4 300/1591/300
f 651/675/651 381/389/381 383/391/383
f 383/391/383 655/679/655 651/675/651
f 328/333/328 657/681/657 16/16/16
f 16/16/16 15/15/15 328/333/328
f 656/680/656 657/681/657 263/266/263
f 263/266/263 625/644/625 656/680/656
f 384/392/384 661/686/661 660/685/660
f 660/685/660 54/54/54 384/392/384
f 658/683/658 661/686/661 314/317/314
f 314/317/314 313/316/313 658/683/658
f 307/310/307 659/684/659 312/315/312
f 312/315/312 308/311/308 307/310/307
f 662/687/662 484/496/484 165/495/165
f 165/495/165 664/689/664 662/687/662
f 487/499/487 663/688/663 665/690/665
f 665/690/665 489/501/489 487/499/487
f 976/1621/976 551/565/551 550/564/550
f 550/564/550 977/1620/977 976/1621/976
f 323/326/323 667/692/667 9/9/9
f 9/9/9 8/8/8 323/326/323
f 666/691/666 667/692/667 95/95/95
f 95/95/95 393/401/393 666/691/666
f 330/335/330 669/694/669 19/19/19
f 19/19/19 18/18/18 330/335/330
f 668/693/668 669/694/669 101/101/101
f 101/101/101 586/603/586 668/693/668
f 670/695/670 639/660/639 277/280/277
f 277/280/277 338/343/338 670/695/670
f 333/338/333 671/696/671 337/342/337
f 337/342/337 25/25/25 333/338/333
f 672/697/672 637/658/637 285/288/285
f 285/288/285 494/506/494 672/697/672
f 335/340/335 673/698/673 675/700/675
f 675/700/675 336/341/336 335/340/335
f 485/497/485 674/699/674 554/568/554
f 554/568/554 175/178/175 485/497/485
f 345/352/345 677/702/677 30/30/30
f 30/30/30 29/29/29 345/352/345
f 676/701/676 677/702/677 197/200/197
f 197/200/197 547/561/547 676/701/676
f 386/394/386 682/708/682 681/707/681
f 681/707/681 388/396/388 386/394/386
f 678/704/678 682/708/682 1503/1572/1503
f 1503/1572/1503 679/705/679 678/704/678
f 978/1018/978 385/393/385 53/53/53
f 53/53/53 979/1019/979 978/1018/978
f 678/704/678 428/436/428 89/89/89
f 89/89/89 680/706/680 678/704/678
f 458/467/458 679/705/679 1503/1572/1503
f 1503/1572/1503 115/115/115 458/467/458
f 683/709/683 686/712/686 455/463/455
f 455/463/455 454/462/454 683/709/683
f 394/402/394 686/712/686 685/711/685
f 685/711/685 398/406/398 394/402/394
f 380/388/380 962/1002/962 1533/1622/1533
f 1533/1622/1533 1534/1623/1534 380/388/380
f 683/709/683 454/462/454 457/466/457
f 457/466/457 687/713/687 683/709/683
f 407/415/407 414/422/414 71/71/71
f 71/71/71 70/70/70 407/415/407
f 690/716/690 400/408/400 402/410/402
f 402/410/402 691/717/691 690/716/690
f 467/477/467 947/987/947 1535/1624/1535
f 1535/1624/1535 1536/1625/1536 467/477/467
f 375/383/375 698/724/698 697/723/697
f 697/723/697 48/48/48 375/383/375
f 695/721/695 698/724/698 135/136/135
f 135/136/135 468/478/468 695/721/695
f 359/1598/359 696/722/696 367/375/367
f 367/375/367 363/1626/363 359/1598/359
f 695/721/695 468/478/468 470/480/470
f 470/480/470 699/725/699 695/721/695
f 419/427/419 988/1028/988 78/78/78
f 78/78/78 77/77/77 419/427/419
f 700/726/700 416/424/416 418/426/418
f 418/426/418 990/1030/990 700/726/700
f 475/485/475 1524/1606/1524 989/1029/989
f 989/1029/989 133/134/133 475/485/475
f 991/1031/991 1524/1606/1524 159/162/159
f 159/162/159 872/906/872 991/1031/991
f 347/354/347 1519/1596/1519 33/1627/33
f 33/1627/33 32/355/32 347/354/347
f 992/1032/992 1519/1596/1519 220/223/220
f 220/223/220 900/938/900 992/1032/992
f 702/728/702 346/353/346 33/33/33
f 33/33/33 703/729/703 702/728/702
f 704/730/704 442/450/442 445/453/445
f 445/453/445 706/732/706 704/730/704
f 509/521/509 705/731/705 710/736/710
f 710/736/710 513/525/513 509/521/509
f 565/581/565 568/584/568 1537/1628/1537
f 1537/1628/1537 569/1629/569 565/581/565
f 711/737/711 517/529/517 516/528/516
f 516/528/516 713/739/713 711/737/711
f 352/360/352 712/738/712 355/363/355
f 355/363/355 40/40/40 352/360/352
f 501/513/501 713/739/713 516/528/516
f 516/528/516 204/207/204 501/513/501
f 996/1037/996 502/514/502 203/206/203
f 203/206/203 915/953/915 996/1037/996
f 714/740/714 715/741/715 149/152/149
f 149/152/149 716/742/716 714/740/714
f 495/507/495 715/741/715 531/543/531
f 531/543/531 189/192/189 495/507/495
f 354/362/354 718/744/718 36/36/36
f 36/36/36 35/35/35 354/362/354
f 717/743/717 718/744/718 1507/1578/1507
f 1507/1578/1507 719/745/719 717/743/717
f 481/491/481 719/745/719 1507/1578/1507
f 1507/1578/1507 147/150/147 481/491/481
f 720/746/720 616/633/616 615/632/615
f 615/632/615 721/747/721 720/746/720
f 604/621/604 721/747/721 615/632/615
f 615/632/615 291/294/291 604/621/604
f 722/748/722 605/622/605 290/293/290
f 290/293/290 623/640/623 722/748/722
f 441/449/441 723/749/723 725/751/725
f 725/751/725 444/452/444 441/449/441
f 585/602/585 724/750/724 622/639/622
f 622/639/622 255/258/255 585/602/585
f 726/752/726 631/650/631 630/649/630
f 630/649/630 728/754/728 726/752/726
f 341/348/341 727/753/727 348/356/348
f 348/356/348 342/349/342 341/348/341
f 578/595/578 728/754/728 630/649/630
f 630/649/630 243/246/243 578/595/578
f 377/385/377 730/756/730 47/47/47
f 47/47/47 46/46/46 377/385/377
f 729/755/729 730/756/730 156/159/156
f 156/159/156 476/486/476 729/755/729
f 731/757/731 496/508/496 188/191/188
f 188/191/188 538/550/538 731/757/731
f 493/505/493 732/758/732 537/549/537
f 537/549/537 185/188/185 493/505/493
f 514/526/514 998/1039/998 1000/1041/1000
f 1000/1041/1000 515/527/515 514/526/514
f 462/473/462 736/762/736 735/761/735
f 735/761/735 122/1573/122 462/473/462
f 733/759/733 736/762/736 1523/1605/1523
f 1523/1605/1523 737/763/737 733/759/733
f 503/515/503 734/760/734 738/764/738
f 738/764/738 208/211/208 503/515/503
f 518/530/518 740/766/740 62/62/62
f 62/62/62 61/61/61 518/530/518
f 739/765/739 740/766/740 1004/1045/1004
f 1004/1045/1004 742/768/742 739/765/739
f 462/471/462 463/472/463 1538/1630/1538
f 1538/1630/1538 464/1631/464 462/471/462
f 522/534/522 528/540/528 1510/1581/1510
f 1510/1581/1510 228/231/228 522/534/522
f 435/443/435 748/774/748 747/773/747
f 747/773/747 436/444/436 435/443/435
f 745/771/745 748/774/748 1511/1582/1511
f 1511/1582/1511 749/775/749 745/771/745
f 392/400/392 746/772/746 519/531/519
f 519/531/519 66/66/66 392/400/392
f 529/541/529 749/775/749 1511/1582/1511
f 1511/1582/1511 530/542/530 529/541/529
f 750/776/750 506/518/506 508/520/508
f 508/520/508 751/777/751 750/776/750
f 533/545/533 1006/1047/1006 215/218/215
f 215/218/215 214/217/214 533/545/533
f 535/547/535 755/781/755 754/780/754
f 754/780/754 536/548/536 535/547/535
f 752/778/752 755/781/755 439/447/439
f 439/447/439 438/446/438 752/778/752
f 431/439/431 753/779/753 437/445/437
f 437/445/437 93/93/93 431/439/431
f 756/782/756 498/510/498 500/512/500
f 500/512/500 758/784/758 756/782/756
f 505/1608/505 902/940/902 1539/1632/1539
f 1539/1632/1539 1540/1633/1540 505/1608/505
f 539/551/539 545/557/545 192/195/192
f 192/195/192 191/194/191 539/551/539
f 761/787/761 504/790/504 207/1634/207
f 207/1634/207 765/793/765 761/787/761
f 453/461/453 762/788/762 764/792/764
f 764/792/764 456/465/456 453/461/453
f 497/509/497 763/791/763 766/794/766
f 766/794/766 499/511/499 497/509/497
f 546/558/546 765/793/765 207/1634/207
f 207/1634/207 206/559/206 546/558/546
f 311/314/311 768/796/768 6/6/6
f 6/6/6 5/5/5 311/314/311
f 767/795/767 768/796/768 1501/1570/1501
f 1501/1570/1501 770/798/770 767/795/767
f 548/562/548 769/797/769 771/799/771
f 771/799/771 549/563/549 548/562/548
f 423/431/423 770/798/770 1501/1570/1501
f 1501/1570/1501 87/87/87 423/431/423
f 552/566/552 1011/1052/1011 1013/1054/1013
f 1013/1054/1013 553/567/553 552/566/552
f 316/319/316 773/801/773 324/327/324
f 324/327/324 13/13/13 316/319/316
f 772/800/772 773/801/773 1518/1592/1518
f 1518/1592/1518 774/802/774 772/800/772
f 304/307/304 776/804/776 3/3/3
f 3/3/3 2/2/2 304/307/304
f 775/803/775 776/804/776 1017/1058/1017
f 1017/1058/1017 778/806/778 775/803/775
f 316/319/316 317/320/317 1541/1635/1541
f 1541/1635/1541 318/321/318 316/319/316
f 556/570/556 564/580/564 1512/1583/1512
f 1512/1583/1512 557/571/557 556/570/556
f 427/435/427 786/814/786 86/86/86
f 86/86/86 85/85/85 427/435/427
f 781/809/781 786/814/786 1506/1603/1506
f 1506/1603/1506 782/810/782 781/809/781
f 565/581/565 784/1636/784 783/1584/783
f 783/1584/783 566/582/566 565/581/565
f 781/809/781 784/812/784 1528/1613/1528
f 1528/1613/1528 785/813/785 781/809/781
f 477/487/477 782/1607/782 1506/1576/1506
f 1506/1576/1506 141/142/141 477/487/477
f 787/815/787 588/605/588 258/261/258
f 258/261/258 788/816/788 787/815/787
f 611/628/611 788/816/788 258/261/258
f 258/261/258 257/260/257 611/628/611
f 471/481/471 792/820/792 791/819/791
f 791/819/791 129/130/129 471/481/471
f 789/817/789 792/820/792 1515/1587/1515
f 1515/1587/1515 793/821/793 789/817/789
f 365/373/365 790/818/790 371/379/371
f 371/379/371 366/374/366 365/373/365
f 613/630/613 793/821/793 1515/1587/1515
f 1515/1587/1515 614/631/614 613/630/613
f 606/623/606 607/624/607 1542/1637/1542
f 1542/1637/1542 608/625/608 606/623/606
f 446/454/446 452/460/452 1502/1571/1502
f 1502/1571/1502 106/106/106 446/454/446
f 794/822/794 797/825/797 1023/1064/1023
f 1023/1064/1023 800/828/800 794/822/794
f 600/617/600 797/825/797 796/824/796
f 796/824/796 283/286/283 600/617/600
f 617/634/617 795/823/795 799/827/799
f 799/827/799 619/636/619 617/634/617
f 620/637/620 806/834/806 805/833/805
f 805/833/805 621/638/621 620/637/620
f 803/831/803 806/834/806 473/483/473
f 473/483/473 807/835/807 803/831/803
f 403/411/403 804/832/804 408/416/408
f 408/416/408 75/75/75 403/411/403
f 1025/1066/1025 472/482/472 128/129/128
f 128/129/128 943/983/943 1025/1066/1025
f 808/840/808 590/607/590 266/269/266
f 266/269/266 809/1638/809 808/840/808
f 399/407/399 1520/1599/1520 1498/1567/1498
f 1498/1567/1498 401/409/401 399/407/399
f 1026/1067/1026 1520/1639/1520 83/873/83
f 83/873/83 843/872/843 1026/1067/1026
f 808/836/808 811/839/811 1498/1614/1498
f 1498/1614/1498 812/1640/812 808/836/808
f 587/604/587 811/839/811 810/838/810
f 810/838/810 259/262/259 587/604/587
f 624/641/624 809/1638/809 266/269/266
f 266/269/266 265/268/265 624/641/624
f 813/842/813 583/600/583 246/249/246
f 246/249/246 814/843/814 813/842/813
f 606/623/606 816/845/816 815/844/815
f 815/844/815 295/298/295 606/623/606
f 813/842/813 816/845/816 1530/1616/1530
f 1530/1616/1530 817/846/817 813/842/813
f 626/645/626 814/843/814 246/249/246
f 246/249/246 245/248/245 626/645/626
f 628/647/628 1531/1617/1531 1516/1588/1516
f 1516/1588/1516 629/648/629 628/647/628
f 1029/1070/1029 1531/1617/1531 1513/1585/1513
f 1513/1585/1513 1030/1071/1030 1029/1070/1029
f 818/847/818 821/850/821 1516/1588/1516
f 1516/1588/1516 822/851/822 818/847/818
f 369/377/369 821/850/821 820/849/820
f 820/849/820 370/378/370 369/377/369
f 572/589/572 819/848/819 823/852/823
f 823/852/823 574/591/574 572/589/572
f 824/853/824 360/368/360 364/372/364
f 364/372/364 826/855/826 824/853/824
f 582/599/582 825/854/825 830/859/830
f 830/859/830 584/601/584 582/599/582
f 632/1618/632 862/896/862 1543/1641/1543
f 1543/1641/1543 1544/1642/1544 632/1618/632
f 831/860/831 601/618/601 282/285/282
f 282/285/282 833/862/833 831/860/831
f 596/613/596 832/861/832 834/863/834
f 834/863/834 275/278/275 596/613/596
f 636/657/636 833/862/833 282/285/282
f 282/285/282 281/284/281 636/657/636
f 835/864/835 597/614/597 274/277/274
f 274/277/274 1532/1619/1532 835/864/835
f 415/423/415 845/1602/845 1545/1643/1545
f 1545/1643/1545 1546/1644/1546 415/423/415
f 589/606/589 595/612/595 1514/1586/1514
f 1514/1586/1514 267/270/267 589/606/589
f 835/864/835 1532/1619/1532 1037/1078/1037
f 1037/1078/1037 837/866/837 835/864/835
f 638/659/638 1532/1619/1532 274/277/274
f 274/277/274 273/276/273 638/659/638
f 840/869/840 417/425/417 1547/1645/1547
f 1547/1645/1547 1548/1646/1548 840/869/840
f 842/871/842 82/874/82 1549/1647/1549
f 1549/1647/1549 1550/1648/1550 842/871/842
f 844/875/844 836/865/836 1551/1649/1551
f 1551/1649/1551 1552/1650/1552 844/875/844
f 847/879/847 837/866/837 1037/1078/1037
f 1037/1078/1037 1036/1077/1036 847/879/847
f 1046/1087/1046 1552/1650/1552 1551/1649/1551
f 1551/1649/1551 1047/1088/1047 1046/1087/1046
f 844/875/844 1552/1650/1552 1545/1651/1545
f 1545/1651/1545 845/876/845 844/875/844
f 1038/1079/1038 1548/1646/1548 1547/1645/1547
f 1547/1645/1547 1039/1080/1039 1038/1079/1038
f 840/869/840 1548/1646/1548 1499/1568/1499
f 1499/1568/1499 79/79/79 840/869/840
f 1042/1083/1042 1550/1648/1550 1549/1647/1549
f 1549/1647/1549 1043/1084/1043 1042/1083/1042
f 842/871/842 1550/1648/1550 1529/1615/1529
f 1529/1615/1529 592/609/592 842/871/842
f 1050/1091/1050 848/880/848 594/611/594
f 594/611/594 1051/1092/1051 1050/1091/1050
f 855/887/855 574/591/574 823/852/823
f 823/852/823 1030/1071/1030 855/887/855
f 857/889/857 634/655/634 1553/1652/1553
f 1553/1652/1553 1554/1653/1554 857/889/857
f 859/893/859 826/855/826 364/372/364
f 364/372/364 1032/1073/1032 859/893/859
f 861/895/861 829/858/829 1555/1654/1555
f 1555/1654/1555 1556/1655/1556 861/895/861
f 1074/1117/1074 1554/1653/1554 1553/1652/1553
f 1553/1652/1553 1075/1118/1075 1074/1117/1074
f 857/889/857 1554/1653/1554 1517/1589/1517
f 1517/1589/1517 234/237/234 857/889/857
f 1070/1113/1070 856/888/856 238/241/238
f 238/241/238 1071/1114/1071 1070/1113/1070
f 1078/1121/1078 860/892/860 577/594/577
f 577/594/577 1079/1122/1079 1078/1121/1078
f 1082/1125/1082 1556/1655/1556 1555/1654/1555
f 1555/1654/1555 1083/1126/1083 1082/1125/1082
f 861/895/861 1556/1655/1556 1543/1641/1543
f 1543/1641/1543 862/896/862 861/895/861
f 871/905/871 158/161/158 1557/1656/1557
f 1557/1656/1557 1558/1657/1558 871/905/871
f 873/907/873 160/163/160 379/387/379
f 379/387/379 1028/1069/1028 873/907/873
f 875/909/875 798/826/798 1559/1658/1559
f 1559/1658/1559 1560/1659/1560 875/909/875
f 877/911/877 800/828/800 1023/1064/1023
f 1023/1064/1023 1022/1063/1022 877/911/877
f 1106/1151/1106 874/908/874 609/626/609
f 609/626/609 1107/1152/1107 1106/1151/1106
f 1102/1147/1102 1558/1657/1558 1557/1656/1557
f 1557/1656/1557 1103/1148/1103 1102/1147/1102
f 871/905/871 1558/1657/1558 1522/1604/1522
f 1522/1604/1522 449/457/449 871/905/871
f 1114/1159/1114 878/912/878 451/459/451
f 451/459/451 1115/1160/1115 1114/1159/1114
f 875/909/875 1560/1659/1560 1542/1637/1542
f 1542/1637/1542 607/624/607 875/909/875
f 1110/1155/1110 1560/1659/1560 1559/1658/1559
f 1559/1658/1559 1111/1156/1111 1110/1155/1110
f 883/917/883 170/173/170 1013/1054/1013
f 1013/1054/1013 1012/1053/1012 883/917/883
f 885/919/885 173/176/173 1561/1660/1561
f 1561/1660/1561 1562/1661/1562 885/919/885
f 887/921/887 777/924/777 1563/1662/1563
f 1563/1662/1563 1564/1663/1564 887/921/887
f 889/925/889 778/806/778 1017/1058/1017
f 1017/1058/1017 1016/1057/1016 889/925/889
f 887/921/887 1564/1663/1564 1541/1635/1541
f 1541/1635/1541 317/320/317 887/921/887
f 1142/1187/1142 1564/1663/1564 1563/1662/1563
f 1563/1662/1563 1143/1188/1143 1142/1187/1142
f 1134/1179/1134 884/918/884 319/322/319
f 319/322/319 1135/1180/1135 1134/1179/1134
f 885/919/885 1562/1661/1562 1527/1611/1527
f 1527/1611/1527 561/577/561 885/919/885
f 1138/1183/1138 1562/1661/1562 1561/1660/1561
f 1561/1660/1561 1139/1184/1139 1138/1183/1138
f 1146/1191/1146 890/926/890 563/579/563
f 563/579/563 1147/1192/1147 1146/1191/1146
f 897/933/897 507/519/507 1565/1664/1565
f 1565/1664/1565 1566/1665/1566 897/933/897
f 899/935/899 219/222/219 1567/1666/1567
f 1567/1666/1567 1568/1667/1568 899/935/899
f 901/939/901 757/783/757 1569/1668/1569
f 1569/1668/1569 1570/1669/1570 901/939/901
f 904/942/904 758/784/758 500/512/500
f 500/512/500 1009/1050/1009 904/942/904
f 901/939/901 1570/1669/1570 1539/1632/1539
f 1539/1632/1539 902/940/902 901/939/901
f 1174/1223/1174 1570/1669/1570 1569/1668/1569
f 1569/1668/1569 1175/1224/1175 1174/1223/1174
f 897/933/897 1566/1665/1566 1508/1579/1508
f 1508/1579/1508 216/219/216 897/933/897
f 1166/1215/1166 1566/1665/1566 1565/1664/1565
f 1565/1664/1565 1167/1216/1167 1166/1215/1166
f 1170/1219/1170 1568/1667/1568 1567/1666/1567
f 1567/1666/1567 1171/1220/1171 1170/1219/1170
f 899/935/899 1568/1667/1568 1526/1670/1526
f 1526/1670/1526 542/936/542 899/935/899
f 1178/1227/1178 905/943/905 544/556/544
f 544/556/544 1179/1228/1179 1178/1227/1178
f 912/950/912 199/202/199 1000/1041/1000
f 1000/1041/1000 999/1040/999 912/950/912
f 914/952/914 202/205/202 1571/1671/1571
f 1571/1671/1571 1572/1672/1572 914/952/914
f 916/954/916 741/767/741 1573/1673/1573
f 1573/1673/1573 1574/1674/1574 916/954/916
f 918/956/918 742/768/742 1004/1045/1004
f 1004/1045/1004 1003/1044/1003 918/956/918
f 1206/1257/1206 1574/1674/1574 1573/1673/1573
f 1573/1673/1573 1207/1258/1207 1206/1257/1206
f 916/954/916 1574/1674/1574 1538/1630/1538
f 1538/1630/1538 463/472/463 916/954/916
f 1198/1249/1198 913/951/913 465/475/465
f 465/475/465 1199/1250/1199 1198/1249/1198
f 1202/1253/1202 1572/1672/1572 1571/1671/1571
f 1571/1671/1571 1203/1254/1203 1202/1253/1202
f 914/952/914 1572/1672/1572 1525/1609/1525
f 1525/1609/1525 525/537/525 914/952/914
f 1210/1261/1210 919/957/919 527/539/527
f 527/539/527 1211/1262/1211 1210/1261/1210
f 926/966/926 489/501/489 665/690/665
f 665/690/665 977/1017/977 926/966/926
f 928/968/928 177/180/177 425/433/425
f 425/433/425 1019/1060/1019 928/968/928
f 930/970/930 706/732/706 445/453/445
f 445/453/445 994/1035/994 930/970/930
f 932/972/932 709/735/709 1575/1675/1575
f 1575/1675/1575 1576/1676/1576 932/972/932
f 1234/1287/1234 929/969/929 570/587/570
f 570/587/570 1235/1288/1235 1234/1287/1234
f 1230/1283/1230 927/965/927 180/183/180
f 180/183/180 1231/1284/1231 1230/1283/1230
f 1238/1291/1238 931/971/931 492/504/492
f 492/504/492 1239/1292/1239 1238/1291/1238
f 932/972/932 1576/1676/1576 1537/1628/1537
f 1537/1628/1537 568/584/568 932/972/932
f 1242/1295/1242 1576/1676/1576 1575/1675/1575
f 1575/1675/1575 1243/1296/1243 1242/1295/1242
f 940/980/940 469/479/469 1577/1677/1577
f 1577/1677/1577 1578/1678/1578 940/980/940
f 942/982/942 127/128/127 1579/1679/1579
f 1579/1679/1579 1580/1680/1580 942/982/942
f 944/984/944 691/717/691 402/410/402
f 402/410/402 984/1024/984 944/984/944
f 946/986/946 694/720/694 1581/1681/1581
f 1581/1681/1581 1582/1682/1582 946/986/946
f 1274/1329/1274 1582/1682/1582 1581/1681/1581
f 1581/1681/1581 1275/1330/1275 1274/1329/1274
f 946/986/946 1582/1682/1582 1535/1624/1535
f 1535/1624/1535 947/987/947 946/986/946
f 940/980/940 1578/1678/1578 1504/1574/1504
f 1504/1574/1504 126/127/126 940/980/940
f 1262/1317/1262 1578/1678/1578 1577/1677/1577
f 1577/1677/1577 1263/1318/1263 1262/1317/1262
f 1266/1321/1266 1580/1680/1580 1579/1679/1579
f 1579/1679/1579 1267/1322/1267 1266/1321/1266
f 942/982/942 1580/1680/1580 1521/1600/1521
f 1521/1600/1521 411/419/411 942/982/942
f 1270/1325/1270 945/985/945 413/421/413
f 413/421/413 1271/1326/1271 1270/1325/1270
f 957/997/957 382/390/382 1583/1683/1583
f 1583/1683/1583 1584/1684/1584 957/997/957
f 959/999/959 388/396/388 681/707/681
f 681/707/681 979/1019/979 959/999/959
f 961/1001/961 684/710/684 1585/1685/1585
f 1585/1685/1585 1586/1686/1586 961/1001/961
f 965/1005/965 687/713/687 457/466/457
f 457/466/457 982/1022/982 965/1005/965
f 961/1001/961 1586/1686/1586 1533/1622/1533
f 1533/1622/1533 962/1002/962 961/1001/961
f 1302/1357/1302 1586/1686/1586 1585/1685/1585
f 1585/1685/1585 1303/1358/1303 1302/1357/1302
f 1294/1349/1294 1584/1684/1584 1583/1683/1583
f 1583/1683/1583 1295/1350/1295 1294/1349/1294
f 957/997/957 1584/1684/1584 1497/1566/1497
f 1497/1566/1497 57/57/57 957/997/957
f 1298/1353/1298 960/1000/960 59/59/59
f 59/59/59 1299/1354/1299 1298/1353/1298
f 1306/1361/1306 966/1006/966 391/399/391
f 391/399/391 1307/1362/1307 1306/1361/1306
f 973/1013/973 645/669/645 27/27/27
f 27/27/27 486/498/486 973/1013/973
f 974/1014/974 650/674/650 635/656/635
f 635/656/635 858/890/858 974/1014/974
f 975/1015/975 655/679/655 383/391/383
f 383/391/383 958/998/958 975/1015/975
f 976/1621/976 664/1687/664 165/168/165
f 165/168/165 551/565/551 976/1621/976
f 926/964/926 977/1620/977 550/564/550
f 550/564/550 181/184/181 926/964/926
f 978/1018/978 680/706/680 89/89/89
f 89/89/89 385/393/385 978/1018/978
f 959/999/959 979/1019/979 53/53/53
f 53/53/53 52/52/52 959/999/959
f 980/1020/980 398/406/398 685/711/685
f 685/711/685 964/1004/964 980/1020/980
f 981/1021/981 456/465/456 764/792/764
f 764/792/764 112/112/112 981/1021/981
f 965/1005/965 982/1022/982 111/111/111
f 111/111/111 387/395/387 965/1005/965
f 983/1023/983 401/409/401 1498/1567/1498
f 1498/1567/1498 72/72/72 983/1023/983
f 944/984/944 984/1024/984 71/71/71
f 71/71/71 414/422/414 944/984/944
f 985/1025/985 136/137/136 989/1029/989
f 989/1029/989 422/430/422 985/1025/985
f 986/1026/986 699/725/699 470/480/470
f 470/480/470 941/981/941 986/1026/986
f 700/726/700 990/1030/990 989/1029/989
f 989/1029/989 701/727/701 700/726/700
f 987/1027/987 990/1030/990 418/426/418
f 418/426/418 841/870/841 987/1027/987
f 991/1031/991 701/727/701 989/1029/989
f 989/1029/989 1524/1606/1524 991/1031/991
f 992/1032/992 703/1033/703 33/1627/33
f 33/1627/33 1519/1596/1519 992/1032/992
f 993/1034/993 444/452/444 725/751/725
f 725/751/725 99/99/99 993/1034/993
f 930/970/930 994/1035/994 98/98/98
f 98/98/98 488/500/488 930/970/930
f 995/1036/995 513/525/513 710/736/710
f 710/736/710 933/973/933 995/1036/995
f 996/1037/996 716/742/716 149/152/149
f 149/152/149 502/514/502 996/1037/996
f 997/1038/997 737/763/737 1523/1605/1523
f 1523/1605/1523 999/1040/999 997/1038/997
f 912/950/912 999/1040/999 1523/1605/1523
f 1523/1605/1523 466/476/466 912/950/912
f 1001/1042/1001 120/121/120 455/463/455
f 455/463/455 397/405/397 1001/1042/1001
f 1002/1043/1002 229/232/229 1510/1581/1510
f 1510/1581/1510 1003/1044/1003 1002/1043/1002
f 918/956/918 1003/1044/1003 1510/1581/1510
f 1510/1581/1510 528/540/528 918/956/918
f 1005/1046/1005 751/777/751 508/520/508
f 508/520/508 898/934/898 1005/1046/1005
f 1007/1048/1007 142/144/142 429/437/429
f 429/437/429 461/470/461 1007/1048/1007
f 1008/1049/1008 499/511/499 766/794/766
f 766/794/766 193/196/193 1008/1049/1008
f 904/942/904 1009/1050/1009 192/195/192
f 192/195/192 545/557/545 904/942/904
f 1010/1051/1010 774/802/774 1518/1592/1518
f 1518/1592/1518 1012/1053/1012 1010/1051/1010
f 883/917/883 1012/1053/1012 1518/1592/1518
f 1518/1592/1518 320/323/320 883/917/883
f 1014/1055/1014 11/11/11 653/677/653
f 653/677/653 303/1590/303 1014/1055/1014
f 1015/1056/1015 167/170/167 1512/1583/1512
f 1512/1583/1512 1016/1057/1016 1015/1056/1015
f 889/925/889 1016/1057/1016 1512/1583/1512
f 1512/1583/1512 564/580/564 889/925/889
f 1018/1059/1018 785/813/785 1528/1613/1528
f 1528/1613/1528 1019/1060/1019 1018/1059/1018
f 928/968/928 1019/1060/1019 1528/1613/1528
f 1528/1613/1528 571/588/571 928/968/928
f 103/103/103 1021/1062/1021 602/619/602
f 602/619/602 107/107/107 103/103/103
f 1020/1061/1020 1021/1062/1021 1502/1571/1502
f 1502/1571/1502 1022/1063/1022 1020/1061/1020
f 877/911/877 1022/1063/1022 1502/1571/1502
f 1502/1571/1502 452/460/452 877/911/877
f 1024/1065/1024 619/636/619 799/827/799
f 799/827/799 876/910/876 1024/1065/1024
f 1025/1066/1025 807/835/807 473/483/473
f 473/483/473 472/482/472 1025/1066/1025
f 1026/1067/1026 812/841/812 1498/1688/1498
f 1498/1688/1498 1520/1639/1520 1026/1067/1026
f 1027/1068/1027 817/846/817 1530/1616/1530
f 1530/1616/1530 1028/1069/1028 1027/1068/1027
f 873/907/873 1028/1069/1028 1530/1616/1530
f 1530/1616/1530 610/627/610 873/907/873
f 1029/1070/1029 822/851/822 1516/1588/1516
f 1516/1588/1516 1531/1617/1531 1029/1070/1029
f 855/887/855 1030/1071/1030 1513/1585/1513
f 1513/1585/1513 239/242/239 855/887/855
f 1031/1690/1031 363/1626/363 367/375/367
f 367/375/367 44/1689/44 1031/1690/1031
f 859/891/859 1032/1563/1032 43/43/43
f 43/43/43 573/590/573 859/891/859
f 1033/1074/1033 584/601/584 830/859/830
f 830/859/830 864/898/864 1033/1074/1033
f 1034/1075/1034 107/107/107 602/619/602
f 602/619/602 599/616/599 1034/1075/1034
f 1035/1076/1035 270/273/270 1514/1586/1514
f 1514/1586/1514 1036/1077/1036 1035/1076/1035
f 847/879/847 1036/1077/1036 1514/1586/1514
f 1514/1586/1514 595/612/595 847/879/847
f 1326/1381/1326 1041/1082/1041 1040/1081/1040
f 1040/1081/1040 1327/1382/1327 1326/1381/1326
f 1038/1079/1038 1041/1082/1041 1064/1105/1064
f 1064/1105/1064 1063/1104/1063 1038/1079/1038
f 1329/1385/1329 1045/1086/1045 1044/1085/1044
f 1044/1085/1044 1330/1386/1330 1329/1385/1329
f 1042/1083/1042 1045/1086/1045 1068/1111/1068
f 1068/1111/1068 1067/1110/1067 1042/1083/1042
f 1046/1087/1046 1049/1090/1049 1060/1691/1060
f 1060/1691/1060 1059/1692/1059 1046/1087/1046
f 1331/1387/1331 1049/1090/1049 1048/1089/1048
f 1048/1089/1048 1332/1388/1332 1331/1387/1331
f 1050/1091/1050 1053/1094/1053 1056/1097/1056
f 1056/1097/1056 1055/1096/1055 1050/1091/1050
f 1335/1391/1335 1053/1094/1053 1052/1093/1052
f 1052/1093/1052 1336/1392/1336 1335/1391/1335
f 835/864/835 839/868/839 1551/1649/1551
f 1551/1649/1551 836/865/836 835/864/835
f 1054/1095/1054 839/868/839 838/867/838
f 838/867/838 1055/1096/1055 1054/1095/1054
f 1054/1095/1054 1047/1088/1047 1551/1649/1551
f 1551/1649/1551 839/868/839 1054/1095/1054
f 1050/1091/1050 1055/1096/1055 838/867/838
f 838/867/838 848/880/848 1050/1091/1050
f 415/423/415 1546/1644/1546 1547/1645/1547
f 1547/1645/1547 417/425/417 415/423/415
f 1058/1099/1058 1546/1644/1546 1545/1643/1545
f 1545/1643/1545 1059/1100/1059 1058/1099/1058
f 1058/1099/1058 1039/1080/1039 1547/1645/1547
f 1547/1645/1547 1546/1644/1546 1058/1099/1058
f 1046/1087/1046 1059/1692/1059 1545/1651/1545
f 1545/1651/1545 1552/1650/1552 1046/1087/1046
f 76/76/76 1500/1569/1500 1549/1693/1549
f 1549/1693/1549 82/82/82 76/76/76
f 1062/1103/1062 1500/1569/1500 1499/1568/1499
f 1499/1568/1499 1063/1104/1063 1062/1103/1062
f 1062/1103/1062 1043/1108/1043 1549/1693/1549
f 1549/1693/1549 1500/1569/1500 1062/1103/1062
f 1038/1079/1038 1063/1104/1063 1499/1568/1499
f 1499/1568/1499 1548/1646/1548 1038/1079/1038
f 1066/1109/1066 593/610/593 1529/1615/1529
f 1529/1615/1529 1067/1110/1067 1066/1109/1066
f 1066/1109/1066 1051/1092/1051 594/611/594
f 594/611/594 593/610/593 1066/1109/1066
f 1042/1083/1042 1067/1110/1067 1529/1615/1529
f 1529/1615/1529 1550/1648/1550 1042/1083/1042
f 1070/1113/1070 1073/1116/1073 1100/1145/1100
f 1100/1145/1100 1099/1144/1099 1070/1113/1070
f 1345/1403/1345 1073/1116/1073 1072/1115/1072
f 1072/1115/1072 1346/1404/1346 1345/1403/1345
f 1074/1117/1074 1077/1120/1077 1096/1141/1096
f 1096/1141/1096 1095/1140/1095 1074/1117/1074
f 1348/1695/1348 1077/1120/1077 1076/1119/1076
f 1076/1119/1076 1349/1694/1349 1348/1695/1348
f 1352/1696/1352 1081/1124/1081 1080/1123/1080
f 1080/1123/1080 1353/1418/1353 1352/1696/1352
f 1078/1698/1078 1081/1697/1081 1088/1131/1088
f 1088/1131/1088 1087/1130/1087 1078/1698/1078
f 1082/1125/1082 1085/1128/1085 1092/1135/1092
f 1092/1135/1092 1091/1134/1091 1082/1125/1082
f 1354/1413/1354 1085/1128/1085 1084/1127/1084
f 1084/1127/1084 1355/1414/1355 1354/1413/1354
f 824/853/824 828/857/828 1555/1654/1555
f 1555/1654/1555 829/858/829 824/853/824
f 1086/1129/1086 828/857/828 827/856/827
f 827/856/827 1087/1130/1087 1086/1129/1086
f 1086/1129/1086 1083/1126/1083 1555/1654/1555
f 1555/1654/1555 828/857/828 1086/1129/1086
f 1078/1698/1078 1087/1130/1087 827/856/827
f 827/856/827 860/894/860 1078/1698/1078
f 632/651/632 1544/1699/1544 1553/1652/1553
f 1553/1652/1553 634/655/634 632/651/632
f 1090/1133/1090 1544/1642/1544 1543/1641/1543
f 1543/1641/1543 1091/1134/1091 1090/1133/1090
f 1090/1137/1090 1075/1118/1075 1553/1652/1553
f 1553/1652/1553 1544/1699/1544 1090/1137/1090
f 1082/1125/1082 1091/1134/1091 1543/1641/1543
f 1543/1641/1543 1556/1655/1556 1082/1125/1082
f 1094/1139/1094 237/240/237 1517/1589/1517
f 1517/1589/1517 1095/1140/1095 1094/1139/1094
f 1094/1139/1094 1071/1114/1071 238/241/238
f 238/241/238 237/240/237 1094/1139/1094
f 1074/1117/1074 1095/1140/1095 1517/1589/1517
f 1517/1589/1517 1554/1653/1554 1074/1117/1074
f 1098/1143/1098 576/593/576 575/592/575
f 575/592/575 1099/1144/1099 1098/1143/1098
f 1098/1143/1098 1079/1122/1079 577/594/577
f 577/594/577 576/593/576 1098/1143/1098
f 1070/1113/1070 1099/1144/1099 575/592/575
f 575/592/575 856/888/856 1070/1113/1070
f 1364/1425/1364 1105/1150/1105 1104/1149/1104
f 1104/1149/1104 1365/1426/1365 1364/1425/1364
f 1102/1147/1102 1105/1150/1105 1132/1177/1132
f 1132/1177/1132 1131/1176/1131 1102/1147/1102
f 1106/1151/1106 1109/1154/1109 1120/1165/1120
f 1120/1165/1120 1119/1164/1119 1106/1151/1106
f 1367/1428/1367 1109/1154/1109 1108/1153/1108
f 1108/1153/1108 1368/1429/1368 1367/1428/1367
f 1371/1432/1371 1113/1158/1113 1112/1157/1112
f 1112/1157/1112 1372/1433/1372 1371/1432/1371
f 1110/1155/1110 1113/1158/1113 1124/1169/1124
f 1124/1169/1124 1123/1168/1123 1110/1155/1110
f 1114/1159/1114 1117/1162/1117 1128/1173/1128
f 1128/1173/1128 1127/1172/1127 1114/1159/1114
f 1375/1436/1375 1117/1162/1117 1116/1161/1116
f 1116/1161/1116 1376/1437/1376 1375/1436/1375
f 154/157/154 162/165/162 1557/1656/1557
f 1557/1656/1557 158/161/158 154/157/154
f 1118/1163/1118 162/165/162 161/164/161
f 161/164/161 1119/1164/1119 1118/1163/1118
f 1118/1163/1118 1103/1148/1103 1557/1656/1557
f 1557/1656/1557 162/165/162 1118/1163/1118
f 1106/1151/1106 1119/1164/1119 161/164/161
f 161/164/161 874/908/874 1106/1151/1106
f 1122/1167/1122 608/625/608 1542/1637/1542
f 1542/1637/1542 1123/1168/1123 1122/1167/1122
f 1122/1167/1122 1107/1152/1107 609/626/609
f 609/626/609 608/625/608 1122/1167/1122
f 1110/1155/1110 1123/1168/1123 1542/1637/1542
f 1542/1637/1542 1560/1659/1560 1110/1155/1110
f 794/822/794 802/830/802 1559/1658/1559
f 1559/1658/1559 798/826/798 794/822/794
f 1126/1171/1126 802/830/802 801/829/801
f 801/829/801 1127/1172/1127 1126/1171/1126
f 1126/1171/1126 1111/1156/1111 1559/1658/1559
f 1559/1658/1559 802/830/802 1126/1171/1126
f 1114/1159/1114 1127/1172/1127 801/829/801
f 801/829/801 878/912/878 1114/1159/1114
f 1130/1175/1130 450/458/450 1522/1604/1522
f 1522/1604/1522 1131/1176/1131 1130/1175/1130
f 1130/1175/1130 1115/1160/1115 451/459/451
f 451/459/451 450/458/450 1130/1175/1130
f 1102/1147/1102 1131/1176/1131 1522/1604/1522
f 1522/1604/1522 1558/1657/1558 1102/1147/1102
f 1134/1179/1134 1137/1182/1137 1160/1207/1160
f 1160/1207/1160 1159/1206/1159 1134/1179/1134
f 1385/1701/1385 1137/1182/1137 1136/1181/1136
f 1136/1181/1136 1386/1700/1386 1385/1701/1385
f 1138/1183/1138 1141/1186/1141 1152/1197/1152
f 1152/1197/1152 1151/1196/1151 1138/1183/1138
f 1388/1449/1388 1141/1186/1141 1140/1185/1140
f 1140/1185/1140 1389/1450/1389 1388/1449/1388
f 1390/1703/1390 1145/1190/1145 1144/1189/1144
f 1144/1189/1144 1391/1702/1391 1390/1703/1390
f 1142/1187/1142 1145/1190/1145 1156/1203/1156
f 1156/1203/1156 1155/1202/1155 1142/1187/1142
f 1394/1705/1394 1149/1194/1149 1148/1193/1148
f 1148/1193/1148 1395/1704/1395 1394/1705/1394
f 1146/1191/1146 1149/1194/1149 1164/1211/1164
f 1164/1211/1164 1163/1210/1163 1146/1191/1146
f 1150/1195/1150 562/1612/562 1527/1611/1527
f 1527/1611/1527 1151/1196/1151 1150/1195/1150
f 1150/1199/1150 1147/1192/1147 563/579/563
f 563/579/563 562/578/562 1150/1199/1150
f 1138/1183/1138 1151/1196/1151 1527/1611/1527
f 1527/1611/1527 1562/1661/1562 1138/1183/1138
f 1154/1201/1154 318/321/318 1541/1635/1541
f 1541/1635/1541 1155/1202/1155 1154/1201/1154
f 1154/1201/1154 1135/1180/1135 319/322/319
f 319/322/319 318/321/318 1154/1201/1154
f 1142/1187/1142 1155/1202/1155 1541/1635/1541
f 1541/1635/1541 1564/1663/1564 1142/1187/1142
f 169/172/169 172/175/172 1561/1660/1561
f 1561/1660/1561 173/176/173 169/172/169
f 1158/1205/1158 172/175/172 171/174/171
f 171/174/171 1159/1206/1159 1158/1205/1158
f 1158/1205/1158 1139/1184/1139 1561/1660/1561
f 1561/1660/1561 172/175/172 1158/1205/1158
f 1134/1179/1134 1159/1206/1159 171/174/171
f 171/174/171 884/918/884 1134/1179/1134
f 775/803/775 780/808/780 1563/1706/1563
f 1563/1706/1563 777/805/777 775/803/775
f 1162/1209/1162 780/808/780 779/807/779
f 779/807/779 1163/1210/1163 1162/1209/1162
f 1162/1209/1162 1143/1214/1143 1563/1706/1563
f 1563/1706/1563 780/808/780 1162/1209/1162
f 1146/1191/1146 1163/1210/1163 779/807/779
f 779/807/779 890/926/890 1146/1191/1146
f 1166/1215/1166 1169/1218/1169 1184/1233/1184
f 1184/1233/1184 1183/1232/1183 1166/1215/1166
f 1404/1708/1404 1169/1218/1169 1168/1217/1168
f 1168/1217/1168 1405/1707/1405 1404/1708/1404
f 1170/1219/1170 1173/1222/1173 1192/1709/1192
f 1192/1709/1192 1191/1710/1191 1170/1219/1170
f 1407/1712/1407 1173/1222/1173 1172/1221/1172
f 1172/1221/1172 1408/1711/1408 1407/1712/1407
f 1409/1470/1409 1177/1226/1177 1176/1225/1176
f 1176/1225/1176 1410/1471/1410 1409/1470/1409
f 1174/1223/1174 1177/1226/1177 1188/1237/1188
f 1188/1237/1188 1187/1236/1187 1174/1223/1174
f 1178/1227/1178 1181/1230/1181 1196/1247/1196
f 1196/1247/1196 1195/1246/1195 1178/1227/1178
f 1413/1714/1413 1181/1230/1181 1180/1229/1180
f 1180/1229/1180 1414/1713/1414 1413/1714/1413
f 213/216/213 1509/1580/1509 1567/1666/1567
f 1567/1666/1567 219/222/219 213/216/213
f 1182/1231/1182 1509/1580/1509 1508/1579/1508
f 1508/1579/1508 1183/1232/1183 1182/1231/1182
f 1182/1231/1182 1171/1220/1171 1567/1666/1567
f 1567/1666/1567 1509/1580/1509 1182/1231/1182
f 1166/1215/1166 1183/1232/1183 1508/1579/1508
f 1508/1579/1508 1566/1665/1566 1166/1215/1166
f 505/517/505 1540/1715/1540 1565/1664/1565
f 1565/1664/1565 507/519/507 505/517/505
f 1186/1235/1186 1540/1633/1540 1539/1632/1539
f 1539/1632/1539 1187/1236/1187 1186/1235/1186
f 1186/1239/1186 1167/1216/1167 1565/1664/1565
f 1565/1664/1565 1540/1715/1540 1186/1239/1186
f 1174/1223/1174 1187/1236/1187 1539/1632/1539
f 1539/1632/1539 1570/1669/1570 1174/1223/1174
f 1190/1241/1190 543/555/543 1526/1610/1526
f 1526/1610/1526 1191/1242/1191 1190/1241/1190
f 1190/1241/1190 1179/1228/1179 544/556/544
f 544/556/544 543/555/543 1190/1241/1190
f 1170/1219/1170 1191/1710/1191 1526/1670/1526
f 1526/1670/1526 1568/1667/1568 1170/1219/1170
f 756/782/756 760/786/760 1569/1668/1569
f 1569/1668/1569 757/783/757 756/782/756
f 1194/1245/1194 760/786/760 759/785/759
f 759/785/759 1195/1246/1195 1194/1245/1194
f 1194/1245/1194 1175/1224/1175 1569/1668/1569
f 1569/1668/1569 760/786/760 1194/1245/1194
f 1178/1227/1178 1195/1246/1195 759/785/759
f 759/785/759 905/943/905 1178/1227/1178
f 1198/1249/1198 1201/1252/1201 1216/1267/1216
f 1216/1267/1216 1215/1266/1215 1198/1249/1198
f 1423/1717/1423 1201/1252/1201 1200/1251/1200
f 1200/1251/1200 1424/1716/1424 1423/1717/1423
f 1202/1253/1202 1205/1256/1205 1224/1275/1224
f 1224/1275/1224 1223/1274/1223 1202/1253/1202
f 1426/1719/1426 1205/1256/1205 1204/1255/1204
f 1204/1255/1204 1427/1718/1427 1426/1719/1426
f 1206/1257/1206 1209/1260/1209 1228/1279/1228
f 1228/1279/1228 1227/1278/1227 1206/1257/1206
f 1428/1489/1428 1209/1260/1209 1208/1259/1208
f 1208/1259/1208 1429/1490/1429 1428/1489/1428
f 1432/1721/1432 1213/1264/1213 1212/1263/1212
f 1212/1263/1212 1433/1720/1433 1432/1721/1432
f 1210/1261/1210 1213/1264/1213 1220/1271/1220
f 1220/1271/1220 1219/1270/1219 1210/1261/1210
f 198/201/198 201/204/201 1571/1671/1571
f 1571/1671/1571 202/205/202 198/201/198
f 1214/1265/1214 201/204/201 200/203/200
f 200/203/200 1215/1266/1215 1214/1265/1214
f 1214/1265/1214 1203/1254/1203 1571/1671/1571
f 1571/1671/1571 201/204/201 1214/1265/1214
f 1198/1249/1198 1215/1266/1215 200/203/200
f 200/203/200 913/951/913 1198/1249/1198
f 739/765/739 744/770/744 1573/1673/1573
f 1573/1673/1573 741/767/741 739/765/739
f 1218/1269/1218 744/770/744 743/769/743
f 743/769/743 1219/1270/1219 1218/1269/1218
f 1218/1269/1218 1207/1258/1207 1573/1673/1573
f 1573/1673/1573 744/770/744 1218/1269/1218
f 1210/1261/1210 1219/1270/1219 743/769/743
f 743/769/743 919/957/919 1210/1261/1210
f 1222/1273/1222 526/538/526 1525/1609/1525
f 1525/1609/1525 1223/1274/1223 1222/1273/1222
f 1222/1273/1222 1211/1262/1211 527/539/527
f 527/539/527 526/538/526 1222/1273/1222
f 1202/1253/1202 1223/1274/1223 1525/1609/1525
f 1525/1609/1525 1572/1672/1572 1202/1253/1202
f 1226/1277/1226 464/1631/464 1538/1630/1538
f 1538/1630/1538 1227/1278/1227 1226/1277/1226
f 1226/1281/1226 1199/1250/1199 465/475/465
f 465/475/465 464/474/464 1226/1281/1226
f 1206/1257/1206 1227/1278/1227 1538/1630/1538
f 1538/1630/1538 1574/1674/1574 1206/1257/1206
f 1230/1723/1230 1233/1722/1233 1260/1315/1260
f 1260/1315/1260 1259/1314/1259 1230/1723/1230
f 1442/1725/1442 1233/1286/1233 1232/1285/1232
f 1232/1285/1232 1443/1724/1443 1442/1725/1442
f 1445/1727/1445 1237/1290/1237 1236/1289/1236
f 1236/1289/1236 1446/1726/1446 1445/1727/1445
f 1234/1287/1234 1237/1290/1237 1248/1301/1248
f 1248/1301/1248 1247/1300/1247 1234/1287/1234
f 1449/1510/1449 1241/1294/1241 1240/1293/1240
f 1240/1293/1240 1450/1511/1450 1449/1510/1449
f 1238/1291/1238 1241/1294/1241 1256/1311/1256
f 1256/1311/1256 1255/1310/1255 1238/1291/1238
f 1242/1295/1242 1245/1298/1245 1252/1305/1252
f 1252/1305/1252 1251/1304/1251 1242/1295/1242
f 1451/1728/1451 1245/1298/1245 1244/1297/1244
f 1244/1297/1244 1452/1513/1452 1451/1728/1451
f 1246/1299/1246 179/182/179 178/181/178
f 178/181/178 1247/1300/1247 1246/1299/1246
f 1246/1299/1246 1231/1284/1231 180/183/180
f 180/183/180 179/182/179 1246/1299/1246
f 1234/1287/1234 1247/1300/1247 178/181/178
f 178/181/178 929/969/929 1234/1287/1234
f 1250/1303/1250 569/1629/569 1537/1628/1537
f 1537/1628/1537 1251/1304/1251 1250/1303/1250
f 1250/1307/1250 1235/1288/1235 570/587/570
f 570/587/570 569/586/569 1250/1307/1250
f 1242/1295/1242 1251/1304/1251 1537/1628/1537
f 1537/1628/1537 1576/1676/1576 1242/1295/1242
f 704/730/704 708/734/708 1575/1675/1575
f 1575/1675/1575 709/735/709 704/730/704
f 1254/1309/1254 708/734/708 707/733/707
f 707/733/707 1255/1310/1255 1254/1309/1254
f 1254/1309/1254 1243/1296/1243 1575/1675/1575
f 1575/1675/1575 708/734/708 1254/1309/1254
f 1238/1291/1238 1255/1310/1255 707/733/707
f 707/733/707 931/971/931 1238/1291/1238
f 1258/1313/1258 491/503/491 490/502/490
f 490/502/490 1259/1314/1259 1258/1313/1258
f 1258/1313/1258 1239/1292/1239 492/504/492
f 492/504/492 491/503/491 1258/1313/1258
f 1230/1723/1230 1259/1314/1259 490/502/490
f 490/502/490 927/967/927 1230/1723/1230
f 1262/1317/1262 1265/1320/1265 1284/1339/1284
f 1284/1339/1284 1283/1338/1283 1262/1317/1262
f 1461/1522/1461 1265/1320/1265 1264/1319/1264
f 1264/1319/1264 1462/1523/1462 1461/1522/1461
f 1266/1321/1266 1269/1324/1269 1292/1347/1292
f 1292/1347/1292 1291/1346/1291 1266/1321/1266
f 1464/1525/1464 1269/1324/1269 1268/1323/1268
f 1268/1323/1268 1465/1526/1465 1464/1525/1464
f 1466/1527/1466 1273/1328/1273 1272/1327/1272
f 1272/1327/1272 1467/1528/1467 1466/1527/1466
f 1270/1325/1270 1273/1328/1273 1280/1335/1280
f 1280/1335/1280 1279/1334/1279 1270/1325/1270
f 1468/1529/1468 1277/1332/1277 1276/1331/1276
f 1276/1331/1276 1469/1530/1469 1468/1529/1468
f 1274/1329/1274 1277/1332/1277 1288/1343/1288
f 1288/1343/1288 1287/1342/1287 1274/1329/1274
f 690/716/690 693/719/693 1581/1681/1581
f 1581/1681/1581 694/720/694 690/716/690
f 1278/1333/1278 693/719/693 692/718/692
f 692/718/692 1279/1334/1279 1278/1333/1278
f 1278/1333/1278 1275/1330/1275 1581/1681/1581
f 1581/1681/1581 693/719/693 1278/1333/1278
f 1270/1325/1270 1279/1334/1279 692/718/692
f 692/718/692 945/985/945 1270/1325/1270
f 123/124/123 1505/1575/1505 1579/1679/1579
f 1579/1679/1579 127/128/127 123/124/123
f 1282/1337/1282 1505/1575/1505 1504/1574/1504
f 1504/1574/1504 1283/1338/1283 1282/1337/1282
f 1282/1337/1282 1267/1322/1267 1579/1679/1579
f 1579/1679/1579 1505/1575/1505 1282/1337/1282
f 1262/1317/1262 1283/1338/1283 1504/1574/1504
f 1504/1574/1504 1578/1678/1578 1262/1317/1262
f 467/477/467 1536/1625/1536 1577/1677/1577
f 1577/1677/1577 469/479/469 467/477/467
f 1286/1341/1286 1536/1625/1536 1535/1624/1535
f 1535/1624/1535 1287/1342/1287 1286/1341/1286
f 1286/1341/1286 1263/1318/1263 1577/1677/1577
f 1577/1677/1577 1536/1625/1536 1286/1341/1286
f 1274/1329/1274 1287/1342/1287 1535/1624/1535
f 1535/1624/1535 1582/1682/1582 1274/1329/1274
f 1290/1345/1290 412/420/412 1521/1600/1521
f 1521/1600/1521 1291/1346/1291 1290/1345/1290
f 1290/1345/1290 1271/1326/1271 413/421/413
f 413/421/413 412/420/412 1290/1345/1290
f 1266/1321/1266 1291/1346/1291 1521/1600/1521
f 1521/1600/1521 1580/1680/1580 1266/1321/1266
f 1294/1349/1294 1297/1352/1297 1324/1379/1324
f 1324/1379/1324 1323/1378/1323 1294/1349/1294
f 1478/1539/1478 1297/1352/1297 1296/1351/1296
f 1296/1351/1296 1479/1540/1479 1478/1539/1478
f 1298/1353/1298 1301/1356/1301 1320/1375/1320
f 1320/1375/1320 1319/1374/1319 1298/1353/1298
f 1481/1542/1481 1301/1356/1301 1300/1355/1300
f 1300/1355/1300 1482/1543/1482 1481/1542/1481
f 1483/1544/1483 1305/1360/1305 1304/1359/1304
f 1304/1359/1304 1484/1545/1484 1483/1544/1483
f 1302/1357/1302 1305/1360/1305 1312/1367/1312
f 1312/1367/1312 1311/1366/1311 1302/1357/1302
f 1487/1548/1487 1309/1364/1309 1308/1363/1308
f 1308/1363/1308 1488/1549/1488 1487/1548/1487
f 1306/1361/1306 1309/1364/1309 1316/1371/1316
f 1316/1371/1316 1315/1370/1315 1306/1361/1306
f 380/388/380 1534/1623/1534 1583/1683/1583
f 1583/1683/1583 382/390/382 380/388/380
f 1310/1365/1310 1534/1623/1534 1533/1622/1533
f 1533/1622/1533 1311/1366/1311 1310/1365/1310
f 1310/1365/1310 1295/1350/1295 1583/1683/1583
f 1583/1683/1583 1534/1623/1534 1310/1365/1310
f 1302/1357/1302 1311/1366/1311 1533/1622/1533
f 1533/1622/1533 1586/1686/1586 1302/1357/1302
f 683/709/683 689/715/689 1585/1685/1585
f 1585/1685/1585 684/710/684 683/709/683
f 1314/1369/1314 689/715/689 688/714/688
f 688/714/688 1315/1370/1315 1314/1369/1314
f 1314/1369/1314 1303/1358/1303 1585/1685/1585
f 1585/1685/1585 689/715/689 1314/1369/1314
f 1306/1361/1306 1315/1370/1315 688/714/688
f 688/714/688 966/1006/966 1306/1361/1306
f 1318/1373/1318 390/398/390 389/397/389
f 389/397/389 1319/1374/1319 1318/1373/1318
f 1318/1373/1318 1307/1362/1307 391/399/391
f 391/399/391 390/398/390 1318/1373/1318
f 1298/1353/1298 1319/1374/1319 389/397/389
f 389/397/389 960/1000/960 1298/1353/1298
f 1322/1377/1322 58/58/58 1497/1566/1497
f 1497/1566/1497 1323/1378/1323 1322/1377/1322
f 1322/1377/1322 1299/1354/1299 59/59/59
f 59/59/59 58/58/58 1322/1377/1322
f 1294/1349/1294 1323/1378/1323 1497/1566/1497
f 1497/1566/1497 1584/1684/1584 1294/1349/1294
f 849/881/849 852/884/852 1328/1729/1328
f 1328/1729/1328 1334/1390/1334 849/881/849
f 1326/1381/1326 852/1384/852 851/1399/851
f 851/1399/851 1342/1398/1342 1326/1381/1326
f 1329/1385/1329 850/882/850 854/886/854
f 854/886/854 1344/1402/1344 1329/1385/1329
f 1331/1387/1331 1334/1390/1334 1328/1729/1328
f 1328/1729/1328 1338/1730/1338 1331/1387/1331
f 849/881/849 1334/1390/1334 1333/1389/1333
f 1333/1389/1333 853/885/853 849/881/849
f 1335/1391/1335 853/885/853 1333/1389/1333
f 1333/1389/1333 1340/1396/1340 1335/1391/1335
f 1337/1393/1337 1061/1102/1061 1060/1101/1060
f 1060/1101/1060 1338/1394/1338 1337/1393/1337
f 1337/1393/1337 1327/1382/1327 1040/1081/1040
f 1040/1081/1040 1061/1102/1061 1337/1393/1337
f 1331/1387/1331 1338/1730/1338 1060/1691/1060
f 1060/1691/1060 1049/1090/1049 1331/1387/1331
f 1339/1395/1339 1057/1098/1057 1056/1097/1056
f 1056/1097/1056 1340/1396/1340 1339/1395/1339
f 1339/1395/1339 1332/1388/1332 1048/1089/1048
f 1048/1089/1048 1057/1098/1057 1339/1395/1339
f 1335/1391/1335 1340/1396/1340 1056/1097/1056
f 1056/1097/1056 1053/1094/1053 1335/1391/1335
f 1341/1397/1341 1065/1106/1065 1064/1105/1064
f 1064/1105/1064 1342/1398/1342 1341/1397/1341
f 1341/1397/1341 1330/1400/1330 1044/1107/1044
f 1044/1107/1044 1065/1106/1065 1341/1397/1341
f 1326/1381/1326 1342/1398/1342 1064/1105/1064
f 1064/1105/1064 1041/1082/1041 1326/1381/1326
f 1343/1401/1343 1069/1112/1069 1068/1111/1068
f 1068/1111/1068 1344/1402/1344 1343/1401/1343
f 1343/1401/1343 1336/1392/1336 1052/1093/1052
f 1052/1093/1052 1069/1112/1069 1343/1401/1343
f 1329/1385/1329 1344/1402/1344 1068/1111/1068
f 1068/1111/1068 1045/1086/1045 1329/1385/1329
f 865/899/865 868/902/868 1347/1731/1347
f 1347/1731/1347 1351/1410/1351 865/899/865
f 1345/1403/1345 868/1406/868 867/1417/867
f 867/1417/867 1357/1416/1357 1345/1403/1345
f 1348/1407/1348 1351/1410/1351 1347/1731/1347
f 1347/1731/1347 1359/1732/1359 1348/1407/1348
f 865/899/865 1351/1410/1351 1350/1409/1350
f 1350/1409/1350 869/903/869 865/899/865
f 1352/1411/1352 866/900/866 870/904/870
f 870/904/870 1363/1424/1363 1352/1411/1352
f 1354/1413/1354 869/903/869 1350/1409/1350
f 1350/1409/1350 1361/1422/1361 1354/1413/1354
f 1356/1415/1356 1101/1146/1101 1100/1145/1100
f 1100/1145/1100 1357/1416/1357 1356/1415/1356
f 1356/1415/1356 1353/1418/1353 1080/1123/1080
f 1080/1123/1080 1101/1146/1101 1356/1415/1356
f 1345/1403/1345 1357/1416/1357 1100/1145/1100
f 1100/1145/1100 1073/1116/1073 1345/1403/1345
f 1358/1419/1358 1097/1142/1097 1096/1141/1096
f 1096/1141/1096 1359/1420/1359 1358/1419/1358
f 1358/1419/1358 1346/1404/1346 1072/1115/1072
f 1072/1115/1072 1097/1142/1097 1358/1419/1358
f 1348/1695/1348 1359/1420/1359 1096/1141/1096
f 1096/1141/1096 1077/1120/1077 1348/1695/1348
f 1360/1421/1360 1093/1136/1093 1092/1135/1092
f 1092/1135/1092 1361/1422/1361 1360/1421/1360
f 1360/1733/1360 1349/1694/1349 1076/1119/1076
f 1076/1119/1076 1093/1138/1093 1360/1733/1360
f 1354/1413/1354 1361/1422/1361 1092/1135/1092
f 1092/1135/1092 1085/1128/1085 1354/1413/1354
f 1362/1423/1362 1089/1132/1089 1088/1131/1088
f 1088/1131/1088 1363/1424/1363 1362/1423/1362
f 1362/1423/1362 1355/1414/1355 1084/1127/1084
f 1084/1127/1084 1089/1132/1089 1362/1423/1362
f 1352/1734/1352 1363/1424/1363 1088/1131/1088
f 1088/1131/1088 1081/1697/1081 1352/1734/1352
f 879/913/879 882/916/882 1366/1427/1366
f 1366/1427/1366 1370/1431/1370 879/913/879
f 1364/1425/1364 882/916/882 881/915/881
f 881/915/881 1384/1445/1384 1364/1425/1364
f 1367/1428/1367 1370/1431/1370 1366/1427/1366
f 1366/1427/1366 1380/1441/1380 1367/1428/1367
f 879/913/879 1370/1431/1370 1369/1430/1369
f 1369/1430/1369 1374/1435/1374 879/913/879
f 879/913/879 1374/1435/1374 1373/1434/1373
f 1373/1434/1373 880/914/880 879/913/879
f 1371/1432/1371 1374/1435/1374 1369/1430/1369
f 1369/1430/1369 1382/1443/1382 1371/1432/1371
f 1375/1436/1375 880/914/880 1373/1434/1373
f 1373/1434/1373 1378/1439/1378 1375/1436/1375
f 1377/1438/1377 1129/1174/1129 1128/1173/1128
f 1128/1173/1128 1378/1439/1378 1377/1438/1377
f 1377/1438/1377 1372/1433/1372 1112/1157/1112
f 1112/1157/1112 1129/1174/1129 1377/1438/1377
f 1375/1436/1375 1378/1439/1378 1128/1173/1128
f 1128/1173/1128 1117/1162/1117 1375/1436/1375
f 1379/1440/1379 1121/1166/1121 1120/1165/1120
f 1120/1165/1120 1380/1441/1380 1379/1440/1379
f 1379/1440/1379 1365/1426/1365 1104/1149/1104
f 1104/1149/1104 1121/1166/1121 1379/1440/1379
f 1367/1428/1367 1380/1441/1380 1120/1165/1120
f 1120/1165/1120 1109/1154/1109 1367/1428/1367
f 1381/1442/1381 1125/1170/1125 1124/1169/1124
f 1124/1169/1124 1382/1443/1382 1381/1442/1381
f 1381/1442/1381 1368/1429/1368 1108/1153/1108
f 1108/1153/1108 1125/1170/1125 1381/1442/1381
f 1371/1432/1371 1382/1443/1382 1124/1169/1124
f 1124/1169/1124 1113/1158/1113 1371/1432/1371
f 1383/1444/1383 1133/1178/1133 1132/1177/1132
f 1132/1177/1132 1384/1445/1384 1383/1444/1383
f 1383/1444/1383 1376/1437/1376 1116/1161/1116
f 1116/1161/1116 1133/1178/1133 1383/1444/1383
f 1364/1425/1364 1384/1445/1384 1132/1177/1132
f 1132/1177/1132 1105/1150/1105 1364/1425/1364
f 891/927/891 894/930/894 1387/1448/1387
f 1387/1448/1387 1393/1454/1393 891/927/891
f 1385/1446/1385 894/930/894 893/929/893
f 893/929/893 1399/1460/1399 1385/1446/1385
f 1388/1449/1388 892/928/892 896/932/896
f 896/932/896 1397/1458/1397 1388/1449/1388
f 1390/1451/1390 1393/1454/1393 1387/1448/1387
f 1387/1448/1387 1403/1464/1403 1390/1451/1390
f 891/927/891 1393/1454/1393 1392/1453/1392
f 1392/1453/1392 895/931/895 891/927/891
f 1394/1455/1394 895/931/895 1392/1453/1392
f 1392/1453/1392 1401/1462/1401 1394/1455/1394
f 1396/1457/1396 1153/1198/1153 1152/1197/1152
f 1152/1197/1152 1397/1458/1397 1396/1457/1396
f 1396/1735/1396 1395/1704/1395 1148/1193/1148
f 1148/1193/1148 1153/1200/1153 1396/1735/1396
f 1388/1449/1388 1397/1458/1397 1152/1197/1152
f 1152/1197/1152 1141/1186/1141 1388/1449/1388
f 1398/1459/1398 1161/1208/1161 1160/1207/1160
f 1160/1207/1160 1399/1460/1399 1398/1459/1398
f 1398/1459/1398 1389/1450/1389 1140/1185/1140
f 1140/1185/1140 1161/1208/1161 1398/1459/1398
f 1385/1701/1385 1399/1460/1399 1160/1207/1160
f 1160/1207/1160 1137/1182/1137 1385/1701/1385
f 1400/1737/1400 1165/1212/1165 1164/1211/1164
f 1164/1211/1164 1401/1736/1401 1400/1737/1400
f 1400/1737/1400 1391/1738/1391 1144/1213/1144
f 1144/1213/1144 1165/1212/1165 1400/1737/1400
f 1394/1705/1394 1401/1736/1401 1164/1211/1164
f 1164/1211/1164 1149/1194/1149 1394/1705/1394
f 1402/1740/1402 1157/1204/1157 1156/1203/1156
f 1156/1203/1156 1403/1739/1403 1402/1740/1402
f 1402/1740/1402 1386/1700/1386 1136/1181/1136
f 1136/1181/1136 1157/1204/1157 1402/1740/1402
f 1390/1703/1390 1403/1739/1403 1156/1203/1156
f 1156/1203/1156 1145/1190/1145 1390/1703/1390
f 906/944/906 909/947/909 1406/1467/1406
f 1406/1467/1406 1412/1473/1412 906/944/906
f 1404/1465/1404 909/947/909 908/946/908
f 908/946/908 1420/1481/1420 1404/1465/1404
f 1407/1468/1407 907/945/907 911/949/911
f 911/949/911 1418/1479/1418 1407/1468/1407
f 1409/1470/1409 1412/1473/1412 1406/1467/1406
f 1406/1467/1406 1422/1483/1422 1409/1470/1409
f 906/944/906 1412/1473/1412 1411/1472/1411
f 1411/1472/1411 910/948/910 906/944/906
f 1413/1474/1413 910/948/910 1411/1472/1411
f 1411/1472/1411 1416/1477/1416 1413/1474/1413
f 1415/1476/1415 1197/1248/1197 1196/1247/1196
f 1196/1247/1196 1416/1477/1416 1415/1476/1415
f 1415/1476/1415 1410/1471/1410 1176/1225/1176
f 1176/1225/1176 1197/1248/1197 1415/1476/1415
f 1413/1714/1413 1416/1477/1416 1196/1247/1196
f 1196/1247/1196 1181/1230/1181 1413/1714/1413
f 1417/1742/1417 1193/1244/1193 1192/1243/1192
f 1192/1243/1192 1418/1741/1418 1417/1742/1417
f 1417/1742/1417 1414/1713/1414 1180/1229/1180
f 1180/1229/1180 1193/1244/1193 1417/1742/1417
f 1407/1712/1407 1418/1743/1418 1192/1709/1192
f 1192/1709/1192 1173/1222/1173 1407/1712/1407
f 1419/1745/1419 1185/1234/1185 1184/1233/1184
f 1184/1233/1184 1420/1744/1420 1419/1745/1419
f 1419/1745/1419 1408/1711/1408 1172/1221/1172
f 1172/1221/1172 1185/1234/1185 1419/1745/1419
f 1404/1708/1404 1420/1744/1420 1184/1233/1184
f 1184/1233/1184 1169/1218/1169 1404/1708/1404
f 1421/1482/1421 1189/1238/1189 1188/1237/1188
f 1188/1237/1188 1422/1483/1422 1421/1482/1421
f 1421/1746/1421 1405/1707/1405 1168/1217/1168
f 1168/1217/1168 1189/1240/1189 1421/1746/1421
f 1409/1470/1409 1422/1483/1422 1188/1237/1188
f 1188/1237/1188 1177/1226/1177 1409/1470/1409
f 920/958/920 923/961/923 1425/1486/1425
f 1425/1486/1425 1431/1492/1431 920/958/920
f 1423/1484/1423 923/961/923 922/960/922
f 922/960/922 1437/1498/1437 1423/1484/1423
f 1426/1487/1426 921/959/921 925/963/925
f 925/963/925 1435/1496/1435 1426/1487/1426
f 1428/1489/1428 1431/1492/1431 1425/1486/1425
f 1425/1486/1425 1439/1500/1439 1428/1489/1428
f 920/958/920 1431/1492/1431 1430/1491/1430
f 1430/1491/1430 924/962/924 920/958/920
f 1432/1493/1432 924/962/924 1430/1491/1430
f 1430/1491/1430 1441/1502/1441 1432/1493/1432
f 1434/1748/1434 1225/1276/1225 1224/1275/1224
f 1224/1275/1224 1435/1747/1435 1434/1748/1434
f 1434/1748/1434 1433/1720/1433 1212/1263/1212
f 1212/1263/1212 1225/1276/1225 1434/1748/1434
f 1426/1719/1426 1435/1747/1435 1224/1275/1224
f 1224/1275/1224 1205/1256/1205 1426/1719/1426
f 1436/1750/1436 1217/1268/1217 1216/1267/1216
f 1216/1267/1216 1437/1749/1437 1436/1750/1436
f 1436/1750/1436 1427/1718/1427 1204/1255/1204
f 1204/1255/1204 1217/1268/1217 1436/1750/1436
f 1423/1717/1423 1437/1749/1437 1216/1267/1216
f 1216/1267/1216 1201/1252/1201 1423/1717/1423
f 1438/1499/1438 1229/1280/1229 1228/1279/1228
f 1228/1279/1228 1439/1500/1439 1438/1499/1438
f 1438/1751/1438 1424/1716/1424 1200/1251/1200
f 1200/1251/1200 1229/1282/1229 1438/1751/1438
f 1428/1489/1428 1439/1500/1439 1228/1279/1228
f 1228/1279/1228 1209/1260/1209 1428/1489/1428
f 1440/1753/1440 1221/1272/1221 1220/1271/1220
f 1220/1271/1220 1441/1752/1441 1440/1753/1440
f 1440/1753/1440 1429/1490/1429 1208/1259/1208
f 1208/1259/1208 1221/1272/1221 1440/1753/1440
f 1432/1721/1432 1441/1752/1441 1220/1271/1220
f 1220/1271/1220 1213/1264/1213 1432/1721/1432
f 934/974/934 937/977/937 1444/1505/1444
f 1444/1505/1444 1448/1509/1448 934/974/934
f 1442/1503/1442 937/977/937 936/976/936
f 936/976/936 1454/1515/1454 1442/1503/1442
f 1445/1506/1445 1448/1509/1448 1444/1505/1444
f 1444/1505/1444 1460/1521/1460 1445/1506/1445
f 934/974/934 1448/1509/1448 1447/1508/1447
f 1447/1508/1447 938/978/938 934/974/934
f 1449/1510/1449 935/975/935 939/979/939
f 939/979/939 1458/1519/1458 1449/1510/1449
f 1451/1512/1451 938/978/938 1447/1508/1447
f 1447/1508/1447 1456/1517/1456 1451/1512/1451
f 1453/1514/1453 1261/1316/1261 1260/1315/1260
f 1260/1315/1260 1454/1515/1454 1453/1514/1453
f 1453/1514/1453 1450/1511/1450 1240/1293/1240
f 1240/1293/1240 1261/1316/1261 1453/1514/1453
f 1442/1754/1442 1454/1515/1454 1260/1315/1260
f 1260/1315/1260 1233/1722/1233 1442/1754/1442
f 1455/1756/1455 1253/1306/1253 1252/1305/1252
f 1252/1305/1252 1456/1755/1456 1455/1756/1455
f 1455/1757/1455 1446/1726/1446 1236/1289/1236
f 1236/1289/1236 1253/1308/1253 1455/1757/1455
f 1451/1728/1451 1456/1755/1456 1252/1305/1252
f 1252/1305/1252 1245/1298/1245 1451/1728/1451
f 1457/1518/1457 1257/1312/1257 1256/1311/1256
f 1256/1311/1256 1458/1519/1458 1457/1518/1457
f 1457/1518/1457 1452/1513/1452 1244/1297/1244
f 1244/1297/1244 1257/1312/1257 1457/1518/1457
f 1449/1510/1449 1458/1519/1458 1256/1311/1256
f 1256/1311/1256 1241/1294/1241 1449/1510/1449
f 1459/1759/1459 1249/1302/1249 1248/1301/1248
f 1248/1301/1248 1460/1758/1460 1459/1759/1459
f 1459/1759/1459 1443/1724/1443 1232/1285/1232
f 1232/1285/1232 1249/1302/1249 1459/1759/1459
f 1445/1727/1445 1460/1758/1460 1248/1301/1248
f 1248/1301/1248 1237/1290/1237 1445/1727/1445
f 949/989/949 952/992/952 1463/1524/1463
f 1463/1524/1463 955/995/955 949/989/949
f 1461/1522/1461 952/992/952 951/991/951
f 951/991/951 1475/1536/1475 1461/1522/1461
f 1464/1525/1464 950/990/950 954/994/954
f 954/994/954 1471/1532/1471 1464/1525/1464
f 1466/1527/1466 953/993/953 956/996/956
f 956/996/956 1473/1534/1473 1466/1527/1466
f 1468/1529/1468 955/995/955 1463/1524/1463
f 1463/1524/1463 1477/1538/1477 1468/1529/1468
f 1470/1531/1470 1293/1348/1293 1292/1347/1292
f 1292/1347/1292 1471/1532/1471 1470/1531/1470
f 1470/1531/1470 1467/1528/1467 1272/1327/1272
f 1272/1327/1272 1293/1348/1293 1470/1531/1470
f 1464/1525/1464 1471/1532/1471 1292/1347/1292
f 1292/1347/1292 1269/1324/1269 1464/1525/1464
f 1472/1533/1472 1281/1336/1281 1280/1335/1280
f 1280/1335/1280 1473/1534/1473 1472/1533/1472
f 1472/1533/1472 1469/1530/1469 1276/1331/1276
f 1276/1331/1276 1281/1336/1281 1472/1533/1472
f 1466/1527/1466 1473/1534/1473 1280/1335/1280
f 1280/1335/1280 1273/1328/1273 1466/1527/1466
f 1474/1535/1474 1285/1340/1285 1284/1339/1284
f 1284/1339/1284 1475/1536/1475 1474/1535/1474
f 1474/1535/1474 1465/1526/1465 1268/1323/1268
f 1268/1323/1268 1285/1340/1285 1474/1535/1474
f 1461/1522/1461 1475/1536/1475 1284/1339/1284
f 1284/1339/1284 1265/1320/1265 1461/1522/1461
f 1476/1537/1476 1289/1344/1289 1288/1343/1288
f 1288/1343/1288 1477/1538/1477 1476/1537/1476
f 1476/1537/1476 1462/1523/1462 1264/1319/1264
f 1264/1319/1264 1289/1344/1289 1476/1537/1476
f 1468/1529/1468 1477/1538/1477 1288/1343/1288
f 1288/1343/1288 1277/1332/1277 1468/1529/1468
f 967/1007/967 970/1010/970 1480/1541/1480
f 1480/1541/1480 1486/1547/1486 967/1007/967
f 1478/1539/1478 970/1010/970 969/1009/969
f 969/1009/969 1492/1553/1492 1478/1539/1478
f 1481/1542/1481 968/1008/968 972/1012/972
f 972/1012/972 1490/1551/1490 1481/1542/1481
f 1483/1544/1483 1486/1547/1486 1480/1541/1480
f 1480/1541/1480 1496/1557/1496 1483/1544/1483
f 967/1007/967 1486/1547/1486 1485/1546/1485
f 1485/1546/1485 971/1011/971 967/1007/967
f 1487/1548/1487 971/1011/971 1485/1546/1485
f 1485/1546/1485 1494/1555/1494 1487/1548/1487
f 1489/1550/1489 1321/1376/1321 1320/1375/1320
f 1320/1375/1320 1490/1551/1490 1489/1550/1489
f 1489/1550/1489 1488/1549/1488 1308/1363/1308
f 1308/1363/1308 1321/1376/1321 1489/1550/1489
f 1481/1542/1481 1490/1551/1490 1320/1375/1320
f 1320/1375/1320 1301/1356/1301 1481/1542/1481
f 1491/1552/1491 1325/1380/1325 1324/1379/1324
f 1324/1379/1324 1492/1553/1492 1491/1552/1491
f 1491/1552/1491 1482/1543/1482 1300/1355/1300
f 1300/1355/1300 1325/1380/1325 1491/1552/1491
f 1478/1539/1478 1492/1553/1492 1324/1379/1324
f 1324/1379/1324 1297/1352/1297 1478/1539/1478
f 1493/1554/1493 1317/1372/1317 1316/1371/1316
f 1316/1371/1316 1494/1555/1494 1493/1554/1493
f 1493/1554/1493 1484/1545/1484 1304/1359/1304
f 1304/1359/1304 1317/1372/1317 1493/1554/1493
f 1487/1548/1487 1494/1555/1494 1316/1371/1316
f 1316/1371/1316 1309/1364/1309 1487/1548/1487
f 1495/1556/1495 1313/1368/1313 1312/1367/1312
f 1312/1367/1312 1496/1557/1496 1495/1556/1495
f 1495/1556/1495 1479/1540/1479 1296/1351/1296
f 1296/1351/1296 1313/1368/1313 1495/1556/1495
f 1483/1544/1483 1496/1557/1496 1312/1367/1312
f 1312/1367/1312 1305/1360/1305 1483/1544/1483
