# File produced by Open Asset Import Library (http://www.assimp.sf.net)
# (assimp v3.1.151885474)

mtllib asteroid%201.mtl

# vertex positions
v 0.775664 -0.269787 0.168428
v 0.810392 -0.262468 0.077467
v 0.849035 -0.204815 0.073313
v 0.819134 -0.207399 0.159094
v 0.727776 -0.341368 0.190959
v 0.762854 -0.330938 0.102467
v 0.782689 0.349016 0.154886
v 0.736448 0.410268 0.159668
v 0.716000 0.401776 0.270017
v 0.758648 0.343501 0.271859
v 0.828151 0.289709 0.157149
v 0.859953 0.300549 0.060966
v 0.818895 0.357210 0.053713
v 1.205005 -0.316605 -0.669314
v 1.199470 -0.320830 -0.766110
v 1.256968 -0.249922 -0.790476
v 1.265088 -0.241944 -0.700492
v 1.135711 -0.388433 -0.636239
v 1.134400 -0.388702 -0.729604
v 1.189341 -0.310281 -0.582608
v 1.124804 -0.378708 -0.555760
v 1.210975 0.468859 -0.688375
v 1.266054 0.388833 -0.708117
v 1.255292 0.400758 -0.797699
v 1.202391 0.476992 -0.784168
v 1.196419 0.458290 -0.600666
v 1.249635 0.383041 -0.623855
v -1.475866 -0.579239 0.949631
v -1.427590 -0.581391 1.020157
v -1.478915 -0.529117 1.041949
v -1.526755 -0.524417 0.976095
v -1.414186 -0.630982 0.925200
v -1.372215 -0.630184 0.993376
v -1.530598 0.379679 0.938158
v -1.479391 0.453940 0.902898
v -1.524145 0.474679 0.825141
v -1.574274 0.406749 0.853543
v -1.572072 0.305809 0.972445
v -1.518748 0.294566 1.036939
v -1.475864 0.363831 1.008609
v -1.356534 -0.349399 -0.472712
v -1.415200 -0.367025 -0.355381
v -1.461470 -0.305694 -0.368871
v -1.408742 -0.285099 -0.480642
v -1.398758 0.519936 -0.482884
v -1.349660 0.618638 -0.488766
v -1.279650 0.607158 -0.589251
v -1.321491 0.514025 -0.589573
v -1.473991 0.531686 -0.359750
v -1.424084 0.624451 -0.371278
v 0.246275 -0.452899 1.236051
v 0.166744 -0.462409 1.275808
v 0.153224 -0.535784 1.224271
v 0.227769 -0.530825 1.183578
v 0.333740 -0.437399 1.174421
v 0.356532 -0.365053 1.221457
v 0.275376 -0.375620 1.281995
v 0.257839 0.327978 1.221569
v 0.316414 0.330323 1.178082
v 0.308536 0.374367 1.137404
v 0.253508 0.375228 1.175056
v 0.526798 -0.321122 -1.360714
v 0.421059 -0.322051 -1.380010
v 0.449653 -0.248489 -1.439347
v 0.551144 -0.243489 -1.424200
v 0.634274 -0.321215 -1.335162
v 0.607483 -0.390413 -1.261520
v 0.504528 -0.394135 -1.281342
v 0.508244 0.511747 -1.381863
v 0.435742 0.513863 -1.393631
v 0.429775 0.564855 -1.354794
v 0.498047 0.566087 -1.341096
v 0.525197 0.457219 -1.416425
v 0.455131 0.462042 -1.426058
v 0.582768 0.509726 -1.363896
v 0.594471 0.458295 -1.397679
v 0.219520 -1.110376 0.529503
v 0.163505 -1.151360 0.548172
v 0.174603 -1.165771 0.469116
v 0.228126 -1.127500 0.446978
v 0.213289 -1.075154 0.611818
v 0.160547 -1.116180 0.625280
v 0.273523 -1.050742 0.499583
v 0.264775 -1.020858 0.579249
v 0.326335 0.963905 0.329408
v 0.355205 0.934349 0.318594
v 0.365202 0.974457 0.258256
v 0.338632 1.003846 0.265618
v 0.358524 -0.925958 -0.367646
v 0.349871 -0.950164 -0.310596
v 0.307343 -0.963464 -0.306859
v 0.313193 -0.941227 -0.360585
v 0.408059 -0.902699 -0.378395
v 0.397216 -0.926964 -0.323732
v 0.463422 1.218734 -0.623330
v 0.467701 1.164820 -0.732888
v 0.366028 1.223079 -0.723386
v 0.356305 1.276890 -0.619316
v 0.569509 1.148413 -0.627332
v 0.568010 1.101363 -0.730980
v -0.467639 -0.477386 1.311062
v -0.362302 -0.470662 1.310863
v -0.375094 -0.378228 1.370517
v -0.475444 -0.379467 1.373937
v -0.592553 -0.489028 1.315768
v -0.574632 -0.578835 1.243914
v -0.455816 -0.572853 1.235396
v -0.470007 0.324817 1.294704
v -0.384236 0.325265 1.295681
v -0.377517 0.392606 1.224461
v -0.458275 0.395899 1.219472
v -0.572611 0.325265 1.298627
v -0.574125 0.254698 1.354626
v -0.477430 0.250329 1.353921
v -0.496532 -0.325024 -1.300002
v -0.473910 -0.324020 -1.309684
v -0.474331 -0.339588 -1.294291
v -0.496309 -0.341119 -1.284014
v -0.519180 -0.327531 -1.285393
v -0.518550 -0.311936 -1.295998
v -0.496447 -0.309046 -1.310164
v -0.509965 0.510638 -1.331976
v -0.445446 0.510484 -1.357715
v -0.448625 0.460455 -1.377107
v -0.509664 0.457427 -1.353896
v -0.574337 0.511147 -1.293308
v -0.571292 0.560777 -1.265974
v -0.510612 0.563797 -1.300301
v -0.411959 -1.126234 0.589054
v -0.364372 -1.141463 0.579688
v -0.368427 -1.120612 0.624008
v -0.413665 -1.104900 0.635348
v -0.468564 -1.105917 0.605362
v -0.461978 -1.115898 0.557130
v -0.408221 -1.135471 0.539081
v -0.412123 1.016467 0.393427
v -0.308831 1.036661 0.369332
v -0.328608 1.114946 0.283844
v -0.427490 1.100272 0.302027
v -0.533090 0.993885 0.436457
v -0.517201 0.922495 0.519456
v -0.402303 0.939905 0.483604
v -0.370324 -0.937569 -0.355008
v -0.256495 -0.973492 -0.344906
v -0.254533 -1.025812 -0.218731
v -0.362091 -0.994519 -0.221358
v -0.497046 -0.882846 -0.369452
v -0.501250 -0.823784 -0.500154
v -0.381963 -0.871913 -0.493869
v -0.495129 1.270942 -0.606590
v -0.420997 1.291517 -0.608688
v -0.425306 1.250260 -0.668518
v -0.495860 1.228478 -0.669536
v -0.573555 1.249108 -0.600927
v -0.570413 1.283841 -0.537409
v -0.495991 1.306286 -0.539244
v -0.505179 1.343454 -0.074475
v -0.328393 1.376159 -0.200205
v -0.380371 1.386738 -0.308386
v -0.504247 1.363427 -0.267195
v -0.705455 1.277706 -0.149127
v -0.831087 1.187899 0.005977
v -0.698378 1.224547 0.089229
v -0.318414 1.312396 0.004299
v -0.226139 1.340211 -0.102262
v -0.389332 -1.074031 0.134726
v -0.559608 -0.972273 0.035981
v -0.495978 -0.988814 -0.048307
v -0.371881 -1.052098 -0.008325
v -0.245898 -1.084377 0.034668
v -0.187906 -1.109391 0.119174
v -0.267529 -1.124850 0.224594
v -0.568640 -1.021233 0.263733
v -0.683728 -0.937101 0.153185
v -0.490476 0.903435 -1.002116
v -0.649317 0.949271 -0.888450
v -0.610829 1.035526 -0.835041
v -0.491573 1.041885 -0.874947
v -0.322085 1.010572 -0.938811
v -0.226936 0.927825 -1.026059
v -0.330628 0.832623 -1.106651
v -0.638357 0.806317 -1.007209
v -0.716376 0.863962 -0.914767
v -0.427859 -0.640081 -0.869171
v -0.272321 -0.725958 -0.772273
v -0.297911 -0.784232 -0.686481
v -0.409338 -0.737178 -0.724762
v -0.559323 -0.655652 -0.755297
v -0.635410 -0.593364 -0.803060
v -0.576118 -0.556259 -0.913922
v -0.295436 -0.582300 -0.995444
v -0.195079 -0.662809 -0.880293
v -0.507050 0.084176 -1.370814
v -0.673593 0.172525 -1.261035
v -0.619715 0.261672 -1.309461
v -0.509016 0.238131 -1.378640
v -0.335740 0.178160 -1.423647
v -0.224477 0.090377 -1.440414
v -0.337377 -0.007805 -1.414873
v -0.667144 -0.010815 -1.257326
v -0.774526 0.083014 -1.176424
v -0.422166 0.665613 0.858614
v -0.270146 0.755199 0.744293
v -0.297331 0.823900 0.643910
v -0.408399 0.783498 0.694812
v -0.592598 0.712770 0.814813
v -0.684421 0.642880 0.918237
v -0.595837 0.588099 0.976331
v -0.296047 0.603511 0.946344
v -0.210941 0.684694 0.843462
v -0.431981 -0.842142 0.960181
v -0.571768 -0.874794 0.914190
v -0.509704 -0.964861 0.806095
v -0.422807 -0.973509 0.805295
v -0.306388 -0.928779 0.869443
v -0.242228 -0.850342 0.953203
v -0.310407 -0.774044 1.030757
v -0.592415 -0.765528 1.052253
v -0.661950 -0.801788 1.003622
v -0.502533 -0.072013 1.447008
v -0.352090 0.013484 1.428644
v -0.391877 0.097757 1.418579
v -0.494736 0.071500 1.426756
v -0.686877 0.004946 1.420762
v -0.810155 -0.091267 1.402650
v -0.687141 -0.167915 1.424458
v -0.349832 -0.149685 1.431613
v -0.267870 -0.069818 1.422591
v 0.007741 1.322636 -0.602422
v -0.092262 1.210674 -0.753515
v -0.191185 1.251131 -0.710582
v -0.160133 1.324320 -0.605924
v 0.102168 1.211637 -0.755929
v 0.004412 1.129099 -0.838870
v -0.095860 1.364896 -0.437449
v -0.001614 1.345782 -0.338605
v 0.094724 1.340129 -0.439791
v 0.001944 -0.969803 -0.347580
v -0.073768 -1.034779 -0.180397
v -0.116122 -1.034375 -0.216025
v -0.096166 -0.983897 -0.342648
v 0.061410 -1.025574 -0.190737
v -0.021186 -1.058165 -0.091674
v -0.075494 -0.878631 -0.527462
v -0.000951 -0.813949 -0.634484
v 0.086580 -0.876846 -0.521308
v 0.003033 1.064777 0.361511
v -0.087104 1.177193 0.203981
v -0.163932 1.148567 0.253652
v -0.125795 1.063286 0.359021
v -0.080242 0.940246 0.521513
v -0.024244 0.864963 0.619702
v 0.056419 0.939100 0.521320
v 0.086677 1.148544 0.199161
v -0.002901 1.214004 0.106211
v 0.407342 1.182242 -0.135672
v 0.547608 1.094222 -0.248596
v 0.537713 1.161285 -0.324882
v 0.432524 1.232452 -0.286369
v 0.489826 1.040668 -0.067484
v 0.580730 0.989039 -0.175247
v 0.281296 1.269247 -0.223567
v 0.192952 1.259253 -0.122558
v 0.271861 1.202418 -0.026625
v -0.076598 -1.163876 0.559497
v -0.152086 -1.082123 0.692765
v -0.235153 -1.116696 0.644895
v -0.212792 -1.157309 0.565951
v -0.020175 -1.084044 0.694727
v -0.087187 -1.015409 0.773559
v -0.133575 -1.169371 0.418020
v -0.054130 -1.158674 0.322418
v 0.002228 -1.173585 0.412764
v 0.285249 -1.056730 0.085062
v 0.187562 -1.069366 0.004715
v 0.249993 -1.027432 -0.120425
v 0.318000 -1.009307 -0.105888
v 0.430029 -0.940717 -0.055876
v 0.480597 -0.878846 0.004217
v 0.379008 -0.969871 0.129194
v 0.162538 -1.123289 0.202546
v 0.107757 -1.106811 0.112440
v -0.008169 0.511644 -1.389989
v -0.107110 0.369916 -1.432207
v -0.220261 0.415855 -1.421932
v -0.189337 0.511267 -1.388768
v 0.122524 0.370467 -1.454415
v 0.016537 0.284714 -1.457744
v -0.113999 0.651925 -1.285473
v -0.010520 0.738182 -1.209365
v 0.089600 0.651947 -1.286362
v 0.468145 0.889088 -1.025231
v 0.311944 1.004756 -0.950246
v 0.358760 1.081084 -0.883968
v 0.467958 1.011729 -0.911660
v 0.604152 0.896423 -0.938847
v 0.680334 0.816507 -0.988486
v 0.623120 0.786261 -1.069738
v 0.308751 0.828898 -1.113692
v 0.214691 0.925327 -1.029938
v 0.002540 -0.320395 -1.366133
v -0.105482 -0.437884 -1.225631
v -0.245712 -0.388259 -1.275984
v -0.223017 -0.320706 -1.344433
v -0.107408 -0.189677 -1.417078
v 0.025317 -0.100791 -1.453876
v 0.136207 -0.185120 -1.447812
v 0.098399 -0.442171 -1.228989
v 0.001561 -0.511544 -1.125080
v 0.428922 -0.647772 -0.875579
v 0.545830 -0.666291 -0.772453
v 0.474278 -0.755375 -0.639728
v 0.398861 -0.770279 -0.658188
v 0.597253 -0.564440 -0.962999
v 0.643903 -0.592435 -0.868638
v 0.277794 -0.731440 -0.760192
v 0.195526 -0.662760 -0.883745
v 0.290037 -0.591340 -0.996989
v 0.604092 0.091968 -1.508290
v 0.406058 0.180309 -1.511648
v 0.451381 0.268216 -1.504503
v 0.580693 0.240883 -1.494097
v 0.763623 0.176691 -1.427605
v 0.862790 0.088161 -1.366050
v 0.769530 0.002927 -1.427605
v 0.411965 0.003920 -1.511648
v 0.294844 0.091956 -1.504782
v -0.101224 0.324965 1.280273
v -0.159865 0.447878 1.148903
v -0.233440 0.408320 1.202365
v -0.222734 0.325278 1.288446
v -0.172800 0.194459 1.357918
v -0.081286 0.113912 1.375242
v -0.005317 0.194459 1.349515
v -0.027358 0.447878 1.148567
v -0.082726 0.521954 1.055459
v 0.261260 0.652031 0.795232
v 0.358352 0.663111 0.651712
v 0.337942 0.735526 0.581023
v 0.277557 0.762489 0.635206
v 0.370482 0.567089 0.809646
v 0.414053 0.594495 0.692438
v 0.169520 0.750233 0.723864
v 0.090624 0.682148 0.831578
v 0.140332 0.599691 0.925773
v -0.104400 -0.468076 1.296343
v -0.169555 -0.331657 1.364440
v -0.232572 -0.368572 1.362317
v -0.205205 -0.467206 1.303912
v -0.167433 -0.601158 1.190937
v -0.106343 -0.677436 1.119009
v -0.045412 -0.599477 1.191974
v -0.007110 -0.333995 1.354531
v -0.082281 -0.252664 1.378178
v 0.208626 -0.813857 0.903626
v 0.106279 -0.918958 0.856381
v 0.141604 -0.994274 0.777344
v 0.206805 -0.936940 0.780101
v 0.302256 -0.805820 0.766493
v 0.369413 -0.713453 0.783763
v 0.330786 -0.696389 0.890930
v 0.098823 -0.761775 1.014164
v 0.040415 -0.845693 0.941631
v 0.372575 -0.060046 1.333487
v 0.494085 0.030847 1.190148
v 0.433162 0.104287 1.243305
v 0.344156 0.076993 1.327438
v 0.494085 -0.120273 1.190148
v 0.569659 -0.033012 1.081888
v 0.217384 0.017355 1.376249
v 0.132145 -0.067237 1.387026
v 0.217384 -0.149562 1.376249
v -1.031241 1.024994 -0.515461
v -0.954749 1.126176 -0.351141
v -0.828978 1.193981 -0.443013
v -0.853989 1.133313 -0.553246
v -1.193404 0.956506 -0.293387
v -1.093914 1.039777 -0.197931
v -0.889027 1.009827 -0.677149
v -0.923201 0.914431 -0.732047
v -1.023722 0.895787 -0.661240
v -0.957190 0.498096 -0.956151
v -0.842643 0.629601 -0.984110
v -0.768183 0.590138 -1.080656
v -0.804280 0.499227 -1.101166
v -0.882604 0.357036 -1.063846
v -0.994826 0.267999 -0.973974
v -1.086369 0.347134 -0.883060
v -0.986499 0.654311 -0.854096
v -0.894368 0.709872 -0.893605
v -0.877335 -0.665370 -0.402786
v -0.758351 -0.661700 -0.552722
v -0.695903 -0.718178 -0.516428
v -0.727658 -0.755334 -0.392766
v -0.903039 -0.574993 -0.574920
v -0.805645 -0.596835 -0.630938
v -0.795626 -0.776333 -0.212095
v -0.930548 -0.739342 -0.094447
v -1.036487 -0.650181 -0.210423
v -0.935311 -0.317330 -0.941987
v -0.865004 -0.192598 -1.061205
v -0.726635 -0.248621 -1.159979
v -0.741844 -0.318742 -1.106906
v -1.082013 -0.190568 -0.877986
v -0.991712 -0.109335 -0.970836
v -0.796355 -0.418325 -0.947079
v -0.835194 -0.469570 -0.833974
v -0.935119 -0.423983 -0.812603
v -1.491081 0.057696 -0.482065
v -1.591932 0.147061 -0.239985
v -1.580230 0.230005 -0.316507
v -1.494399 0.189748 -0.484833
v -1.573235 -0.049487 -0.244752
v -1.618420 0.038199 -0.086566
v -1.337369 0.145180 -0.668976
v -1.237904 0.068608 -0.763621
v -1.338017 -0.015834 -0.669577
v -1.048910 0.832496 0.662053
v -0.876068 0.791337 0.738753
v -0.770630 0.855008 0.643496
v -0.829329 0.920029 0.562188
v -1.066905 0.694802 0.856350
v -0.932667 0.706183 0.856265
v -0.955563 0.982580 0.431818
v -1.103274 0.943589 0.360985
v -1.219763 0.819217 0.528589
v -1.033199 0.326080 1.253004
v -0.939820 0.186384 1.335984
v -0.806740 0.236116 1.346589
v -0.830667 0.324398 1.286130
v -1.200451 0.176056 1.266619
v -1.082151 0.091824 1.320269
v -0.869881 0.442300 1.161322
v -0.926760 0.516985 1.081140
v -1.058373 0.470490 1.118838
v -1.648055 0.549806 0.245475
v -1.487696 0.732871 0.061240
v -1.524238 0.690955 -0.050857
v -1.616270 0.559389 0.008733
v -1.672515 0.377273 0.106113
v -1.696381 0.252576 0.275219
v -1.708350 0.340355 0.437142
v -1.501829 0.689203 0.335363
v -1.385851 0.808540 0.161863
v -0.941983 -0.883171 0.748130
v -0.828318 -0.936415 0.546698
v -0.676969 -1.016402 0.579551
v -0.710400 -0.993853 0.678069
v -0.796354 -0.896964 0.830760
v -0.866686 -0.823960 0.933558
v -0.987075 -0.804729 0.922370
v -1.097469 -0.806510 0.595066
v -0.968701 -0.850831 0.451172
v -1.015517 -0.527918 1.269422
v -0.856553 -0.629457 1.197684
v -0.788132 -0.599185 1.235906
v -0.843939 -0.512209 1.303771
v -0.934717 -0.380579 1.344385
v -1.073409 -0.306842 1.324669
v -1.185993 -0.404781 1.273847
v -1.017514 -0.647935 1.152905
v -0.891945 -0.686101 1.128466
v -1.533777 -0.468225 0.240490
v -1.596157 -0.298403 0.095503
v -1.573300 -0.321045 -0.048586
v -1.514123 -0.426737 0.004933
v -1.630066 -0.349067 0.427710
v -1.640102 -0.226913 0.267099
v -1.351059 -0.561824 0.086099
v -1.242232 -0.653131 0.205562
v -1.372832 -0.614819 0.356854
v -1.650753 -0.120839 1.047521
v -1.492283 -0.032891 1.178060
v -1.548680 0.062750 1.137651
v -1.648797 0.050115 1.036761
v -1.711095 0.028022 0.814027
v -1.705716 -0.053143 0.654085
v -1.689002 -0.189202 0.810614
v -1.486510 -0.222561 1.179275
v -1.373923 -0.123401 1.236217
v 0.853825 0.856118 -0.640368
v 0.777432 0.883174 -0.768541
v 0.722914 0.959359 -0.735667
v 0.745239 0.981144 -0.632188
v 0.912529 0.767743 -0.788988
v 0.830435 0.806516 -0.842559
v 0.755525 0.939954 -0.481328
v 0.792270 0.841719 -0.406425
v 0.892548 0.767702 -0.505215
v 0.990888 0.488838 -1.142603
v 0.941025 0.357870 -1.256065
v 0.836278 0.406622 -1.314862
v 0.840809 0.497240 -1.250380
v 1.110347 0.351964 -1.092650
v 1.042782 0.271872 -1.189633
v 0.856724 0.611187 -1.127422
v 0.880697 0.663730 -1.035826
v 0.976401 0.605280 -1.013652
v 0.784541 -0.651668 -0.499302
v 0.659391 -0.753023 -0.319598
v 0.561734 -0.825990 -0.338185
v 0.603210 -0.777917 -0.436722
v 0.839190 -0.591402 -0.393114
v 0.722835 -0.679775 -0.270600
v 0.701855 -0.667794 -0.610114
v 0.785510 -0.593199 -0.723177
v 0.870859 -0.565286 -0.682947
v 0.999117 -0.313769 -1.123580
v 0.854095 -0.420039 -1.077931
v 0.795018 -0.395913 -1.165983
v 0.854874 -0.316865 -1.232188
v 0.952407 -0.183937 -1.249912
v 1.050027 -0.102915 -1.186066
v 1.118556 -0.186672 -1.086497
v 0.967974 -0.420148 -0.964162
v 0.866083 -0.467326 -0.968054
v 1.339741 0.073074 -0.773170
v 1.279400 0.161485 -0.920770
v 1.301681 0.243340 -0.857553
v 1.327551 0.211270 -0.754141
v 1.285171 0.145457 -0.609262
v 1.239542 0.068160 -0.515829
v 1.285281 -0.005892 -0.609262
v 1.282134 -0.008338 -0.920770
v 1.221802 0.078921 -1.012859
v 0.558623 0.667585 0.224949
v 0.552429 0.798410 0.092972
v 0.484329 0.855485 0.161789
v 0.475180 0.779735 0.259849
v 0.484480 0.668179 0.397682
v 0.522047 0.597338 0.468127
v 0.577874 0.571716 0.376526
v 0.662663 0.636823 0.053347
v 0.641980 0.745483 -0.014292
v 0.649962 0.327272 0.768755
v 0.547304 0.425351 0.799735
v 0.489927 0.400428 0.920151
v 0.531791 0.325115 0.955965
v 0.620678 0.208939 0.923620
v 0.697508 0.148795 0.805710
v 0.736020 0.225393 0.665424
v 0.627606 0.426009 0.619979
v 0.562850 0.471307 0.680280
v 1.007510 0.409149 -0.275963
v 1.126577 0.296901 -0.381071
v 1.169508 0.345494 -0.463602
v 1.099690 0.431292 -0.419279
v 1.022100 0.283558 -0.193419
v 1.098016 0.220765 -0.290782
v 0.960975 0.555788 -0.341161
v 0.856405 0.616921 -0.243280
v 0.871634 0.516522 -0.173239
v 0.500786 -0.708867 0.336233
v 0.427118 -0.756674 0.513352
v 0.372598 -0.855372 0.513548
v 0.399229 -0.862914 0.408395
v 0.533191 -0.616773 0.462194
v 0.476745 -0.669688 0.559917
v 0.475854 -0.803300 0.234851
v 0.577005 -0.706697 0.106129
v 0.612168 -0.621381 0.144378
v 0.642208 -0.352564 0.786267
v 0.618381 -0.250727 0.928313
v 0.531366 -0.310346 1.040327
v 0.525000 -0.389793 0.969839
v 0.733602 -0.213600 0.676292
v 0.696176 -0.162708 0.808430
v 0.528829 -0.490703 0.837483
v 0.537550 -0.531829 0.731970
v 0.606340 -0.457595 0.664569
v 0.999374 -0.286725 -0.260395
v 0.934838 -0.421998 -0.288391
v 1.027381 -0.382139 -0.389530
v 1.091062 -0.295133 -0.400946
v 1.123729 -0.166904 -0.375166
v 1.096358 -0.093360 -0.287380
v 1.022702 -0.158528 -0.194239
v 0.847746 -0.423145 -0.131096
v 0.818021 -0.505808 -0.169363
v 0.940772 0.051677 0.198671
v 0.987945 0.123259 0.022434
v 0.943338 0.184411 0.063285
v 0.909618 0.157199 0.183628
v 0.991519 -0.004252 0.018969
v 1.032344 0.059646 -0.073355
v 0.866660 0.099674 0.397956
v 0.827683 0.021846 0.528862
v 0.868674 -0.028138 0.400140
v 0.901801 -0.083783 0.162356
v 0.934101 -0.091091 0.051373
v 0.957635 -0.053528 0.049426
v 0.920790 -0.037846 0.180380
v 0.895274 -0.115869 0.156170
v 0.924327 -0.119850 0.058169
v 0.886949 -0.265355 -0.090677
v 0.820959 -0.353346 -0.053132
v 0.839220 -0.376314 -0.090363
v 0.923280 -0.274778 -0.145479
v 0.878314 -0.263785 -0.055994
v 0.821477 -0.342272 -0.025372
v 0.719524 -0.304103 0.491823
v 0.774568 -0.223028 0.463916
v 0.758647 -0.225025 0.555172
v 0.697257 -0.320135 0.598121
v 0.734907 -0.305506 0.443164
v 0.784624 -0.233655 0.421365
v 0.631170 -0.498168 0.234479
v 0.616103 -0.491969 0.350820
v 0.579457 -0.549963 0.393253
v 0.587265 -0.572043 0.270562
v 0.660065 -0.465672 0.225996
v 0.643690 -0.465504 0.332623
v 0.865841 0.368919 -0.039977
v 0.901517 0.310252 -0.025743
v 0.956083 0.308988 -0.107805
v 0.922098 0.384982 -0.134497
v 0.737486 0.339120 0.405638
v 0.698563 0.396852 0.389917
v 0.670971 0.403060 0.514881
v 0.709914 0.334329 0.557231
v 0.688556 0.477375 0.172376
v 0.773076 0.414763 0.063353
v 0.728628 0.477439 0.076085
v 0.691685 0.549467 0.078111
v 0.638140 0.554246 0.193897
v 1.308826 -0.159967 -0.729019
v 1.295987 -0.174593 -0.816393
v 1.305619 -0.093453 -0.857553
v 1.329083 -0.066189 -0.754141
v 1.168727 -0.321809 -0.870460
v 1.110079 -0.388384 -0.824479
v 1.051955 -0.396350 -0.909484
v 1.108768 -0.318396 -0.979826
v 1.050751 -0.461057 -0.600326
v 1.047106 -0.446673 -0.523533
v 0.949591 -0.515636 -0.473372
v 0.943672 -0.538105 -0.560633
v 1.167963 0.482557 -0.887548
v 1.222317 0.406438 -0.892438
v 1.172097 0.393496 -0.992170
v 1.104985 0.485426 -0.998018
v 1.077257 0.635607 -0.663951
v 1.150385 0.550438 -0.674360
v 1.145711 0.553857 -0.765719
v 1.079696 0.630310 -0.753987
v 0.998792 0.705307 -0.760603
v 0.984565 0.726403 -0.655026
v -1.616646 -0.391215 1.030033
v -1.547260 -0.406193 1.115152
v -1.534643 -0.323540 1.140008
v -1.629092 -0.292729 1.036877
v -1.611168 -0.441260 1.026010
v -1.553298 -0.450374 1.101442
v -1.560981 -0.546796 0.653982
v -1.621322 -0.477870 0.708074
v -1.624355 -0.428951 0.585944
v -1.550505 -0.515922 0.504924
v -1.566609 -0.566358 0.717984
v -1.619323 -0.507127 0.760375
v -1.303473 -0.572315 1.152231
v -1.242601 -0.638610 1.107615
v -1.142712 -0.635859 1.136735
v -1.197786 -0.552735 1.198733
v -1.351321 -0.587917 1.129660
v -1.292248 -0.644922 1.093201
v -1.263073 -0.737104 0.866953
v -1.320011 -0.718513 0.764387
v -1.222556 -0.757116 0.698099
v -1.145983 -0.786667 0.820217
v -1.317571 -0.720854 0.890202
v -1.365883 -0.706565 0.798049
v -1.650078 0.462730 0.655138
v -1.577818 0.549287 0.635289
v -1.557612 0.602277 0.504037
v -1.651864 0.496257 0.507307
v -1.647883 0.456638 0.720621
v -1.587065 0.531761 0.696523
v -1.338011 0.341321 1.138262
v -1.403938 0.251233 1.166292
v -1.315051 0.224178 1.210919
v -1.227400 0.334016 1.183093
v -1.389463 0.351461 1.119127
v -1.445098 0.272263 1.145861
v -1.349280 0.607825 0.827187
v -1.296246 0.572279 0.922420
v -1.195544 0.635537 0.886633
v -1.241473 0.693546 0.764496
v -1.399412 0.575586 0.856854
v -1.346669 0.548924 0.939020
v -1.490400 -0.143518 -0.497407
v -1.550555 -0.178040 -0.358314
v -1.554994 -0.122665 -0.324904
v -1.488103 -0.074324 -0.489151
v -1.490967 -0.183513 -0.502237
v -1.546774 -0.212320 -0.376269
v -1.158773 -0.325289 -0.761106
v -1.233091 -0.246631 -0.755487
v -1.167466 -0.228956 -0.805208
v -1.080216 -0.319781 -0.820328
v -1.197196 -0.336649 -0.733997
v -1.263907 -0.265727 -0.731805
v -1.132533 -0.529118 -0.442991
v -1.077166 -0.504284 -0.565233
v -0.999029 -0.538020 -0.560089
v -1.040216 -0.576196 -0.423952
v -1.178536 -0.511561 -0.456706
v -1.120999 -0.492151 -0.569136
v -1.173661 0.499909 -0.774511
v -1.134888 0.615348 -0.759453
v -1.069595 0.626137 -0.803434
v -1.096970 0.499294 -0.834911
v -1.213923 0.506432 -0.748940
v -1.173612 0.611940 -0.739983
v -1.242947 0.814113 -0.499237
v -1.336401 0.809517 -0.357588
v -1.276490 0.874317 -0.338577
v -1.170943 0.891362 -0.498909
v -1.279564 0.778943 -0.505857
v -1.366367 0.778413 -0.374511
v 0.309771 -0.292905 1.314695
v 0.387207 -0.289996 1.250646
v 0.433162 -0.207168 1.243305
v 0.344156 -0.198669 1.327438
v 0.217629 -0.610795 1.117626
v 0.145291 -0.609425 1.162509
v 0.130470 -0.683887 1.090132
v 0.213624 -0.694202 1.031243
v 0.090209 -0.467182 1.295872
v 0.198325 -0.388747 1.317508
v 0.126270 -0.393245 1.335680
v 0.060099 -0.377925 1.344193
v 0.011731 -0.468469 1.298423
v 0.243269 0.483541 1.056178
v 0.318709 0.472199 1.016580
v 0.337949 0.518106 0.924576
v 0.248910 0.543186 0.958656
v 0.249505 0.460423 1.103418
v 0.315019 0.454022 1.065013
v 0.083407 0.328187 1.290970
v 0.085664 0.392384 1.227311
v 0.032748 0.408320 1.201020
v 0.018102 0.325278 1.283740
v 0.121182 0.335145 1.295369
v 0.119464 0.389173 1.241927
v 0.574177 -0.157054 -1.469445
v 0.470920 -0.169570 -1.481139
v 0.464507 -0.084345 -1.504503
v 0.592507 -0.057634 -1.494097
v 0.482805 -0.466124 -1.182764
v 0.584717 -0.455341 -1.173692
v 0.579415 -0.516046 -1.069434
v 0.460100 -0.540684 -1.061659
v 0.310566 -0.322633 -1.388564
v 0.405490 -0.391206 -1.304008
v 0.306021 -0.391630 -1.312404
v 0.201772 -0.405409 -1.289414
v 0.188830 -0.321499 -1.381887
v 0.481234 0.690646 -1.236543
v 0.388737 0.680779 -1.262592
v 0.361475 0.742892 -1.195949
v 0.475722 0.761419 -1.157035
v 0.486419 0.662516 -1.279093
v 0.406413 0.656027 -1.299503
v 0.270736 0.514076 -1.411448
v 0.305664 0.440645 -1.455541
v 0.225132 0.416647 -1.453911
v 0.171896 0.511575 -1.401204
v 0.318497 0.521633 -1.420128
v 0.345420 0.459852 -1.458613
v 0.240136 -1.124521 0.356057
v 0.184633 -1.162639 0.385617
v 0.184387 -1.145189 0.295183
v 0.256578 -1.099431 0.248553
v 0.102297 -1.172285 0.557566
v 0.104766 -1.135426 0.634100
v 0.044168 -1.124382 0.652745
v 0.032717 -1.171744 0.559662
v 0.366510 1.088185 0.120470
v 0.408166 1.036265 0.118559
v 0.435239 1.047200 0.036035
v 0.379208 1.121891 0.026702
v 0.366532 1.075479 0.168546
v 0.399805 1.035496 0.163335
v 0.198391 1.036206 0.353264
v 0.222638 1.084389 0.268019
v 0.163719 1.107312 0.246711
v 0.127905 1.047242 0.356321
v 0.238605 1.032101 0.355035
v 0.257846 1.073856 0.282238
v 0.251034 -0.951591 -0.355792
v 0.250512 -0.976162 -0.294971
v 0.160255 -0.997552 -0.257383
v 0.151015 -0.960139 -0.351846
v 0.251935 1.314122 -0.614562
v 0.269923 1.258885 -0.714995
v 0.186321 1.254985 -0.720240
v 0.154089 1.321673 -0.608341
v -0.482889 -0.284822 1.418569
v -0.385176 -0.291981 1.412343
v -0.382844 -0.219770 1.430453
v -0.493631 -0.199176 1.439504
v -0.444919 -0.660875 1.154927
v -0.557896 -0.657831 1.170748
v -0.560777 -0.718802 1.107411
v -0.439890 -0.736462 1.077641
v -0.445841 0.468652 1.128051
v -0.366934 0.459619 1.140636
v -0.343911 0.529204 1.046667
v -0.436315 0.548151 1.020269
v -0.501538 -0.216732 -1.338700
v -0.551085 -0.225879 -1.308473
v -0.593921 -0.125691 -1.294626
v -0.503258 -0.101016 -1.351143
v -0.503092 -0.272074 -1.338016
v -0.534864 -0.275645 -1.319015
v -0.479016 -0.416206 -1.195034
v -0.431718 -0.410072 -1.221512
v -0.375326 -0.487380 -1.119789
v -0.456953 -0.502717 -1.067875
v -0.493084 -0.385038 -1.252887
v -0.461579 -0.382403 -1.268793
v -0.502991 0.690687 -1.211500
v -0.586701 0.675470 -1.174259
v -0.600006 0.735630 -1.099158
v -0.495723 0.765981 -1.132379
v -0.511784 0.658999 -1.252410
v -0.583818 0.649409 -1.216155
v -0.403704 -1.130860 0.461890
v -0.465868 -1.109195 0.488131
v -0.498721 -1.078119 0.382857
v -0.399656 -1.110651 0.333938
v -0.448958 1.184033 0.204967
v -0.348266 1.191537 0.196261
v -0.351995 1.260096 0.103443
v -0.477081 1.260465 0.097811
v -0.500346 1.365683 -0.378396
v -0.403343 1.385763 -0.399224
v -0.418581 1.387050 -0.445138
v -0.501047 1.369195 -0.432057
v -0.361274 -1.035211 -0.102577
v -0.475897 -0.980208 -0.130642
v -0.482424 -0.939937 -0.241985
v -0.493414 1.122093 -0.805250
v -0.591897 1.106826 -0.783117
v -0.583507 1.147272 -0.761256
v -0.497734 1.164400 -0.776385
v -0.395478 -0.803223 -0.622325
v -0.291655 -0.843507 -0.596747
v -0.273359 -0.909659 -0.476900
v -0.511360 0.323591 -1.387416
v -0.596669 0.334326 -1.335021
v -0.588232 0.374355 -1.351030
v -0.515342 0.368233 -1.395392
v -0.400303 0.864332 0.581189
v -0.304773 0.892580 0.546403
v -0.304746 0.963020 0.455865
v -0.416295 -1.058362 0.700062
v -0.475059 -1.044679 0.707940
v -0.467135 -1.086937 0.648330
v -0.484390 0.167526 1.397735
v -0.401609 0.179372 1.392831
v -0.395664 0.254698 1.351835
v -0.256660 1.326897 -0.611883
v -0.271938 1.269192 -0.694104
v -0.314107 1.283576 -0.688113
v -0.304662 1.333085 -0.617602
v -0.162721 -0.989355 -0.340375
v -0.169345 -1.037777 -0.221241
v -0.215845 1.052817 0.359440
v -0.241671 1.127895 0.274011
v 0.446985 1.255762 -0.391579
v 0.543588 1.190508 -0.411720
v 0.557778 1.182173 -0.516725
v 0.456900 1.250119 -0.506730
v -0.304938 -1.151767 0.573306
v -0.314548 -1.126926 0.623970
v 0.337520 -0.976127 -0.231327
v 0.291202 -0.989352 -0.233958
v -0.290791 0.512418 -1.394998
v -0.306804 0.438788 -1.421255
v -0.350627 0.454978 -1.424516
v -0.340658 0.516190 -1.402297
v 0.469345 1.093958 -0.830600
v 0.371376 1.153971 -0.814037
v -0.363159 -0.323537 -1.334017
v -0.369253 -0.360810 -1.297763
v -0.426225 -0.353676 -1.312594
v -0.425778 -0.329987 -1.334880
v 0.379087 -0.851230 -0.514186
v 0.429913 -0.834279 -0.512665
v 0.413399 -0.877595 -0.433463
v 0.366952 -0.898052 -0.426424
v 0.561832 0.326187 -1.483628
v 0.462596 0.340180 -1.493976
v 0.471488 0.380705 -1.490698
v 0.555580 0.371639 -1.480931
v -0.305182 0.325717 1.295586
v -0.305356 0.393242 1.224625
v 0.292452 0.828555 0.546934
v 0.337674 0.797345 0.515009
v 0.342400 0.834173 0.488304
v 0.306288 0.863645 0.510280
v -0.275254 -0.467665 1.310153
v -0.293647 -0.378924 1.366209
v 0.209146 -1.018465 0.694994
v 0.156367 -1.062921 0.701363
v 0.318432 0.156291 1.325146
v 0.391390 0.169218 1.263528
v 0.373264 0.207552 1.272984
v 0.310021 0.199895 1.323797
v -0.749720 1.192179 -0.579509
v -0.735947 1.241251 -0.493128
v -0.695004 1.266040 -0.521068
v -0.704403 1.223480 -0.594882
v -0.719280 0.504267 -1.189753
v -0.701782 0.576190 -1.161690
v -0.674231 0.572468 -1.205659
v -0.684544 0.512250 -1.233866
v -0.621283 -0.818907 -0.383587
v -0.612227 -0.770722 -0.504694
v -0.620830 -0.324037 -1.213310
v -0.615841 -0.284899 -1.241283
v -0.571860 -0.308925 -1.279248
v -0.572861 -0.333953 -1.262073
v -1.498011 0.258343 -0.491415
v -1.577182 0.288294 -0.348098
v -1.576661 0.323194 -0.366719
v -1.502322 0.297577 -0.497197
v -0.672051 0.963533 0.494138
v -0.642343 0.898345 0.570421
v -0.692635 0.325497 1.298690
v -0.684359 0.254421 1.352623
v -1.599195 0.556015 -0.114025
v -1.528687 0.670653 -0.145305
v -1.534256 0.659829 -0.192977
v -1.594632 0.556213 -0.171925
v -0.559580 -1.066470 0.633428
v -0.544806 -1.079871 0.574704
v -0.722751 -0.501874 1.316249
v -0.692290 -0.585554 1.249269
v -1.508867 -0.408088 -0.117729
v -1.563372 -0.323047 -0.151927
v -1.558215 -0.332619 -0.201279
v -1.508185 -0.406058 -0.175458
v -1.645347 0.144887 1.030656
v -1.568837 0.142806 1.113206
v -1.578475 0.186558 1.102942
v -1.642852 0.193490 1.030915
v 0.666227 1.068394 -0.630544
v 0.656549 1.032835 -0.728344
v 0.748098 0.505146 -1.308837
v 0.752302 0.433145 -1.359210
v 0.712855 0.452457 -1.382292
v 0.706174 0.513527 -1.339902
v 0.482665 -0.857876 -0.399274
v 0.463223 -0.887646 -0.336263
v 0.743596 -0.320429 -1.295079
v 0.706824 -0.388265 -1.228436
v 1.307590 0.304817 -0.730925
v 1.292396 0.323444 -0.818199
v 0.430756 0.845432 0.283699
v 0.440531 0.904152 0.203803
v 0.423888 0.931854 0.230656
v 0.414485 0.881804 0.300297
v 0.453622 0.328967 1.061094
v 0.429136 0.390863 1.017171
v 0.403345 0.390984 1.066439
v 0.420367 0.338430 1.109188
v 1.159173 0.445647 -0.513486
v 1.214598 0.372291 -0.542991
v 0.331448 -0.969306 0.459014
v 0.317159 -0.949021 0.541762
v 0.427272 -0.416250 1.086993
v 0.441845 -0.346733 1.139650
v 1.151640 -0.302808 -0.496363
v 1.091941 -0.372340 -0.477185
v 0.871055 0.227414 0.166661
v 0.900137 0.243407 0.069396
v 1.013939 0.196236 -0.097991
v 1.070910 0.135531 -0.189341
v 1.212642 0.214665 -0.486790
v 1.173831 0.141876 -0.398662
v 1.211957 -0.079995 -0.485314
v 1.173416 -0.009964 -0.397812
v 1.017162 -0.071745 -0.102035
v 1.070496 -0.011026 -0.188491
v -1.675781 -0.260572 0.610773
v -1.683750 -0.135513 0.456521
v -1.602311 -0.165623 -0.060826
v -1.640781 -0.088991 0.097783
v -1.647711 0.250949 -0.051952
v -1.667239 0.139263 0.102481
v -1.724442 0.176053 0.618131
v -1.710963 0.095826 0.461010
v 0.804087 -0.112833 0.551660
v 0.765646 -0.065460 0.676630
v 0.570054 -0.178469 1.057882
v 0.642739 -0.094971 0.945619
v 0.570628 0.114994 1.056709
v 0.643072 0.056162 0.944938
v 0.803570 0.154743 0.545720
v 0.765979 0.080407 0.675949
v 1.201325 0.249270 -1.020483
v 1.137668 0.171323 -1.110315
v 0.867591 0.259799 -1.345255
v 0.962549 0.176259 -1.281354
v 0.877163 -0.083705 -1.343717
v 0.966985 -0.003937 -1.280463
v 1.207124 -0.090268 -1.018945
v 1.141230 -0.007998 -1.109423
v 0.570115 -0.538714 0.564790
v 0.515536 -0.594659 0.637903
v 0.366284 -0.785551 0.644286
v 0.419143 -0.703613 0.671935
v 0.432106 -0.596197 0.868738
v 0.453663 -0.621396 0.772304
v 0.882690 -0.517010 -0.328860
v 0.769800 -0.599589 -0.213189
v 0.548350 -0.844290 -0.181595
v 0.602609 -0.776880 -0.130074
v 0.437191 -0.885418 0.171987
v 0.535456 -0.793508 0.050420
v 0.724766 -0.529487 -0.001856
v 0.693291 -0.608923 -0.036503
v 0.461029 0.498110 0.809599
v 0.487925 0.530339 0.702272
v 0.423410 0.666156 0.527909
v 0.465597 0.603514 0.577187
v 0.603034 0.499431 0.499500
v 0.549964 0.531050 0.567754
v 0.729400 -0.495283 -1.024803
v 0.755115 -0.528037 -0.932450
v 0.627394 -0.670264 -0.692409
v 0.709833 -0.601524 -0.788112
v 0.925561 -0.495522 -0.827058
v 0.840162 -0.528228 -0.846440
v 0.950150 0.689812 -0.904464
v 0.869122 0.732373 -0.938172
v 0.696835 0.892968 -0.858172
v 0.752905 0.822485 -0.912124
v 0.743339 0.701169 -1.102383
v 0.779327 0.737495 -1.024298
v 0.763141 0.587264 -0.069933
v 0.745724 0.687916 -0.134783
v 0.531522 0.918008 0.003145
v 0.618410 0.866028 -0.099069
v 0.657277 1.014767 -0.357678
v 0.688146 0.915120 -0.287984
v 0.923565 0.669587 -0.412500
v 0.824326 0.733474 -0.318366
v -1.345430 0.061765 1.240588
v -1.228572 -0.020469 1.290120
v -0.826557 0.086656 1.385792
v -0.954077 -0.005093 1.367177
v -0.825388 -0.266552 1.390991
v -0.950383 -0.194753 1.368694
v -1.335845 -0.308677 1.243950
v -1.224123 -0.213233 1.291846
v 0.035917 -1.002877 0.787371
v -0.027380 -0.931588 0.864205
v -0.221588 -1.005006 0.787434
v -0.160121 -0.932751 0.867098
v -0.230374 -0.696545 1.104696
v -0.170102 -0.768671 1.033047
v 0.019022 -0.691226 1.102342
v -0.036841 -0.767509 1.030154
v 0.097754 -0.234910 1.377235
v 0.021027 -0.156292 1.390162
v -0.248339 -0.232169 1.404308
v -0.168254 -0.156937 1.404431
v -0.251818 0.097161 1.400592
v -0.168005 0.018494 1.403697
v 0.098202 0.098128 1.375980
v 0.021276 0.019140 1.389428
v 0.254636 0.267445 -1.490969
v 0.150562 0.184107 -1.486087
v -0.210623 0.266153 -1.438543
v -0.097554 0.183360 -1.455782
v -0.212979 -0.092116 -1.427548
v -0.093609 -0.001266 -1.454815
v 0.264785 -0.083224 -1.489318
v 0.155382 -0.000519 -1.485120
v -1.207417 -0.095303 -0.789712
v -1.113698 -0.016408 -0.875948
v -0.778495 -0.095938 -1.159047
v -0.891053 -0.009920 -1.073676
v -0.790281 0.256123 -1.160590
v -0.891832 0.170913 -1.074461
v -1.207538 0.236667 -0.790633
v -1.114477 0.163549 -0.876733
v 0.197863 1.107484 -0.863495
v 0.104757 1.027090 -0.939920
v -0.196971 1.108439 -0.857804
v -0.105703 1.027715 -0.938950
v -0.213505 0.752060 -1.194703
v -0.114183 0.838675 -1.117025
v 0.189267 0.751134 -1.196686
v 0.097152 0.838050 -1.117995
v -0.725269 -0.700595 1.127364
v -0.771568 -0.740628 1.074883
v -0.683813 -0.890897 0.876193
v -0.757375 -0.822845 0.963423
v -1.006534 -0.731421 1.045159
v -0.895069 -0.755481 1.037381
v 0.118108 -1.056071 -0.081878
v 0.039898 -1.087765 0.016990
v -0.150625 -1.068139 -0.062718
v -0.100101 -1.088410 0.018674
v -0.191250 -1.153440 0.313157
v -0.115280 -1.138022 0.216126
v 0.076050 -1.156243 0.301824
v 0.023039 -1.137377 0.214443
v -1.067302 0.584870 0.995580
v -0.947279 0.610936 0.976803
v -0.734969 0.752907 0.780295
v -0.802087 0.684076 0.879265
v -0.734212 0.519059 1.072022
v -0.799758 0.576774 1.009823
v 0.049133 0.533270 1.035160
v 0.000072 0.607670 0.942772
v -0.218065 0.534225 1.040387
v -0.141280 0.608306 0.945743
v -0.165265 0.842179 0.640031
v -0.112404 0.772072 0.735441
v 0.106697 0.840651 0.634876
v 0.030110 0.771435 0.732470
v -1.340026 0.860185 -0.108640
v -1.239828 0.934120 -0.016043
v -0.847110 1.205853 -0.236261
v -0.974360 1.118713 -0.086659
v -0.841717 1.108041 0.251501
v -0.975750 1.069633 0.177185
v -1.362400 0.772064 0.422810
v -1.247957 0.888574 0.259085
v -0.920782 -0.501218 -0.699216
v -0.832891 -0.530490 -0.731286
v -0.660318 -0.659408 -0.658378
v -0.714039 -0.603105 -0.712275
v -0.687947 -0.489536 -0.936209
v -0.732709 -0.529622 -0.831940
v 0.185648 -0.525739 -1.107888
v 0.095277 -0.592187 -1.001920
v -0.194695 -0.518297 -1.107699
v -0.094385 -0.592199 -1.001057
v -0.163051 -0.799787 -0.661749
v -0.091252 -0.737245 -0.763564
v 0.173067 -0.802118 -0.649783
v 0.090888 -0.737233 -0.764427
v -1.231949 -0.719466 0.467683
v -1.104534 -0.757215 0.326339
v -0.708439 -0.977578 0.395172
v -0.832154 -0.893290 0.294513
v -0.689989 -0.874758 -0.074588
v -0.814268 -0.838784 0.038147
v -1.189948 -0.616443 -0.054483
v -1.084266 -0.701633 0.056956
v -0.743977 0.721410 -0.999282
v -0.801545 0.783022 -0.915862
v -0.772102 0.983582 -0.788164
v -0.817008 0.902142 -0.822742
v -1.007171 0.779290 -0.762769
v -0.921755 0.811349 -0.809474
v 0.172013 1.188940 0.078564
v 0.090008 1.245768 -0.011891
v -0.190187 1.255684 0.092898
v -0.106633 1.284343 -0.003732
v -0.202086 1.379545 -0.311524
v -0.109197 1.349390 -0.216483
v 0.181253 1.316569 -0.320876
v 0.093216 1.310815 -0.224642
v 1.126067 0.064266 -0.294590
v -1.682762 0.003061 0.280819
v 0.710347 -0.005813 0.814265
v 1.057719 0.083907 -1.200534
v 0.463296 -0.640411 0.694769
v 0.650626 -0.695697 -0.082303
v 0.501666 0.555164 0.616445
v 0.769438 -0.553132 -0.856460
v 0.801550 0.764740 -0.959056
v 0.719871 0.802074 -0.210085
v -1.092333 -0.108905 1.335539
v -0.098499 -0.851584 0.949514
v -0.072280 -0.068872 1.400783
v 0.029448 0.091360 -1.474018
v -1.004613 0.076729 -0.977247
v -0.004381 0.934537 -1.029595
v -0.808386 -0.773774 1.026345
v -0.037734 -1.115210 0.117043
v -0.850294 0.624566 0.956436
v -0.055336 0.690854 0.839969
v -1.114075 1.009189 0.084150
v -0.760257 -0.554789 -0.759337
v 0.000066 -0.665691 -0.883663
v -0.960393 -0.799080 0.179002
v -0.847477 0.833087 -0.850210
v -0.007589 1.303106 -0.113694
v 0.921315 0.263981 0.001366
v 0.961148 0.238786 -0.036468
v 1.250761 0.318203 -0.577454
v 1.241354 0.275493 -0.545060
v 1.300739 0.226370 -0.645941
v 1.288231 0.306898 -0.644571
v 1.249767 -0.179290 -0.574490
v 1.240688 -0.138665 -0.543407
v 1.166407 -0.211210 -0.456990
v 1.211814 -0.233233 -0.536322
v 1.288212 -0.165738 -0.642765
v 1.301176 -0.085792 -0.645941
v 0.948995 -0.126109 -0.034105
v 0.937470 -0.146569 -0.014693
v 0.976110 -0.105637 -0.056896
v 0.931453 -0.186904 -0.082894
v 0.966784 -0.181970 -0.128094
v -1.653645 -0.422892 0.798001
v -1.647339 -0.460961 0.830001
v -1.664436 -0.356231 0.724763
v -1.652097 -0.395394 0.914819
v -1.669186 -0.307225 0.886768
v -1.578055 -0.240694 -0.232791
v -1.572814 -0.263492 -0.265829
v -1.584645 -0.212130 -0.167737
v -1.627026 0.352030 -0.219641
v -1.633169 0.445538 -0.140210
v -1.626918 0.458180 -0.190145
v -1.623474 0.376813 -0.253215
v -1.634705 0.315973 -0.155940
v -1.649906 0.430081 -0.036911
v -1.713166 0.266430 0.805202
v -1.694747 0.189926 0.919294
v -1.687755 0.230100 0.935710
v -1.705916 0.291193 0.840574
v -1.722259 0.230485 0.731958
v -1.704983 0.115806 0.890581
v -1.696735 0.362905 0.714463
v -1.705649 0.364814 0.593740
v 0.826047 -0.153926 0.397956
v 0.830157 -0.173662 0.367934
v 0.820789 -0.137985 0.458983
v 0.867120 -0.106119 0.287660
v 0.875006 -0.070795 0.325476
v 0.443546 -0.295023 1.179090
v 0.499193 -0.247715 1.138929
v 0.444662 0.205271 1.189205
v 0.462102 0.262812 1.120083
v 0.430236 0.281611 1.158153
v 0.419140 0.233621 1.212897
v 0.499825 0.165213 1.137637
v 0.533896 0.242766 1.035158
v 0.814290 0.240629 0.368156
v 0.817055 0.208248 0.438627
v 0.866949 0.168486 0.316739
v 0.841403 0.230407 0.276277
v 0.781566 0.283386 0.390865
v 0.761660 0.266460 0.525302
v 1.255833 0.346306 -0.884666
v 1.243179 0.308706 -0.941716
v 0.723371 0.373001 -1.408978
v 0.654319 0.337238 -1.452873
v 0.634997 0.377784 -1.456414
v 0.693002 0.403328 -1.421938
v 0.784716 0.325269 -1.385607
v 0.695663 0.264962 -1.449908
v 0.742596 -0.188035 -1.396058
v 0.799949 -0.146892 -1.383912
v 0.852581 -0.229170 -1.308085
v 0.751883 -0.247470 -1.357948
v 0.672264 -0.168958 -1.437984
v 0.708789 -0.084098 -1.449908
v 1.260884 -0.193505 -0.881683
v 1.249443 -0.153716 -0.940022
v 1.227010 -0.251199 -0.885728
v 1.179211 -0.233108 -0.985393
v 0.629775 -0.456387 0.443804
v 0.652745 -0.440241 0.415412
v 0.605213 -0.490917 0.496844
v 0.667754 -0.387827 0.487962
v 0.645296 -0.411537 0.571906
v 0.301055 -0.932476 0.607647
v 0.326212 -0.869950 0.623582
v 0.269644 -0.896320 0.720640
v 0.260757 -0.972237 0.655221
v 0.364422 -0.549600 1.030325
v 0.397584 -0.571368 0.962191
v 0.475413 -0.480782 0.949805
v 0.396537 -0.491451 1.052272
v 0.299162 -0.584400 1.070516
v 0.306492 -0.649602 0.988967
v 1.041161 -0.426524 -0.471997
v 0.979010 -0.459787 -0.415940
v 0.445139 -0.909465 -0.277776
v 0.486961 -0.889742 -0.238643
v 0.401352 -0.957129 -0.153252
v 0.391453 -0.946429 -0.253882
v 0.330539 -1.011544 0.332631
v 0.368734 -0.963824 0.269407
v 0.396533 -0.902904 0.325980
v 0.332904 -0.995342 0.386422
v 0.290930 -1.068685 0.340300
v 0.320054 -1.034155 0.241779
v 0.747203 -0.431036 0.020317
v 0.759302 -0.411259 0.035583
v 0.739214 -0.470318 0.012461
v 0.679405 -0.478584 0.120249
v 0.647873 -0.540528 0.138201
v 0.385284 0.441080 0.998827
v 0.370965 0.431954 1.046262
v 0.421061 0.465745 0.914195
v 0.378044 0.785845 0.454792
v 0.409499 0.803935 0.372526
v 0.398010 0.841640 0.376479
v 0.374101 0.822164 0.444162
v 0.394353 0.730388 0.484909
v 0.442643 0.741580 0.372704
v 0.671881 0.441854 0.363820
v 0.643843 0.467474 0.424828
v 0.672957 0.461652 0.278488
v 0.627546 0.522392 0.313652
v 0.662984 -0.436143 -1.172916
v 0.695652 -0.463308 -1.111166
v 0.480534 -0.811857 -0.514973
v 0.539180 -0.753777 -0.586403
v 0.588925 -0.757568 -0.519098
v 0.481259 -0.836257 -0.457693
v 1.060124 -0.435615 -0.773557
v 1.005418 -0.463309 -0.799881
v 1.057822 -0.453606 -0.695049
v 0.965803 -0.515611 -0.676534
v 1.076487 0.612220 -0.825473
v 1.025330 0.647594 -0.862720
v 1.117794 0.557436 -0.859278
v 1.058395 0.572213 -0.948363
v 0.628911 1.010919 -0.792004
v 0.659281 0.957740 -0.822008
v 0.571213 0.972905 -0.885839
v 0.564754 1.042402 -0.819779
v 0.660841 0.636696 -1.231807
v 0.717747 0.576478 -1.263125
v 0.684572 0.574895 -1.297191
v 0.641412 0.625273 -1.267733
v 0.699330 0.664782 -1.174121
v 0.788770 0.585339 -1.204862
v 0.576969 0.675351 -1.224613
v 0.591661 0.729429 -1.153969
v 0.770739 0.472639 0.008973
v 0.769559 0.514737 -0.023395
v 0.815451 0.426504 -0.022213
v 0.853143 0.456737 -0.100313
v 0.434457 0.970847 0.144776
v 0.420799 0.985262 0.180640
v 0.470785 0.950688 0.085019
v 0.609965 1.129993 -0.446810
v 0.633992 1.088729 -0.408364
v 0.709382 1.026474 -0.516944
v 0.646060 1.105731 -0.524875
v 1.065135 0.586514 -0.524935
v 1.009374 0.619776 -0.481078
v 1.046386 0.527807 -0.429804
v 1.107719 0.524188 -0.512334
v 1.073177 0.614664 -0.582861
v 0.988430 0.691934 -0.559001
v -1.482579 0.179612 1.160550
v -1.508074 0.211938 1.143890
v -1.429232 0.129006 1.195090
v -0.663860 0.196197 1.381272
v -0.726972 0.154793 1.390417
v -0.614703 0.095216 1.417254
v -0.581247 0.178737 1.394438
v -0.684810 -0.342927 1.399752
v -0.740015 -0.312840 1.403836
v -0.820982 -0.410794 1.360692
v -0.713415 -0.411229 1.371612
v -0.596393 -0.308184 1.415549
v -0.621793 -0.236250 1.430369
v -1.461923 -0.442530 1.164987
v -1.483593 -0.476548 1.145694
v -1.413893 -0.385842 1.199701
v -1.378621 -0.502429 1.174351
v -1.294894 -0.465818 1.219499
v 0.114937 -1.088571 0.689281
v 0.084054 -1.059646 0.729261
v -0.322453 -1.091909 0.671698
v -0.282780 -1.062348 0.715051
v -0.346248 -1.010312 0.771733
v -0.365648 -1.079427 0.682459
v -0.296529 -0.617157 1.186527
v -0.267503 -0.648905 1.154351
v -0.219450 -0.564359 1.228682
v -0.277454 -0.555098 1.241655
v -0.351610 -0.643477 1.165329
v -0.341557 -0.709718 1.098646
v 0.096691 -0.595030 1.190309
v 0.063262 -0.633438 1.159404
v 0.084483 -0.540282 1.243091
v 0.018234 -0.557636 1.232831
v 0.166424 -0.334270 1.352968
v 0.143739 -0.295872 1.367401
v 0.229813 -0.312703 1.347849
v 0.243053 -0.232179 1.365310
v -0.322410 -0.315976 1.396479
v -0.294227 -0.281685 1.404347
v -0.343870 0.197835 1.380386
v -0.309387 0.158480 1.393154
v -0.250528 0.238159 1.350909
v -0.322229 0.254932 1.350214
v 0.171090 0.203457 1.358978
v 0.241939 0.168127 1.356152
v 0.246827 0.207138 1.350720
v 0.190164 0.232454 1.354075
v 0.144288 0.159125 1.366055
v 0.243053 0.100338 1.365310
v 0.115064 0.261011 1.336055
v 0.062293 0.238159 1.338808
v 0.372059 0.378553 -1.484439
v 0.396756 0.408827 -1.483873
v 0.326577 0.331843 -1.488612
v -0.351617 0.376544 -1.428848
v -0.424739 0.337904 -1.418130
v -0.442322 0.377233 -1.421780
v -0.382856 0.404949 -1.431164
v -0.294758 0.330413 -1.430437
v -0.395853 0.266108 -1.417485
v -0.406444 -0.249022 -1.361228
v -0.376403 -0.283983 -1.354516
v -0.431471 -0.305892 -1.347989
v -0.445882 -0.286061 -1.352556
v -0.323034 -0.179538 -1.391289
v -0.254848 -0.247993 -1.380752
v -0.450740 -0.225526 -1.356121
v -0.409399 -0.124755 -1.382392
v 0.387031 -0.188992 -1.473802
v 0.342194 -0.147702 -1.486843
v 0.346989 -0.248962 -1.445745
v 0.242969 -0.231175 -1.446834
v -1.316181 -0.180991 -0.709514
v -1.336100 -0.208212 -0.694837
v -1.274099 -0.146759 -0.737687
v -1.407113 -0.145561 -0.618980
v -1.387725 -0.088785 -0.629540
v -0.591735 -0.249693 -1.273360
v -0.560068 -0.287417 -1.297623
v -0.671633 -0.180864 -1.226388
v -0.666728 0.370175 -1.276693
v -0.707597 0.431209 -1.228179
v -0.677212 0.450521 -1.265033
v -0.646890 0.400238 -1.302856
v -0.714885 0.322341 -1.228636
v -0.781460 0.405743 -1.154848
v -1.310326 0.311515 -0.708661
v -1.403883 0.266185 -0.615429
v -1.416299 0.300218 -0.611190
v -1.332839 0.335936 -0.695752
v -1.270690 0.282207 -0.737449
v -1.385135 0.212772 -0.627135
v -1.232862 0.394028 -0.759634
v -1.169318 0.381183 -0.809811
v 0.299150 1.195529 -0.783531
v 0.259566 1.166870 -0.815812
v -0.319289 1.208084 -0.759578
v -0.397829 1.157448 -0.797015
v -0.415081 1.193110 -0.771479
v -0.349290 1.232978 -0.743175
v -0.268341 1.167566 -0.797900
v -0.372940 1.091858 -0.857628
v -0.346470 0.645220 -1.297985
v -0.304066 0.585212 -1.349725
v -0.347973 0.577456 -1.364972
v -0.378517 0.626942 -1.322973
v -0.291200 0.687250 -1.255126
v -0.218961 0.605485 -1.327743
v -0.417847 0.680491 -1.252326
v -0.388121 0.745302 -1.187186
v 0.314764 0.645977 -1.302582
v 0.344966 0.630374 -1.329845
v 0.262334 0.686670 -1.258205
v 0.274600 0.586464 -1.356331
v 0.191719 0.605573 -1.331296
v -0.645777 -0.639177 1.195699
v -0.683699 -0.668967 1.167113
v -0.536318 -1.026101 0.719978
v -0.596721 -0.971340 0.782467
v -0.673635 -0.979918 0.742750
v -0.547553 -1.050638 0.678837
v -1.210584 -0.693014 1.043125
v -1.259774 -0.690085 1.040986
v -1.118938 -0.708695 1.045795
v -1.222003 -0.727224 0.961385
v -1.115736 -0.764746 0.938202
v 0.248759 -0.995073 -0.237854
v 0.197391 -1.020512 -0.177409
v -0.198307 -1.058191 -0.144070
v -0.175864 -1.065558 -0.109189
v -0.263146 -1.074573 -0.034287
v -0.259431 -1.061283 -0.110988
v -0.310292 -1.156546 0.466128
v -0.264155 -1.158705 0.407050
v -0.225123 -1.168139 0.482901
v -0.308459 -1.159899 0.520138
v -0.353115 -1.147683 0.462951
v -0.321900 -1.138528 0.349699
v 0.139336 -1.176359 0.412065
v 0.115136 -1.173139 0.370137
v 0.118605 -1.185017 0.477936
v 0.060476 -1.184994 0.461878
v -1.271882 0.514848 1.010350
v -1.320105 0.504028 1.013030
v -1.181559 0.547318 1.005648
v -1.289898 0.433527 1.084290
v -1.187540 0.444270 1.109569
v -0.604960 0.855346 0.621458
v -0.662796 0.812096 0.689011
v -0.536137 0.783911 0.707981
v -0.512012 0.854441 0.606582
v -0.625880 0.441576 1.169068
v -0.672265 0.473217 1.128787
v -0.775415 0.404851 1.209397
v -0.663926 0.392374 1.229872
v -0.543013 0.458627 1.145081
v -0.552500 0.525236 1.056693
v 0.117060 0.444249 1.159853
v 0.141748 0.431967 1.186620
v 0.087159 0.478406 1.108443
v 0.172824 0.474429 1.103372
v 0.162263 0.526657 1.023800
v -0.315381 0.444165 1.160615
v -0.276036 0.479043 1.114496
v -0.242856 0.921391 0.518267
v -0.208055 0.892030 0.564584
v -0.145689 0.974799 0.466142
v -0.220539 0.978948 0.446593
v 0.210182 0.919754 0.507996
v 0.246443 0.869598 0.544321
v 0.269150 0.896555 0.511465
v 0.241015 0.935576 0.486114
v 0.166065 0.889101 0.558817
v 0.217346 0.816770 0.621616
v 0.194201 0.978309 0.438783
v 0.132469 0.970215 0.465371
v -1.436228 0.763729 -0.228382
v -1.455072 0.742679 -0.258704
v -1.401686 0.803143 -0.178890
v -0.686941 1.289263 -0.422273
v -0.601643 1.332128 -0.385054
v -0.587174 1.341192 -0.435007
v -0.658111 1.305866 -0.462005
v -0.750622 1.259314 -0.347579
v -0.635021 1.318374 -0.284616
v -0.652283 1.105272 0.317033
v -0.728840 1.117000 0.295534
v -0.808588 1.014539 0.435841
v -0.668404 1.043732 0.399048
v -0.560435 1.149839 0.257649
v -0.610517 1.205871 0.172350
v -1.495152 0.607799 0.659245
v -1.519471 0.581761 0.709218
v -1.443797 0.674853 0.559987
v -1.417278 0.623488 0.731337
v -1.331320 0.705964 0.651210
v -1.060023 -0.462095 -0.664941
v -1.099247 -0.458233 -0.657939
v -0.998514 -0.477422 -0.677901
v -1.094154 -0.399770 -0.730578
v -1.024737 -0.403639 -0.771270
v -0.581422 -0.745993 -0.583428
v -0.619826 -0.705439 -0.620888
v -0.520474 -0.711343 -0.696615
v -0.505553 -0.765649 -0.615430
v -0.571198 -0.388749 -1.177728
v -0.604128 -0.359649 -1.190505
v -0.565690 -0.356286 -1.244282
v -0.549620 -0.373321 -1.233917
v -0.625709 -0.435033 -1.064982
v -0.700175 -0.381007 -1.078680
v -0.527502 -0.408350 -1.179838
v -0.542524 -0.480435 -1.055493
v 0.318329 -0.442093 -1.240448
v 0.262445 -0.475353 -1.191121
v 0.387465 -0.457826 -1.213017
v 0.351499 -0.523783 -1.108712
v -0.392750 -0.391192 -1.256634
v -0.436822 -0.372600 -1.288207
v -0.303096 -0.445526 -1.194678
v -0.223081 -0.873250 -0.555894
v -0.199707 -0.846256 -0.598341
v -0.128243 -0.917001 -0.476908
v -0.185449 -0.927772 -0.465746
v 0.280589 -0.884617 -0.484382
v 0.241589 -0.855640 -0.546165
v 0.317571 -0.806407 -0.620899
v 0.328324 -0.872384 -0.496240
v 0.267211 -0.919955 -0.419901
v 0.182098 -0.909860 -0.452294
v -1.392062 -0.676507 0.681142
v -1.424129 -0.673992 0.725596
v -1.327897 -0.692114 0.590561
v -1.478473 -0.616138 0.644673
v -1.444449 -0.607680 0.516316
v -0.533066 -1.080765 0.513604
v -0.598143 -1.045260 0.472659
v -0.563493 -0.922354 -0.174194
v -0.611385 -0.905437 -0.137566
v -0.694049 -0.822682 -0.259432
v -0.598690 -0.877510 -0.261161
v -1.310593 -0.525724 -0.195998
v -1.416899 -0.478803 -0.132205
v -1.427935 -0.470162 -0.181206
v -1.336186 -0.513005 -0.229828
v -1.263619 -0.559005 -0.138176
v -1.400278 -0.506536 -0.034797
v -1.213073 -0.539380 -0.309753
v -1.136005 -0.582708 -0.275604
v -0.656967 0.636689 -1.153392
v -0.642060 0.621435 -1.194920
v -0.693362 0.671323 -1.083319
v -0.676219 1.114041 -0.734506
v -0.729319 1.146134 -0.663302
v -0.692857 1.179951 -0.666136
v -0.654510 1.149774 -0.724903
v -0.720294 1.056429 -0.757172
v -0.809554 1.088243 -0.660603
v -1.129289 0.717522 -0.709488
v -1.164565 0.702911 -0.700068
v -1.076587 0.745498 -0.729914
v -1.169609 0.783612 -0.619643
v -1.107339 0.841165 -0.628880
v 0.262701 1.113550 0.194918
v 0.287795 1.099063 0.221962
v 0.226842 1.144188 0.147309
v 0.314341 1.114381 0.145829
v 0.304207 1.151635 0.068883
v -0.277034 1.180808 0.210619
v -0.244524 1.218288 0.163854
v -0.323663 1.387825 -0.447754
v -0.274335 1.367322 -0.524203
v -0.316087 1.369685 -0.542952
v -0.352640 1.389099 -0.480139
v -0.273526 1.388498 -0.390081
v -0.193847 1.368901 -0.494176
v 0.283633 1.328652 -0.431461
v 0.241992 1.329470 -0.386698
v 0.330403 1.290538 -0.312697
v 0.351496 1.307346 -0.403400
v 0.260720 1.337050 -0.508947
v 0.177933 1.343175 -0.491203
v 0.890730 -0.135811 0.156027
v 0.917380 -0.139163 0.066609
v 0.877687 -0.145318 0.156131
v 0.902330 -0.148389 0.073486
v 0.878114 -0.264527 -0.034381
v 0.825732 -0.336164 -0.005518
v 0.867088 -0.262043 -0.018787
v 0.818685 -0.328092 0.007995
v 0.742239 -0.310944 0.423719
v 0.787524 -0.245390 0.403534
v 0.740351 -0.307018 0.405067
v 0.781982 -0.246717 0.386437
v 0.675636 -0.452278 0.228581
v 0.660793 -0.452852 0.325089
v 0.679567 -0.435706 0.225702
v 0.665985 -0.436298 0.314645
v 0.929696 -0.162580 0.001181
v 0.913832 -0.169704 0.013361
v 0.900444 -0.208418 -0.017197
v 0.914688 -0.205517 -0.032315
v 0.767788 -0.400323 0.051368
v 0.764940 -0.387561 0.060785
v 0.715560 -0.421447 0.137218
v 0.714529 -0.436897 0.133371
v 0.669054 -0.430747 0.399186
v 0.673632 -0.416175 0.382643
v 0.701328 -0.368293 0.408293
v 0.699476 -0.378087 0.427166
v 0.829601 -0.189930 0.353747
v 0.820865 -0.195465 0.340225
v 0.851650 -0.161338 0.254250
v 0.862737 -0.153068 0.261492
v 0.257801 0.452503 1.119754
v 0.316043 0.446661 1.085437
v 0.258344 0.438452 1.124567
v 0.310950 0.433202 1.093414
v 0.140759 0.339786 1.293930
v 0.139268 0.388460 1.245798
v 0.151473 0.335739 1.283649
v 0.150195 0.380013 1.239851
v 0.308379 0.219477 1.319021
v 0.365525 0.226462 1.272863
v 0.354914 0.233119 1.264353
v 0.302960 0.226709 1.306444
v 0.408373 0.345479 1.123608
v 0.393522 0.391670 1.085939
v 0.380633 0.383801 1.093655
v 0.393986 0.342089 1.127720
v 0.407239 0.250178 1.218129
v 0.417233 0.294083 1.168025
v 0.402026 0.295144 1.168356
v 0.392940 0.254857 1.214317
v 0.365230 0.427212 1.068666
v 0.355207 0.415699 1.078205
v 0.201944 0.248190 1.346474
v 0.252088 0.225765 1.343397
v 0.252090 0.232403 1.328567
v 0.206865 0.252737 1.331302
v 0.171844 0.290248 1.315231
v 0.163243 0.289613 1.328737
v 0.159539 0.427113 1.195731
v 0.168749 0.415242 1.194172
v 0.207871 0.433594 1.156948
v 0.202342 0.447224 1.155117
v 0.490159 0.652988 -1.296404
v 0.417479 0.647158 -1.314937
v 0.491334 0.638021 -1.300195
v 0.424909 0.632694 -1.317150
v 0.338105 0.527235 -1.422835
v 0.362432 0.471603 -1.457549
v 0.352484 0.523872 -1.415162
v 0.374729 0.473238 -1.446770
v 0.554356 0.391462 -1.477542
v 0.477537 0.399846 -1.486487
v 0.480224 0.407658 -1.473161
v 0.550580 0.399881 -1.465001
v 0.689858 0.518192 -1.351123
v 0.695929 0.463506 -1.389084
v 0.679512 0.465241 -1.384559
v 0.673973 0.514950 -1.350050
v 0.631199 0.619184 -1.285990
v 0.670339 0.573556 -1.312617
v 0.656143 0.565427 -1.314958
v 0.620357 0.607099 -1.290667
v 0.560952 0.630393 -1.288557
v 0.566269 0.644662 -1.283671
v 0.409079 0.425424 -1.480436
v 0.417434 0.431101 -1.467654
v 0.678142 0.419672 -1.424518
v 0.626088 0.396864 -1.455445
v 0.615981 0.404740 -1.444880
v 0.663325 0.425454 -1.416749
v 0.361778 0.624207 -1.342246
v 0.374035 0.611820 -1.342038
v 0.351074 0.572806 -1.377481
v 0.336603 0.581167 -1.381307
v -0.517712 0.647563 -1.267455
v -0.582941 0.638832 -1.234502
v -0.516385 0.633022 -1.268981
v -0.575652 0.625129 -1.238959
v -0.517616 0.387873 -1.397071
v -0.584618 0.393529 -1.356313
v -0.576042 0.403618 -1.349696
v -0.514839 0.398328 -1.386954
v -0.360728 0.518655 -1.404030
v -0.369317 0.464428 -1.423861
v -0.380462 0.467145 -1.411436
v -0.372792 0.515889 -1.393561
v -0.672803 0.518108 -1.249327
v -0.663804 0.571144 -1.224317
v -0.648773 0.564389 -1.229419
v -0.656787 0.516770 -1.251959
v -0.635209 0.613981 -1.215144
v -0.622981 0.602745 -1.221305
v -0.638726 0.417049 -1.312049
v -0.666283 0.462659 -1.277479
v -0.650782 0.466600 -1.277584
v -0.625589 0.425131 -1.309196
v -0.395212 0.618649 -1.332382
v -0.367369 0.573792 -1.370454
v -0.378939 0.565798 -1.363140
v -0.404427 0.606572 -1.328502
v -0.454776 0.627908 -1.297973
v -0.450231 0.642038 -1.299065
v -0.397934 0.420399 -1.429655
v -0.451377 0.395855 -1.421122
v -0.454680 0.405533 -1.408840
v -0.406307 0.427661 -1.416589
v -1.605056 -0.460750 1.021574
v -1.551881 -0.469055 1.091332
v -1.590711 -0.467570 1.013487
v -1.542131 -0.475211 1.077276
v -1.565136 -0.574636 0.737492
v -1.613331 -0.520660 0.776060
v -1.554307 -0.571654 0.753069
v -1.598321 -0.522408 0.788341
v -1.365810 -0.595581 1.117113
v -1.312009 -0.647404 1.083989
v -1.371420 -0.591348 1.100679
v -1.322244 -0.638662 1.070472
v -1.335765 -0.716151 0.898841
v -1.380814 -0.702845 0.812904
v -1.343942 -0.701224 0.901747
v -1.385443 -0.688927 0.822773
v -1.282687 -0.688257 1.036643
v -1.295503 -0.675878 1.027357
v -1.308349 -0.696803 0.970529
v -1.296831 -0.711230 0.974174
v -1.487814 -0.493080 1.132090
v -1.483498 -0.497310 1.114442
v -1.425883 -0.540127 1.118790
v -1.425101 -0.539698 1.136915
v -1.638886 -0.478614 0.839897
v -1.621652 -0.484028 0.846828
v -1.618166 -0.468128 0.929274
v -1.635093 -0.461290 0.929748
v -1.434916 -0.672861 0.744921
v -1.435245 -0.661405 0.760112
v -1.495741 -0.620150 0.740268
v -1.501011 -0.627747 0.723448
v -1.641950 0.459253 0.740967
v -1.586851 0.527471 0.718730
v -1.628952 0.451847 0.753388
v -1.578675 0.514191 0.732900
v -1.406400 0.358952 1.109303
v -1.457608 0.286027 1.134012
v -1.413468 0.358307 1.092409
v -1.460545 0.291285 1.115133
v -1.415708 0.566250 0.866363
v -1.366930 0.541633 0.942424
v -1.422010 0.549241 0.868580
v -1.377141 0.526567 0.938626
v -1.637318 0.214269 1.029983
v -1.578911 0.207533 1.095730
v -1.571465 0.219256 1.080445
v -1.624756 0.225571 1.020301
v -1.515163 0.230662 1.132528
v -1.513298 0.240458 1.113883
v -1.695930 0.305487 0.852884
v -1.678852 0.248499 0.941650
v -1.662879 0.257296 0.938935
v -1.678628 0.310020 0.856941
v -1.664794 0.379330 0.794913
v -1.680969 0.380498 0.785837
v -1.342277 0.500099 1.011086
v -1.354447 0.488298 1.001917
v -1.372329 0.428095 1.053924
v -1.361695 0.434757 1.067520
v -1.525734 0.572289 0.730520
v -1.522922 0.554937 0.743769
v -1.470652 0.562659 0.796312
v -1.468665 0.580842 0.787729
v 0.368685 1.070071 0.188643
v 0.397235 1.035759 0.184087
v 0.362383 1.058258 0.198476
v 0.387537 1.027923 0.194536
v 0.257205 1.028376 0.356209
v 0.274828 1.066656 0.289503
v 0.262847 1.018482 0.351356
v 0.279066 1.053731 0.289944
v 0.314614 0.878102 0.497685
v 0.345437 0.852797 0.478964
v 0.340105 0.860001 0.465048
v 0.312977 0.882272 0.481585
v 0.409148 0.897807 0.309151
v 0.417743 0.943651 0.245397
v 0.405441 0.944603 0.251075
v 0.397525 0.902402 0.309769
v 0.301506 1.089913 0.234801
v 0.303215 1.075284 0.239795
v 0.332631 1.075419 0.211434
v 0.334784 1.089586 0.203364
v 0.258865 0.940286 0.476393
v 0.282898 0.906187 0.498948
v 0.285116 0.907039 0.482667
v 0.264029 0.937602 0.462053
v 0.257220 0.977261 0.413504
v 0.251092 0.983634 0.423659
v 0.415299 0.991877 0.199678
v 0.403440 0.988632 0.208955
v 0.372790 0.842907 0.440211
v 0.394095 0.861068 0.378848
v 0.383678 0.868592 0.373913
v 0.364379 0.851637 0.430131
v -1.231362 0.512930 -0.736230
v -1.194291 0.609731 -0.728131
v -1.239588 0.513471 -0.714412
v -1.205449 0.602535 -0.707002
v -1.293412 0.763003 -0.510948
v -1.375677 0.762368 -0.386606
v -1.297109 0.743443 -0.506688
v -1.373621 0.742742 -0.391132
v -1.501543 0.319000 -0.499239
v -1.571582 0.343135 -0.376219
v -1.554863 0.356553 -0.380446
v -1.489887 0.334160 -0.494605
v -1.589887 0.556221 -0.194904
v -1.533893 0.651975 -0.214694
v -1.520549 0.640586 -0.231275
v -1.572266 0.552277 -0.212896
v -1.615860 0.392768 -0.269559
v -1.619585 0.466808 -0.211157
v -1.599604 0.470223 -0.227690
v -1.595993 0.402342 -0.281570
v -1.459768 0.729036 -0.276577
v -1.451864 0.711844 -0.288722
v -1.186227 0.692979 -0.691393
v -1.198086 0.679038 -0.673200
v -1.233619 0.724108 -0.603569
v -1.224765 0.741971 -0.615771
v -1.342113 0.354781 -0.686384
v -1.420533 0.321452 -0.606723
v -1.414739 0.336468 -0.594332
v -1.342032 0.367360 -0.668222
v -1.284382 0.430721 -0.704866
v -1.279846 0.423277 -0.725934
v -1.485987 -0.203826 -0.502518
v -1.538409 -0.230870 -0.384175
v -1.471644 -0.213979 -0.497128
v -1.520220 -0.239052 -0.387439
v -1.211620 -0.345670 -0.719561
v -1.273368 -0.280270 -0.717637
v -1.218179 -0.344157 -0.698357
v -1.274927 -0.284289 -0.696453
v -1.196805 -0.504526 -0.463838
v -1.143162 -0.486559 -0.568451
v -1.205922 -0.489015 -0.463127
v -1.156292 -0.472443 -0.559831
v -1.504439 -0.407888 -0.198232
v -1.550212 -0.341155 -0.221420
v -1.531745 -0.340046 -0.237126
v -1.489989 -0.400817 -0.216026
v -1.340787 -0.226815 -0.683335
v -1.337176 -0.235191 -0.664687
v -1.406688 -0.212223 -0.593895
v -1.415887 -0.201904 -0.606933
v -1.345635 -0.506226 -0.249133
v -1.430683 -0.466725 -0.203566
v -1.422442 -0.454602 -0.221053
v -1.344180 -0.490767 -0.263383
v -1.270279 -0.498680 -0.354192
v -1.265986 -0.514954 -0.346645
v -1.122819 -0.455654 -0.650208
v -1.137378 -0.444178 -0.635058
v -1.165168 -0.399435 -0.679563
v -1.153538 -0.406411 -0.698831
v -1.563151 -0.278243 -0.280833
v -1.543294 -0.282666 -0.291786
v -0.504226 -0.290427 -1.338686
v -0.530778 -0.293505 -1.322830
v -0.501246 -0.295178 -1.330311
v -0.524348 -0.297976 -1.316491
v -0.499733 -0.379381 -1.268916
v -0.473698 -0.377265 -1.282192
v -0.499543 -0.369407 -1.270600
v -0.476865 -0.367549 -1.282266
v -0.443880 -0.334372 -1.336697
v -0.444246 -0.353569 -1.318564
v -0.450928 -0.347203 -1.313760
v -0.450470 -0.331007 -1.329142
v -0.561830 -0.341199 -1.275319
v -0.561397 -0.321043 -1.289399
v -0.551159 -0.321593 -1.287263
v -0.551629 -0.338484 -1.275168
v -0.452899 -0.369252 -1.298473
v -0.458567 -0.360646 -1.296511
v -0.543894 -0.370516 -1.253778
v -0.556234 -0.358074 -1.261525
v -0.547132 -0.352170 -1.263747
v -0.536939 -0.362099 -1.257541
v -0.520322 -0.367718 -1.261092
v -0.524096 -0.377375 -1.257844
v -0.552019 -0.303259 -1.304868
v -0.542979 -0.306442 -1.300786
v -0.458824 -0.300910 -1.350559
v -0.447943 -0.315815 -1.347102
v -0.453713 -0.315849 -1.337787
v -0.462745 -0.303824 -1.340522
v -0.479650 -0.297031 -1.338176
v -0.478914 -0.292671 -1.347841
v -0.502499 1.367893 -0.452319
v -0.427726 1.384145 -0.464101
v -0.432418 1.370596 -0.474086
v -0.500849 1.355703 -0.463323
v -0.501166 1.181253 -0.765342
v -0.578947 1.165672 -0.751685
v -0.571508 1.170833 -0.736633
v -0.500341 1.185104 -0.749110
v -0.325044 1.335378 -0.620026
v -0.333698 1.290198 -0.684459
v -0.346716 1.284974 -0.674993
v -0.338707 1.326270 -0.616102
v -0.688218 1.234824 -0.600913
v -0.679679 1.273623 -0.533663
v -0.663500 1.269273 -0.537747
v -0.671345 1.233821 -0.599147
v -0.368183 1.386040 -0.495701
v -0.335247 1.368555 -0.552391
v -0.347960 1.356497 -0.554489
v -0.378017 1.372368 -0.502902
v -0.643175 1.167949 -0.718794
v -0.677824 1.195300 -0.665580
v -0.661873 1.197787 -0.658108
v -0.630217 1.172886 -0.706609
v -0.646037 1.310012 -0.479747
v -0.581123 1.342309 -0.455083
v -0.572995 1.332217 -0.465892
v -0.632623 1.302589 -0.488473
v -0.365779 1.243927 -0.734973
v -0.425856 1.207475 -0.760853
v -0.431314 1.209175 -0.744970
v -0.376186 1.242609 -0.721252
v 0.854403 -0.162983 0.156985
v 0.879456 -0.164587 0.076490
v 0.829700 -0.177987 0.252377
v 0.794387 -0.222092 0.260495
v 0.844695 -0.260101 0.011569
v 0.798377 -0.324277 0.036784
v 0.878126 -0.207452 0.011700
v 0.740014 -0.296634 0.363165
v 0.751995 -0.282699 0.273973
v 0.780200 -0.238622 0.346586
v 0.701480 -0.356727 0.368997
v 0.708807 -0.348858 0.288178
v 0.690675 -0.403041 0.214210
v 0.676309 -0.405185 0.302079
v 0.725037 -0.390505 0.128866
v 0.810561 -0.202016 0.317285
v 0.681063 -0.395433 0.355973
v 0.892650 -0.178372 0.030734
v 0.761813 -0.369877 0.073118
v 0.255467 0.414088 1.136715
v 0.306270 0.410239 1.105289
v 0.207513 0.409862 1.166896
v 0.203773 0.372390 1.204162
v 0.168269 0.329423 1.267689
v 0.206090 0.327257 1.249217
v 0.166834 0.371951 1.225500
v 0.187128 0.285649 1.298291
v 0.223903 0.280546 1.282535
v 0.292024 0.240170 1.286152
v 0.342305 0.245816 1.245824
v 0.328571 0.282845 1.215645
v 0.273831 0.278443 1.258230
v 0.366802 0.334843 1.139789
v 0.355397 0.375369 1.105504
v 0.178949 0.400247 1.193923
v 0.340820 0.401540 1.092391
v 0.373055 0.261175 1.211561
v 0.375508 0.289747 1.177959
v 0.211450 0.258821 1.313679
v 0.243730 0.244760 1.307767
v 0.492958 0.611194 -1.308936
v 0.428931 0.607104 -1.324361
v 0.559991 0.604635 -1.296995
v 0.569269 0.561460 -1.326222
v 0.379181 0.517448 -1.403348
v 0.399799 0.468727 -1.433774
v 0.376702 0.564762 -1.367020
v 0.541709 0.415574 -1.444298
v 0.474455 0.422328 -1.452444
v 0.643337 0.510045 -1.349901
v 0.650170 0.462044 -1.382748
v 0.390324 0.596043 -1.342695
v 0.428518 0.438410 -1.452167
v 0.642780 0.433198 -1.408051
v 0.605251 0.419266 -1.425398
v 0.604930 0.591594 -1.298179
v 0.627336 0.558672 -1.315674
v -0.512465 0.607670 -1.274195
v -0.569315 0.601408 -1.244468
v -0.453709 0.603314 -1.301282
v -0.448870 0.561138 -1.326818
v -0.510894 0.416034 -1.370682
v -0.569304 0.420593 -1.335063
v -0.571205 0.460428 -1.316303
v -0.394985 0.511847 -1.376314
v -0.401189 0.465148 -1.393700
v -0.627098 0.512896 -1.260405
v -0.620736 0.558751 -1.237719
v -0.417748 0.436174 -1.401246
v -0.453379 0.421866 -1.391860
v -0.606268 0.589036 -1.231069
v -0.416774 0.591435 -1.324447
v -0.400251 0.559554 -1.347205
v -0.607725 0.434685 -1.307820
v -0.621994 0.464978 -1.284231
v -1.565491 -0.482024 0.999183
v -1.519369 -0.488633 1.060429
v -1.592334 -0.481631 0.918935
v -1.557142 -0.521015 0.892054
v -1.535650 -0.567518 0.787194
v -1.510695 -0.572330 0.862346
v -1.578267 -0.519987 0.819559
v -1.479447 -0.614039 0.773498
v -1.451096 -0.621625 0.843525
v -1.386047 -0.583768 1.071361
v -1.337472 -0.629366 1.043363
v -1.437373 -0.534545 1.089540
v -1.363087 -0.673645 0.907629
v -1.401595 -0.662594 0.831648
v -1.327549 -0.670365 0.973026
v -1.315476 -0.659643 1.015623
v -1.436985 -0.646828 0.783830
v -1.599487 -0.492337 0.859069
v -1.479337 -0.504166 1.091070
v -1.607017 0.434365 0.782656
v -1.558964 0.495425 0.761036
v -1.641723 0.365137 0.821363
v -1.611939 0.334981 0.890563
v -1.430133 0.357331 1.061244
v -1.474171 0.292607 1.084387
v -1.389537 0.424549 1.024853
v -1.429873 0.435197 0.971990
v -1.437009 0.514993 0.876446
v -1.392918 0.494249 0.943267
v -1.482592 0.529678 0.805888
v -1.603546 0.248912 1.001309
v -1.552592 0.241632 1.059907
v -1.520494 0.529848 0.765380
v -1.374252 0.470947 0.990623
v -1.655928 0.315987 0.864676
v -1.640391 0.278716 0.923321
v -1.512165 0.254853 1.088910
v 0.351180 1.037147 0.217613
v 0.375322 1.008614 0.213115
v 0.322975 1.053917 0.229214
v 0.308638 1.023363 0.275633
v 0.270425 1.003985 0.343885
v 0.294831 0.986455 0.337204
v 0.285393 1.038245 0.284882
v 0.264408 0.964575 0.403826
v 0.286766 0.945892 0.400438
v 0.310395 0.891936 0.451237
v 0.336160 0.870045 0.436373
v 0.343359 0.897186 0.382760
v 0.315885 0.922874 0.395896
v 0.379562 0.909833 0.310225
v 0.387692 0.949831 0.253443
v 0.302889 1.057475 0.248728
v 0.389737 0.982369 0.222020
v 0.355785 0.863006 0.414625
v 0.366764 0.876526 0.371832
v 0.268852 0.937605 0.442113
v 0.283756 0.914983 0.453028
v -1.261873 0.512391 -0.670016
v -1.227199 0.598846 -0.664680
v -1.303983 0.432477 -0.662099
v -1.362835 0.429139 -0.585000
v -1.309557 0.701556 -0.497739
v -1.382367 0.702461 -0.386540
v -1.247098 0.685024 -0.591446
v -1.468416 0.364309 -0.487770
v -1.531703 0.384278 -0.377720
v -1.507305 0.447142 -0.366359
v -1.438191 0.430697 -0.483207
v -1.535668 0.544169 -0.257359
v -1.486516 0.629974 -0.273282
v -1.345282 0.385042 -0.641375
v -1.396359 0.365590 -0.583823
v -1.218979 0.657537 -0.646386
v -1.566946 0.414666 -0.304520
v -1.563376 0.464857 -0.269505
v -1.440526 0.685482 -0.311166
v -1.446405 -0.234295 -0.488893
v -1.493981 -0.257211 -0.383268
v -1.384140 -0.231839 -0.582112
v -1.343714 -0.280158 -0.579445
v -1.237575 -0.339995 -0.655624
v -1.290510 -0.341066 -0.576601
v -1.290929 -0.282634 -0.654856
v -1.184990 -0.393255 -0.639369
v -1.229627 -0.398447 -0.564289
v -1.228628 -0.459438 -0.461389
v -1.287664 -0.410206 -0.465439
v -1.178932 -0.444755 -0.554652
v -1.289269 -0.469663 -0.356285
v -1.347689 -0.423730 -0.353934
v -1.461391 -0.386609 -0.258517
v -1.502328 -0.328493 -0.276807
v -1.335961 -0.246887 -0.637425
v -1.161568 -0.428714 -0.612515
v -1.516109 -0.287632 -0.312668
v -1.342326 -0.468812 -0.288520
v -1.396886 -0.438651 -0.261797
v -0.497527 -0.297619 -1.318825
v -0.519098 -0.300353 -1.305661
v -0.477235 -0.298972 -1.326384
v -0.475100 -0.309225 -1.318634
v -0.496929 -0.356268 -1.271210
v -0.475577 -0.354556 -1.281978
v -0.516733 -0.355303 -1.261485
v -0.517463 -0.341947 -1.271737
v -0.456747 -0.325640 -1.318157
v -0.457286 -0.340551 -1.303797
v -0.538623 -0.331898 -1.274300
v -0.537943 -0.316562 -1.285307
v -0.534003 -0.306880 -1.296362
v -0.462622 -0.352075 -1.293203
v -0.530087 -0.354082 -1.259103
v -0.535252 -0.344740 -1.263101
v -0.465393 -0.304003 -1.330885
v -0.459270 -0.311737 -1.326233
v -0.498035 1.334533 -0.485491
v -0.431970 1.349474 -0.494583
v -0.425690 1.323851 -0.545080
v -0.497744 1.194623 -0.719803
v -0.566644 1.179963 -0.708778
v -0.569812 1.210268 -0.660796
v -0.364431 1.310178 -0.610700
v -0.371230 1.270722 -0.667188
v -0.638288 1.234054 -0.596760
v -0.631926 1.267757 -0.537576
v -0.611874 1.180917 -0.691030
v -0.630653 1.198936 -0.653315
v -0.613595 1.293905 -0.501176
v -0.567766 1.312275 -0.486858
v -0.391381 1.354969 -0.513521
v -0.372137 1.339575 -0.551351
v -0.390131 1.241937 -0.703520
v -0.431213 1.217129 -0.716601
v 0.802876 0.287562 0.267631
v 1.247372 -0.239929 -0.616632
v 1.140053 0.536140 -0.591875
v 0.311431 -0.512090 1.128221
v 0.651646 -0.247696 -1.396859
v 0.278831 -1.070449 0.423085
v 0.323526 -0.914095 -0.416590
v 0.355796 1.303888 -0.509130
v -0.593227 -0.395627 1.375164
v -0.356500 -0.561435 1.239267
v -0.555979 0.392606 1.227253
v -0.363270 -1.149574 0.532808
v -0.541063 1.074422 0.347436
v 0.919556 -0.196549 -0.052591
v -1.643568 -0.441897 0.927038
v -1.690062 0.371578 0.768758
v 0.865462 -0.134103 0.269480
v 0.687049 -0.380638 0.446719
v 0.702050 -0.449992 0.123177
v 0.570057 0.653372 -1.265102
v -1.415685 -0.527094 1.151129
v 0.146515 0.279014 1.334188
v -0.471594 -0.275167 -1.349214
v -1.416264 -0.181475 -0.613370
v -1.266189 0.409552 -0.737932
v -0.438235 0.652817 -1.286734
v 0.317003 0.582024 -1.373629
v -1.275208 -0.715378 0.972251
v -1.341084 0.433462 1.073958
v 0.188422 0.454394 1.142202
v 0.231914 0.983383 0.428482
v -1.456966 0.591450 0.771457
v -1.133478 -0.403608 -0.711134
v -0.523924 -0.382458 -1.239024
v -1.496291 -0.624618 0.702649
v -1.251658 -0.522658 -0.332632
v -1.206090 0.756177 -0.618201
v 0.326610 1.098136 0.186076

# UV coordinates
vt 0.288442 0.184456
vt 0.278527 0.187920
vt 0.273733 0.182216
vt 0.282719 0.178521
vt 0.295938 0.190494
vt 0.286043 0.193622
vt 0.253555 0.106336
vt 0.252708 0.097288
vt 0.264489 0.094036
vt 0.266267 0.102617
vt 0.254976 0.115399
vt 0.243864 0.117762
vt 0.242107 0.109663
vt 0.180187 0.221472
vt 0.170141 0.227213
vt 0.162021 0.218383
vt 0.171127 0.212903
vt 0.190081 0.230276
vt 0.179750 0.235437
vt 0.189788 0.216993
vt 0.199117 0.225425
vt 0.102205 0.972342
vt 0.091976 0.974229
vt 0.090760 0.964247
vt 0.100175 0.961558
vt 0.144396 0.121414
vt 0.154754 0.122329
vt 0.152301 0.133239
vt 0.142601 0.133654
vt 0.698781 0.638520
vt 0.693409 0.646267
vt 0.685763 0.641244
vt 0.689500 0.633199
vt 0.707106 0.644623
vt 0.701195 0.651396
vt 0.538060 0.677811
vt 0.532042 0.686938
vt 0.522340 0.683772
vt 0.527673 0.675145
vt 0.544141 0.669517
vt 0.552239 0.673592
vt 0.546929 0.681883
vt 0.347458 0.550944
vt 0.362411 0.550683
vt 0.362332 0.558890
vt 0.348390 0.559638
vt 0.343148 0.670744
vt 0.340744 0.682290
vt 0.327029 0.682404
vt 0.328595 0.671360
vt 0.359065 0.670748
vt 0.356009 0.681560
vt 0.732568 0.844956
vt 0.727420 0.835949
vt 0.736579 0.831208
vt 0.742573 0.839235
vt 0.422931 0.123199
vt 0.411682 0.128080
vt 0.409140 0.117845
vt 0.419513 0.113228
vt 0.369446 0.042862
vt 0.364361 0.048708
vt 0.358741 0.046212
vt 0.362949 0.040434
vt 0.131232 0.336574
vt 0.130223 0.350606
vt 0.118208 0.345541
vt 0.118842 0.333316
vt 0.131523 0.322085
vt 0.144354 0.324828
vt 0.145461 0.339848
vt 0.103722 0.852240
vt 0.105384 0.844521
vt 0.112248 0.845762
vt 0.111107 0.853209
vt 0.096503 0.852176
vt 0.098447 0.844921
vt 0.102244 0.860297
vt 0.095428 0.859699
vt 0.410138 0.254608
vt 0.417383 0.258230
vt 0.409435 0.272764
vt 0.402648 0.265439
vt 0.415745 0.241605
vt 0.422578 0.245669
vt 0.399609 0.250142
vt 0.406001 0.239018
vt 0.260353 0.014216
vt 0.259660 0.018865
vt 0.252447 0.017211
vt 0.252614 0.012311
vt 0.284020 0.314365
vt 0.292965 0.311514
vt 0.296954 0.316400
vt 0.288657 0.319422
vt 0.278488 0.309031
vt 0.287052 0.306655
vt 0.217120 0.920993
vt 0.205343 0.910405
vt 0.217246 0.902427
vt 0.228943 0.911157
vt 0.203769 0.930235
vt 0.193281 0.919280
vt 0.701549 0.766032
vt 0.705114 0.777899
vt 0.692926 0.779928
vt 0.688675 0.769497
vt 0.697399 0.751948
vt 0.710469 0.750512
vt 0.715109 0.763032
vt 0.606462 0.799837
vt 0.610114 0.809952
vt 0.600007 0.815837
vt 0.595453 0.806490
vt 0.602940 0.787312
vt 0.613224 0.783572
vt 0.616703 0.794841
vt 0.171367 0.497069
vt 0.169434 0.495195
vt 0.171552 0.493932
vt 0.173827 0.496219
vt 0.173174 0.499612
vt 0.171157 0.499912
vt 0.169475 0.497935
vt 0.162175 0.710981
vt 0.154604 0.717631
vt 0.147927 0.712963
vt 0.154831 0.705361
vt 0.171002 0.704958
vt 0.177848 0.710922
vt 0.169734 0.716447
vt 0.809656 0.742840
vt 0.812417 0.747317
vt 0.806943 0.748073
vt 0.803838 0.743790
vt 0.455698 0.353404
vt 0.461134 0.361663
vt 0.454169 0.362099
vt 0.448659 0.354713
vt 0.472604 0.861395
vt 0.473817 0.876355
vt 0.458417 0.879767
vt 0.456411 0.866329
vt 0.472941 0.844070
vt 0.488307 0.839894
vt 0.487880 0.856188
vt 0.324315 0.400157
vt 0.321759 0.385462
vt 0.338501 0.376900
vt 0.341940 0.390428
vt 0.326848 0.417319
vt 0.307132 0.427954
vt 0.305154 0.410971
vt 0.295618 0.822525
vt 0.291304 0.829757
vt 0.284868 0.823886
vt 0.288260 0.816479
vt 0.300196 0.814703
vt 0.307387 0.821157
vt 0.302935 0.828496
vt 0.376651 0.872584
vt 0.336790 0.882325
vt 0.326564 0.865108
vt 0.342953 0.856407
vt 0.371717 0.834341
vt 0.396100 0.815877
vt 0.408964 0.840345
vt 0.353562 0.906632
vt 0.333986 0.904641
vt 0.392162 0.371991
vt 0.385218 0.401469
vt 0.370420 0.396950
vt 0.371445 0.377908
vt 0.371586 0.359439
vt 0.381597 0.346891
vt 0.400284 0.350475
vt 0.418316 0.390424
vt 0.408121 0.413960
vt 0.228117 0.766727
vt 0.255671 0.761333
vt 0.264870 0.777854
vt 0.252780 0.787725
vt 0.231079 0.798419
vt 0.208944 0.797933
vt 0.199860 0.773035
vt 0.231292 0.740136
vt 0.252215 0.743940
vt 0.245787 0.448983
vt 0.256350 0.418790
vt 0.272601 0.414186
vt 0.269822 0.433038
vt 0.269131 0.458497
vt 0.263568 0.475893
vt 0.243124 0.477035
vt 0.218407 0.441530
vt 0.234158 0.418252
vt 0.159866 0.616678
vt 0.186069 0.630600
vt 0.173375 0.651981
vt 0.155207 0.651475
vt 0.067012 0.712719
vt 0.086861 0.730172
vt 0.075486 0.746092
vt 0.059921 0.733171
vt 0.189526 0.593287
vt 0.206930 0.610578
vt 0.543775 0.831581
vt 0.533562 0.856581
vt 0.516743 0.860073
vt 0.520009 0.843367
vt 0.529288 0.813238
vt 0.540400 0.795530
vt 0.553302 0.803958
vt 0.563875 0.840630
vt 0.552179 0.856842
vt 0.757664 0.753017
vt 0.759186 0.736068
vt 0.776585 0.739234
vt 0.779945 0.748338
vt 0.775167 0.762810
vt 0.765036 0.773168
vt 0.751000 0.769441
vt 0.739418 0.739163
vt 0.743324 0.728922
vt 0.652864 0.778004
vt 0.649915 0.798161
vt 0.638387 0.798152
vt 0.637487 0.785473
vt 0.637378 0.760533
vt 0.642933 0.742483
vt 0.655932 0.754209
vt 0.667304 0.792104
vt 0.662536 0.804616
vt 0.259940 0.875930
vt 0.247135 0.848646
vt 0.261461 0.843491
vt 0.273131 0.859042
vt 0.232632 0.869773
vt 0.226528 0.848213
vt 0.286851 0.881117
vt 0.289471 0.899449
vt 0.269921 0.899259
vt 0.307940 0.354993
vt 0.334717 0.351972
vt 0.331707 0.360711
vt 0.314158 0.366275
vt 0.326516 0.337046
vt 0.344859 0.339484
vt 0.285126 0.375981
vt 0.264312 0.375046
vt 0.278215 0.356073
vt 0.495860 0.920099
vt 0.463245 0.914464
vt 0.464996 0.901572
vt 0.483864 0.901671
vt 0.509910 0.894659
vt 0.528699 0.892791
vt 0.520250 0.909543
vt 0.339000 0.982742
vt 0.323686 0.965539
vt 0.327495 0.948795
vt 0.340918 0.956430
vt 0.209917 0.007197
vt 0.196643 0.023504
vt 0.188460 0.016320
vt 0.194484 0.003680
vt 0.216707 0.025135
vt 0.204931 0.035562
vt 0.271055 0.958838
vt 0.274609 0.936880
vt 0.292347 0.937423
vt 0.291645 0.953754
vt 0.823390 0.775093
vt 0.804760 0.771965
vt 0.808462 0.761967
vt 0.818628 0.761965
vt 0.809035 0.785286
vt 0.795935 0.781790
vt 0.433304 0.307750
vt 0.418335 0.322437
vt 0.402085 0.317329
vt 0.410868 0.304056
vt 0.351691 0.290094
vt 0.345962 0.308752
vt 0.325096 0.311153
vt 0.322716 0.301072
vt 0.319803 0.282632
vt 0.319942 0.268466
vt 0.345458 0.272089
vt 0.375858 0.296717
vt 0.365891 0.310198
vt 0.125291 0.785027
vt 0.110944 0.764657
vt 0.121423 0.748469
vt 0.133505 0.758327
vt 0.100992 0.799372
vt 0.095661 0.781557
vt 0.153160 0.778698
vt 0.162562 0.801023
vt 0.142559 0.807028
vt 0.164615 0.878200
vt 0.188218 0.868465
vt 0.196441 0.882907
vt 0.182192 0.890269
vt 0.162123 0.899975
vt 0.148774 0.903055
vt 0.144302 0.888631
vt 0.161999 0.850484
vt 0.181731 0.847486
vt 0.142859 0.411376
vt 0.173109 0.426321
vt 0.170367 0.450569
vt 0.155648 0.446866
vt 0.022374 0.774063
vt 0.041064 0.762644
vt 0.049510 0.778082
vt 0.036216 0.790114
vt 0.164798 0.395672
vt 0.185965 0.406187
vt 0.208060 0.334795
vt 0.216710 0.313703
vt 0.238791 0.314957
vt 0.240706 0.326507
vt 0.186851 0.317150
vt 0.197630 0.306962
vt 0.232929 0.347997
vt 0.217037 0.366083
vt 0.195463 0.360124
vt 0.040530 0.857121
vt 0.064657 0.831993
vt 0.073992 0.838853
vt 0.064807 0.853570
vt 0.054148 0.878009
vt 0.045765 0.894004
vt 0.034099 0.884233
vt 0.044451 0.827976
vt 0.061282 0.814715
vt 0.622907 0.842831
vt 0.600121 0.844769
vt 0.604088 0.833068
vt 0.617593 0.828281
vt 0.636230 0.827046
vt 0.650706 0.832968
vt 0.644465 0.845475
vt 0.606979 0.859727
vt 0.590464 0.859068
vt 0.316659 0.028014
vt 0.300366 0.037121
vt 0.291479 0.031028
vt 0.297333 0.022878
vt 0.318701 0.043550
vt 0.305716 0.046792
vt 0.577584 0.911894
vt 0.558194 0.905876
vt 0.568626 0.891316
vt 0.586510 0.891407
vt 0.715472 0.805813
vt 0.696189 0.804090
vt 0.697332 0.795155
vt 0.710622 0.794717
vt 0.731327 0.793203
vt 0.744842 0.796065
vt 0.735798 0.806458
vt 0.703410 0.821418
vt 0.690334 0.817183
vt 0.784282 0.821237
vt 0.790434 0.805948
vt 0.802893 0.805651
vt 0.801742 0.814889
vt 0.425341 0.184132
vt 0.406483 0.198537
vt 0.396816 0.188341
vt 0.408250 0.176042
vt 0.767134 0.813552
vt 0.776138 0.803238
vt 0.398290 0.081624
vt 0.375874 0.087167
vt 0.378787 0.074636
vt 0.390812 0.067521
vt 0.384433 0.100897
vt 0.367336 0.102128
vt 0.692394 0.873690
vt 0.676099 0.860793
vt 0.680182 0.847437
vt 0.693034 0.853314
vt 0.327969 0.752567
vt 0.348676 0.779113
vt 0.333193 0.793902
vt 0.318208 0.779651
vt 0.362176 0.740695
vt 0.372927 0.763004
vt 0.299688 0.756683
vt 0.291127 0.739851
vt 0.305784 0.732351
vt 0.252912 0.676258
vt 0.242805 0.701744
vt 0.221759 0.699027
vt 0.219643 0.682649
vt 0.229907 0.656297
vt 0.251115 0.639481
vt 0.271842 0.650348
vt 0.272883 0.699126
vt 0.262070 0.711807
vt 0.335935 0.475450
vt 0.307582 0.471101
vt 0.310714 0.457703
vt 0.331015 0.452440
vt 0.311188 0.493462
vt 0.297582 0.485175
vt 0.361496 0.450994
vt 0.385090 0.463181
vt 0.370533 0.484863
vt 0.258655 0.543047
vt 0.233632 0.561606
vt 0.210107 0.547662
vt 0.219633 0.534535
vt 0.276553 0.567250
vt 0.254580 0.577913
vt 0.249541 0.517508
vt 0.269737 0.509476
vt 0.278818 0.523431
vt 0.348194 0.609016
vt 0.382534 0.620277
vt 0.370950 0.631477
vt 0.347215 0.628136
vt 0.382981 0.595721
vt 0.405252 0.606479
vt 0.316183 0.620229
vt 0.297442 0.608399
vt 0.317448 0.597404
vt 0.488440 0.765929
vt 0.504323 0.784977
vt 0.495168 0.803299
vt 0.478872 0.800683
vt 0.518306 0.751765
vt 0.520049 0.770137
vt 0.455843 0.789369
vt 0.446691 0.767081
vt 0.470953 0.743935
vt 0.584578 0.732379
vt 0.606521 0.738454
vt 0.606313 0.756527
vt 0.592634 0.757240
vt 0.596339 0.704452
vt 0.611618 0.716515
vt 0.571581 0.759163
vt 0.556006 0.757848
vt 0.560058 0.738618
vt 0.444921 0.672283
vt 0.415275 0.700803
vt 0.400485 0.691544
vt 0.412087 0.672939
vt 0.427725 0.649362
vt 0.453567 0.634698
vt 0.475157 0.647189
vt 0.451231 0.700637
vt 0.425493 0.720406
vt 0.505369 0.431727
vt 0.470058 0.418332
vt 0.467090 0.393800
vt 0.483397 0.396848
vt 0.763514 0.690483
vt 0.761872 0.709709
vt 0.744809 0.704870
vt 0.739529 0.691351
vt 0.490630 0.460384
vt 0.463946 0.444112
vt 0.686556 0.703023
vt 0.707105 0.716785
vt 0.705033 0.726642
vt 0.690209 0.723630
vt 0.671215 0.718394
vt 0.658241 0.703392
vt 0.666388 0.686050
vt 0.706172 0.697619
vt 0.716469 0.709784
vt 0.452304 0.540302
vt 0.430764 0.563917
vt 0.409008 0.561140
vt 0.416209 0.545143
vt 0.483281 0.559660
vt 0.457520 0.573746
vt 0.423529 0.517335
vt 0.438207 0.495506
vt 0.464898 0.510507
vt 0.592760 0.618616
vt 0.607488 0.654074
vt 0.587133 0.652435
vt 0.571549 0.637457
vt 0.539511 0.618744
vt 0.514847 0.602520
vt 0.542994 0.589804
vt 0.634311 0.647752
vt 0.625753 0.668693
vt 0.157101 0.952171
vt 0.159044 0.932752
vt 0.170631 0.930866
vt 0.175204 0.944647
vt 0.140240 0.940635
vt 0.145752 0.928891
vt 0.152112 0.059800
vt 0.170166 0.048695
vt 0.178906 0.060926
vt 0.166977 0.073092
vt 0.095789 0.914591
vt 0.079192 0.902737
vt 0.084090 0.888961
vt 0.096803 0.893927
vt 0.081101 0.929250
vt 0.070992 0.917356
vt 0.113452 0.904245
vt 0.122272 0.914044
vt 0.113161 0.923830
vt 0.236154 0.268091
vt 0.267663 0.271852
vt 0.273923 0.286407
vt 0.257726 0.287318
vt 0.242494 0.250601
vt 0.265651 0.257366
vt 0.228002 0.286168
vt 0.207836 0.282809
vt 0.206979 0.269218
vt 0.135789 0.263879
vt 0.155296 0.285354
vt 0.147860 0.297279
vt 0.131359 0.289565
vt 0.009470 0.935204
vt 0.019170 0.917888
vt 0.031294 0.926611
vt 0.025567 0.941549
vt 0.161882 0.265880
vt 0.170029 0.280977
vt 0.056791 0.975981
vt 0.063865 0.957813
vt 0.072929 0.963407
vt 0.071286 0.975376
vt 0.143417 0.177948
vt 0.160782 0.162653
vt 0.177293 0.168945
vt 0.168182 0.181015
vt 0.046723 0.960870
vt 0.054225 0.947738
vt 0.254472 0.060122
vt 0.237363 0.049899
vt 0.244207 0.038749
vt 0.256234 0.043522
vt 0.273104 0.051259
vt 0.281939 0.058769
vt 0.272404 0.066789
vt 0.235619 0.072400
vt 0.225180 0.061722
vt 0.318392 0.085261
vt 0.319592 0.068725
vt 0.333017 0.063866
vt 0.338619 0.072456
vt 0.339079 0.089311
vt 0.328877 0.103282
vt 0.310822 0.102942
vt 0.300310 0.078932
vt 0.306052 0.068751
vt 0.197978 0.118231
vt 0.186410 0.136868
vt 0.173379 0.134023
vt 0.178301 0.121206
vt 0.212823 0.132330
vt 0.201349 0.143319
vt 0.187973 0.100030
vt 0.199568 0.087607
vt 0.209873 0.099037
vt 0.344271 0.223930
vt 0.371711 0.216051
vt 0.382208 0.227066
vt 0.369520 0.236479
vt 0.350876 0.204451
vt 0.367172 0.202301
vt 0.341733 0.242823
vt 0.316057 0.238875
vt 0.312509 0.225747
vt 0.357841 0.153087
vt 0.365395 0.133328
vt 0.382467 0.129558
vt 0.381747 0.142867
vt 0.335301 0.147484
vt 0.346216 0.133872
vt 0.377171 0.162616
vt 0.370333 0.174864
vt 0.356061 0.172720
vt 0.233014 0.203682
vt 0.240137 0.222365
vt 0.221956 0.220138
vt 0.212653 0.208731
vt 0.208310 0.191979
vt 0.214997 0.179900
vt 0.231427 0.184924
vt 0.261327 0.216028
vt 0.263081 0.228666
vt 0.267432 0.145616
vt 0.244166 0.144933
vt 0.247667 0.134923
vt 0.261854 0.133003
vt 0.249647 0.159502
vt 0.234667 0.155752
vt 0.287558 0.130821
vt 0.305539 0.132319
vt 0.294084 0.144180
vt 0.272733 0.163347
vt 0.261311 0.169577
vt 0.257716 0.164924
vt 0.271349 0.157027
vt 0.274163 0.167306
vt 0.264179 0.172659
vt 0.258217 0.195454
vt 0.269175 0.203756
vt 0.264870 0.207985
vt 0.250326 0.198503
vt 0.262447 0.193599
vt 0.271540 0.201126
vt 0.323599 0.168915
vt 0.313696 0.161639
vt 0.323421 0.156300
vt 0.336583 0.163709
vt 0.317412 0.171654
vt 0.309227 0.165251
vt 0.313335 0.206413
vt 0.325292 0.198934
vt 0.336040 0.202511
vt 0.323722 0.212724
vt 0.308770 0.202226
vt 0.319652 0.196198
vt 0.230591 0.113372
vt 0.233928 0.121440
vt 0.223794 0.125756
vt 0.217639 0.115500
vt 0.280495 0.099045
vt 0.277024 0.090924
vt 0.289755 0.085962
vt 0.296379 0.094149
vt 0.252314 0.087518
vt 0.242095 0.101056
vt 0.241897 0.092099
vt 0.240064 0.082723
vt 0.252828 0.076621
vt 0.163190 0.204000
vt 0.154963 0.209718
vt 0.145800 0.203103
vt 0.155133 0.194355
vt 0.159479 0.234659
vt 0.170107 0.242032
vt 0.163398 0.252234
vt 0.149137 0.245349
vt 0.201245 0.240198
vt 0.209750 0.234355
vt 0.223462 0.243150
vt 0.214715 0.251881
vt 0.098601 0.949427
vt 0.089506 0.953419
vt 0.086765 0.941545
vt 0.097435 0.935224
vt 0.124219 0.965608
vt 0.112737 0.969524
vt 0.110083 0.959380
vt 0.120285 0.955834
vt 0.130730 0.949671
vt 0.137466 0.960041
vt 0.658650 0.625797
vt 0.660848 0.638305
vt 0.649007 0.640144
vt 0.636440 0.624194
vt 0.668272 0.626979
vt 0.667238 0.637242
vt 0.515351 0.533868
vt 0.525712 0.547520
vt 0.507629 0.551638
vt 0.492307 0.535014
vt 0.524959 0.533424
vt 0.533190 0.544690
vt 0.685608 0.666753
vt 0.698452 0.671583
vt 0.700783 0.683633
vt 0.685687 0.680207
vt 0.685795 0.660111
vt 0.696573 0.665266
vt 0.536851 0.483063
vt 0.523884 0.492738
vt 0.510828 0.478184
vt 0.525273 0.463760
vt 0.541522 0.492422
vt 0.530338 0.499918
vt 0.499723 0.669287
vt 0.494155 0.683313
vt 0.475559 0.688684
vt 0.479900 0.669771
vt 0.508776 0.670172
vt 0.503254 0.681261
vt 0.566612 0.696151
vt 0.574641 0.683147
vt 0.584304 0.692047
vt 0.574034 0.709073
vt 0.561702 0.690505
vt 0.568375 0.680023
vt 0.516172 0.712007
vt 0.529687 0.714921
vt 0.523122 0.731575
vt 0.504611 0.731985
vt 0.521003 0.703441
vt 0.532120 0.707160
vt 0.348873 0.580435
vt 0.367364 0.578518
vt 0.371672 0.586191
vt 0.348677 0.590119
vt 0.348973 0.574918
vt 0.365050 0.573642
vt 0.302331 0.549893
vt 0.307083 0.562801
vt 0.294520 0.563741
vt 0.287467 0.547497
vt 0.309573 0.549922
vt 0.313457 0.560873
vt 0.341722 0.515235
vt 0.323122 0.517749
vt 0.318469 0.506476
vt 0.339240 0.500545
vt 0.342311 0.522947
vt 0.325889 0.524010
vt 0.296407 0.671112
vt 0.297161 0.687455
vt 0.285573 0.691413
vt 0.281388 0.672636
vt 0.303848 0.671406
vt 0.303331 0.685509
vt 0.336704 0.711432
vt 0.356895 0.708732
vt 0.358212 0.722124
vt 0.334429 0.726538
vt 0.337287 0.703589
vt 0.355270 0.701848
vt 0.414469 0.103859
vt 0.404768 0.109372
vt 0.396701 0.103370
vt 0.407639 0.094770
vt 0.753805 0.833815
vt 0.746696 0.826749
vt 0.757068 0.821104
vt 0.766551 0.828473
vt 0.723535 0.827761
vt 0.719593 0.842228
vt 0.716227 0.834546
vt 0.711514 0.827953
vt 0.720154 0.819125
vt 0.347417 0.034948
vt 0.342598 0.043004
vt 0.331960 0.042545
vt 0.336348 0.032343
vt 0.352208 0.036608
vt 0.347834 0.043491
vt 0.634192 0.863511
vt 0.624649 0.868101
vt 0.618027 0.863409
vt 0.630170 0.856096
vt 0.636148 0.868001
vt 0.628359 0.871653
vt 0.107254 0.330119
vt 0.107754 0.341554
vt 0.096921 0.340636
vt 0.095738 0.326567
vt 0.161379 0.340466
vt 0.158146 0.325678
vt 0.172985 0.323189
vt 0.179864 0.339488
vt 0.128892 0.364998
vt 0.144375 0.354402
vt 0.143694 0.367929
vt 0.150009 0.381659
vt 0.131382 0.382102
vt 0.131705 0.858864
vt 0.132925 0.846490
vt 0.145265 0.848457
vt 0.144328 0.865330
vt 0.125046 0.856130
vt 0.126362 0.846244
vt 0.111582 0.823502
vt 0.099900 0.825581
vt 0.101087 0.814718
vt 0.117035 0.810544
vt 0.109087 0.830094
vt 0.099895 0.831190
vt 0.390530 0.273662
vt 0.398898 0.279130
vt 0.387166 0.286863
vt 0.375321 0.281131
vt 0.829896 0.792171
vt 0.832072 0.798643
vt 0.823593 0.801222
vt 0.821445 0.795179
vt 0.817144 0.789948
vt 0.827341 0.785493
vt 0.235734 0.011023
vt 0.236127 0.018620
vt 0.227670 0.020521
vt 0.226410 0.010105
vt 0.240302 0.011420
vt 0.240473 0.017169
vt 0.320314 0.989557
vt 0.313968 0.981102
vt 0.318302 0.975503
vt 0.326634 0.986368
vt 0.316908 0.991698
vt 0.311445 0.984498
vt 0.293324 0.326425
vt 0.302260 0.322464
vt 0.311609 0.330927
vt 0.298731 0.337978
vt 0.238900 0.901042
vt 0.226857 0.894777
vt 0.232072 0.884716
vt 0.247788 0.891113
vt 0.677284 0.772645
vt 0.682387 0.782551
vt 0.674180 0.785864
vt 0.667336 0.775004
vt 0.728229 0.760116
vt 0.722503 0.748598
vt 0.732134 0.745013
vt 0.740184 0.756987
vt 0.582499 0.812887
vt 0.588635 0.821409
vt 0.576403 0.829306
vt 0.567248 0.819815
vt 0.168035 0.556647
vt 0.176458 0.553336
vt 0.180902 0.570418
vt 0.165125 0.578912
vt 0.168769 0.546341
vt 0.174018 0.545409
vt 0.190837 0.487643
vt 0.185277 0.478598
vt 0.200604 0.462839
vt 0.211990 0.472839
vt 0.182208 0.493786
vt 0.179271 0.486174
vt 0.189109 0.733722
vt 0.198468 0.723765
vt 0.212871 0.731761
vt 0.203329 0.745571
vt 0.183155 0.727941
vt 0.191765 0.720331
vt 0.437585 0.357342
vt 0.444919 0.365203
vt 0.432497 0.374449
vt 0.420325 0.363091
vt 0.438531 0.871121
vt 0.443862 0.884283
vt 0.428973 0.889312
vt 0.416561 0.873027
vt 0.325642 0.845301
vt 0.315665 0.853294
vt 0.310373 0.846752
vt 0.317414 0.839772
vt 0.358329 0.382216
vt 0.358082 0.398757
vt 0.344051 0.406722
vt 0.266883 0.799749
vt 0.275069 0.790571
vt 0.279824 0.796916
vt 0.273863 0.805224
vt 0.286269 0.422032
vt 0.287473 0.406000
vt 0.304423 0.395902
vt 0.151066 0.674353
vt 0.165996 0.670392
vt 0.161559 0.682081
vt 0.146169 0.689559
vt 0.503278 0.850822
vt 0.501686 0.865004
vt 0.487760 0.870211
vt 0.794879 0.745427
vt 0.791575 0.739552
vt 0.800150 0.738628
vt 0.626845 0.790595
vt 0.628514 0.800659
vt 0.619332 0.804547
vt 0.280137 0.848468
vt 0.270368 0.837679
vt 0.275563 0.834934
vt 0.283599 0.842867
vt 0.318607 0.373867
vt 0.333723 0.367419
vt 0.478014 0.889142
vt 0.463436 0.890614
vt 0.183569 0.001000
vt 0.179431 0.013100
vt 0.241576 0.941784
vt 0.227267 0.948924
vt 0.215977 0.940888
vt 0.229163 0.931307
vt 0.815137 0.752992
vt 0.808808 0.753443
vt 0.304802 0.307592
vt 0.308022 0.313429
vt 0.139072 0.741785
vt 0.128554 0.735387
vt 0.134199 0.728759
vt 0.143189 0.733818
vt 0.193839 0.900003
vt 0.206165 0.893132
vt 0.163304 0.469386
vt 0.170672 0.469726
vt 0.170348 0.478674
vt 0.165744 0.479477
vt 0.262000 0.321355
vt 0.258412 0.314653
vt 0.270458 0.311980
vt 0.274986 0.317216
vt 0.076738 0.852484
vt 0.082064 0.841615
vt 0.086389 0.843378
vt 0.082945 0.852357
vt 0.613882 0.818821
vt 0.603631 0.823765
vt 0.286296 0.020045
vt 0.283132 0.027017
vt 0.279101 0.024675
vt 0.281166 0.018795
vt 0.707813 0.787195
vt 0.695963 0.788273
vt 0.813431 0.811267
vt 0.814076 0.804094
vt 0.420184 0.227605
vt 0.426583 0.233293
vt 0.386777 0.059085
vt 0.378218 0.065690
vt 0.377263 0.060930
vt 0.384135 0.055159
vt 0.311776 0.794165
vt 0.323182 0.804617
vt 0.317685 0.809047
vt 0.308377 0.800539
vt 0.199528 0.688799
vt 0.204202 0.700640
vt 0.195687 0.702431
vt 0.190114 0.693365
vt 0.329873 0.435125
vt 0.311154 0.443378
vt 0.194151 0.528458
vt 0.190089 0.538074
vt 0.183200 0.533867
vt 0.183715 0.525302
vt 0.346559 0.637943
vt 0.366165 0.639725
vt 0.363517 0.644837
vt 0.346302 0.643544
vt 0.474493 0.824028
vt 0.489623 0.822239
vt 0.598241 0.773300
vt 0.609055 0.771340
vt 0.394835 0.671810
vt 0.387635 0.686861
vt 0.381110 0.683961
vt 0.386400 0.671232
vt 0.469415 0.374768
vt 0.460342 0.374044
vt 0.693489 0.737576
vt 0.706581 0.737917
vt 0.397374 0.548620
vt 0.393878 0.561269
vt 0.386661 0.560436
vt 0.388663 0.549911
vt 0.560620 0.648565
vt 0.572817 0.657116
vt 0.565701 0.660597
vt 0.555710 0.654616
vt 0.189861 0.939474
vt 0.182040 0.927733
vt 0.097772 0.881069
vt 0.087495 0.878197
vt 0.090037 0.872768
vt 0.098759 0.874578
vt 0.270404 0.300842
vt 0.280596 0.299188
vt 0.131916 0.306673
vt 0.144292 0.311005
vt 0.081806 0.975217
vt 0.081751 0.965425
vt 0.257347 0.033924
vt 0.247626 0.030808
vt 0.249663 0.026449
vt 0.258039 0.028647
vt 0.349978 0.063988
vt 0.343692 0.058249
vt 0.348987 0.055336
vt 0.354969 0.059456
vt 0.165598 0.122474
vt 0.162253 0.133175
vt 0.386170 0.244377
vt 0.394699 0.234615
vt 0.398040 0.134830
vt 0.397064 0.123982
vt 0.200109 0.212955
vt 0.208841 0.221765
vt 0.257695 0.123876
vt 0.246695 0.126282
vt 0.227319 0.140405
vt 0.217419 0.150603
vt 0.174788 0.150698
vt 0.189697 0.156423
vt 0.188247 0.185241
vt 0.196489 0.174082
vt 0.238781 0.171784
vt 0.223729 0.167459
vt 0.511285 0.575104
vt 0.485718 0.587994
vt 0.408692 0.581047
vt 0.431920 0.590704
vt 0.407447 0.633238
vt 0.430717 0.619520
vt 0.504477 0.629978
vt 0.482794 0.617072
vt 0.315328 0.144761
vt 0.326082 0.132794
vt 0.373932 0.116975
vt 0.356514 0.118051
vt 0.357191 0.089826
vt 0.348008 0.103747
vt 0.300949 0.117302
vt 0.318241 0.118099
vt 0.071336 0.942920
vt 0.061933 0.932347
vt 0.065953 0.891566
vt 0.058425 0.905857
vt 0.026696 0.902200
vt 0.038592 0.910807
vt 0.036953 0.950136
vt 0.043528 0.936409
vt 0.353579 0.188509
vt 0.366605 0.188491
vt 0.389946 0.208233
vt 0.382835 0.197149
vt 0.392661 0.169918
vt 0.383999 0.180557
vt 0.243062 0.236872
vt 0.265596 0.243020
vt 0.293911 0.276995
vt 0.292853 0.263005
vt 0.341692 0.257752
vt 0.317396 0.253745
vt 0.286457 0.223272
vt 0.289018 0.235119
vt 0.319436 0.056147
vt 0.307575 0.057660
vt 0.287111 0.044326
vt 0.293406 0.051974
vt 0.286451 0.072857
vt 0.293363 0.064727
vt 0.171355 0.301374
vt 0.182814 0.294985
vt 0.222324 0.299651
vt 0.204909 0.295152
vt 0.183942 0.268051
vt 0.188540 0.280614
vt 0.126678 0.931845
vt 0.133533 0.922373
vt 0.160849 0.916651
vt 0.149346 0.916728
vt 0.128307 0.895698
vt 0.134536 0.906812
vt 0.221702 0.085054
vt 0.211573 0.073745
vt 0.225379 0.038852
vt 0.214126 0.049329
vt 0.184145 0.036746
vt 0.192191 0.048490
vt 0.178262 0.085869
vt 0.189347 0.074032
vt 0.603573 0.679965
vt 0.619035 0.692858
vt 0.622786 0.747895
vt 0.627939 0.728725
vt 0.661802 0.735093
vt 0.649456 0.722248
vt 0.650001 0.668942
vt 0.642238 0.686878
vt 0.798535 0.794938
vt 0.785357 0.791996
vt 0.789714 0.768442
vt 0.780416 0.778120
vt 0.742577 0.781894
vt 0.755600 0.784804
vt 0.751967 0.809003
vt 0.760783 0.799169
vt 0.696883 0.836876
vt 0.684380 0.832151
vt 0.680940 0.800133
vt 0.676049 0.812042
vt 0.645054 0.813434
vt 0.657530 0.818990
vt 0.660977 0.851937
vt 0.665966 0.839437
vt 0.082494 0.814142
vt 0.078260 0.798037
vt 0.099722 0.747363
vt 0.086642 0.763476
vt 0.052875 0.749451
vt 0.063757 0.763560
vt 0.043064 0.807108
vt 0.057094 0.795184
vt 0.295403 0.583954
vt 0.275012 0.594392
vt 0.212059 0.576990
vt 0.231224 0.593481
vt 0.208527 0.642184
vt 0.229260 0.624828
vt 0.292566 0.633208
vt 0.273468 0.622140
vt 0.210089 0.867104
vt 0.203670 0.846670
vt 0.237768 0.824132
vt 0.217430 0.823353
vt 0.176575 0.776328
vt 0.185706 0.798901
vt 0.154587 0.827714
vt 0.173651 0.824424
vt 0.723540 0.727878
vt 0.729439 0.719893
vt 0.760460 0.722979
vt 0.745584 0.717387
vt 0.722352 0.694083
vt 0.729468 0.705545
vt 0.338043 0.323136
vt 0.356377 0.325097
vt 0.354056 0.353610
vt 0.363728 0.341951
vt 0.407944 0.335393
vt 0.391344 0.331631
vt 0.393462 0.300984
vt 0.384208 0.313917
vt 0.539731 0.744300
vt 0.538389 0.761637
vt 0.516944 0.799013
vt 0.527851 0.784738
vt 0.562059 0.781436
vt 0.548901 0.776888
vt 0.595637 0.875102
vt 0.578988 0.874972
vt 0.581563 0.844254
vt 0.571321 0.858675
vt 0.522923 0.875804
vt 0.540874 0.875001
vt 0.539851 0.905026
vt 0.549213 0.890730
vt 0.388938 0.722205
vt 0.399002 0.742607
vt 0.362397 0.804881
vt 0.385038 0.788042
vt 0.430491 0.812598
vt 0.420528 0.790626
vt 0.459246 0.723189
vt 0.435214 0.744042
vt 0.294646 0.507721
vt 0.284376 0.498436
vt 0.287513 0.466278
vt 0.280921 0.479532
vt 0.243754 0.498393
vt 0.262841 0.494180
vt 0.181993 0.379676
vt 0.202510 0.386643
vt 0.196129 0.434311
vt 0.210102 0.413016
vt 0.269173 0.396256
vt 0.248395 0.395571
vt 0.254620 0.354493
vt 0.240084 0.372311
vt 0.477931 0.485450
vt 0.451595 0.469845
vt 0.442683 0.405794
vt 0.435001 0.429342
vt 0.376638 0.427002
vt 0.397887 0.439386
vt 0.398327 0.499436
vt 0.411023 0.478290
vt 0.236076 0.720623
vt 0.253874 0.725844
vt 0.277734 0.758920
vt 0.272283 0.743324
vt 0.289069 0.716020
vt 0.277594 0.724736
vt 0.308593 0.956760
vt 0.310528 0.940918
vt 0.345401 0.931992
vt 0.330691 0.927550
vt 0.311354 0.882817
vt 0.311405 0.902298
vt 0.274132 0.918193
vt 0.291856 0.918977
vt 0.206585 0.162146
vt 0.457795 0.603355
vt 0.337374 0.118463
vt 0.050767 0.921228
vt 0.377244 0.188834
vt 0.291156 0.248947
vt 0.298278 0.058037
vt 0.192506 0.290474
vt 0.139395 0.915372
vt 0.201682 0.061308
vt 0.634644 0.707573
vt 0.770565 0.788471
vt 0.670922 0.825734
vt 0.072135 0.780139
vt 0.251975 0.608411
vt 0.195293 0.823060
vt 0.735058 0.714228
vt 0.374185 0.327991
vt 0.537760 0.774756
vt 0.560180 0.874765
vt 0.409712 0.766345
vt 0.275494 0.490846
vt 0.225148 0.392241
vt 0.424522 0.454030
vt 0.267497 0.731047
vt 0.311877 0.921929
vt 0.238585 0.127070
vt 0.234374 0.132388
vt 0.158752 0.140787
vt 0.164378 0.145230
vt 0.152986 0.153382
vt 0.150849 0.143611
vt 0.181834 0.200773
vt 0.183326 0.194481
vt 0.198953 0.200059
vt 0.189724 0.205572
vt 0.172999 0.201502
vt 0.168178 0.192412
vt 0.254000 0.177124
vt 0.258016 0.178717
vt 0.248449 0.174810
vt 0.252259 0.186002
vt 0.243972 0.186372
vt 0.540418 0.557965
vt 0.544104 0.552387
vt 0.529692 0.565351
vt 0.557200 0.562152
vt 0.555890 0.576634
vt 0.383643 0.571655
vt 0.378806 0.568634
vt 0.392960 0.575318
vt 0.382648 0.646763
vt 0.392333 0.657704
vt 0.385236 0.659283
vt 0.377733 0.650242
vt 0.391926 0.641754
vt 0.407009 0.655682
vt 0.526128 0.648724
vt 0.543585 0.646667
vt 0.542461 0.652734
vt 0.528900 0.653886
vt 0.518813 0.640529
vt 0.545420 0.635302
vt 0.510943 0.657140
vt 0.495619 0.653273
vt 0.301381 0.158083
vt 0.299198 0.162145
vt 0.306875 0.152700
vt 0.286941 0.159048
vt 0.288436 0.152802
vt 0.396883 0.116041
vt 0.387932 0.116013
vt 0.368065 0.069143
vt 0.358402 0.068101
vt 0.361842 0.062992
vt 0.369293 0.064222
vt 0.363990 0.077982
vt 0.349916 0.077326
vt 0.278626 0.114765
vt 0.287297 0.116133
vt 0.275732 0.126245
vt 0.269165 0.119256
vt 0.280115 0.107970
vt 0.294698 0.105013
vt 0.083107 0.956966
vt 0.078377 0.951564
vt 0.079413 0.872609
vt 0.075611 0.863509
vt 0.081664 0.861398
vt 0.083605 0.868795
vt 0.073110 0.880208
vt 0.065173 0.868029
vt 0.113041 0.311074
vt 0.108336 0.303891
vt 0.118213 0.295376
vt 0.120730 0.308895
vt 0.109651 0.319301
vt 0.100292 0.314164
vt 0.149692 0.216499
vt 0.141440 0.216930
vt 0.152741 0.224664
vt 0.142123 0.231581
vt 0.331847 0.188942
vt 0.325937 0.188395
vt 0.341300 0.188844
vt 0.330576 0.178447
vt 0.342269 0.175198
vt 0.401203 0.226739
vt 0.396627 0.218772
vt 0.409978 0.212114
vt 0.410565 0.226196
vt 0.407102 0.151005
vt 0.401128 0.159149
vt 0.389409 0.152767
vt 0.402540 0.144454
vt 0.416589 0.149500
vt 0.414182 0.162280
vt 0.214911 0.229497
vt 0.226047 0.231967
vt 0.289418 0.298179
vt 0.291442 0.290406
vt 0.308977 0.294613
vt 0.296943 0.302779
vt 0.373898 0.260276
vt 0.360922 0.260128
vt 0.362522 0.248374
vt 0.379397 0.253740
vt 0.381559 0.266911
vt 0.366500 0.271443
vt 0.283310 0.209899
vt 0.283334 0.206432
vt 0.284381 0.215236
vt 0.298721 0.210022
vt 0.305189 0.216406
vt 0.340843 0.051177
vt 0.346020 0.050124
vt 0.331306 0.053515
vt 0.276829 0.032224
vt 0.267619 0.034442
vt 0.266913 0.029920
vt 0.274559 0.028772
vt 0.281294 0.037563
vt 0.269184 0.042237
vt 0.273068 0.085512
vt 0.279004 0.080187
vt 0.263801 0.085493
vt 0.266336 0.076188
vt 0.154289 0.314733
vt 0.161406 0.308565
vt 0.254434 0.308262
vt 0.241508 0.304386
vt 0.247614 0.294384
vt 0.262352 0.304918
vt 0.179363 0.247345
vt 0.180615 0.255958
vt 0.189437 0.244637
vt 0.199134 0.255925
vt 0.116264 0.948632
vt 0.120547 0.941397
vt 0.108375 0.948488
vt 0.109189 0.936291
vt 0.178631 0.917888
vt 0.170334 0.916312
vt 0.173751 0.902402
vt 0.183631 0.908758
vt 0.118286 0.877215
vt 0.108674 0.880800
vt 0.107702 0.874905
vt 0.115741 0.872580
vt 0.122575 0.884920
vt 0.109984 0.891697
vt 0.126126 0.869698
vt 0.135158 0.877146
vt 0.234542 0.096573
vt 0.229590 0.092869
vt 0.231862 0.104079
vt 0.221257 0.104024
vt 0.240064 0.025591
vt 0.243329 0.022546
vt 0.234089 0.030856
vt 0.174834 0.022218
vt 0.178552 0.027929
vt 0.166558 0.037078
vt 0.166321 0.025802
vt 0.164390 0.102307
vt 0.169789 0.095828
vt 0.176601 0.107864
vt 0.165933 0.111205
vt 0.156841 0.099006
vt 0.160281 0.086246
vt 0.577578 0.669474
vt 0.570569 0.669579
vt 0.589257 0.672244
vt 0.617210 0.771559
vt 0.619368 0.762539
vt 0.630517 0.772714
vt 0.622454 0.779911
vt 0.675747 0.749271
vt 0.670145 0.743998
vt 0.678406 0.731161
vt 0.682288 0.743197
vt 0.675506 0.759841
vt 0.666507 0.759734
vt 0.664693 0.649619
vt 0.669548 0.646503
vt 0.657508 0.656597
vt 0.673470 0.659237
vt 0.670665 0.670557
vt 0.814690 0.798623
vt 0.808612 0.797139
vt 0.802240 0.754116
vt 0.797643 0.759546
vt 0.787602 0.755066
vt 0.799214 0.750080
vt 0.727604 0.778633
vt 0.733658 0.780223
vt 0.723438 0.789268
vt 0.719488 0.783413
vt 0.729281 0.771340
vt 0.739752 0.769308
vt 0.741279 0.822456
vt 0.745169 0.816891
vt 0.732725 0.823694
vt 0.732134 0.815675
vt 0.711501 0.840786
vt 0.706130 0.839708
vt 0.711835 0.848067
vt 0.703453 0.852224
vt 0.687726 0.787973
vt 0.684773 0.792716
vt 0.628444 0.807966
vt 0.634859 0.809968
vt 0.627463 0.819836
vt 0.622346 0.812753
vt 0.653799 0.865633
vt 0.661577 0.870930
vt 0.657743 0.873309
vt 0.651965 0.868918
vt 0.656728 0.860485
vt 0.668609 0.867405
vt 0.644428 0.863061
vt 0.643677 0.855839
vt 0.089423 0.831975
vt 0.091850 0.835702
vt 0.086002 0.825150
vt 0.120836 0.726987
vt 0.116564 0.717020
vt 0.125439 0.713230
vt 0.127264 0.721982
vt 0.111115 0.735313
vt 0.103157 0.721705
vt 0.028387 0.732680
vt 0.025546 0.736833
vt 0.021178 0.732543
vt 0.022701 0.730419
vt 0.039735 0.738999
vt 0.033231 0.747752
vt 0.028419 0.727225
vt 0.041875 0.728417
vt 0.108782 0.351214
vt 0.102778 0.355350
vt 0.116698 0.357706
vt 0.113427 0.369562
vt 0.316790 0.572925
vt 0.321237 0.569334
vt 0.308777 0.577386
vt 0.331400 0.579232
vt 0.327189 0.587315
vt 0.184261 0.547607
vt 0.179022 0.541530
vt 0.195896 0.560220
vt 0.180199 0.671710
vt 0.191420 0.678474
vt 0.183175 0.685585
vt 0.174168 0.680731
vt 0.192034 0.658253
vt 0.208870 0.668885
vt 0.312194 0.645114
vt 0.328013 0.638824
vt 0.330047 0.644140
vt 0.316458 0.648969
vt 0.304865 0.640391
vt 0.324666 0.630623
vt 0.301544 0.656282
vt 0.289153 0.654623
vt 0.216207 0.889630
vt 0.214255 0.881088
vt 0.264306 0.825400
vt 0.263195 0.812058
vt 0.270156 0.814956
vt 0.270474 0.825378
vt 0.253437 0.824917
vt 0.249773 0.805035
vt 0.165006 0.745801
vt 0.152219 0.745141
vt 0.153247 0.737427
vt 0.163528 0.738482
vt 0.169715 0.758464
vt 0.151241 0.759416
vt 0.177580 0.741461
vt 0.188080 0.754132
vt 0.129973 0.835140
vt 0.124564 0.837494
vt 0.139944 0.831573
vt 0.122193 0.826952
vt 0.129951 0.818409
vt 0.716111 0.740578
vt 0.719253 0.734908
vt 0.787580 0.733644
vt 0.776679 0.729500
vt 0.778855 0.720346
vt 0.792996 0.731079
vt 0.710201 0.672551
vt 0.706867 0.666737
vt 0.715460 0.682249
vt 0.719573 0.667848
vt 0.729634 0.677980
vt 0.310332 0.318935
vt 0.320900 0.321219
vt 0.344181 0.365800
vt 0.348520 0.360435
vt 0.362660 0.365982
vt 0.351966 0.370400
vt 0.432798 0.343119
vt 0.423242 0.339380
vt 0.431260 0.330964
vt 0.439832 0.340806
vt 0.434970 0.349369
vt 0.418995 0.350343
vt 0.404152 0.283720
vt 0.400343 0.290533
vt 0.413420 0.282686
vt 0.413694 0.292188
vt 0.542914 0.713986
vt 0.543028 0.707124
vt 0.541568 0.727339
vt 0.555618 0.707255
vt 0.559050 0.720716
vt 0.499798 0.824557
vt 0.506846 0.813611
vt 0.516289 0.827063
vt 0.502549 0.836015
vt 0.581542 0.789416
vt 0.573782 0.786120
vt 0.581542 0.769327
vt 0.588479 0.781565
vt 0.581183 0.800083
vt 0.567875 0.803670
vt 0.617254 0.875739
vt 0.622184 0.877174
vt 0.608426 0.875177
vt 0.613640 0.885249
vt 0.602127 0.888430
vt 0.594315 0.826188
vt 0.589508 0.833265
vt 0.499668 0.874789
vt 0.508737 0.876084
vt 0.497063 0.890325
vt 0.490074 0.881535
vt 0.531774 0.924364
vt 0.540393 0.924079
vt 0.537990 0.928407
vt 0.531936 0.928900
vt 0.533895 0.916294
vt 0.547620 0.916472
vt 0.523418 0.930292
vt 0.520069 0.922570
vt 0.374576 0.699514
vt 0.370964 0.694916
vt 0.380667 0.708198
vt 0.330834 0.818214
vt 0.331398 0.832877
vt 0.322581 0.830326
vt 0.323517 0.819449
vt 0.344106 0.814248
vt 0.348409 0.836909
vt 0.445256 0.839189
vt 0.438905 0.829144
vt 0.458252 0.810869
vt 0.457877 0.831438
vt 0.441382 0.854088
vt 0.425595 0.851907
vt 0.494927 0.696599
vt 0.502883 0.691648
vt 0.479729 0.707058
vt 0.503443 0.706289
vt 0.489353 0.722705
vt 0.309231 0.524076
vt 0.313274 0.528322
vt 0.302180 0.517264
vt 0.302762 0.536103
vt 0.291677 0.531514
vt 0.297533 0.445792
vt 0.291924 0.455679
vt 0.278253 0.446311
vt 0.289743 0.437214
vt 0.196587 0.507609
vt 0.196720 0.518487
vt 0.186101 0.517001
vt 0.186838 0.509234
vt 0.218804 0.503862
vt 0.222018 0.519142
vt 0.194562 0.497633
vt 0.217190 0.487662
vt 0.155819 0.365500
vt 0.165684 0.372027
vt 0.159140 0.355175
vt 0.176302 0.357034
vt 0.178356 0.472049
vt 0.174986 0.480273
vt 0.185561 0.455442
vt 0.291162 0.394481
vt 0.282549 0.395240
vt 0.297085 0.378471
vt 0.303047 0.384476
vt 0.273535 0.331251
vt 0.266756 0.339689
vt 0.251517 0.335314
vt 0.268287 0.326525
vt 0.283204 0.328453
vt 0.283071 0.340057
vt 0.514277 0.504571
vt 0.522004 0.508682
vt 0.500201 0.496999
vt 0.510666 0.518578
vt 0.490555 0.515747
vt 0.450591 0.374231
vt 0.447969 0.385862
vt 0.357600 0.412954
vt 0.364730 0.418216
vt 0.350884 0.437829
vt 0.347032 0.423308
vt 0.380111 0.524247
vt 0.391368 0.535512
vt 0.384593 0.538735
vt 0.375310 0.529237
vt 0.388426 0.514511
vt 0.405891 0.529549
vt 0.362605 0.516979
vt 0.364847 0.503585
vt 0.204334 0.712838
vt 0.197102 0.711718
vt 0.218614 0.715974
vt 0.285868 0.785747
vt 0.298867 0.787447
vt 0.297963 0.794382
vt 0.287961 0.792387
vt 0.282422 0.773973
vt 0.300647 0.773368
vt 0.304268 0.701404
vt 0.308274 0.697567
vt 0.297925 0.708045
vt 0.318410 0.709190
vt 0.314001 0.720779
vt 0.306537 0.975442
vt 0.305660 0.979746
vt 0.307360 0.967977
vt 0.299074 0.974361
vt 0.295545 0.965848
vt 0.451829 0.891580
vt 0.446010 0.898374
vt 0.304563 0.856809
vt 0.292578 0.855166
vt 0.293073 0.848745
vt 0.302649 0.850727
vt 0.307514 0.867042
vt 0.289538 0.866061
vt 0.253724 0.918336
vt 0.261857 0.918170
vt 0.261055 0.933986
vt 0.250649 0.928176
vt 0.248675 0.909640
vt 0.257403 0.903654
vt 0.275466 0.169895
vt 0.266422 0.174550
vt 0.276671 0.171524
vt 0.268418 0.175783
vt 0.264880 0.192388
vt 0.273201 0.198928
vt 0.267065 0.191577
vt 0.274702 0.197222
vt 0.315053 0.173320
vt 0.307698 0.167747
vt 0.312700 0.174521
vt 0.306259 0.169383
vt 0.307147 0.199478
vt 0.316819 0.194243
vt 0.305712 0.197739
vt 0.314264 0.192869
vt 0.260946 0.179795
vt 0.263555 0.180521
vt 0.263144 0.185838
vt 0.260525 0.185830
vt 0.284032 0.203026
vt 0.284638 0.200872
vt 0.295391 0.200739
vt 0.295801 0.202621
vt 0.322426 0.187670
vt 0.319254 0.187052
vt 0.317777 0.180617
vt 0.320771 0.180339
vt 0.298618 0.164830
vt 0.297991 0.166639
vt 0.287305 0.167853
vt 0.287044 0.166117
vt 0.353786 0.037653
vt 0.349947 0.044035
vt 0.355008 0.038337
vt 0.351548 0.044316
vt 0.636983 0.870684
vt 0.630233 0.873966
vt 0.637589 0.872715
vt 0.631610 0.875728
vt 0.382626 0.053669
vt 0.376486 0.058663
vt 0.375806 0.057065
vt 0.381348 0.052658
vt 0.356339 0.057501
vt 0.351055 0.054056
vt 0.352704 0.053100
vt 0.357488 0.056021
vt 0.369359 0.061571
vt 0.362691 0.060445
vt 0.363259 0.058684
vt 0.369465 0.059530
vt 0.348417 0.049729
vt 0.350271 0.049389
vt 0.650850 0.871029
vt 0.655846 0.874879
vt 0.654452 0.876115
vt 0.649808 0.872659
vt 0.643863 0.871663
vt 0.644088 0.869729
vt 0.624881 0.878940
vt 0.627092 0.880237
vt 0.624841 0.886049
vt 0.622937 0.885548
vt 0.122145 0.855316
vt 0.123121 0.846748
vt 0.120068 0.854910
vt 0.120716 0.847291
vt 0.108081 0.833093
vt 0.100251 0.833947
vt 0.107620 0.835055
vt 0.100467 0.836025
vt 0.085897 0.852362
vt 0.088510 0.844484
vt 0.090214 0.845336
vt 0.087871 0.852408
vt 0.099742 0.871979
vt 0.092201 0.870425
vt 0.093708 0.868707
vt 0.100401 0.870021
vt 0.114620 0.870188
vt 0.107501 0.872381
vt 0.107399 0.870297
vt 0.113770 0.868329
vt 0.117925 0.862453
vt 0.119557 0.863781
vt 0.093271 0.837743
vt 0.094329 0.839426
vt 0.086517 0.866944
vt 0.084880 0.860346
vt 0.087227 0.859525
vt 0.088817 0.865443
vt 0.121635 0.839232
vt 0.119307 0.840669
vt 0.114385 0.836537
vt 0.115854 0.834581
vt 0.180884 0.725522
vt 0.188662 0.718861
vt 0.179266 0.723859
vt 0.186302 0.717910
vt 0.142697 0.699459
vt 0.159818 0.687464
vt 0.158321 0.691850
vt 0.145358 0.700629
vt 0.145536 0.730851
vt 0.137500 0.725971
vt 0.140112 0.723700
vt 0.147185 0.728266
vt 0.186825 0.695400
vt 0.192173 0.703052
vt 0.189790 0.703975
vt 0.184637 0.697523
vt 0.193435 0.711217
vt 0.190574 0.710973
vt 0.171848 0.685405
vt 0.180229 0.688939
vt 0.177897 0.691649
vt 0.169915 0.688785
vt 0.163503 0.735015
vt 0.154386 0.734251
vt 0.155120 0.731436
vt 0.163152 0.732157
vt 0.171261 0.729073
vt 0.172331 0.731406
vt 0.131891 0.719512
vt 0.131268 0.710779
vt 0.136088 0.710750
vt 0.135458 0.718062
vt 0.671995 0.627515
vt 0.670939 0.636918
vt 0.674951 0.628182
vt 0.673681 0.636765
vt 0.527621 0.532630
vt 0.534713 0.542078
vt 0.529883 0.531544
vt 0.536168 0.540137
vt 0.686838 0.657803
vt 0.695758 0.662572
vt 0.687938 0.655815
vt 0.695372 0.660147
vt 0.542860 0.495394
vt 0.532740 0.502799
vt 0.543718 0.497645
vt 0.534806 0.505266
vt 0.704685 0.664067
vt 0.703038 0.661666
vt 0.709050 0.658493
vt 0.711039 0.660279
vt 0.672784 0.645376
vt 0.675957 0.644254
vt 0.680925 0.650556
vt 0.678724 0.652153
vt 0.544594 0.548896
vt 0.544816 0.545847
vt 0.555092 0.546349
vt 0.555907 0.549728
vt 0.524953 0.510591
vt 0.527638 0.512502
vt 0.526729 0.521903
vt 0.523835 0.521239
vt 0.511478 0.671372
vt 0.506244 0.681160
vt 0.514177 0.672253
vt 0.509379 0.680946
vt 0.559236 0.688639
vt 0.565110 0.679102
vt 0.556973 0.687500
vt 0.561924 0.678778
vt 0.522564 0.701058
vt 0.532716 0.704419
vt 0.524147 0.698756
vt 0.533220 0.702049
vt 0.553852 0.657197
vt 0.562745 0.662133
vt 0.559843 0.663814
vt 0.551886 0.659575
vt 0.567057 0.669959
vt 0.563831 0.670495
vt 0.530000 0.656895
vt 0.542036 0.655597
vt 0.541477 0.658135
vt 0.530827 0.659677
vt 0.521498 0.664693
vt 0.519758 0.662863
vt 0.542685 0.704211
vt 0.542329 0.701784
vt 0.550413 0.695786
vt 0.551778 0.698016
vt 0.505856 0.690352
vt 0.508626 0.689267
vt 0.514874 0.694870
vt 0.512561 0.696603
vt 0.242172 0.011534
vt 0.242458 0.016530
vt 0.243643 0.011808
vt 0.244022 0.016347
vt 0.315381 0.992828
vt 0.310318 0.986264
vt 0.314405 0.993595
vt 0.309716 0.987574
vt 0.279169 0.018280
vt 0.277413 0.023130
vt 0.275908 0.022458
vt 0.277534 0.017985
vt 0.258430 0.026239
vt 0.250811 0.024266
vt 0.251731 0.022810
vt 0.258694 0.024772
vt 0.305103 0.981973
vt 0.304963 0.983668
vt 0.300882 0.983104
vt 0.300414 0.981423
vt 0.532520 0.931083
vt 0.537706 0.930588
vt 0.537076 0.932087
vt 0.532704 0.932733
vt 0.527902 0.937340
vt 0.527129 0.936068
vt 0.245043 0.021062
vt 0.246430 0.020159
vt 0.273441 0.026724
vt 0.266534 0.027506
vt 0.266109 0.025925
vt 0.272390 0.025345
vt 0.307343 0.671868
vt 0.306724 0.684522
vt 0.311182 0.672195
vt 0.310564 0.683287
vt 0.337539 0.700080
vt 0.354184 0.698222
vt 0.337757 0.696933
vt 0.352869 0.695112
vt 0.346128 0.646615
vt 0.361923 0.647788
vt 0.360336 0.650277
vt 0.345949 0.648921
vt 0.383060 0.670824
vt 0.378169 0.682462
vt 0.374875 0.681339
vt 0.379074 0.670835
vt 0.375128 0.652389
vt 0.382129 0.660331
vt 0.378569 0.661397
vt 0.372232 0.654422
vt 0.368666 0.692385
vt 0.366283 0.690209
vt 0.311005 0.695240
vt 0.314116 0.692757
vt 0.324381 0.696546
vt 0.322495 0.699750
vt 0.318892 0.651862
vt 0.331266 0.647414
vt 0.332458 0.650171
vt 0.321402 0.654315
vt 0.314463 0.661969
vt 0.311030 0.660233
vt 0.348921 0.571972
vt 0.363697 0.570806
vt 0.348865 0.569768
vt 0.362344 0.568523
vt 0.312929 0.549454
vt 0.316401 0.559275
vt 0.316415 0.549146
vt 0.319458 0.557856
vt 0.342687 0.526395
vt 0.327706 0.527009
vt 0.342924 0.529354
vt 0.329758 0.529686
vt 0.385224 0.550122
vt 0.383563 0.559336
vt 0.380228 0.558358
vt 0.381652 0.550068
vt 0.323516 0.566763
vt 0.325983 0.564552
vt 0.336307 0.568396
vt 0.335033 0.570992
vt 0.373382 0.531635
vt 0.381759 0.540125
vt 0.378478 0.541134
vt 0.370784 0.533821
vt 0.357666 0.530283
vt 0.358908 0.527523
vt 0.316137 0.530595
vt 0.319317 0.532629
vt 0.315565 0.540112
vt 0.312005 0.539227
vt 0.376354 0.566491
vt 0.373726 0.564612
vt 0.168830 0.543574
vt 0.173155 0.542161
vt 0.168895 0.542151
vt 0.172471 0.540658
vt 0.179761 0.495267
vt 0.176992 0.489178
vt 0.178233 0.495879
vt 0.175547 0.490637
vt 0.166184 0.482107
vt 0.170182 0.481970
vt 0.169769 0.483812
vt 0.166547 0.483492
vt 0.181678 0.524283
vt 0.180096 0.532419
vt 0.179144 0.532000
vt 0.179857 0.527050
vt 0.174243 0.484112
vt 0.173121 0.485921
vt 0.183551 0.509180
vt 0.183380 0.515940
vt 0.182071 0.514554
vt 0.182012 0.509020
vt 0.179616 0.502228
vt 0.181653 0.502371
vt 0.177398 0.538272
vt 0.176345 0.537034
vt 0.020351 0.729859
vt 0.019202 0.731451
vt 0.018118 0.730912
vt 0.018971 0.729559
vt 0.018663 0.727734
vt 0.019889 0.727618
vt 0.314410 0.837768
vt 0.308322 0.843869
vt 0.306637 0.841529
vt 0.311993 0.835925
vt 0.276592 0.807399
vt 0.281843 0.799804
vt 0.283468 0.802273
vt 0.279049 0.809286
vt 0.284993 0.840471
vt 0.278026 0.833514
vt 0.280081 0.832243
vt 0.286085 0.838381
vt 0.307307 0.802980
vt 0.315437 0.810617
vt 0.313515 0.811948
vt 0.306345 0.805193
vt 0.301559 0.847445
vt 0.293121 0.845603
vt 0.293182 0.842974
vt 0.300647 0.844723
vt 0.289030 0.795565
vt 0.298070 0.797431
vt 0.298229 0.800069
vt 0.289720 0.798111
vt 0.320522 0.819976
vt 0.319313 0.829477
vt 0.316574 0.828770
vt 0.318115 0.820441
vt 0.273550 0.825111
vt 0.273301 0.816002
vt 0.275873 0.816824
vt 0.276021 0.824940
vt 0.278786 0.173862
vt 0.270685 0.177784
vt 0.288962 0.170315
vt 0.293377 0.174632
vt 0.270908 0.190363
vt 0.278203 0.195733
vt 0.266992 0.184931
vt 0.308427 0.176334
vt 0.299353 0.180139
vt 0.302376 0.171339
vt 0.313526 0.182082
vt 0.305680 0.186035
vt 0.302580 0.195316
vt 0.311080 0.190751
vt 0.292838 0.198186
vt 0.296706 0.169028
vt 0.315164 0.186606
vt 0.266606 0.181022
vt 0.285170 0.198650
vt 0.357553 0.039134
vt 0.354136 0.044767
vt 0.627182 0.891954
vt 0.627977 0.885449
vt 0.633353 0.882918
vt 0.633422 0.889333
vt 0.638386 0.875377
vt 0.640013 0.879947
vt 0.632649 0.878306
vt 0.644379 0.874245
vt 0.646621 0.878310
vt 0.379249 0.050640
vt 0.374007 0.055019
vt 0.369857 0.051943
vt 0.375090 0.046754
vt 0.359693 0.053616
vt 0.354883 0.051009
vt 0.629125 0.881312
vt 0.352704 0.048599
vt 0.369507 0.057247
vt 0.365122 0.056271
vt 0.648624 0.874499
vt 0.651737 0.877175
vt 0.117019 0.854370
vt 0.117696 0.847192
vt 0.115002 0.861500
vt 0.109340 0.860858
vt 0.106840 0.838401
vt 0.100082 0.839193
vt 0.113154 0.839903
vt 0.090820 0.852398
vt 0.092986 0.845599
vt 0.101094 0.866780
vt 0.094730 0.865710
vt 0.116843 0.842473
vt 0.095631 0.841220
vt 0.090986 0.863753
vt 0.090126 0.859306
vt 0.112438 0.865809
vt 0.107872 0.867013
vt 0.176133 0.721013
vt 0.182993 0.715743
vt 0.169031 0.726051
vt 0.162628 0.722091
vt 0.148877 0.701466
vt 0.159150 0.695555
vt 0.164311 0.699697
vt 0.150307 0.724576
vt 0.143611 0.719812
vt 0.179184 0.700148
vt 0.185041 0.706142
vt 0.140356 0.716038
vt 0.142328 0.709700
vt 0.186706 0.711231
vt 0.163568 0.728512
vt 0.157862 0.727545
vt 0.166790 0.692771
vt 0.172380 0.694970
vt 0.680285 0.629574
vt 0.679139 0.637753
vt 0.563747 0.540595
vt 0.553323 0.541950
vt 0.549252 0.535360
vt 0.559593 0.532554
vt 0.534732 0.530000
vt 0.543684 0.526692
vt 0.540596 0.538025
vt 0.531899 0.520809
vt 0.540141 0.516867
vt 0.689792 0.652559
vt 0.696725 0.656926
vt 0.682953 0.647563
vt 0.545290 0.502095
vt 0.548998 0.510650
vt 0.537222 0.509248
vt 0.713153 0.649797
vt 0.706634 0.655820
vt 0.701910 0.658538
vt 0.532061 0.514182
vt 0.546174 0.542247
vt 0.679205 0.643288
vt 0.518786 0.673338
vt 0.514313 0.681307
vt 0.525457 0.666244
vt 0.534090 0.667498
vt 0.553314 0.685634
vt 0.557802 0.677550
vt 0.547361 0.693540
vt 0.540829 0.690447
vt 0.527137 0.694613
vt 0.535842 0.697538
vt 0.518309 0.690992
vt 0.549004 0.663136
vt 0.556598 0.667174
vt 0.513363 0.687314
vt 0.542068 0.697832
vt 0.531758 0.662259
vt 0.539368 0.661647
vt 0.559496 0.671767
vt 0.246494 0.011700
vt 0.246803 0.016449
vt 0.298981 0.987673
vt 0.302350 0.985675
vt 0.305850 0.990407
vt 0.302529 0.992649
vt 0.312970 0.994707
vt 0.310432 0.996536
vt 0.308458 0.988909
vt 0.525744 0.945378
vt 0.529351 0.938541
vt 0.532230 0.939778
vt 0.528709 0.946900
vt 0.274483 0.017121
vt 0.273043 0.021645
vt 0.267096 0.020347
vt 0.268175 0.015677
vt 0.259077 0.022688
vt 0.252352 0.020887
vt 0.305164 0.985770
vt 0.248237 0.019279
vt 0.270809 0.023856
vt 0.266170 0.023853
vt 0.532579 0.934885
vt 0.535550 0.934611
vt 0.317439 0.671935
vt 0.316568 0.682329
vt 0.320193 0.662455
vt 0.330829 0.661459
vt 0.338661 0.691990
vt 0.353141 0.690643
vt 0.325944 0.691632
vt 0.345526 0.652844
vt 0.359438 0.654007
vt 0.359596 0.661171
vt 0.344662 0.660506
vt 0.372320 0.670899
vt 0.368703 0.681005
vt 0.324338 0.656670
vt 0.332522 0.654003
vt 0.318495 0.689213
vt 0.368438 0.656555
vt 0.371941 0.661949
vt 0.363131 0.687648
vt 0.348728 0.566299
vt 0.361733 0.565168
vt 0.336595 0.564990
vt 0.335369 0.558517
vt 0.322751 0.549348
vt 0.333587 0.550130
vt 0.325250 0.557404
vt 0.321735 0.540697
vt 0.332266 0.541051
vt 0.343731 0.533363
vt 0.345542 0.541373
vt 0.331308 0.533561
vt 0.357635 0.534214
vt 0.360015 0.541664
vt 0.374904 0.550098
vt 0.373866 0.557953
vt 0.328992 0.562460
vt 0.324125 0.535257
vt 0.370261 0.562756
vt 0.367057 0.536309
vt 0.371979 0.541594
vt 0.168122 0.498656
vt 0.169623 0.500319
vt 0.168746 0.540644
vt 0.171881 0.539137
vt 0.166879 0.497129
vt 0.167940 0.496268
vt 0.176591 0.496232
vt 0.173528 0.491774
vt 0.178046 0.501302
vt 0.175610 0.499909
vt 0.167816 0.493884
vt 0.169577 0.492810
vt 0.173840 0.502102
vt 0.172049 0.501948
vt 0.170674 0.501614
vt 0.171075 0.492048
vt 0.176646 0.502573
vt 0.175453 0.502516
vt 0.166252 0.496008
vt 0.166652 0.495016
vt 0.308811 0.833217
vt 0.303586 0.838543
vt 0.298136 0.834763
vt 0.282386 0.811967
vt 0.286891 0.805689
vt 0.292733 0.809378
vt 0.287810 0.835285
vt 0.282122 0.829545
vt 0.304366 0.808476
vt 0.311152 0.815114
vt 0.291028 0.802252
vt 0.296715 0.803791
vt 0.314416 0.820701
vt 0.312582 0.826163
vt 0.299514 0.841190
vt 0.294297 0.839501
vt 0.279231 0.824600
vt 0.279672 0.819185
vt 0.266913 0.111291
vt 0.180438 0.209282
vt 0.145891 0.109006
vt 0.156094 0.110914
vt 0.554073 0.521904
vt 0.723081 0.851413
vt 0.425689 0.133272
vt 0.414718 0.138634
vt 0.641384 0.886254
vt 0.649476 0.884115
vt 0.119804 0.321347
vt 0.392288 0.259639
vt 0.307173 0.999000
vt 0.536031 0.941556
vt 0.532501 0.948519
vt 0.279515 0.321835
vt 0.240030 0.920316
vt 0.685755 0.756453
vt 0.717341 0.774327
vt 0.592539 0.794141
vt 0.444874 0.348181
vt 0.451290 0.346680
vt 0.457120 0.849831
vt 0.094488 0.709122
vt 0.255256 0.948747
vt 0.441419 0.326217
vt 0.023155 0.752115
vt 0.557411 0.922475
vt 0.422577 0.208763
vt 0.677280 0.877614
vt 0.785286 0.713709
vt 0.154054 0.041475
vt 0.001000 0.918845
vt 0.009589 0.909004
vt 0.141390 0.158669
vt 0.577706 0.578351
vt 0.022922 0.881051
vt 0.019025 0.868711
vt 0.128703 0.238322
vt 0.427364 0.160568
vt 0.149204 0.080572
vt 0.705061 0.864935
vt 0.039940 0.717521
vt 0.026888 0.800684
vt 0.017538 0.792450
vt 0.741726 0.669957
vt 0.427428 0.292805
vt 0.599577 0.901898
vt 0.510280 0.933298
vt 0.285740 0.970590
vt 0.132797 0.200089
vt 0.147170 0.095593
vt 0.572038 0.559097
vt 0.727373 0.658792
vt 0.714082 0.858126
vt 0.427471 0.145228
vt 0.612977 0.895836
vt 0.026954 0.844502
vt 0.031867 0.829722
vt 0.424277 0.283600
vt 0.292506 0.977899
vt 0.517148 0.939775
vt 0.025597 0.721581
vt 0.413804 0.896583
vt 0.131773 0.701317
vt 0.115092 0.706181
vt 0.805756 0.737455
vt 0.446897 0.338638
vt 0.018479 0.734132
vt 0.020684 0.739376
vt 0.543278 0.931713
vt 0.547386 0.928704
vt 0.662226 0.880152
vt 0.667572 0.879066
vt 0.798572 0.728404
vt 0.201999 0.947232
vt 0.141315 0.145858
vt 0.017376 0.895803
vt 0.128286 0.218741
vt 0.031643 0.813968
vt 0.438438 0.908946
vt 0.257217 0.185888
vt 0.556695 0.553775
vt 0.568850 0.550440
vt 0.517620 0.660581
vt 0.286716 0.163357
vt 0.323887 0.179875
vt 0.296330 0.205789
vt 0.121545 0.865527
vt 0.155144 0.028953
vt 0.168456 0.013123
vt 0.676191 0.653917
vt 0.644423 0.867317
vt 0.022151 0.727475
vt 0.019835 0.724142
vt 0.333781 0.574061
vt 0.307908 0.658465
vt 0.173766 0.734655
vt 0.118061 0.832062
vt 0.713944 0.662418
vt 0.720013 0.654509
vt 0.422380 0.275457
vt 0.553214 0.700602
vt 0.619774 0.884641
vt 0.619705 0.893424
vt 0.525791 0.934282
vt 0.520968 0.942660
vt 0.510083 0.698659
vt 0.308730 0.538325
vt 0.184735 0.501909
vt 0.520581 0.520713
vt 0.360206 0.524238
vt 0.320954 0.702861
vt 0.300313 0.978975
vt 0.295400 0.981822
vt 0.622255 0.893245
vt 0.658315 0.881588
vt 0.659887 0.880894
vt 0.624076 0.892944
vt 0.567330 0.547274
vt 0.717726 0.653252
vt 0.716089 0.652167
vt 0.566078 0.544898
vt 0.296424 0.983651
vt 0.522804 0.943736
vt 0.541221 0.934428
vt 0.542194 0.933262
vt 0.297330 0.985046
vt 0.524002 0.944409
vt 0.018199 0.725172
vt 0.169599 0.485999
vt 0.166614 0.485384
vt 0.016699 0.732165
vt 0.017366 0.732896
vt 0.177264 0.533027
vt 0.178372 0.529026
vt 0.180937 0.518472
vt 0.017307 0.725728
vt 0.655500 0.882654
vt 0.539507 0.936779
vt 0.017413 0.728184
vt 0.016198 0.726427
vt 0.175170 0.536612
vt 0.172112 0.487290
vt 0.180414 0.514840
vt 0.180837 0.508093
vt 0.179522 0.517030
vt 0.017072 0.730043
vt 0.017886 0.729261
vt 0.015751 0.731148

# vertex normals
vn 0.830583 -0.520640 0.197652
vn 0.810920 -0.480103 0.334529
vn 0.770130 -0.551745 0.320122
vn 0.798024 -0.573401 0.185389
vn 0.856308 -0.473186 0.206959
vn 0.840228 -0.414641 0.349413
vn 0.772366 0.582349 0.253614
vn 0.794248 0.549305 0.259680
vn 0.804117 0.570244 0.167981
vn 0.788634 0.591435 0.168110
vn 0.770763 0.584002 0.254689
vn 0.737682 0.568778 0.363754
vn 0.744831 0.553610 0.372483
vn 0.765597 -0.637608 0.085543
vn 0.725406 -0.680181 -0.105547
vn 0.809517 -0.570808 -0.137332
vn 0.844905 -0.528864 0.080234
vn 0.703660 -0.705571 0.083854
vn 0.658869 -0.746831 -0.090198
vn 0.778872 -0.560094 0.282229
vn 0.724433 -0.636125 0.265599
vn 0.818873 0.566985 0.089298
vn 0.868165 0.489705 0.080489
vn 0.841504 0.519183 -0.149398
vn 0.796768 0.591536 -0.123474
vn 0.805185 0.510568 0.301658
vn 0.852808 0.422129 0.307450
vn -0.593619 -0.756458 0.274566
vn -0.543480 -0.752093 0.372807
vn -0.566272 -0.731463 0.379864
vn -0.621991 -0.727294 0.290123
vn -0.564711 -0.783848 0.258230
vn -0.527500 -0.773166 0.352078
vn -0.578439 0.613253 0.537893
vn -0.564511 0.630381 0.532867
vn -0.582582 0.629039 0.514692
vn -0.598429 0.615345 0.513063
vn -0.591906 0.596032 0.542580
vn -0.569195 0.599072 0.563143
vn -0.557187 0.610841 0.562509
vn -0.624346 -0.652595 -0.429316
vn -0.627261 -0.653766 -0.423242
vn -0.672006 -0.596505 -0.438849
vn -0.672046 -0.589576 -0.448056
vn -0.768462 0.345849 -0.538382
vn -0.772975 0.332281 -0.540462
vn -0.761426 0.320736 -0.563346
vn -0.753502 0.338580 -0.563559
vn -0.782092 0.352575 -0.513832
vn -0.785983 0.336012 -0.518967
vn 0.481606 -0.569946 0.665745
vn 0.333130 -0.573762 0.748212
vn 0.329240 -0.605491 0.724556
vn 0.479256 -0.580397 0.658372
vn 0.589239 -0.551767 0.590212
vn 0.602056 -0.524888 0.601682
vn 0.490801 -0.532886 0.689310
vn 0.397835 0.644680 0.652775
vn 0.433955 0.638734 0.635375
vn 0.432883 0.631459 0.643329
vn 0.398566 0.646051 0.650972
vn 0.148874 -0.702706 -0.695731
vn 0.096137 -0.696916 -0.710680
vn 0.100382 -0.565017 -0.818950
vn 0.170669 -0.577460 -0.798381
vn 0.207073 -0.702459 -0.680935
vn 0.180614 -0.781829 -0.596760
vn 0.131363 -0.781585 -0.609810
vn 0.175501 0.588966 -0.788872
vn 0.161531 0.588420 -0.792256
vn 0.167679 0.591151 -0.788939
vn 0.174458 0.596620 -0.783332
vn 0.176760 0.582053 -0.793707
vn 0.168664 0.587435 -0.791500
vn 0.190046 0.589611 -0.785011
vn 0.184190 0.588676 -0.787105
vn 0.705756 -0.655349 0.269121
vn 0.496000 -0.814821 0.300085
vn 0.475000 -0.871729 0.120264
vn 0.692002 -0.707829 0.141813
vn 0.700259 -0.606778 0.376110
vn 0.487365 -0.747262 0.451746
vn 0.810154 -0.534534 0.240673
vn 0.807080 -0.498329 0.316684
vn 0.651210 0.588205 0.479520
vn 0.707165 0.538306 0.458416
vn 0.688277 0.519517 0.506337
vn 0.642632 0.563732 0.518874
vn 0.291361 -0.887906 -0.355994
vn 0.314662 -0.903709 -0.290342
vn 0.200859 -0.925311 -0.321645
vn 0.184584 -0.906233 -0.380357
vn 0.381573 -0.865018 -0.325802
vn 0.416985 -0.872997 -0.252981
vn 0.485574 0.825214 -0.288515
vn 0.444272 0.773124 -0.452661
vn 0.329697 0.806970 -0.489999
vn 0.377449 0.872004 -0.311674
vn 0.568523 0.779368 -0.263376
vn 0.527157 0.736965 -0.423071
vn 0.061325 -0.576237 0.814979
vn 0.033915 -0.577479 0.815701
vn 0.038419 -0.481913 0.875376
vn 0.053416 -0.481094 0.875040
vn 0.071438 -0.572804 0.816573
vn 0.077487 -0.641049 0.763578
vn 0.064773 -0.641860 0.764081
vn 0.009597 0.675626 0.737182
vn -0.006098 0.674947 0.737841
vn -0.008442 0.754957 0.655720
vn 0.009064 0.753941 0.656879
vn 0.016182 0.671342 0.740971
vn 0.005538 0.539904 0.841708
vn 0.009224 0.547702 0.836623
vn -0.345405 -0.588645 -0.730885
vn -0.355782 -0.584157 -0.729506
vn -0.364876 -0.607067 -0.705929
vn -0.331558 -0.630903 -0.701449
vn -0.336628 -0.595471 -0.729450
vn -0.331146 -0.574936 -0.748192
vn -0.357424 -0.550453 -0.754486
vn -0.404726 0.407052 -0.818844
vn -0.333162 0.418497 -0.844905
vn -0.346720 0.369599 -0.862080
vn -0.413491 0.352752 -0.839399
vn -0.471561 0.394243 -0.788798
vn -0.456000 0.438299 -0.774570
vn -0.395231 0.458982 -0.795693
vn -0.246787 -0.927399 0.281118
vn -0.186872 -0.939339 0.287614
vn -0.136972 -0.857542 0.495842
vn -0.168391 -0.855395 0.489840
vn -0.283212 -0.920008 0.270880
vn -0.359439 -0.932472 0.036049
vn -0.311535 -0.949341 0.041202
vn 0.049502 0.752358 0.656892
vn -0.024250 0.750202 0.660764
vn -0.014229 0.746494 0.665240
vn 0.047040 0.751458 0.658102
vn 0.094561 0.756628 0.646971
vn 0.088435 0.778225 0.621727
vn 0.036481 0.776955 0.628499
vn -0.290629 -0.880481 -0.374550
vn -0.191748 -0.900289 -0.390784
vn -0.195527 -0.918985 -0.342396
vn -0.299847 -0.893830 -0.333408
vn -0.364756 -0.859169 -0.358861
vn -0.355636 -0.847697 -0.393615
vn -0.281062 -0.867665 -0.410076
vn -0.255619 0.829863 -0.495969
vn -0.268794 0.826929 -0.493901
vn -0.270127 0.806560 -0.525825
vn -0.251542 0.806477 -0.535091
vn -0.244645 0.832207 -0.497574
vn -0.241860 0.852204 -0.463952
vn -0.259303 0.851470 -0.455808
vn -0.167991 0.947396 0.272432
vn 0.024763 0.984456 0.173877
vn -0.071054 0.995943 0.055213
vn -0.242857 0.967902 0.064707
vn -0.419971 0.901054 0.108285
vn -0.443499 0.877249 0.183690
vn -0.295070 0.894492 0.335884
vn 0.050610 0.914071 0.402384
vn 0.121521 0.949595 0.288966
vn -0.316863 -0.929131 -0.190559
vn -0.444137 -0.873995 -0.197166
vn -0.438511 -0.878314 -0.190453
vn -0.315929 -0.932236 -0.176422
vn -0.102834 -0.978183 -0.180506
vn -0.093865 -0.968297 -0.231496
vn -0.177458 -0.962258 -0.206319
vn -0.425332 -0.885334 -0.187820
vn -0.444055 -0.871192 -0.209382
vn -0.258792 0.651774 -0.712894
vn -0.379706 0.587660 -0.714478
vn -0.337979 0.610401 -0.716366
vn -0.225102 0.638510 -0.735958
vn -0.100832 0.677679 -0.728412
vn -0.067408 0.686571 -0.723931
vn -0.103701 0.695346 -0.711154
vn -0.440349 0.576460 -0.688322
vn -0.441128 0.536473 -0.719446
vn -0.227787 -0.821884 -0.522130
vn -0.062845 -0.834191 -0.547883
vn -0.083441 -0.829495 -0.552246
vn -0.238386 -0.819847 -0.520598
vn -0.369887 -0.799240 -0.473708
vn -0.378421 -0.806682 -0.453940
vn -0.344833 -0.800231 -0.490632
vn -0.108306 -0.833673 -0.541534
vn -0.053284 -0.846957 -0.528985
vn -0.422792 -0.069010 -0.903595
vn -0.614911 -0.029006 -0.788063
vn -0.606807 -0.065947 -0.792109
vn -0.424208 -0.095138 -0.900553
vn -0.190776 -0.028538 -0.981219
vn -0.165885 -0.027537 -0.985761
vn -0.227074 -0.091633 -0.969557
vn -0.588794 -0.078192 -0.804493
vn -0.631781 -0.023428 -0.774793
vn 0.016604 0.805212 0.592755
vn -0.053836 0.805110 0.590677
vn -0.067714 0.811849 0.579928
vn 0.014807 0.814075 0.580571
vn 0.076180 0.799209 0.596205
vn 0.067623 0.780433 0.621571
vn 0.048667 0.788397 0.613238
vn -0.015587 0.801920 0.597228
vn -0.030115 0.795393 0.605345
vn -0.011764 -0.754425 0.656281
vn -0.058857 -0.790861 0.609160
vn -0.083977 -0.785421 0.613239
vn -0.074282 -0.772384 0.630798
vn -0.032365 -0.743385 0.668081
vn 0.003128 -0.716728 0.697346
vn 0.022165 -0.716966 0.696755
vn -0.006171 -0.772013 0.635576
vn -0.046855 -0.796656 0.602614
vn -0.013998 0.035585 0.999269
vn 0.100796 0.119141 0.987748
vn 0.061728 0.240709 0.968633
vn -0.009112 0.210439 0.977565
vn -0.142473 0.094925 0.985236
vn -0.194461 0.012878 0.980826
vn -0.152478 -0.035177 0.987681
vn 0.124742 -0.063487 0.990156
vn 0.122372 0.011799 0.992414
vn 0.020622 0.919288 -0.393045
vn 0.004708 0.752403 -0.658687
vn 0.031196 0.762918 -0.645742
vn 0.065518 0.885500 -0.459996
vn -0.043653 0.748309 -0.661913
vn -0.007816 0.723691 -0.690080
vn 0.126308 0.988762 -0.079981
vn 0.160425 0.983770 0.080379
vn 0.062519 0.997819 0.021193
vn 0.071455 -0.912640 -0.402471
vn 0.097054 -0.958221 -0.269058
vn 0.120964 -0.954105 -0.273953
vn 0.107882 -0.907924 -0.405014
vn 0.044715 -0.947587 -0.316353
vn 0.023016 -0.959108 -0.282102
vn 0.064847 -0.860513 -0.505284
vn 0.013057 -0.865765 -0.500280
vn 0.030070 -0.878542 -0.476717
vn 0.066197 0.818896 0.570112
vn 0.104945 0.847314 0.520620
vn 0.004543 0.793613 0.608407
vn -0.047687 0.780395 0.623466
vn -0.044688 0.791905 0.609007
vn 0.014207 0.785342 0.618899
vn 0.086368 0.788197 0.609332
vn 0.169241 0.869272 0.464460
vn 0.176867 0.885800 0.429042
vn 0.554632 0.746356 0.367882
vn 0.725831 0.565891 0.391072
vn 0.685085 0.650769 0.327350
vn 0.516700 0.793116 0.322472
vn 0.752163 0.534876 0.384915
vn 0.755623 0.516601 0.402687
vn 0.264569 0.911237 0.315676
vn 0.251871 0.919206 0.302691
vn 0.327393 0.879516 0.345350
vn -0.049726 -0.955955 0.289270
vn -0.002699 -0.809632 0.586931
vn -0.014572 -0.840406 0.541762
vn -0.012242 -0.954280 0.298663
vn -0.045519 -0.793879 0.606370
vn 0.002479 -0.765206 0.643781
vn -0.035689 -0.998032 -0.051568
vn -0.016867 -0.989661 -0.142430
vn -0.058477 -0.994409 -0.087925
vn 0.478475 -0.870047 -0.118659
vn 0.187015 -0.955660 -0.227465
vn 0.215405 -0.949970 -0.226182
vn 0.393735 -0.905744 -0.156843
vn 0.642570 -0.765879 0.023088
vn 0.737416 -0.657702 0.153773
vn 0.745907 -0.662216 0.071365
vn 0.183942 -0.953282 -0.239622
vn 0.114517 -0.964214 -0.239117
vn -0.037252 0.469601 -0.882093
vn -0.052699 0.201561 -0.978057
vn 0.017936 0.203276 -0.978957
vn 0.042386 0.441222 -0.896397
vn -0.109855 0.256167 -0.960370
vn -0.108782 0.155108 -0.981890
vn 0.004133 0.638138 -0.769911
vn -0.002284 0.660072 -0.751199
vn -0.018219 0.646924 -0.762337
vn 0.233573 0.693557 -0.681486
vn 0.077770 0.659568 -0.747611
vn 0.129849 0.659520 -0.740387
vn 0.308842 0.646811 -0.697318
vn 0.435326 0.687515 -0.581218
vn 0.410598 0.748695 -0.520447
vn 0.335856 0.734622 -0.589518
vn 0.076049 0.697688 -0.712353
vn 0.054639 0.681314 -0.729950
vn -0.076777 -0.604424 -0.792955
vn -0.039306 -0.786208 -0.616711
vn -0.052032 -0.757684 -0.650545
vn -0.052227 -0.592755 -0.803688
vn -0.106244 -0.310255 -0.944698
vn -0.119432 -0.208531 -0.970696
vn -0.124742 -0.318695 -0.939613
vn -0.038989 -0.803535 -0.593980
vn -0.015923 -0.821845 -0.569489
vn 0.159842 -0.870880 -0.464779
vn 0.289751 -0.869576 -0.399853
vn 0.310711 -0.853882 -0.417545
vn 0.214665 -0.862600 -0.458083
vn 0.235899 -0.875700 -0.421308
vn 0.285639 -0.880686 -0.377893
vn 0.078210 -0.864035 -0.497320
vn 0.035159 -0.856857 -0.514354
vn 0.042840 -0.860701 -0.507306
vn 0.231979 0.008772 -0.972681
vn -0.026938 0.063412 -0.997624
vn 0.017238 0.120356 -0.992581
vn 0.219496 0.125090 -0.967561
vn 0.493443 0.094012 -0.864682
vn 0.581024 0.013791 -0.813770
vn 0.498181 -0.064871 -0.864643
vn -0.029656 -0.068862 -0.997185
vn -0.081759 -0.005803 -0.996635
vn 0.017378 0.609496 0.792599
vn 0.024624 0.765559 0.642894
vn 0.046351 0.758390 0.650150
vn 0.086125 0.638290 0.764963
vn 0.108953 0.375549 0.920376
vn 0.063673 0.259648 0.963602
vn -0.015524 0.337564 0.941175
vn -0.006406 0.768391 0.639948
vn 0.011863 0.777880 0.628301
vn 0.432696 0.734703 0.522481
vn 0.636769 0.657995 0.401955
vn 0.709660 0.544158 0.447520
vn 0.561339 0.627541 0.539528
vn 0.528015 0.732872 0.429068
vn 0.587811 0.724674 0.359620
vn 0.262407 0.747776 0.609896
vn 0.154411 0.774110 0.613931
vn 0.184175 0.792104 0.581937
vn 0.026031 -0.519078 0.854330
vn 0.124537 -0.321895 0.938549
vn 0.142244 -0.391727 0.909020
vn 0.095730 -0.547291 0.831450
vn 0.039940 -0.662756 0.747770
vn 0.016350 -0.680795 0.732292
vn -0.006737 -0.664893 0.746908
vn -0.001177 -0.293503 0.955957
vn 0.069381 -0.227926 0.971203
vn 0.515782 -0.637346 0.572503
vn 0.230249 -0.672201 0.703656
vn 0.325460 -0.655831 0.681147
vn 0.616133 -0.552357 0.561500
vn 0.749197 -0.545815 0.375219
vn 0.719158 -0.616689 0.320166
vn 0.665002 -0.618676 0.418345
vn 0.210725 -0.708103 0.673932
vn 0.143308 -0.699275 0.700340
vn 0.531494 0.000052 0.847062
vn 0.782615 0.104368 0.613694
vn 0.713327 0.196732 0.672653
vn 0.516287 0.140647 0.844787
vn 0.793113 -0.103400 0.600234
vn 0.847149 0.000401 0.531355
vn 0.171914 0.066769 0.982847
vn 0.106635 0.002840 0.994294
vn 0.177681 -0.063228 0.982055
vn -0.595729 0.698411 -0.396647
vn -0.568559 0.812134 -0.131071
vn -0.548474 0.809674 -0.208818
vn -0.543049 0.736240 -0.403793
vn -0.621341 0.768310 -0.153733
vn -0.580726 0.813128 -0.039752
vn -0.518423 0.607933 -0.601377
vn -0.537799 0.537811 -0.649255
vn -0.575992 0.542787 -0.611241
vn -0.635182 0.282212 -0.718958
vn -0.581111 0.439827 -0.684735
vn -0.622253 0.464917 -0.629804
vn -0.681036 0.308135 -0.664261
vn -0.678312 0.126152 -0.723863
vn -0.663242 0.090476 -0.742916
vn -0.645249 0.125010 -0.753675
vn -0.575569 0.393307 -0.716959
vn -0.550748 0.432378 -0.713951
vn -0.443185 -0.833222 -0.330648
vn -0.446273 -0.799405 -0.402235
vn -0.456084 -0.795945 -0.398069
vn -0.472887 -0.816828 -0.330408
vn -0.407357 -0.821151 -0.399715
vn -0.425701 -0.808295 -0.406739
vn -0.473385 -0.842071 -0.258502
vn -0.451402 -0.855801 -0.252666
vn -0.434278 -0.861332 -0.263647
vn -0.555377 -0.507086 -0.659105
vn -0.631839 -0.243972 -0.735702
vn -0.625884 -0.295557 -0.721745
vn -0.577073 -0.506275 -0.640838
vn -0.613069 -0.203186 -0.763454
vn -0.646129 -0.148948 -0.748553
vn -0.467355 -0.708227 -0.529145
vn -0.451902 -0.751160 -0.481189
vn -0.443206 -0.732395 -0.516881
vn -0.864972 -0.022603 -0.501311
vn -0.952341 -0.103698 -0.286869
vn -0.934102 -0.131911 -0.331744
vn -0.845826 -0.108748 -0.522257
vn -0.965575 -0.039403 -0.257123
vn -0.968688 -0.098500 -0.227906
vn -0.718344 -0.025388 -0.695225
vn -0.695089 -0.000934 -0.718923
vn -0.717439 0.035099 -0.695737
vn -0.215093 0.835320 0.505940
vn 0.001745 0.811344 0.584566
vn 0.043407 0.802023 0.595714
vn -0.017289 0.807417 0.589727
vn -0.155985 0.798994 0.580756
vn -0.018186 0.799071 0.600961
vn -0.287691 0.855210 0.431103
vn -0.442787 0.845664 0.297981
vn -0.436710 0.833088 0.339484
vn -0.185011 0.543212 0.818958
vn -0.220341 0.306635 0.925973
vn -0.148895 0.425790 0.892487
vn -0.110206 0.618377 0.778116
vn -0.293952 0.279576 0.914018
vn -0.269323 0.183661 0.945375
vn -0.037793 0.728449 0.684057
vn -0.017696 0.728647 0.684661
vn -0.131047 0.690679 0.711189
vn -0.881962 0.471315 -0.002372
vn -0.700300 0.713744 0.012217
vn -0.767970 0.637016 -0.066576
vn -0.900593 0.424203 -0.094790
vn -0.988224 0.094814 -0.120095
vn -0.993550 0.019378 -0.111726
vn -0.988272 0.147238 -0.040496
vn -0.649944 0.746626 0.141854
vn -0.615342 0.781680 0.101644
vn -0.364971 -0.915166 0.171079
vn -0.450459 -0.889596 -0.075535
vn -0.440086 -0.897609 -0.024969
vn -0.376221 -0.901641 0.213309
vn -0.220501 -0.862038 0.456366
vn -0.171547 -0.858403 0.483442
vn -0.225821 -0.882289 0.413002
vn -0.435532 -0.896077 -0.085781
vn -0.451920 -0.882136 -0.132683
vn -0.177781 -0.537176 0.824522
vn -0.081338 -0.720235 0.688945
vn -0.042535 -0.685537 0.726794
vn -0.092948 -0.551337 0.829089
vn -0.217291 -0.262914 0.940032
vn -0.255915 -0.166255 0.952296
vn -0.274168 -0.273628 0.921933
vn -0.142112 -0.742832 0.654221
vn -0.097304 -0.763424 0.638526
vn -0.747728 -0.640843 -0.173849
vn -0.939524 -0.315601 -0.133003
vn -0.929582 -0.355589 -0.097126
vn -0.737757 -0.661928 -0.132537
vn -0.927884 -0.345185 -0.140994
vn -0.958426 -0.247919 -0.141268
vn -0.515661 -0.834170 -0.195588
vn -0.489160 -0.847181 -0.207382
vn -0.527670 -0.826255 -0.197148
vn -0.856538 -0.053556 0.513298
vn -0.522930 0.028960 0.851883
vn -0.589699 0.063367 0.805133
vn -0.842063 0.010707 0.539272
vn -0.991751 -0.063995 0.111061
vn -0.993981 -0.109527 -0.002410
vn -0.990030 -0.118922 0.075486
vn -0.530285 -0.053379 0.846138
vn -0.422403 -0.003709 0.906400
vn 0.728179 0.685220 -0.015146
vn 0.620284 0.697616 -0.358580
vn 0.666464 0.637747 -0.386141
vn 0.754175 0.642875 -0.133910
vn 0.610393 0.750485 -0.253363
vn 0.551066 0.756891 -0.351343
vn 0.794288 0.554356 0.248586
vn 0.769941 0.542701 0.335657
vn 0.727866 0.610108 0.313017
vn 0.604125 0.515683 -0.607540
vn 0.615689 0.301546 -0.728009
vn 0.547110 0.391299 -0.739970
vn 0.504397 0.538577 -0.674921
vn 0.718239 0.297640 -0.628922
vn 0.687518 0.190269 -0.700798
vn 0.472252 0.669739 -0.573086
vn 0.506956 0.708497 -0.490945
vn 0.579183 0.673646 -0.459073
vn 0.559396 -0.825079 -0.079500
vn 0.649364 -0.760177 0.021373
vn 0.552885 -0.823817 -0.125071
vn 0.502910 -0.836146 -0.218954
vn 0.683137 -0.702229 0.200493
vn 0.726467 -0.663101 0.180395
vn 0.420684 -0.861483 -0.284379
vn 0.390968 -0.876838 -0.279820
vn 0.452258 -0.865744 -0.214359
vn 0.546735 -0.627278 -0.554620
vn 0.375042 -0.813713 -0.444089
vn 0.339195 -0.793063 -0.505963
vn 0.438033 -0.657611 -0.612923
vn 0.618187 -0.331378 -0.712764
vn 0.685288 -0.199895 -0.700301
vn 0.700746 -0.333924 -0.630437
vn 0.445210 -0.812303 -0.376765
vn 0.382134 -0.841955 -0.380900
vn 0.999858 0.006881 -0.015387
vn 0.881872 0.071977 -0.465962
vn 0.922786 0.179282 -0.341064
vn 0.993380 0.114006 0.014078
vn 0.915055 0.033046 0.401973
vn 0.898483 0.000408 0.439008
vn 0.914803 -0.030107 0.402778
vn 0.883459 -0.051891 -0.465626
vn 0.817254 0.012020 -0.576152
vn 0.791129 0.500259 0.351932
vn 0.789384 0.448532 0.419157
vn 0.809480 0.430283 0.399498
vn 0.804299 0.448706 0.389571
vn 0.729167 0.597575 0.333497
vn 0.683753 0.671694 0.285148
vn 0.762665 0.603013 0.233919
vn 0.793468 0.422174 0.438381
vn 0.780187 0.447482 0.437114
vn 0.784174 0.504999 0.360621
vn 0.660090 0.643020 0.388337
vn 0.636043 0.629162 0.446771
vn 0.702987 0.533749 0.470023
vn 0.825018 0.319077 0.466407
vn 0.885627 0.204734 0.416831
vn 0.876249 0.346417 0.334937
vn 0.753636 0.607433 0.251115
vn 0.676140 0.668514 0.309716
vn 0.751999 0.411185 0.515194
vn 0.813550 0.260503 0.519879
vn 0.794512 0.262924 0.547378
vn 0.742956 0.395656 0.539883
vn 0.802969 0.385026 0.454967
vn 0.854009 0.250236 0.456126
vn 0.718951 0.490838 0.492126
vn 0.746233 0.472714 0.468698
vn 0.744659 0.434729 0.506452
vn 0.851221 -0.472807 0.227763
vn 0.824409 -0.514261 0.236400
vn 0.853671 -0.444052 0.272147
vn 0.860431 -0.457428 0.224540
vn 0.836557 -0.530228 0.137950
vn 0.791470 -0.579346 0.194763
vn 0.833090 -0.507468 0.220086
vn 0.811235 -0.514317 0.278166
vn 0.841287 -0.419517 0.340942
vn 0.840279 -0.451823 0.299644
vn 0.853905 -0.301658 0.424086
vn 0.777436 -0.413022 0.474349
vn 0.754723 -0.479385 0.447865
vn 0.900781 -0.325574 0.287392
vn 0.900930 -0.194626 0.387875
vn 0.764635 -0.546436 0.341673
vn 0.780994 -0.575286 0.243092
vn 0.830539 -0.530385 0.169990
vn 0.771813 -0.390401 0.501888
vn 0.745572 -0.515170 0.422756
vn 0.715732 -0.525358 0.460137
vn 0.755945 -0.400725 0.517654
vn 0.819881 -0.255567 0.512328
vn 0.857929 -0.247404 0.450277
vn 0.802630 -0.380645 0.459233
vn 0.790327 -0.397532 0.466210
vn 0.778594 -0.510362 0.365133
vn 0.949263 0.018991 0.313909
vn 0.901108 0.238304 0.362237
vn 0.812716 0.448034 0.372503
vn 0.857608 0.421979 0.294012
vn 0.909634 -0.225873 0.348636
vn 0.932411 0.005837 0.361353
vn 0.932604 0.193699 0.304518
vn 0.937559 0.009437 0.347697
vn 0.945212 -0.157568 0.285915
vn 0.907206 -0.342770 0.243900
vn 0.873977 -0.379102 0.304051
vn 0.835499 -0.431921 0.339684
vn 0.892585 -0.370707 0.256649
vn 0.941261 -0.225089 0.251720
vn 0.933151 -0.234402 0.272551
vn 0.800160 -0.459368 0.385648
vn 0.816761 -0.431060 0.383522
vn 0.783921 -0.307557 0.539330
vn 0.748585 -0.383330 0.540998
vn 0.836208 -0.539412 0.098946
vn 0.802117 -0.587375 0.107700
vn 0.839472 -0.506540 0.196735
vn 0.861269 -0.455435 0.225375
vn 0.876923 -0.445961 0.179231
vn 0.858754 -0.493295 0.138570
vn 0.806821 -0.471837 0.355542
vn 0.846934 -0.401013 0.349130
vn 0.824345 -0.529836 0.199321
vn 0.806218 -0.579376 0.119737
vn 0.867245 -0.486686 0.104985
vn 0.877880 -0.421573 0.227161
vn 0.696474 -0.702763 0.145079
vn 0.679119 -0.722053 0.132047
vn 0.722728 0.511389 0.464914
vn 0.717514 0.540473 0.439389
vn 0.740471 0.484386 0.465910
vn 0.727000 0.464201 0.505953
vn 0.800904 0.577838 0.157023
vn 0.808883 0.569111 0.147716
vn 0.802528 0.568082 0.182295
vn 0.815253 0.539913 0.209421
vn 0.823268 0.497925 0.272581
vn 0.771276 0.507642 0.383971
vn 0.799947 0.445021 0.402543
vn 0.806746 0.409644 0.425855
vn 0.830100 0.473311 0.294807
vn 0.945139 -0.321189 0.059580
vn 0.901067 -0.378731 -0.211284
vn 0.925558 -0.174869 -0.335801
vn 0.993939 -0.107590 0.022582
vn 0.667351 -0.686849 -0.287890
vn 0.593028 -0.769521 -0.236971
vn 0.514481 -0.788777 -0.336362
vn 0.611072 -0.660395 -0.436428
vn 0.632717 -0.770998 0.072329
vn 0.667910 -0.700098 0.252505
vn 0.645911 -0.725799 0.236675
vn 0.584800 -0.810377 0.036027
vn 0.750422 0.581983 -0.313308
vn 0.795911 0.494671 -0.349037
vn 0.754799 0.410322 -0.511776
vn 0.695892 0.547137 -0.465161
vn 0.729743 0.677596 0.091317
vn 0.784836 0.612883 0.091691
vn 0.766382 0.632564 -0.111901
vn 0.713501 0.690608 -0.118222
vn 0.659474 0.732501 -0.168926
vn 0.692690 0.717604 0.072284
vn -0.877915 -0.114798 0.464852
vn -0.663995 -0.128148 0.736674
vn -0.613794 -0.102686 0.782759
vn -0.872140 -0.099492 0.479034
vn -0.863985 -0.235921 0.444828
vn -0.688007 -0.262659 0.676503
vn -0.732963 -0.638985 -0.233374
vn -0.885022 -0.429892 -0.178687
vn -0.900155 -0.409360 -0.148813
vn -0.737229 -0.647679 -0.192368
vn -0.729687 -0.637964 -0.246088
vn -0.866066 -0.472542 -0.163199
vn -0.200959 -0.580153 0.789327
vn -0.142359 -0.722051 0.677034
vn -0.169153 -0.732976 0.658888
vn -0.219042 -0.571174 0.791063
vn -0.228450 -0.609575 0.759097
vn -0.158145 -0.728749 0.666269
vn -0.284955 -0.952663 0.105993
vn -0.351560 -0.933659 -0.068455
vn -0.409800 -0.910322 -0.058114
vn -0.343834 -0.928841 0.137960
vn -0.227235 -0.970852 0.076231
vn -0.306031 -0.948559 -0.081120
vn -0.825281 0.556403 0.096577
vn -0.678896 0.719839 0.144680
vn -0.668575 0.723110 0.173548
vn -0.838641 0.535668 0.098696
vn -0.813304 0.570965 0.111965
vn -0.682431 0.719969 0.126226
vn -0.240074 0.515557 0.822536
vn -0.291691 0.364503 0.884338
vn -0.314520 0.347809 0.883236
vn -0.264844 0.525337 0.808628
vn -0.222181 0.511255 0.830213
vn -0.295569 0.390824 0.871720
vn -0.332955 0.835610 0.436918
vn -0.257762 0.809334 0.527765
vn -0.271588 0.787198 0.553678
vn -0.352681 0.814280 0.461047
vn -0.281512 0.868435 0.408132
vn -0.217117 0.835678 0.504482
vn -0.875315 0.103318 -0.472387
vn -0.957376 0.069532 -0.280351
vn -0.964262 0.049392 -0.260304
vn -0.873868 0.089621 -0.477832
vn -0.870451 -0.056122 -0.489046
vn -0.933905 -0.091455 -0.345626
vn -0.431249 -0.502871 -0.749096
vn -0.516801 -0.241977 -0.821196
vn -0.566630 -0.229031 -0.791502
vn -0.497970 -0.521803 -0.692638
vn -0.405900 -0.496935 -0.767008
vn -0.522834 -0.307059 -0.795210
vn -0.316036 -0.902336 -0.293106
vn -0.280549 -0.886507 -0.367964
vn -0.365072 -0.843892 -0.393154
vn -0.389743 -0.861909 -0.324367
vn -0.257930 -0.929169 -0.264797
vn -0.228170 -0.910792 -0.344089
vn -0.536798 0.235281 -0.810241
vn -0.503136 0.346937 -0.791511
vn -0.570058 0.367511 -0.734827
vn -0.601049 0.261974 -0.755056
vn -0.500792 0.219960 -0.837153
vn -0.471248 0.331536 -0.817319
vn -0.602370 0.661573 -0.446624
vn -0.626703 0.720643 -0.296508
vn -0.648296 0.717342 -0.255211
vn -0.635491 0.636051 -0.437710
vn -0.580212 0.681444 -0.446081
vn -0.627869 0.704219 -0.331447
vn 0.516922 -0.391055 0.761490
vn 0.649253 -0.409587 0.640865
vn 0.721018 -0.247950 0.647035
vn 0.532582 -0.199721 0.822477
vn 0.467378 -0.625968 0.624277
vn 0.300772 -0.663489 0.685068
vn 0.250433 -0.709346 0.658871
vn 0.462387 -0.663613 0.588061
vn 0.135858 -0.552795 0.822168
vn 0.334503 -0.514351 0.789653
vn 0.138153 -0.447063 0.883770
vn -0.001764 -0.351256 0.936278
vn -0.010901 -0.520376 0.853868
vn 0.277388 0.850131 0.447587
vn 0.417240 0.811295 0.409526
vn 0.470626 0.747197 0.469263
vn 0.335179 0.790287 0.512935
vn 0.224152 0.903830 0.364482
vn 0.370722 0.870512 0.323688
vn -0.172897 0.597719 0.782840
vn -0.144244 0.758755 0.635204
vn -0.058528 0.763693 0.642921
vn -0.097515 0.604141 0.790888
vn -0.153751 0.608775 0.778301
vn -0.148766 0.754970 0.638662
vn 0.196084 -0.381544 -0.903313
vn 0.083209 -0.376497 -0.922673
vn 0.031439 -0.186237 -0.982002
vn 0.217254 -0.172942 -0.960673
vn 0.118571 -0.835540 -0.536482
vn 0.173016 -0.834161 -0.523680
vn 0.194358 -0.862718 -0.466843
vn 0.119725 -0.864566 -0.488049
vn -0.000000 -0.676992 -0.735991
vn 0.085778 -0.780301 -0.619494
vn 0.010831 -0.781079 -0.624338
vn -0.045152 -0.789804 -0.611696
vn -0.078537 -0.643523 -0.761387
vn 0.142850 0.796530 -0.587481
vn 0.027503 0.789773 -0.612783
vn 0.066041 0.728433 -0.681927
vn 0.172217 0.734665 -0.656208
vn 0.118826 0.861577 -0.493524
vn -0.009891 0.847301 -0.531020
vn -0.178757 0.519880 -0.835327
vn -0.179762 0.342776 -0.922058
vn -0.118654 0.328431 -0.937046
vn -0.094482 0.514789 -0.852094
vn -0.252573 0.509724 -0.822428
vn -0.215915 0.350416 -0.911367
vn 0.645802 -0.763387 -0.013437
vn 0.397650 -0.914392 -0.075906
vn 0.276098 -0.938634 -0.206726
vn 0.572743 -0.811260 -0.117572
vn 0.172197 -0.935697 0.307929
vn 0.188764 -0.833815 0.518769
vn -0.026264 -0.822831 0.567679
vn -0.068581 -0.954573 0.289977
vn 0.650897 0.714908 0.255420
vn 0.811338 0.529814 0.247037
vn 0.770250 0.535380 0.346529
vn 0.618491 0.707848 0.341205
vn 0.661856 0.733979 0.152386
vn 0.839988 0.526051 0.133004
vn 0.101142 0.837716 0.536658
vn 0.118989 0.874166 0.470825
vn 0.163517 0.863919 0.476347
vn 0.138990 0.828330 0.542727
vn 0.093978 0.839099 0.535800
vn 0.114175 0.872742 0.474642
vn 0.092072 -0.912954 -0.397540
vn 0.109271 -0.934012 -0.340121
vn 0.066177 -0.939379 -0.336433
vn 0.049317 -0.913623 -0.403560
vn 0.170021 0.924176 -0.342040
vn 0.134089 0.821502 -0.554216
vn -0.031670 0.783025 -0.621184
vn -0.013310 0.933697 -0.357817
vn 0.035485 -0.328223 0.943933
vn 0.060035 -0.340568 0.938301
vn 0.101649 -0.171722 0.979887
vn 0.008622 -0.138457 0.990331
vn 0.062946 -0.690411 0.720674
vn 0.068048 -0.693935 0.716815
vn 0.035580 -0.739513 0.672202
vn 0.046781 -0.727435 0.684580
vn 0.010119 0.792109 0.610296
vn -0.004778 0.792638 0.609674
vn -0.003405 0.804378 0.594108
vn 0.012864 0.804544 0.593754
vn -0.425579 -0.048974 -0.903595
vn -0.566110 -0.070259 -0.821330
vn -0.558500 -0.115038 -0.821489
vn -0.423985 -0.096512 -0.900512
vn -0.426478 0.033411 -0.903880
vn -0.583093 0.010964 -0.812331
vn -0.218697 -0.854531 -0.471114
vn -0.114209 -0.854664 -0.506465
vn -0.140524 -0.824593 -0.547995
vn -0.233609 -0.820519 -0.521705
vn -0.168107 -0.920912 -0.351655
vn -0.046419 -0.912116 -0.407296
vn -0.290382 0.752858 -0.590663
vn -0.454593 0.702245 -0.547903
vn -0.456424 0.630312 -0.627999
vn -0.295440 0.691527 -0.659170
vn -0.272376 0.804909 -0.527193
vn -0.439973 0.760238 -0.477977
vn -0.339098 -0.933693 -0.115018
vn -0.392082 -0.913871 -0.105407
vn -0.407392 -0.899331 -0.158856
vn -0.337469 -0.924776 -0.175797
vn 0.014167 0.789721 0.613303
vn -0.015039 0.779384 0.626366
vn -0.002476 0.846045 0.533106
vn -0.053351 0.858502 0.510027
vn -0.254443 0.965919 0.047536
vn -0.102061 0.994177 0.034567
vn -0.127342 0.991811 -0.009740
vn -0.259131 0.965700 0.016556
vn -0.313516 -0.915907 -0.250643
vn -0.407704 -0.879153 -0.246713
vn -0.378216 -0.869555 -0.317533
vn -0.207389 0.581639 -0.786566
vn -0.326923 0.555077 -0.764860
vn -0.320943 0.498567 -0.805249
vn -0.192224 0.519835 -0.832359
vn -0.261270 -0.843741 -0.468871
vn -0.139801 -0.855387 -0.498768
vn -0.179628 -0.883169 -0.433297
vn -0.421656 -0.161643 -0.892232
vn -0.603627 -0.136083 -0.785567
vn -0.597288 -0.147864 -0.788279
vn -0.422604 -0.167963 -0.890614
vn 0.022107 0.802513 0.596225
vn -0.058238 0.800896 0.595965
vn -0.040466 0.775804 0.629675
vn -0.111476 -0.795115 0.596125
vn -0.117850 -0.803047 0.584146
vn -0.185504 -0.857419 0.480022
vn 0.002912 0.379852 0.925043
vn 0.024120 0.392311 0.919516
vn 0.003014 0.547599 0.836736
vn 0.129151 0.863690 -0.487196
vn 0.102726 0.752124 -0.650966
vn 0.147811 0.743580 -0.652105
vn 0.171652 0.850959 -0.496392
vn -0.031503 -0.913214 -0.406262
vn -0.029835 -0.945430 -0.324456
vn -0.068765 0.755820 0.651159
vn -0.038764 0.754664 0.654965
vn 0.520075 0.843584 0.133745
vn 0.642135 0.751896 0.149383
vn 0.604278 0.793467 -0.072514
vn 0.510887 0.853814 -0.099982
vn -0.078529 -0.951800 0.296496
vn -0.065474 -0.857284 0.510663
vn 0.350260 -0.912211 -0.212579
vn 0.217457 -0.940789 -0.260055
vn 0.122255 0.429762 -0.894628
vn 0.093466 0.191434 -0.977045
vn 0.106790 0.200777 -0.973799
vn 0.153299 0.425491 -0.891884
vn 0.379512 0.699746 -0.605249
vn 0.238199 0.723527 -0.647896
vn 0.016841 -0.586321 -0.809904
vn 0.012618 -0.753780 -0.657006
vn 0.141555 -0.752713 -0.642950
vn 0.149789 -0.570597 -0.807455
vn 0.246910 -0.863827 -0.439134
vn 0.329221 -0.852195 -0.406666
vn 0.354119 -0.857646 -0.372884
vn 0.273094 -0.874199 -0.401492
vn 0.211076 0.111809 -0.971054
vn 0.029819 0.108478 -0.993652
vn 0.044477 0.134958 -0.989853
vn 0.207209 0.124746 -0.970311
vn 0.040515 0.662836 0.747667
vn 0.019318 0.754779 0.655694
vn 0.590068 0.523314 0.614787
vn 0.751697 0.405330 0.520249
vn 0.752284 0.259027 0.605783
vn 0.561083 0.404814 0.722019
vn 0.060643 -0.568224 0.820636
vn 0.083692 -0.455882 0.886097
vn 0.671798 -0.559843 0.485040
vn 0.431162 -0.682713 0.589917
vn 0.511017 0.140774 0.847965
vn 0.687686 0.189030 0.700968
vn 0.668644 0.209457 0.713473
vn 0.507223 0.176432 0.843562
vn -0.576330 0.706071 -0.411469
vn -0.578321 0.781096 -0.235447
vn -0.604146 0.757995 -0.245870
vn -0.620230 0.671308 -0.405783
vn -0.741944 0.300151 -0.599524
vn -0.685915 0.474752 -0.551481
vn -0.742917 0.469031 -0.477581
vn -0.799044 0.278644 -0.532810
vn -0.431358 -0.835036 -0.341534
vn -0.417615 -0.821459 -0.388333
vn -0.629537 -0.498954 -0.595590
vn -0.668971 -0.289091 -0.684766
vn -0.755719 -0.243167 -0.608078
vn -0.738912 -0.459598 -0.492726
vn -0.834505 -0.160035 -0.527248
vn -0.917223 -0.168563 -0.360954
vn -0.907728 -0.089365 -0.409932
vn -0.835220 -0.107644 -0.539277
vn 0.072148 0.773067 0.630208
vn 0.085235 0.786746 0.611364
vn -0.039752 0.657883 0.752070
vn -0.062560 0.509444 0.858227
vn -0.906525 0.413821 -0.083450
vn -0.797757 0.598877 -0.070211
vn -0.818443 0.560814 -0.125055
vn -0.904774 0.409290 -0.117751
vn -0.342307 -0.907206 0.244545
vn -0.410058 -0.911917 0.016131
vn 0.006543 -0.568186 0.822874
vn 0.029399 -0.654293 0.755669
vn -0.734292 -0.675746 -0.064664
vn -0.921543 -0.384979 -0.050505
vn -0.893875 -0.440601 -0.082813
vn -0.729782 -0.682656 -0.037417
vn -0.833843 0.027494 0.551317
vn -0.622948 0.062323 0.779777
vn -0.638744 0.143213 0.755974
vn -0.812075 0.125931 0.569804
vn 0.676997 0.705014 -0.211260
vn 0.618675 0.677132 -0.398414
vn 0.529878 0.551677 -0.644113
vn 0.563105 0.417875 -0.712947
vn 0.584729 0.427620 -0.689372
vn 0.574344 0.549908 -0.606408
vn 0.452622 -0.845865 -0.282216
vn 0.490755 -0.846736 -0.205418
vn 0.318732 -0.689786 -0.650082
vn 0.263896 -0.783638 -0.562379
vn 0.949528 0.309109 0.053381
vn 0.907036 0.358661 -0.220562
vn 0.871119 0.337328 0.356877
vn 0.877177 0.346235 0.332690
vn 0.936533 0.243232 0.252475
vn 0.931715 0.211052 0.295575
vn 0.717295 0.537072 0.443894
vn 0.660693 0.628946 0.409771
vn 0.703359 0.618238 0.350809
vn 0.758450 0.517990 0.395524
vn 0.766312 0.440273 0.467896
vn 0.813762 0.331576 0.477334
vn 0.853789 -0.469169 0.225667
vn 0.849594 -0.442197 0.287490
vn 0.677758 -0.521015 0.518833
vn 0.692849 -0.489527 0.529456
vn 0.765029 -0.464114 0.446463
vn 0.718141 -0.563742 0.408005
vn 0.795336 0.544330 0.266731
vn 0.754066 0.545898 0.365212
vn 0.852645 0.331693 0.403704
vn 0.900253 0.159030 0.405283
vn 0.857164 0.124813 0.499692
vn 0.879113 0.105433 0.464805
vn 0.859551 -0.122375 0.496182
vn 0.880787 -0.104225 0.461899
vn 0.853305 -0.338699 0.396426
vn 0.903359 -0.157820 0.398792
vn -0.978178 -0.195931 -0.069132
vn -0.982200 -0.162655 -0.093945
vn -0.978690 -0.128789 -0.159936
vn -0.974550 -0.147513 -0.168797
vn -0.980671 -0.061425 -0.185775
vn -0.983165 -0.071277 -0.168247
vn -0.999937 -0.003068 -0.010810
vn -0.995094 -0.063393 -0.075959
vn 0.926850 -0.236759 0.291366
vn 0.924466 -0.101301 0.367561
vn 0.845744 -0.192828 0.497528
vn 0.885604 -0.091588 0.455322
vn 0.827645 0.197881 0.525212
vn 0.877802 0.093634 0.469784
vn 0.910794 0.260217 0.320533
vn 0.917976 0.109471 0.381231
vn 0.787948 0.163147 -0.593735
vn 0.747545 0.088515 -0.658287
vn 0.585048 0.177415 -0.791355
vn 0.647242 0.092630 -0.756636
vn 0.595403 -0.164337 -0.786441
vn 0.650319 -0.076252 -0.755824
vn 0.783884 -0.159487 -0.600075
vn 0.746413 -0.074667 -0.661281
vn 0.830254 -0.542619 0.127451
vn 0.783987 -0.589809 0.193623
vn 0.798442 -0.527525 0.290187
vn 0.758913 -0.602126 0.247981
vn 0.714961 -0.593003 0.370375
vn 0.740049 -0.609581 0.284146
vn 0.721138 -0.608288 0.331582
vn 0.758473 -0.584768 0.287689
vn 0.663945 -0.746345 0.046333
vn 0.739594 -0.647851 0.182455
vn 0.806333 -0.568336 0.163772
vn 0.784879 -0.575849 0.228830
vn 0.818299 -0.397477 0.415210
vn 0.796510 -0.510287 0.324313
vn 0.585972 0.703745 0.401721
vn 0.614006 0.713382 0.337761
vn 0.688734 0.633018 0.353460
vn 0.634568 0.705193 0.316269
vn 0.751171 0.623028 0.218123
vn 0.677176 0.682815 0.274218
vn 0.297160 -0.859452 -0.415980
vn 0.321764 -0.869235 -0.375364
vn 0.355761 -0.866531 -0.350083
vn 0.337326 -0.880704 -0.332524
vn 0.426669 -0.855652 -0.292938
vn 0.381462 -0.867378 -0.319596
vn 0.579118 0.730047 -0.362841
vn 0.525648 0.745170 -0.410385
vn 0.533891 0.689560 -0.489354
vn 0.483499 0.754666 -0.443517
vn 0.398993 0.719910 -0.567921
vn 0.443821 0.740889 -0.504089
vn 0.768564 0.416814 0.485360
vn 0.764609 0.455029 0.456423
vn 0.781989 0.470652 0.408631
vn 0.771465 0.476164 0.422030
vn 0.777948 0.517591 0.356225
vn 0.771114 0.508817 0.382738
vn 0.715414 0.553045 0.426994
vn 0.751851 0.513533 0.413527
vn -0.371097 0.126932 0.919878
vn -0.326181 0.070675 0.942662
vn -0.198463 0.170092 0.965236
vn -0.236869 0.084639 0.967848
vn -0.208874 -0.118842 0.970695
vn -0.233394 -0.067048 0.970068
vn -0.365910 -0.127388 0.921890
vn -0.320823 -0.066744 0.944785
vn 0.046329 -0.717468 0.695049
vn 0.049865 -0.720785 0.691362
vn -0.015926 -0.759594 0.650203
vn 0.008167 -0.733428 0.679718
vn 0.036201 -0.696093 0.717039
vn 0.017645 -0.698980 0.714923
vn 0.062474 -0.708650 0.702789
vn 0.055835 -0.702095 0.709891
vn 0.038362 -0.148740 0.988132
vn 0.060178 -0.099061 0.993260
vn 0.160753 -0.178147 0.970784
vn 0.113978 -0.109815 0.987395
vn 0.132449 0.225255 0.965255
vn 0.108671 0.129500 0.985607
vn 0.026432 0.164886 0.985958
vn 0.056281 0.112950 0.992005
vn -0.103886 0.133922 -0.985532
vn -0.115434 0.067701 -0.991005
vn -0.093362 0.059016 -0.993882
vn -0.120102 0.052185 -0.991389
vn -0.149933 -0.167892 -0.974337
vn -0.131485 -0.094048 -0.986847
vn -0.111088 -0.159290 -0.980962
vn -0.117035 -0.090862 -0.988963
vn -0.647528 -0.034728 -0.761250
vn -0.664907 -0.048724 -0.745335
vn -0.628883 -0.135468 -0.765607
vn -0.650478 -0.070637 -0.756233
vn -0.667837 0.034019 -0.743530
vn -0.659889 0.031611 -0.750698
vn -0.662357 0.026172 -0.748731
vn -0.670098 0.030298 -0.741654
vn -0.011141 0.679243 -0.733829
vn 0.012839 0.691907 -0.721873
vn -0.031737 0.699046 -0.714373
vn -0.023827 0.696157 -0.717494
vn -0.028102 0.684549 -0.728425
vn -0.023851 0.680273 -0.732570
vn 0.017040 0.686135 -0.727274
vn 0.018582 0.679735 -0.733223
vn -0.037928 -0.764086 0.643999
vn -0.061007 -0.785354 0.616034
vn -0.123681 -0.819978 0.558872
vn -0.102251 -0.826157 0.554084
vn -0.160146 -0.825492 0.541217
vn -0.126490 -0.818676 0.560151
vn 0.083608 -0.959060 -0.270582
vn 0.045950 -0.964940 -0.258415
vn 0.040665 -0.979724 -0.196180
vn -0.018823 -0.968091 -0.249891
vn -0.089310 -0.982375 -0.164203
vn -0.040656 -0.977277 -0.208029
vn 0.021058 -0.975952 -0.216968
vn 0.029412 -0.975756 -0.216878
vn -0.130331 0.751749 0.646442
vn -0.020423 0.763802 0.645127
vn 0.065416 0.802492 0.593066
vn 0.049522 0.788432 0.613125
vn 0.023641 0.768925 0.638902
vn 0.042976 0.757908 0.650944
vn 0.062028 0.798862 0.598308
vn 0.060977 0.786769 0.614228
vn 0.001660 0.792934 0.609306
vn -0.005285 0.788977 0.614400
vn -0.071095 0.797287 0.599399
vn -0.022783 0.789519 0.613304
vn 0.151675 0.766736 0.623787
vn 0.081385 0.776890 0.624354
vn -0.634892 0.771696 -0.037383
vn -0.588076 0.807599 0.044162
vn -0.516012 0.856580 0.001649
vn -0.528324 0.846049 0.071241
vn -0.315835 0.871669 0.374756
vn -0.450485 0.859252 0.242384
vn -0.537749 0.809846 0.234468
vn -0.533232 0.823921 0.191876
vn -0.406741 -0.794938 -0.450150
vn -0.431695 -0.790432 -0.434577
vn -0.424533 -0.791002 -0.440553
vn -0.411858 -0.806354 -0.424460
vn -0.405608 -0.767262 -0.496781
vn -0.416301 -0.784730 -0.459230
vn -0.007119 -0.844417 -0.535639
vn 0.003570 -0.845964 -0.533228
vn -0.061082 -0.822603 -0.565326
vn -0.025545 -0.841134 -0.540224
vn 0.022202 -0.840955 -0.540649
vn -0.009977 -0.854898 -0.518700
vn 0.042198 -0.868106 -0.494582
vn 0.015903 -0.860171 -0.509758
vn -0.464238 -0.870069 -0.165718
vn -0.462024 -0.867357 -0.185003
vn -0.448324 -0.880885 -0.151816
vn -0.453426 -0.872393 -0.182580
vn -0.472425 -0.853226 -0.220952
vn -0.454729 -0.860182 -0.230886
vn -0.453122 -0.863122 -0.222936
vn -0.458925 -0.858827 -0.227603
vn -0.522016 0.513750 -0.680852
vn -0.502904 0.483154 -0.716694
vn -0.450988 0.579558 -0.678765
vn -0.484196 0.530377 -0.695884
vn -0.561138 0.461904 -0.686854
vn -0.542177 0.472349 -0.694932
vn 0.226064 0.892304 0.390755
vn 0.212117 0.911377 0.352702
vn 0.109365 0.879790 0.462611
vn 0.167729 0.915166 0.366521
vn 0.117749 0.990147 0.075792
vn 0.169353 0.967388 0.188359
vn 0.129016 0.967785 0.216212
vn 0.190053 0.957189 0.218334
vn 0.901342 0.000106 0.433108
vn -0.984727 -0.113677 -0.131870
vn 0.907963 0.000202 0.419051
vn 0.700947 0.009180 -0.713154
vn 0.754440 -0.613288 0.233874
vn 0.774499 -0.574821 0.264071
vn 0.631065 0.713805 0.303708
vn 0.342019 -0.876572 -0.338592
vn 0.478410 0.755900 -0.446921
vn 0.765766 0.486732 0.420351
vn -0.276310 0.003186 0.961063
vn 0.031195 -0.711767 0.701722
vn 0.082091 0.006007 0.996607
vn -0.122067 -0.010502 -0.992466
vn -0.664349 -0.009274 -0.747365
vn -0.001800 0.686772 -0.726871
vn -0.092320 -0.812626 0.575427
vn 0.002679 -0.970949 -0.239271
vn 0.036001 0.768550 0.638776
vn 0.024429 0.785480 0.618404
vn -0.531169 0.836283 0.135979
vn -0.422757 -0.797120 -0.431134
vn -0.003445 -0.852374 -0.522922
vn -0.456713 -0.864174 -0.211226
vn -0.509539 0.487903 -0.708746
vn 0.194583 0.939350 0.282416
vn 0.730440 0.538644 0.419904
vn 0.773191 0.474045 0.421257
vn 0.853649 0.222664 0.470854
vn 0.849092 0.144849 0.507998
vn 0.927123 0.087907 0.364301
vn 0.911029 0.252295 0.326150
vn 0.855888 -0.222685 0.466763
vn 0.851556 -0.141865 0.504704
vn 0.802041 -0.260786 0.537328
vn 0.816658 -0.339356 0.466806
vn 0.909961 -0.257853 0.324782
vn 0.926448 -0.084408 0.366836
vn 0.839616 -0.439551 0.319123
vn 0.928325 -0.320280 0.188770
vn 0.774734 -0.480928 0.410483
vn 0.803349 -0.485371 0.345028
vn 0.738641 -0.466342 0.486760
vn -0.970986 -0.234298 -0.047865
vn -0.944754 -0.327588 -0.011201
vn -0.973088 -0.224479 -0.052045
vn -0.976501 -0.134002 0.168789
vn -0.982759 -0.128790 0.132654
vn -0.989595 -0.082009 -0.118222
vn -0.957011 -0.211375 -0.198622
vn -0.988075 -0.085291 -0.128191
vn -0.977466 -0.071705 -0.198543
vn -0.979546 0.170616 -0.106679
vn -0.964104 0.214800 -0.156093
vn -0.963420 0.012504 -0.267704
vn -0.978663 -0.064156 -0.195198
vn -0.981200 0.145692 -0.126571
vn -0.984326 0.129481 0.119742
vn -0.955448 0.031329 0.293494
vn -0.913508 0.157250 0.375202
vn -0.941211 0.252023 0.224959
vn -0.995005 0.074820 0.066080
vn -0.975222 -0.003211 0.221206
vn -0.939164 0.336681 0.067945
vn -0.961758 0.270871 0.040635
vn 0.905269 -0.356794 0.230622
vn 0.910599 -0.288415 0.296016
vn 0.905630 -0.371477 0.204545
vn 0.927838 -0.309131 0.208696
vn 0.918883 -0.335539 0.207528
vn 0.712434 -0.419308 0.562689
vn 0.778572 -0.320386 0.539610
vn 0.766240 0.292383 0.572179
vn 0.760530 0.433520 0.483378
vn 0.780400 0.429700 0.454240
vn 0.760365 0.305140 0.573354
vn 0.770997 0.288956 0.567511
vn 0.756326 0.416498 0.504481
vn 0.833977 0.519734 0.185364
vn 0.872907 0.426385 0.237126
vn 0.882891 0.404289 0.238859
vn 0.825773 0.529343 0.194665
vn 0.811565 0.558289 0.172266
vn 0.843828 0.483804 0.232136
vn 0.844382 0.383903 -0.373681
vn 0.827648 0.275137 -0.489181
vn 0.523891 0.254598 -0.812846
vn 0.388657 0.145758 -0.909781
vn 0.368639 0.157546 -0.916125
vn 0.515816 0.271010 -0.812704
vn 0.525509 0.251733 -0.812694
vn 0.418060 0.162647 -0.893740
vn 0.404826 -0.408996 -0.817825
vn 0.504580 -0.290580 -0.812996
vn 0.513856 -0.455861 -0.726734
vn 0.374643 -0.545770 -0.749518
vn 0.310739 -0.393634 -0.865155
vn 0.403039 -0.200348 -0.892984
vn 0.832727 -0.411834 -0.370079
vn 0.820925 -0.287895 -0.493152
vn 0.759680 -0.554152 -0.340297
vn 0.722923 -0.463790 -0.512135
vn 0.805071 -0.576405 0.140068
vn 0.707558 -0.665683 0.237124
vn 0.857140 -0.508850 0.079892
vn 0.825224 -0.535475 0.179646
vn 0.854381 -0.509369 0.102846
vn 0.840581 -0.427658 0.332463
vn 0.834585 -0.442938 0.327526
vn 0.785781 -0.462888 0.410222
vn 0.799078 -0.463651 0.382757
vn 0.651259 -0.556643 0.515762
vn 0.681167 -0.570716 0.458579
vn 0.725624 -0.524694 0.445158
vn 0.667075 -0.531353 0.522183
vn 0.587640 -0.583865 0.560162
vn 0.613077 -0.608258 0.504142
vn 0.681495 -0.633108 0.367069
vn 0.683799 -0.627671 0.372085
vn 0.511702 -0.844858 -0.156126
vn 0.566475 -0.819164 -0.089874
vn 0.531925 -0.840640 -0.101887
vn 0.462233 -0.869260 -0.175293
vn 0.833347 -0.544282 0.096381
vn 0.828183 -0.550616 0.104573
vn 0.852812 -0.492689 0.173114
vn 0.847276 -0.507609 0.156384
vn 0.784611 -0.617679 0.053468
vn 0.764391 -0.644675 0.010021
vn 0.821219 -0.447030 0.354631
vn 0.750696 -0.645760 0.139462
vn 0.824419 -0.295008 0.483015
vn 0.822853 -0.480878 0.302769
vn 0.860244 -0.340048 0.379930
vn 0.552958 0.736473 0.389674
vn 0.556025 0.768381 0.316901
vn 0.557929 0.701895 0.442785
vn 0.831194 0.346825 0.434545
vn 0.862936 0.335975 0.377442
vn 0.920070 0.190599 0.342262
vn 0.870438 0.190107 0.454089
vn 0.761220 0.513212 0.396430
vn 0.788763 0.485068 0.377574
vn 0.818701 0.555816 0.144213
vn 0.806194 0.568307 0.164556
vn 0.823929 0.540229 0.171153
vn 0.821368 0.539184 0.186104
vn 0.230312 -0.828556 -0.510345
vn 0.264749 -0.845466 -0.463784
vn 0.377560 -0.845277 -0.378094
vn 0.375768 -0.848885 -0.371744
vn 0.435829 -0.843405 -0.314199
vn 0.410356 -0.845106 -0.342644
vn 0.544855 -0.813649 -0.202752
vn 0.484499 -0.837798 -0.251702
vn 0.583178 -0.806433 -0.097821
vn 0.514730 -0.845043 -0.144756
vn 0.688269 0.682891 -0.244835
vn 0.637055 0.708276 -0.304148
vn 0.718409 0.637998 -0.277214
vn 0.652022 0.648472 -0.392877
vn 0.570639 0.642042 -0.512010
vn 0.576324 0.624082 -0.527609
vn 0.468872 0.629024 -0.620071
vn 0.490844 0.671051 -0.555664
vn 0.383615 0.744900 -0.545860
vn 0.477986 0.656381 -0.583689
vn 0.523953 0.658219 -0.540575
vn 0.403940 0.775176 -0.485732
vn 0.366741 0.711259 -0.599676
vn 0.440213 0.650153 -0.619285
vn 0.259819 0.789388 -0.556202
vn 0.280717 0.733032 -0.619566
vn 0.774397 0.414582 0.477945
vn 0.773299 0.394917 0.496034
vn 0.749222 0.457345 0.479064
vn 0.742279 0.424150 0.518766
vn 0.870089 0.403454 0.283144
vn 0.920556 0.345240 0.182717
vn 0.807344 0.454240 0.376646
vn 0.722026 0.672761 0.161464
vn 0.764906 0.579366 0.281523
vn 0.789248 0.599344 0.133694
vn 0.714746 0.699372 0.004092
vn 0.697665 0.582500 0.417083
vn 0.686416 0.580232 0.438366
vn 0.702786 0.502131 0.503941
vn 0.727216 0.523457 0.444015
vn 0.716772 0.629748 0.299425
vn 0.690131 0.652901 0.312151
vn -0.415400 0.183328 0.890973
vn -0.441328 0.245881 0.863002
vn -0.407942 0.177101 0.895666
vn -0.072573 0.383541 0.920668
vn -0.135311 0.282890 0.949560
vn -0.078621 0.217137 0.972970
vn -0.023042 0.376224 0.926242
vn -0.053759 -0.326200 0.943771
vn -0.143705 -0.214282 0.966143
vn -0.143191 -0.362303 0.920996
vn -0.026795 -0.443456 0.895896
vn 0.003002 -0.321778 0.946810
vn -0.082488 -0.143435 0.986216
vn -0.435962 -0.227976 0.870611
vn -0.485417 -0.354566 0.799158
vn -0.408569 -0.189087 0.892927
vn -0.281555 -0.408941 0.868040
vn -0.290217 -0.364225 0.884937
vn 0.210579 -0.748797 0.628458
vn 0.093742 -0.727272 0.679917
vn -0.074387 -0.800188 0.595119
vn -0.048388 -0.784029 0.618835
vn -0.075016 -0.769386 0.634365
vn -0.103560 -0.794497 0.598373
vn 0.047336 -0.681803 0.730003
vn 0.054401 -0.693058 0.718826
vn 0.068200 -0.652869 0.754394
vn 0.049056 -0.645380 0.762285
vn 0.043305 -0.686916 0.725446
vn 0.043745 -0.713084 0.699712
vn 0.164156 -0.676308 0.718094
vn 0.093625 -0.703983 0.704019
vn 0.147864 -0.626322 0.765413
vn 0.014840 -0.647118 0.762245
vn 0.152572 -0.332699 0.930609
vn 0.069646 -0.221345 0.972705
vn 0.318335 -0.360273 0.876850
vn 0.254314 -0.173578 0.951418
vn 0.102900 -0.351055 0.930684
vn 0.157241 -0.256475 0.953675
vn 0.068128 0.404626 0.911941
vn 0.114417 0.318676 0.940932
vn 0.119005 0.456979 0.881481
vn 0.059704 0.521648 0.851069
vn -0.007847 0.192735 0.981219
vn 0.244164 0.118764 0.962434
vn 0.277175 0.191304 0.941582
vn 0.051004 0.281678 0.958153
vn 0.003552 0.183692 0.982977
vn 0.219556 0.113312 0.968997
vn -0.143041 0.378549 0.914462
vn -0.090569 0.365021 0.926583
vn -0.114650 0.182524 -0.976494
vn -0.111078 0.210886 -0.971179
vn -0.092106 0.185959 -0.978231
vn -0.011025 -0.016468 -0.999804
vn -0.197153 -0.133460 -0.971246
vn -0.213091 -0.127799 -0.968638
vn -0.022740 -0.002303 -0.999739
vn -0.054334 0.029746 -0.998080
vn -0.198696 -0.068202 -0.977685
vn -0.125689 -0.183793 -0.974896
vn -0.032893 -0.355873 -0.933955
vn 0.077817 -0.326094 -0.942129
vn -0.063929 -0.123110 -0.990332
vn -0.162887 -0.212105 -0.963576
vn -0.093782 -0.359709 -0.928339
vn -0.257524 -0.086197 -0.962420
vn -0.263645 -0.129562 -0.955879
vn -0.007331 -0.375240 -0.926899
vn -0.069875 -0.260909 -0.962831
vn -0.007092 -0.516535 -0.856236
vn -0.097126 -0.422032 -0.901363
vn -0.615997 0.006703 -0.787720
vn -0.652477 -0.137691 -0.745195
vn -0.623544 0.006795 -0.781759
vn -0.749880 0.112115 -0.652005
vn -0.730936 0.101116 -0.674913
vn -0.643026 -0.147176 -0.751570
vn -0.694759 -0.079853 -0.714796
vn -0.613035 -0.178345 -0.769663
vn -0.712509 -0.046189 -0.700141
vn -0.756958 0.111724 -0.643842
vn -0.792818 0.095395 -0.601947
vn -0.721773 -0.059415 -0.689575
vn -0.684562 0.009660 -0.728891
vn -0.706222 0.133563 -0.695278
vn -0.616240 -0.063810 -0.784969
vn -0.723858 -0.148677 -0.673739
vn -0.741486 -0.099576 -0.663538
vn -0.631947 -0.023665 -0.774650
vn -0.643799 -0.010136 -0.765127
vn -0.724675 -0.084636 -0.683874
vn -0.557999 0.101665 -0.823590
vn -0.614195 0.128350 -0.778647
vn 0.106718 0.735588 -0.668971
vn 0.007864 0.690100 -0.723671
vn 0.031427 0.659283 -0.751238
vn -0.086384 0.606659 -0.790255
vn -0.066214 0.559280 -0.826330
vn 0.063194 0.637489 -0.767863
vn -0.023669 0.693520 -0.720048
vn -0.110591 0.660419 -0.742709
vn 0.028233 0.727633 -0.685385
vn 0.105769 0.617414 -0.779495
vn 0.132945 0.611001 -0.780387
vn 0.040958 0.739505 -0.671904
vn -0.016364 0.697254 -0.716637
vn 0.034328 0.622074 -0.782205
vn -0.114128 0.768631 -0.629430
vn -0.123712 0.717714 -0.685260
vn -0.081656 0.748244 -0.658379
vn -0.145880 0.780521 -0.607870
vn -0.007446 0.705073 -0.709096
vn -0.151986 0.658218 -0.737326
vn -0.057943 0.649161 -0.758441
vn 0.039283 -0.698406 0.714623
vn -0.002991 -0.734706 0.678379
vn -0.150544 -0.812568 0.563089
vn -0.143025 -0.809408 0.569564
vn -0.245872 -0.853167 0.460058
vn -0.227590 -0.855500 0.465105
vn -0.131607 -0.849778 0.510448
vn -0.124447 -0.861042 0.493072
vn -0.173624 -0.834775 0.522500
vn -0.195740 -0.931005 0.308085
vn -0.243416 -0.901011 0.359064
vn 0.134336 -0.946399 -0.293740
vn 0.113299 -0.952574 -0.282430
vn -0.035045 -0.969903 -0.240955
vn 0.056493 -0.982727 -0.176225
vn -0.117739 -0.980516 -0.157247
vn -0.172987 -0.953323 -0.247489
vn -0.174543 -0.981288 -0.081289
vn -0.139872 -0.983249 -0.116861
vn -0.062301 -0.997947 0.014844
vn -0.128801 -0.990504 0.048090
vn -0.254758 -0.961348 -0.104442
vn -0.234179 -0.957785 -0.166759
vn 0.178692 -0.978437 -0.103590
vn 0.061037 -0.980586 -0.186349
vn 0.171524 -0.983376 0.059589
vn -0.043240 -0.998645 -0.028961
vn -0.197831 0.739300 0.643660
vn -0.169859 0.745392 0.644622
vn -0.220061 0.735834 0.640407
vn -0.199796 0.632465 0.748378
vn -0.223256 0.655773 0.721193
vn 0.090474 0.797966 0.595873
vn 0.079819 0.804038 0.589196
vn 0.078481 0.807536 0.584573
vn 0.081333 0.798807 0.596063
vn 0.002997 0.784518 0.620099
vn -0.000050 0.785553 0.618794
vn -0.048997 0.745507 0.664694
vn -0.013991 0.749700 0.661629
vn 0.021048 0.788565 0.614591
vn 0.025473 0.798877 0.600954
vn -0.045014 0.844816 0.533159
vn -0.064883 0.854501 0.515382
vn 0.028631 0.818182 0.574247
vn 0.113738 0.870037 0.479687
vn 0.165393 0.822998 0.543432
vn 0.006930 0.789549 0.613648
vn 0.013869 0.794631 0.606934
vn -0.101926 0.796422 0.596090
vn -0.103727 0.801332 0.589159
vn -0.091516 0.787842 0.609041
vn -0.092939 0.778292 0.620986
vn 0.184025 0.733427 0.654385
vn 0.366179 0.643382 0.672289
vn 0.333229 0.573114 0.748665
vn 0.161483 0.714351 0.680901
vn 0.208673 0.754645 0.622066
vn 0.353164 0.709529 0.609789
vn 0.106084 0.797776 0.593548
vn 0.143989 0.792020 0.593272
vn -0.684357 0.715613 -0.139833
vn -0.710625 0.673065 -0.204927
vn -0.675954 0.728115 -0.113731
vn -0.512069 0.856001 -0.071047
vn -0.385824 0.922240 0.024770
vn -0.376989 0.926215 -0.002357
vn -0.513533 0.852901 -0.094045
vn -0.498050 0.864857 -0.062995
vn -0.393877 0.918710 0.028847
vn -0.003720 0.806233 0.591586
vn -0.127330 0.847356 0.515534
vn -0.088577 0.826080 0.556549
vn 0.036644 0.782394 0.621705
vn 0.020652 0.800576 0.598875
vn -0.106867 0.859840 0.499254
vn -0.526120 0.817650 0.233765
vn -0.510106 0.834298 0.209139
vn -0.540618 0.799793 0.260891
vn -0.406099 0.845948 0.345624
vn -0.438753 0.822753 0.361351
vn -0.265014 -0.824382 -0.500162
vn -0.226760 -0.830881 -0.508150
vn -0.355858 -0.806684 -0.471833
vn -0.327523 -0.694407 -0.640724
vn -0.402146 -0.721059 -0.564227
vn -0.406292 -0.807436 -0.427754
vn -0.428208 -0.785476 -0.446840
vn -0.364456 -0.796866 -0.481848
vn -0.352955 -0.824113 -0.443012
vn -0.430407 -0.779890 -0.454445
vn -0.532911 -0.681444 -0.501637
vn -0.636316 -0.668015 -0.385820
vn -0.472658 -0.817991 -0.327849
vn -0.403325 -0.758615 -0.511696
vn -0.480037 -0.684419 -0.548757
vn -0.328373 -0.830559 -0.449826
vn -0.330537 -0.796874 -0.505705
vn 0.019307 -0.826764 -0.562218
vn -0.006141 -0.839480 -0.543357
vn 0.068071 -0.832747 -0.549453
vn 0.048744 -0.858152 -0.511076
vn -0.034723 -0.826577 -0.561751
vn 0.067477 -0.859456 -0.506737
vn -0.084781 -0.808260 -0.582690
vn -0.032540 -0.854884 -0.517797
vn 0.029390 -0.835226 -0.549122
vn 0.083631 -0.860592 -0.502381
vn -0.032077 -0.881972 -0.470209
vn 0.098044 -0.879882 -0.464968
vn 0.073424 -0.875595 -0.477434
vn 0.121361 -0.869319 -0.479121
vn 0.153706 -0.874646 -0.459748
vn 0.091972 -0.892165 -0.442248
vn 0.052709 -0.887926 -0.456957
vn -0.432644 -0.881367 -0.189769
vn -0.416315 -0.886229 -0.203177
vn -0.461479 -0.873118 -0.157171
vn -0.564384 -0.788785 -0.243491
vn -0.556539 -0.806945 -0.197748
vn -0.421876 -0.902173 -0.090022
vn -0.436010 -0.892007 -0.119244
vn -0.457781 -0.855400 -0.242337
vn -0.481472 -0.849793 -0.214561
vn -0.486585 -0.833358 -0.262202
vn -0.446300 -0.846565 -0.290075
vn -0.397957 -0.906461 -0.141275
vn -0.533490 -0.841281 -0.087378
vn -0.536000 -0.842935 -0.046530
vn -0.378478 -0.918643 -0.113360
vn -0.437535 -0.876534 -0.200627
vn -0.530782 -0.831705 -0.162904
vn -0.336524 -0.914384 -0.225062
vn -0.403674 -0.877503 -0.258911
vn -0.588164 0.612288 -0.528362
vn -0.610489 0.646997 -0.456835
vn -0.552803 0.559781 -0.617296
vn -0.452550 0.557503 -0.695980
vn -0.540445 0.618591 -0.570319
vn -0.582794 0.584811 -0.564222
vn -0.471423 0.517565 -0.714064
vn -0.428881 0.604620 -0.671189
vn -0.498519 0.648503 -0.575258
vn -0.495214 0.491816 -0.716156
vn -0.474386 0.500998 -0.723850
vn -0.556259 0.462579 -0.690360
vn -0.546799 0.601535 -0.582380
vn -0.589528 0.548045 -0.593383
vn 0.209484 0.902004 0.377500
vn 0.207712 0.907148 0.365975
vn 0.237408 0.883314 0.404220
vn 0.409215 0.862814 0.296806
vn 0.390149 0.848964 0.356433
vn -0.022702 0.774957 0.631606
vn 0.024166 0.821938 0.569064
vn 0.058693 0.995584 -0.073269
vn 0.134780 0.951885 -0.275226
vn 0.147648 0.938732 -0.311421
vn 0.037172 0.991305 -0.126223
vn 0.056772 0.997833 -0.033255
vn 0.092315 0.972789 -0.212507
vn 0.214044 0.972097 0.095983
vn 0.121145 0.974148 0.190681
vn 0.293530 0.910857 0.290137
vn 0.366418 0.923156 0.116282
vn 0.197806 0.976005 -0.091032
vn 0.029630 0.999274 -0.023951
vn 0.816066 -0.544279 0.194415
vn 0.808132 -0.511028 0.292871
vn 0.592273 -0.797478 0.115075
vn 0.590130 -0.754313 0.287678
vn 0.817401 -0.494283 0.295870
vn 0.825116 -0.472268 0.310075
vn 0.726817 -0.384086 0.569399
vn 0.776963 -0.268469 0.569432
vn 0.836467 -0.535437 0.116751
vn 0.833057 -0.543043 0.105454
vn 0.804823 -0.566846 -0.175914
vn 0.745658 -0.643812 -0.171757
vn 0.842416 -0.501632 0.196722
vn 0.834696 -0.541033 0.102793
vn 0.946598 -0.205414 0.248510
vn 0.957593 -0.280321 0.066597
vn 0.811901 -0.497952 0.304731
vn 0.613234 -0.663318 0.428897
vn 0.667211 -0.530112 0.523269
vn 0.811853 -0.509405 0.285310
vn 0.822718 -0.471374 0.317712
vn 0.829793 -0.190726 0.524469
vn 0.892456 -0.167390 0.418931
vn 0.827357 -0.479368 0.292725
vn 0.827663 -0.552641 0.097781
vn 0.921096 -0.382787 -0.071114
vn 0.858756 -0.489914 -0.150077
vn 0.835870 -0.535752 0.119548
vn 0.834823 -0.542866 0.091469
vn 0.667798 -0.733668 -0.125605
vn 0.612569 -0.789845 -0.030056
vn 0.830552 -0.546734 0.106141
vn 0.389822 0.668299 0.633573
vn 0.445675 0.651992 0.613417
vn 0.498426 0.314607 0.807833
vn 0.465241 0.330394 0.821213
vn 0.318490 0.652571 0.687543
vn 0.317151 0.677404 0.663731
vn 0.673103 0.564339 0.477969
vn 0.680580 0.474150 0.558563
vn 0.408527 0.616093 0.673450
vn 0.454641 0.623003 0.636529
vn 0.196787 0.865587 0.460472
vn 0.253544 0.874475 0.413533
vn 0.453181 0.636452 0.624144
vn 0.448517 0.649867 0.613600
vn 0.149021 0.598373 0.787237
vn 0.102594 0.655163 0.748489
vn 0.458628 0.625598 0.631100
vn 0.455764 0.624013 0.634734
vn 0.095758 0.702784 0.704929
vn 0.123810 0.803047 0.582912
vn 0.454817 0.647524 0.611436
vn 0.310338 0.452040 0.836272
vn 0.327125 0.619566 0.713532
vn 0.345865 0.618761 0.705345
vn 0.338812 0.857257 0.387706
vn 0.496396 0.780960 0.379068
vn 0.623007 0.661846 0.416920
vn 0.327280 0.624156 0.709449
vn 0.319166 0.676831 0.663350
vn 0.623852 0.379718 0.683098
vn 0.528300 0.327658 0.783287
vn 0.334277 0.672612 0.660191
vn 0.170895 0.619277 -0.766349
vn 0.136496 0.618040 -0.774206
vn 0.201955 0.281002 -0.938218
vn 0.265636 0.296954 -0.917200
vn 0.122746 0.586578 -0.800537
vn 0.133306 0.557110 -0.819670
vn 0.466871 0.577046 -0.670111
vn 0.435074 0.657527 -0.615117
vn 0.181216 0.555064 -0.811828
vn 0.145504 0.555762 -0.818509
vn 0.206801 0.821011 -0.532142
vn 0.130248 0.831011 -0.540793
vn 0.221547 0.590087 -0.776347
vn 0.223769 0.564556 -0.794484
vn -0.125653 0.606393 -0.785174
vn -0.133016 0.544487 -0.828155
vn 0.210081 0.615725 -0.759440
vn 0.212206 0.613593 -0.760574
vn -0.106300 0.490474 -0.864948
vn 0.001249 0.380107 -0.924942
vn 0.136818 0.297264 -0.944942
vn 0.204119 0.615246 -0.761451
vn 0.137392 0.553487 -0.821447
vn 0.335023 0.760763 -0.555877
vn 0.223896 0.559933 -0.797713
vn 0.216209 0.559340 -0.800245
vn 0.056580 0.814812 -0.576957
vn -0.055922 0.731486 -0.679559
vn 0.126285 0.620423 -0.774033
vn 0.382962 0.377770 -0.842989
vn 0.459544 0.494717 -0.737614
vn 0.122307 0.616407 -0.777871
vn -0.392381 0.482518 -0.783080
vn -0.469171 0.462326 -0.752418
vn -0.438528 0.079641 -0.895182
vn -0.424280 0.091723 -0.900874
vn -0.415913 0.319665 -0.851370
vn -0.492032 0.320637 -0.809380
vn -0.300095 0.681757 -0.667196
vn -0.324504 0.692636 -0.644168
vn -0.290681 0.421002 -0.859222
vn -0.303922 0.345473 -0.887851
vn -0.616184 0.414571 -0.669663
vn -0.639520 0.346134 -0.686444
vn -0.505589 0.389746 -0.769726
vn -0.487095 0.456106 -0.744786
vn -0.173096 0.385390 -0.906373
vn -0.147430 0.439127 -0.886246
vn -0.483155 0.462189 -0.743602
vn -0.297479 0.219455 -0.929164
vn -0.505632 0.317876 -0.802055
vn -0.506049 0.325240 -0.798832
vn -0.158770 0.485909 -0.859468
vn -0.217424 0.608047 -0.763548
vn -0.297772 0.491145 -0.818601
vn -0.294326 0.486777 -0.822448
vn -0.629237 0.293318 -0.719740
vn -0.555479 0.175485 -0.812803
vn -0.451952 0.096829 -0.886772
vn -0.315402 0.485208 -0.815534
vn -0.306923 0.333578 -0.891361
vn -0.328025 0.333933 -0.883679
vn -0.362875 0.677720 -0.639545
vn -0.503192 0.573243 -0.646677
vn -0.648943 -0.696725 0.305691
vn -0.576915 -0.707458 0.408256
vn -0.384426 -0.910011 0.155235
vn -0.400168 -0.903282 0.154750
vn -0.650131 -0.747444 0.136588
vn -0.690982 -0.704244 0.163047
vn -0.507189 -0.745152 0.433022
vn -0.469998 -0.789045 0.395613
vn -0.519849 -0.748498 0.411714
vn -0.492248 -0.779239 0.387916
vn -0.666281 -0.741091 0.082788
vn -0.691267 -0.713358 0.115198
vn -0.542153 -0.803280 0.246601
vn -0.588806 -0.793325 0.154737
vn -0.757104 -0.538370 0.370069
vn -0.763727 -0.549021 0.339554
vn -0.489384 -0.781391 0.387210
vn -0.737966 -0.622347 0.260940
vn -0.741627 -0.544042 0.392439
vn -0.500396 -0.788990 0.356508
vn -0.553094 -0.712625 0.431569
vn -0.513346 -0.851939 0.103324
vn -0.632591 -0.770359 0.079846
vn -0.551203 -0.717066 0.426605
vn -0.697054 -0.696630 0.169770
vn -0.414620 -0.866289 0.278629
vn -0.391795 -0.905354 0.163801
vn -0.690310 -0.696377 0.196293
vn -0.596302 -0.791840 0.131959
vn -0.680218 -0.613679 0.400877
vn -0.559412 -0.702894 0.439315
vn -0.602758 -0.787809 0.126645
vn -0.625357 0.619042 0.475096
vn -0.593462 0.654008 0.469124
vn -0.402014 0.581228 0.707501
vn -0.459574 0.532650 0.710687
vn -0.529394 0.605853 0.593873
vn -0.551018 0.574594 0.605161
vn -0.725048 0.610222 0.319272
vn -0.691851 0.648633 0.317201
vn -0.541316 0.658027 0.523429
vn -0.518185 0.646846 0.559530
vn -0.721161 0.389578 0.572849
vn -0.729653 0.405205 0.550832
vn -0.618769 0.557243 0.553720
vn -0.576442 0.555071 0.599675
vn -0.458687 0.786377 0.413784
vn -0.395741 0.791028 0.466544
vn -0.558574 0.561852 0.610178
vn -0.584854 0.732594 0.348213
vn -0.650781 0.574879 0.495983
vn -0.646300 0.569685 0.507696
vn -0.362075 0.773049 0.520861
vn -0.346200 0.712794 0.609976
vn -0.370296 0.630352 0.682303
vn -0.646851 0.584089 0.490329
vn -0.512420 0.641910 0.570418
vn -0.754645 0.481899 0.445292
vn -0.742631 0.573559 0.345730
vn -0.513902 0.634993 0.576791
vn -0.579446 0.662294 0.474982
vn -0.593472 0.451525 0.666271
vn -0.702988 0.396683 0.590297
vn -0.569206 0.661147 0.488762
vn 0.649816 0.586773 0.483153
vn 0.726133 0.503610 0.468090
vn 0.545748 0.362794 0.755341
vn 0.504733 0.414355 0.757334
vn 0.567396 0.651408 0.503715
vn 0.555940 0.642193 0.527749
vn 0.887878 0.303579 0.345706
vn 0.854397 0.260484 0.449616
vn 0.651934 0.588663 0.477973
vn 0.735271 0.523194 0.430864
vn 0.626073 0.759351 0.177253
vn 0.669128 0.728820 0.145221
vn 0.719111 0.526513 0.453502
vn 0.719664 0.506366 0.475054
vn 0.327036 0.704395 0.629980
vn 0.328101 0.775887 0.538840
vn 0.535668 0.648742 0.540549
vn 0.752152 0.271567 0.600432
vn 0.605193 0.333227 0.722981
vn 0.554473 0.647633 0.522619
vn 0.549485 0.685232 0.478041
vn 0.562373 0.666737 0.489078
vn 0.715586 0.682210 0.150087
vn 0.830946 0.525377 0.183053
vn 0.889821 0.376145 0.258329
vn 0.565383 0.668683 0.482913
vn 0.732072 0.485658 0.477709
vn 0.396674 0.566558 0.722262
vn 0.746522 0.523064 0.411229
vn 0.729370 0.534525 0.426969
vn 0.365355 0.820243 0.440134
vn 0.484408 0.821917 0.299668
vn -0.723125 0.324921 -0.609522
vn -0.720412 0.332379 -0.608712
vn -0.846148 0.384889 -0.368638
vn -0.866358 0.310964 -0.390801
vn -0.758421 0.371693 -0.535390
vn -0.781030 0.375047 -0.499332
vn -0.829043 0.078623 -0.553630
vn -0.817496 0.085203 -0.569598
vn -0.777513 0.320442 -0.541102
vn -0.799680 0.329057 -0.502229
vn -0.629585 0.590627 -0.504759
vn -0.640050 0.603370 -0.475690
vn -0.808452 0.363372 -0.462998
vn -0.798168 0.376472 -0.470315
vn -0.712180 0.218348 -0.667176
vn -0.676790 0.302529 -0.671142
vn -0.810318 0.334083 -0.481429
vn -0.814291 0.343872 -0.467635
vn -0.648347 0.403102 -0.645875
vn -0.627762 0.522331 -0.577135
vn -0.790819 0.376779 -0.482331
vn -0.769450 0.130463 -0.625240
vn -0.722524 0.342054 -0.600798
vn -0.867692 0.189643 -0.459507
vn -0.840650 0.096600 -0.532894
vn -0.734142 0.356843 -0.577666
vn -0.735369 0.320348 -0.597167
vn -0.749719 0.319277 -0.579641
vn -0.665577 0.596283 -0.448836
vn -0.736147 0.546364 -0.399467
vn -0.809992 0.455989 -0.368765
vn -0.728741 0.320607 -0.605101
vn -0.698575 -0.550973 -0.456531
vn -0.711059 -0.554482 -0.432372
vn -0.473572 -0.802172 -0.363661
vn -0.456319 -0.782460 -0.423708
vn -0.597078 -0.639729 -0.483989
vn -0.659809 -0.566398 -0.493807
vn -0.694068 -0.690646 -0.203172
vn -0.690966 -0.689719 -0.216458
vn -0.550803 -0.732761 -0.399596
vn -0.542960 -0.733123 -0.409543
vn -0.744177 -0.472381 -0.472290
vn -0.754866 -0.499167 -0.425453
vn -0.648616 -0.664322 -0.371449
vn -0.710680 -0.578313 -0.400611
vn -0.516754 -0.616582 -0.593962
vn -0.529483 -0.589899 -0.609645
vn -0.679708 -0.547137 -0.488506
vn -0.608202 -0.754606 -0.246292
vn -0.515392 -0.799894 -0.307476
vn -0.683892 -0.549004 -0.480507
vn -0.552716 -0.740429 -0.382454
vn -0.573929 -0.731107 -0.368902
vn -0.552127 -0.574017 -0.604698
vn -0.643574 -0.511966 -0.568950
vn -0.721546 -0.472604 -0.505982
vn -0.555294 -0.734503 -0.390069
vn -0.531730 -0.737350 -0.416626
vn -0.740715 -0.596837 -0.308427
vn -0.693451 -0.689007 -0.210700
vn -0.539366 -0.715268 -0.444382
vn -0.719581 -0.551221 -0.422326
vn -0.473843 -0.711074 -0.519468
vn -0.369160 -0.487256 -0.791393
vn -0.413049 -0.488629 -0.768526
vn -0.133313 -0.941488 -0.309561
vn -0.015231 -0.922747 -0.385106
vn -0.332910 -0.643853 -0.688930
vn -0.300494 -0.646785 -0.700979
vn -0.437939 -0.040587 -0.898088
vn -0.529920 -0.057905 -0.846069
vn -0.322099 -0.581832 -0.746809
vn -0.317626 -0.660756 -0.680085
vn -0.816357 -0.308011 -0.488560
vn -0.827791 -0.385766 -0.407365
vn -0.367774 -0.591877 -0.717234
vn -0.391762 -0.497056 -0.774247
vn 0.228120 -0.646999 -0.727567
vn 0.254085 -0.568767 -0.782269
vn -0.310000 -0.660347 -0.683989
vn -0.711749 -0.157075 -0.684647
vn -0.330957 -0.666211 -0.668304
vn -0.320245 -0.676513 -0.663154
vn 0.210910 -0.484823 -0.848801
vn -0.041300 -0.254603 -0.966163
vn -0.329956 -0.069406 -0.941442
vn -0.362781 -0.639321 -0.677981
vn -0.407323 -0.482636 -0.775339
vn 0.135833 -0.820249 -0.555644
vn -0.333769 -0.473964 -0.814835
vn -0.343786 -0.482270 -0.805746
vn -0.780854 -0.515276 -0.353210
vn -0.572252 -0.769773 -0.282804
vn -0.292298 -0.917450 -0.269903
vn -0.321058 -0.491272 -0.809675
vn -0.261034 0.867545 -0.423352
vn -0.253416 0.870187 -0.422558
vn -0.316608 0.649724 -0.691099
vn -0.223148 0.661075 -0.716369
vn -0.248444 0.785102 -0.567353
vn -0.259292 0.782307 -0.566360
vn -0.172572 0.947663 -0.268613
vn -0.269792 0.932759 -0.239109
vn -0.231738 0.835851 -0.497646
vn -0.234856 0.799183 -0.553307
vn -0.554363 0.737655 -0.385417
vn -0.565566 0.706524 -0.425393
vn -0.279191 0.823710 -0.493512
vn -0.272849 0.857310 -0.436546
vn 0.057125 0.837132 -0.544010
vn 0.070925 0.858014 -0.508706
vn -0.252495 0.871963 -0.419437
vn -0.243832 0.866012 -0.436542
vn -0.548267 0.688166 -0.475217
vn -0.456585 0.660191 -0.596387
vn -0.260471 0.780999 -0.567622
vn -0.268144 0.789846 -0.551581
vn 0.053944 0.879082 -0.473609
vn -0.037838 0.930364 -0.364679
vn -0.267020 0.866102 -0.422572
vn -0.267772 0.865042 -0.424264
vn -0.139185 0.691139 -0.709193
vn -0.020242 0.765507 -0.643109
vn -0.238119 0.788492 -0.567080
vn -0.238006 0.788769 -0.566742
vn -0.366226 0.898041 -0.243724
vn -0.485719 0.820610 -0.301125
vn 0.693497 -0.705036 0.148276
vn 0.669990 -0.677882 0.302637
vn 0.704027 -0.710079 0.011589
vn 0.803429 -0.592104 0.062559
vn 0.766468 -0.424109 0.482347
vn 0.806333 -0.324761 0.494325
vn 0.710504 -0.539043 0.452347
vn 0.824380 -0.562495 -0.063226
vn 0.833963 -0.546886 0.073627
vn 0.778721 -0.623370 -0.070730
vn 0.861714 -0.504570 -0.053465
vn 0.858749 -0.506611 0.076779
vn 0.911964 -0.339400 0.230498
vn 0.917023 -0.392170 0.072599
vn 0.877509 -0.277238 0.391301
vn 0.707530 -0.702002 -0.081210
vn 0.905619 -0.422623 -0.035277
vn 0.644741 -0.643209 0.413026
vn 0.835555 -0.235116 0.496556
vn 0.458733 0.486608 0.743489
vn 0.457431 0.483547 0.746283
vn 0.463565 0.488931 0.738954
vn 0.369185 0.648513 0.665683
vn 0.530384 0.616589 0.581817
vn 0.360061 0.649810 0.669404
vn 0.543929 0.562658 0.622541
vn 0.510561 0.669580 0.539436
vn 0.368704 0.649298 0.665184
vn 0.330208 0.773554 0.540904
vn 0.310300 0.772429 0.554136
vn 0.424116 0.646310 0.634357
vn 0.398611 0.642551 0.654398
vn 0.286820 0.656926 0.697268
vn 0.304417 0.623131 0.720443
vn 0.562298 0.458273 0.688336
vn 0.358988 0.513380 0.779467
vn 0.223589 0.764392 0.604741
vn 0.271813 0.684547 0.676397
vn 0.467554 0.755810 0.458416
vn 0.361383 0.770998 0.524370
vn 0.190726 0.449391 -0.872738
vn 0.221345 0.449032 -0.865666
vn 0.161409 0.450662 -0.877981
vn 0.183560 0.591017 -0.785497
vn 0.315324 0.591315 -0.742239
vn 0.308367 0.634131 -0.709075
vn 0.318205 0.547818 -0.773719
vn 0.156429 0.718724 -0.677470
vn 0.193752 0.720406 -0.665940
vn 0.038162 0.575928 -0.816609
vn 0.033417 0.605635 -0.795041
vn 0.319524 0.447581 -0.835210
vn 0.290557 0.720316 -0.629858
vn 0.021042 0.694027 -0.719642
vn 0.119659 0.714249 -0.689587
vn 0.062011 0.452903 -0.889400
vn 0.043625 0.547901 -0.835405
vn -0.425276 0.282696 -0.859781
vn -0.446949 0.274480 -0.851409
vn -0.403527 0.289186 -0.868065
vn -0.334514 0.463485 -0.820538
vn -0.376529 0.532008 -0.758415
vn -0.390123 0.529604 -0.753209
vn -0.473392 0.351869 -0.807519
vn -0.481205 0.390729 -0.784712
vn -0.479242 0.401955 -0.780230
vn -0.332382 0.421494 -0.843721
vn -0.332919 0.416104 -0.846181
vn -0.456123 0.517140 -0.724236
vn -0.364740 0.534327 -0.762535
vn -0.360589 0.297195 -0.884110
vn -0.488721 0.272927 -0.828651
vn -0.481756 0.383686 -0.787843
vn -0.306447 0.535191 -0.787185
vn -0.332549 0.426027 -0.841375
vn -0.519343 -0.822893 0.230501
vn -0.496017 -0.824085 0.273588
vn -0.540818 -0.819971 0.187519
vn -0.660083 -0.724431 0.198724
vn -0.589811 -0.756834 0.281647
vn -0.633446 -0.752448 0.180465
vn -0.584228 -0.762300 0.278525
vn -0.594357 -0.752242 0.284379
vn -0.601474 -0.779813 0.173552
vn -0.599526 -0.757111 0.259524
vn -0.604223 -0.752843 0.261040
vn -0.595852 -0.761104 0.256285
vn -0.658787 -0.684507 0.312170
vn -0.681946 -0.686178 0.253198
vn -0.633361 -0.677899 0.373239
vn -0.660069 -0.685500 0.307244
vn -0.658424 -0.686240 0.309116
vn -0.513152 -0.822428 0.245534
vn -0.533318 -0.819127 0.211195
vn -0.516030 0.606779 0.604592
vn -0.532486 0.589785 0.607134
vn -0.500158 0.623718 0.600681
vn -0.606925 0.601410 0.519565
vn -0.639576 0.617052 0.458464
vn -0.631002 0.629581 0.453282
vn -0.646932 0.605574 0.463421
vn -0.552303 0.623907 0.552902
vn -0.640251 0.530229 0.555820
vn -0.639350 0.530848 0.556266
vn -0.642309 0.529616 0.554028
vn -0.505061 0.694173 0.512872
vn -0.522297 0.694488 0.494866
vn -0.593631 0.523700 0.611016
vn -0.684372 0.539826 0.490126
vn -0.437660 0.682902 0.584892
vn -0.491998 0.692044 0.528217
vn -0.582704 0.691463 0.427007
vn 0.599556 0.463837 0.652218
vn 0.595707 0.469366 0.651789
vn 0.608758 0.458893 0.647171
vn 0.591664 0.600194 0.538239
vn 0.771099 0.470982 0.428465
vn 0.589908 0.635521 0.498119
vn 0.754311 0.421239 0.503559
vn 0.781878 0.514352 0.352291
vn 0.607571 0.652473 0.452919
vn 0.672985 0.679601 0.291948
vn 0.672480 0.679345 0.293704
vn 0.707514 0.569930 0.417857
vn 0.658597 0.609868 0.440808
vn 0.524648 0.678999 0.513522
vn 0.506150 0.631378 0.587516
vn 0.721408 0.356304 0.593817
vn 0.480043 0.559726 0.675474
vn 0.554039 0.762267 0.334650
vn 0.538366 0.720036 0.437846
vn 0.784295 0.565874 0.254301
vn 0.675873 0.675865 0.293942
vn -0.796637 0.360255 -0.485371
vn -0.810385 0.316585 -0.493001
vn -0.779007 0.407815 -0.476272
vn -0.748585 0.362167 -0.555388
vn -0.805142 0.218656 -0.551304
vn -0.807387 0.221406 -0.546906
vn -0.803820 0.217407 -0.553722
vn -0.709225 0.485942 -0.510744
vn -0.707177 0.485684 -0.513821
vn -0.772773 0.371679 -0.514467
vn -0.762595 0.362915 -0.535483
vn -0.743572 0.333923 -0.579307
vn -0.759877 0.286890 -0.583336
vn -0.742485 0.488523 -0.458325
vn -0.713446 0.484793 -0.505935
vn -0.829475 0.237673 -0.505454
vn -0.683698 0.474491 -0.554450
vn -0.722651 0.388655 -0.571596
vn -0.782945 0.210451 -0.585412
vn -0.593621 -0.688764 -0.416195
vn -0.582089 -0.684450 -0.438978
vn -0.606358 -0.693179 -0.389657
vn -0.664108 -0.594673 -0.453129
vn -0.658465 -0.675098 -0.332664
vn -0.621448 -0.652202 -0.434090
vn -0.680264 -0.645649 -0.346956
vn -0.635977 -0.703019 -0.318272
vn -0.579693 -0.706261 -0.406389
vn -0.650711 -0.619169 -0.439550
vn -0.575034 -0.708752 -0.408664
vn -0.659052 -0.626595 -0.415968
vn -0.644094 -0.612789 -0.457856
vn -0.579067 -0.703482 -0.412061
vn -0.588765 -0.629862 -0.506586
vn -0.605517 -0.610770 -0.510205
vn -0.636083 -0.699993 -0.324666
vn -0.678563 -0.648314 -0.345312
vn -0.554601 -0.669851 -0.493677
vn -0.619681 -0.595496 -0.511253
vn -0.571734 -0.649391 -0.501410
vn -0.217704 -0.846656 -0.485570
vn -0.108462 -0.844227 -0.524897
vn -0.342012 -0.836001 -0.429103
vn -0.377940 -0.565811 -0.732816
vn -0.420497 -0.279890 -0.863044
vn -0.498878 -0.264775 -0.825236
vn -0.332788 -0.283656 -0.899328
vn -0.308824 -0.623526 -0.718222
vn -0.684976 -0.476728 -0.550944
vn -0.686504 -0.418215 -0.594818
vn 0.033805 -0.610281 -0.791463
vn 0.035480 -0.658679 -0.751587
vn 0.101465 -0.814879 -0.570681
vn -0.684353 -0.206848 -0.699196
vn -0.080218 -0.307152 -0.948274
vn 0.021095 -0.552268 -0.833400
vn -0.559318 -0.767566 -0.313060
vn -0.662841 -0.563970 -0.492524
vn -0.245861 0.774754 -0.582502
vn -0.302340 0.759905 -0.575444
vn -0.278384 0.843322 -0.459684
vn -0.263678 0.875850 -0.404179
vn -0.206592 0.887059 -0.412851
vn -0.236658 0.813190 -0.531710
vn -0.423860 0.777007 -0.465407
vn -0.422792 0.781939 -0.458060
vn -0.093462 0.855337 -0.509572
vn -0.094773 0.854743 -0.510325
vn -0.103044 0.898302 -0.427125
vn -0.093772 0.855877 -0.508608
vn -0.093453 0.804349 -0.586762
vn -0.193673 0.786593 -0.586313
vn -0.406335 0.726039 -0.554761
vn -0.422441 0.772626 -0.473911
vn -0.425611 0.822966 -0.376274
vn -0.323124 0.859998 -0.394961
vn 0.793839 0.582182 0.175738
vn 0.843779 -0.446974 0.297071
vn 0.767643 0.568649 0.295571
vn 0.587570 -0.553346 0.590398
vn 0.246999 -0.576925 -0.778556
vn 0.802322 -0.577347 0.151493
vn 0.172641 -0.888287 -0.425606
vn 0.396517 0.911123 -0.112376
vn 0.052387 -0.473229 0.879380
vn 0.036192 -0.643541 0.764555
vn 0.020636 0.750468 0.660584
vn -0.234942 -0.970821 0.048052
vn 0.078242 0.760714 0.644354
vn 0.882120 -0.459349 0.104225
vn -0.948837 -0.249526 0.193507
vn -0.902838 0.406906 0.138966
vn 0.946478 -0.223002 0.233346
vn 0.767803 -0.545209 0.336490
vn 0.710663 -0.681513 0.174639
vn 0.249194 0.845815 -0.471698
vn -0.325203 -0.487792 0.810125
vn -0.093752 0.434198 0.895926
vn -0.239204 -0.006424 -0.970948
vn -0.776101 -0.055897 -0.628126
vn -0.543804 0.110000 -0.831972
vn -0.106065 0.802652 -0.586941
vn -0.236247 0.658174 -0.714839
vn -0.154576 -0.949690 0.272390
vn -0.176109 0.620306 0.764334
vn 0.077191 0.902923 0.422815
vn 0.095607 0.799718 0.592714
vn -0.361157 0.875556 0.320885
vn -0.294768 -0.674903 -0.676474
vn -0.304050 -0.896686 -0.321726
vn -0.568017 -0.779158 -0.265084
vn -0.289953 -0.935452 -0.202130
vn -0.523080 0.631740 -0.572094
vn 0.413495 0.878856 0.237981

# Mesh
g octotoad3
usemtl default
f 4/4/4 1/1/1 2/2/2
f 2/2/2 3/3/3 4/4/4
f 2/2/2 1/1/1 5/5/5
f 5/5/5 6/6/6 2/2/2
f 10/10/10 7/7/7 8/8/8
f 8/8/8 9/9/9 10/10/10
f 13/13/13 7/7/7 11/11/11
f 11/11/11 12/12/12 13/13/13
f 17/17/17 14/14/14 15/15/15
f 15/15/15 16/16/16 17/17/17
f 15/15/15 14/14/14 18/18/18
f 18/18/18 19/19/19 15/15/15
f 18/18/18 14/14/14 20/20/20
f 20/20/20 21/21/21 18/18/18
f 25/25/25 22/22/22 23/23/23
f 23/23/23 24/24/24 25/25/25
f 23/29/23 22/26/22 26/27/26
f 26/27/26 27/28/27 23/29/23
f 31/33/31 28/30/28 29/31/29
f 29/31/29 30/32/30 31/33/31
f 29/31/29 28/30/28 32/34/32
f 32/34/32 33/35/33 29/31/29
f 37/39/37 34/36/34 35/37/35
f 35/37/35 36/38/36 37/39/37
f 40/42/40 34/36/34 38/40/38
f 38/40/38 39/41/39 40/42/40
f 44/46/44 41/43/41 42/44/42
f 42/44/42 43/45/43 44/46/44
f 48/50/48 45/47/45 46/48/46
f 46/48/46 47/49/47 48/50/48
f 46/48/46 45/47/45 49/51/49
f 49/51/49 50/52/50 46/48/46
f 54/56/54 51/53/51 52/54/52
f 52/54/52 53/55/53 54/56/54
f 57/60/57 51/57/51 55/58/55
f 55/58/55 56/59/56 57/60/57
f 61/64/61 58/61/58 59/62/59
f 59/62/59 60/63/60 61/64/61
f 65/68/65 62/65/62 63/66/63
f 63/66/63 64/67/64 65/68/65
f 68/71/68 62/65/62 66/69/66
f 66/69/66 67/70/67 68/71/68
f 72/75/72 69/72/69 70/73/70
f 70/73/70 71/74/71 72/75/72
f 70/73/70 69/72/69 73/76/73
f 73/76/73 74/77/74 70/73/70
f 73/76/73 69/72/69 75/78/75
f 75/78/75 76/79/76 73/76/73
f 80/83/80 77/80/77 78/81/78
f 78/81/78 79/82/79 80/83/80
f 78/81/78 77/80/77 81/84/81
f 81/84/81 82/85/82 78/81/78
f 81/84/81 77/80/77 83/86/83
f 83/86/83 84/87/84 81/84/81
f 88/91/88 85/88/85 86/89/86
f 86/89/86 87/90/87 88/91/88
f 92/95/92 89/92/89 90/93/90
f 90/93/90 91/94/91 92/95/92
f 90/93/90 89/92/89 93/96/93
f 93/96/93 94/97/94 90/93/90
f 98/101/98 95/98/95 96/99/96
f 96/99/96 97/100/97 98/101/98
f 96/99/96 95/98/95 99/102/99
f 99/102/99 100/103/100 96/99/96
f 104/107/104 101/104/101 102/105/102
f 102/105/102 103/106/103 104/107/104
f 107/110/107 101/104/101 105/108/105
f 105/108/105 106/109/106 107/110/107
f 111/114/111 108/111/108 109/112/109
f 109/112/109 110/113/110 111/114/111
f 114/117/114 108/111/108 112/115/112
f 112/115/112 113/116/113 114/117/114
f 118/121/118 115/118/115 116/119/116
f 116/119/116 117/120/117 118/121/118
f 121/124/121 115/118/115 119/122/119
f 119/122/119 120/123/120 121/124/121
f 125/128/125 122/125/122 123/126/123
f 123/126/123 124/127/124 125/128/125
f 128/131/128 122/125/122 126/129/126
f 126/129/126 127/130/127 128/131/128
f 132/135/132 129/132/129 130/133/130
f 130/133/130 131/134/131 132/135/132
f 135/139/135 129/136/129 133/137/133
f 133/137/133 134/138/134 135/139/135
f 139/143/139 136/140/136 137/141/137
f 137/141/137 138/142/138 139/143/139
f 142/146/142 136/140/136 140/144/140
f 140/144/140 141/145/141 142/146/142
f 146/150/146 143/147/143 144/148/144
f 144/148/144 145/149/145 146/150/146
f 149/153/149 143/147/143 147/151/147
f 147/151/147 148/152/148 149/153/149
f 153/157/153 150/154/150 151/155/151
f 151/155/151 152/156/152 153/157/153
f 156/160/156 150/154/150 154/158/154
f 154/158/154 155/159/155 156/160/156
f 160/164/160 157/161/157 158/162/158
f 158/162/158 159/163/159 160/164/160
f 163/167/163 157/161/157 161/165/161
f 161/165/161 162/166/162 163/167/163
f 158/162/158 157/161/157 164/168/164
f 164/168/164 165/169/165 158/162/158
f 169/173/169 166/170/166 167/171/167
f 167/171/167 168/172/168 169/173/169
f 172/176/172 166/170/166 170/174/170
f 170/174/170 171/175/171 172/176/172
f 167/171/167 166/170/166 173/177/173
f 173/177/173 174/178/174 167/171/167
f 178/182/178 175/179/175 176/180/176
f 176/180/176 177/181/177 178/182/178
f 181/185/181 175/179/175 179/183/179
f 179/183/179 180/184/180 181/185/181
f 176/180/176 175/179/175 182/186/182
f 182/186/182 183/187/183 176/180/176
f 187/191/187 184/188/184 185/189/185
f 185/189/185 186/190/186 187/191/187
f 190/194/190 184/188/184 188/192/188
f 188/192/188 189/193/189 190/194/190
f 185/189/185 184/188/184 191/195/191
f 191/195/191 192/196/192 185/189/185
f 196/200/196 193/197/193 194/198/194
f 194/198/194 195/199/195 196/200/196
f 199/204/199 193/201/193 197/202/197
f 197/202/197 198/203/198 199/204/199
f 194/198/194 193/197/193 200/205/200
f 200/205/200 201/206/201 194/198/194
f 205/210/205 202/207/202 203/208/203
f 203/208/203 204/209/204 205/210/205
f 208/213/208 202/207/202 206/211/206
f 206/211/206 207/212/207 208/213/208
f 203/208/203 202/207/202 209/214/209
f 209/214/209 210/215/210 203/208/203
f 214/219/214 211/216/211 212/217/212
f 212/217/212 213/218/213 214/219/214
f 217/222/217 211/216/211 215/220/215
f 215/220/215 216/221/216 217/222/217
f 212/217/212 211/216/211 218/223/218
f 218/223/218 219/224/219 212/217/212
f 223/228/223 220/225/220 221/226/221
f 221/226/221 222/227/222 223/228/223
f 226/231/226 220/225/220 224/229/224
f 224/229/224 225/230/225 226/231/226
f 221/226/221 220/225/220 227/232/227
f 227/232/227 228/233/228 221/226/221
f 232/237/232 229/234/229 230/235/230
f 230/235/230 231/236/231 232/237/232
f 230/235/230 229/234/229 233/238/233
f 233/238/233 234/239/234 230/235/230
f 237/242/237 229/234/229 235/240/235
f 235/240/235 236/241/236 237/242/237
f 241/246/241 238/243/238 239/244/239
f 239/244/239 240/245/240 241/246/241
f 239/244/239 238/243/238 242/247/242
f 242/247/242 243/248/243 239/244/239
f 246/251/246 238/243/238 244/249/244
f 244/249/244 245/250/245 246/251/246
f 250/255/250 247/252/247 248/253/248
f 248/253/248 249/254/249 250/255/250
f 253/258/253 247/252/247 251/256/251
f 251/256/251 252/257/252 253/258/253
f 248/262/248 247/259/247 254/260/254
f 254/260/254 255/261/255 248/262/248
f 259/266/259 256/263/256 257/264/257
f 257/264/257 258/265/258 259/266/259
f 257/264/257 256/263/256 260/267/260
f 260/267/260 261/268/261 257/264/257
f 264/272/264 256/269/256 262/270/262
f 262/270/262 263/271/263 264/272/264
f 268/276/268 265/273/265 266/274/266
f 266/274/266 267/275/267 268/276/268
f 266/274/266 265/273/265 269/277/269
f 269/277/269 270/278/270 266/274/266
f 273/282/273 265/279/265 271/280/271
f 271/280/271 272/281/272 273/282/273
f 277/286/277 274/283/274 275/284/275
f 275/284/275 276/285/276 277/286/277
f 280/289/280 274/283/274 278/287/278
f 278/287/278 279/288/279 280/289/280
f 275/284/275 274/283/274 281/290/281
f 281/290/281 282/291/282 275/284/275
f 286/295/286 283/292/283 284/293/284
f 284/293/284 285/294/285 286/295/286
f 284/293/284 283/292/283 287/296/287
f 287/296/287 288/297/288 284/293/284
f 291/300/291 283/292/283 289/298/289
f 289/298/289 290/299/290 291/300/291
f 295/304/295 292/301/292 293/302/293
f 293/302/293 294/303/294 295/304/295
f 298/307/298 292/301/292 296/305/296
f 296/305/296 297/306/297 298/307/298
f 293/302/293 292/301/292 299/308/299
f 299/308/299 300/309/300 293/302/293
f 304/313/304 301/310/301 302/311/302
f 302/311/302 303/312/303 304/313/304
f 307/317/307 301/314/301 305/315/305
f 305/315/305 306/316/306 307/317/307
f 302/311/302 301/310/301 308/318/308
f 308/318/308 309/319/309 302/311/302
f 313/323/313 310/320/310 311/321/311
f 311/321/311 312/322/312 313/323/313
f 311/321/311 310/320/310 314/324/314
f 314/324/314 315/325/315 311/321/311
f 318/328/318 310/320/310 316/326/316
f 316/326/316 317/327/317 318/328/318
f 322/332/322 319/329/319 320/330/320
f 320/330/320 321/331/321 322/332/322
f 325/335/325 319/329/319 323/333/323
f 323/333/323 324/334/324 325/335/325
f 320/330/320 319/329/319 326/336/326
f 326/336/326 327/337/327 320/330/320
f 331/341/331 328/338/328 329/339/329
f 329/339/329 330/340/330 331/341/331
f 334/344/334 328/338/328 332/342/332
f 332/342/332 333/343/333 334/344/334
f 329/339/329 328/338/328 335/345/335
f 335/345/335 336/346/336 329/339/329
f 340/350/340 337/347/337 338/348/338
f 338/348/338 339/349/339 340/350/340
f 338/348/338 337/347/337 341/351/341
f 341/351/341 342/352/342 338/348/338
f 345/356/345 337/353/337 343/354/343
f 343/354/343 344/355/344 345/356/345
f 349/360/349 346/357/346 347/358/347
f 347/358/347 348/359/348 349/360/349
f 352/363/352 346/357/346 350/361/350
f 350/361/350 351/362/351 352/363/352
f 347/358/347 346/357/346 353/364/353
f 353/364/353 354/365/354 347/358/347
f 358/369/358 355/366/355 356/367/356
f 356/367/356 357/368/357 358/369/358
f 361/373/361 355/370/355 359/371/359
f 359/371/359 360/372/360 361/373/361
f 356/367/356 355/366/355 362/374/362
f 362/374/362 363/375/363 356/367/356
f 367/379/367 364/376/364 365/377/365
f 365/377/365 366/378/366 367/379/367
f 365/377/365 364/376/364 368/380/368
f 368/380/368 369/381/369 365/377/365
f 372/385/372 364/382/364 370/383/370
f 370/383/370 371/384/371 372/385/372
f 376/389/376 373/386/373 374/387/374
f 374/387/374 375/388/375 376/389/376
f 374/387/374 373/386/373 377/390/377
f 377/390/377 378/391/378 374/387/374
f 381/394/381 373/386/373 379/392/379
f 379/392/379 380/393/380 381/394/381
f 385/398/385 382/395/382 383/396/383
f 383/396/383 384/397/384 385/398/385
f 388/401/388 382/395/382 386/399/386
f 386/399/386 387/400/387 388/401/388
f 383/396/383 382/395/382 389/402/389
f 389/402/389 390/403/390 383/396/383
f 394/407/394 391/404/391 392/405/392
f 392/405/392 393/406/393 394/407/394
f 392/405/392 391/404/391 395/408/395
f 395/408/395 396/409/396 392/405/392
f 399/412/399 391/404/391 397/410/397
f 397/410/397 398/411/398 399/412/399
f 403/416/403 400/413/400 401/414/401
f 401/414/401 402/415/402 403/416/403
f 401/414/401 400/413/400 404/417/404
f 404/417/404 405/418/405 401/414/401
f 408/421/408 400/413/400 406/419/406
f 406/419/406 407/420/407 408/421/408
f 412/425/412 409/422/409 410/423/410
f 410/423/410 411/424/411 412/425/412
f 410/423/410 409/422/409 413/426/413
f 413/426/413 414/427/414 410/423/410
f 417/430/417 409/422/409 415/428/415
f 415/428/415 416/429/416 417/430/417
f 421/434/421 418/431/418 419/432/419
f 419/432/419 420/433/420 421/434/421
f 419/432/419 418/431/418 422/435/422
f 422/435/422 423/436/423 419/432/419
f 426/439/426 418/431/418 424/437/424
f 424/437/424 425/438/425 426/439/426
f 430/443/430 427/440/427 428/441/428
f 428/441/428 429/442/429 430/443/430
f 428/441/428 427/440/427 431/444/431
f 431/444/431 432/445/432 428/441/428
f 435/448/435 427/440/427 433/446/433
f 433/446/433 434/447/434 435/448/435
f 439/452/439 436/449/436 437/450/437
f 437/450/437 438/451/438 439/452/439
f 442/455/442 436/449/436 440/453/440
f 440/453/440 441/454/441 442/455/442
f 437/450/437 436/449/436 443/456/443
f 443/456/443 444/457/444 437/450/437
f 448/461/448 445/458/445 446/459/446
f 446/459/446 447/460/447 448/461/448
f 451/465/451 445/462/445 449/463/449
f 449/463/449 450/464/450 451/465/451
f 446/459/446 445/458/445 452/466/452
f 452/466/452 453/467/453 446/459/446
f 457/471/457 454/468/454 455/469/455
f 455/469/455 456/470/456 457/471/457
f 460/474/460 454/468/454 458/472/458
f 458/472/458 459/473/459 460/474/460
f 455/469/455 454/468/454 461/475/461
f 461/475/461 462/476/462 455/469/455
f 466/480/466 463/477/463 464/478/464
f 464/478/464 465/479/465 466/480/466
f 464/478/464 463/477/463 467/481/467
f 467/481/467 468/482/468 464/478/464
f 471/485/471 463/477/463 469/483/469
f 469/483/469 470/484/470 471/485/471
f 475/489/475 472/486/472 473/487/473
f 473/487/473 474/488/474 475/489/475
f 478/492/478 472/486/472 476/490/476
f 476/490/476 477/491/477 478/492/478
f 473/487/473 472/486/472 479/493/479
f 479/493/479 480/494/480 473/487/473
f 484/498/484 481/495/481 482/496/482
f 482/496/482 483/497/483 484/498/484
f 482/496/482 481/495/481 485/499/485
f 485/499/485 486/500/486 482/496/482
f 489/504/489 481/501/481 487/502/487
f 487/502/487 488/503/488 489/504/489
f 493/508/493 490/505/490 491/506/491
f 491/506/491 492/507/492 493/508/493
f 491/506/491 490/505/490 494/509/494
f 494/509/494 495/510/495 491/506/491
f 498/513/498 490/505/490 496/511/496
f 496/511/496 497/512/497 498/513/498
f 502/517/502 499/514/499 500/515/500
f 500/515/500 501/516/501 502/517/502
f 500/515/500 499/514/499 503/518/503
f 503/518/503 504/519/504 500/515/500
f 507/522/507 499/514/499 505/520/505
f 505/520/505 506/521/506 507/522/507
f 511/526/511 508/523/508 509/524/509
f 509/524/509 510/525/510 511/526/511
f 514/530/514 508/527/508 512/528/512
f 512/528/512 513/529/513 514/530/514
f 509/524/509 508/523/508 515/531/515
f 515/531/515 516/532/516 509/524/509
f 520/536/520 517/533/517 518/534/518
f 518/534/518 519/535/519 520/536/520
f 523/540/523 517/537/517 521/538/521
f 521/538/521 522/539/522 523/540/523
f 518/534/518 517/533/517 524/541/524
f 524/541/524 525/542/525 518/534/518
f 529/546/529 526/543/526 527/544/527
f 527/544/527 528/545/528 529/546/529
f 532/549/532 526/543/526 530/547/530
f 530/547/530 531/548/531 532/549/532
f 527/544/527 526/543/526 533/550/533
f 533/550/533 534/551/534 527/544/527
f 538/555/538 535/552/535 536/553/536
f 536/553/536 537/554/537 538/555/538
f 541/558/541 535/552/535 539/556/539
f 539/556/539 540/557/540 541/558/541
f 536/553/536 535/552/535 542/559/542
f 542/559/542 543/560/543 536/553/536
f 547/564/547 544/561/544 545/562/545
f 545/562/545 546/563/546 547/564/547
f 545/562/545 544/561/544 548/565/548
f 548/565/548 549/566/549 545/562/545
f 552/569/552 544/561/544 550/567/550
f 550/567/550 551/568/551 552/569/552
f 556/573/556 553/570/553 554/571/554
f 554/571/554 555/572/555 556/573/556
f 554/571/554 553/570/553 557/574/557
f 557/574/557 558/575/558 554/571/554
f 561/578/561 553/570/553 559/576/559
f 559/576/559 560/577/560 561/578/561
f 565/582/565 562/579/562 563/580/563
f 563/580/563 564/581/564 565/582/565
f 563/580/563 562/579/562 566/583/566
f 566/583/566 567/584/567 563/580/563
f 570/587/570 562/579/562 568/585/568
f 568/585/568 569/586/569 570/587/570
f 574/591/574 571/588/571 572/589/572
f 572/589/572 573/590/573 574/591/574
f 577/594/577 571/588/571 575/592/575
f 575/592/575 576/593/576 577/594/577
f 572/589/572 571/588/571 578/595/578
f 578/595/578 579/596/579 572/589/572
f 583/600/583 580/597/580 581/598/581
f 581/598/581 582/599/582 583/600/583
f 581/598/581 580/597/580 584/601/584
f 584/601/584 585/602/585 581/598/581
f 588/605/588 580/597/580 586/603/586
f 586/603/586 587/604/587 588/605/588
f 592/609/592 589/606/589 590/607/590
f 590/607/590 591/608/591 592/609/592
f 590/607/590 589/606/589 593/610/593
f 593/610/593 594/611/594 590/607/590
f 598/615/598 595/612/595 596/613/596
f 596/613/596 597/614/597 598/615/598
f 596/613/596 595/612/595 599/616/599
f 599/616/599 600/617/600 596/613/596
f 604/621/604 601/618/601 602/619/602
f 602/619/602 603/620/603 604/621/604
f 602/619/602 601/618/601 605/622/605
f 605/622/605 606/623/606 602/619/602
f 610/627/610 607/624/607 608/625/608
f 608/625/608 609/626/609 610/627/610
f 608/625/608 607/624/607 611/628/611
f 611/628/611 612/629/612 608/625/608
f 614/631/614 613/630/613 13/13/13
f 13/13/13 12/12/12 614/631/614
f 616/633/616 613/630/613 614/631/614
f 614/631/614 615/632/615 616/633/616
f 618/635/618 617/634/617 10/10/10
f 10/10/10 9/9/9 618/635/618
f 620/637/620 617/634/617 618/635/618
f 618/635/618 619/636/619 620/637/620
f 623/640/623 621/638/621 8/8/8
f 8/8/8 622/639/622 623/640/623
f 625/642/625 621/638/621 623/640/623
f 623/640/623 624/641/624 625/642/625
f 627/644/627 626/643/626 17/17/17
f 17/17/17 16/16/16 627/644/627
f 629/646/629 626/643/626 627/644/627
f 627/644/627 628/645/628 629/646/629
f 631/648/631 630/647/630 15/15/15
f 15/15/15 19/19/19 631/648/631
f 633/650/633 630/647/630 631/648/631
f 631/648/631 632/649/632 633/650/633
f 635/652/635 634/651/634 18/18/18
f 18/18/18 21/21/21 635/652/635
f 637/654/637 634/651/634 635/652/635
f 635/652/635 636/653/636 637/654/637
f 639/656/639 638/655/638 25/25/25
f 25/25/25 24/24/24 639/656/639
f 641/658/641 638/655/638 639/656/639
f 639/656/639 640/657/640 641/658/641
f 645/662/645 642/659/642 643/660/643
f 643/660/643 644/661/644 645/662/645
f 647/664/647 642/659/642 645/662/645
f 645/662/645 646/663/646 647/664/647
f 651/668/651 648/665/648 649/666/649
f 649/666/649 650/667/650 651/668/651
f 649/666/649 648/665/648 652/669/652
f 652/669/652 653/670/653 649/666/649
f 657/674/657 654/671/654 655/672/655
f 655/672/655 656/673/656 657/674/657
f 655/672/655 654/671/654 658/675/658
f 658/675/658 659/676/659 655/672/655
f 663/680/663 660/677/660 661/678/661
f 661/678/661 662/679/662 663/680/663
f 661/678/661 660/677/660 664/681/664
f 664/681/664 665/682/665 661/678/661
f 669/686/669 666/683/666 667/684/667
f 667/684/667 668/685/668 669/686/669
f 667/684/667 666/683/666 670/687/670
f 670/687/670 671/688/671 667/684/667
f 675/692/675 672/689/672 673/690/673
f 673/690/673 674/691/674 675/692/675
f 673/690/673 672/689/672 676/693/676
f 676/693/676 677/694/677 673/690/673
f 681/698/681 678/695/678 679/696/679
f 679/696/679 680/697/680 681/698/681
f 679/696/679 678/695/678 682/699/682
f 682/699/682 683/700/683 679/696/679
f 687/704/687 684/701/684 685/702/685
f 685/702/685 686/703/686 687/704/687
f 685/702/685 684/701/684 688/705/688
f 688/705/688 689/706/689 685/702/685
f 693/710/693 690/707/690 691/708/691
f 691/708/691 692/709/692 693/710/693
f 691/708/691 690/707/690 694/711/694
f 694/711/694 695/712/695 691/708/691
f 699/716/699 696/713/696 697/714/697
f 697/714/697 698/715/698 699/716/699
f 697/714/697 696/713/696 700/717/700
f 700/717/700 701/718/701 697/714/697
f 705/722/705 702/719/702 703/720/703
f 703/720/703 704/721/704 705/722/705
f 703/720/703 702/719/702 706/723/706
f 706/723/706 707/724/707 703/720/703
f 711/728/711 708/725/708 709/726/709
f 709/726/709 710/727/710 711/728/711
f 709/726/709 708/725/708 712/729/712
f 712/729/712 713/730/713 709/726/709
f 717/734/717 714/731/714 715/732/715
f 715/732/715 716/733/716 717/734/717
f 715/732/715 714/731/714 718/735/718
f 718/735/718 719/736/719 715/732/715
f 721/738/721 720/737/720 57/60/57
f 57/60/57 56/59/56 721/738/721
f 723/740/723 720/737/720 721/738/721
f 721/738/721 722/739/722 723/740/723
f 725/742/725 724/741/724 54/56/54
f 54/56/54 53/55/53 725/742/725
f 727/744/727 724/741/724 725/742/725
f 725/742/725 726/743/726 727/744/727
f 730/747/730 728/745/728 52/54/52
f 52/54/52 729/746/729 730/747/730
f 732/749/732 728/745/728 730/747/730
f 730/747/730 731/748/731 732/749/732
f 736/753/736 733/750/733 734/751/734
f 734/751/734 735/752/735 736/753/736
f 734/751/734 733/750/733 737/754/737
f 737/754/737 738/755/738 734/751/734
f 742/759/742 739/756/739 740/757/740
f 740/757/740 741/758/741 742/759/742
f 740/757/740 739/756/739 743/760/743
f 743/760/743 744/761/744 740/757/740
f 746/763/746 745/762/745 65/68/65
f 65/68/65 64/67/64 746/763/746
f 748/765/748 745/762/745 746/763/746
f 746/763/746 747/764/747 748/765/748
f 750/767/750 749/766/749 68/71/68
f 68/71/68 67/70/67 750/767/750
f 752/769/752 749/766/749 750/767/750
f 750/767/750 751/768/751 752/769/752
f 755/772/755 753/770/753 63/66/63
f 63/66/63 754/771/754 755/772/755
f 757/774/757 753/770/753 755/772/755
f 755/772/755 756/773/756 757/774/757
f 761/778/761 758/775/758 759/776/759
f 759/776/759 760/777/760 761/778/761
f 759/776/759 758/775/758 762/779/762
f 762/779/762 763/780/763 759/776/759
f 767/784/767 764/781/764 765/782/765
f 765/782/765 766/783/766 767/784/767
f 765/782/765 764/781/764 768/785/768
f 768/785/768 769/786/769 765/782/765
f 771/788/771 770/787/770 80/83/80
f 80/83/80 79/82/79 771/788/771
f 773/790/773 770/787/770 771/788/771
f 771/788/771 772/789/772 773/790/773
f 775/794/775 774/791/774 78/792/78
f 78/792/78 82/793/82 775/794/775
f 777/796/777 774/791/774 775/794/775
f 775/794/775 776/795/776 777/796/777
f 781/800/781 778/797/778 779/798/779
f 779/798/779 780/799/780 781/800/781
f 779/798/779 778/797/778 782/801/782
f 782/801/782 783/802/783 779/798/779
f 787/806/787 784/803/784 785/804/785
f 785/804/785 786/805/786 787/806/787
f 785/804/785 784/803/784 788/807/788
f 788/807/788 789/808/789 785/804/785
f 791/810/791 790/809/790 92/95/92
f 92/95/92 91/94/91 791/810/791
f 793/812/793 790/809/790 791/810/791
f 791/810/791 792/811/792 793/812/793
f 795/814/795 794/813/794 98/101/98
f 98/101/98 97/100/97 795/814/795
f 797/816/797 794/813/794 795/814/795
f 795/814/795 796/815/796 797/816/797
f 799/818/799 798/817/798 104/107/104
f 104/107/104 103/106/103 799/818/799
f 801/820/801 798/817/798 799/818/799
f 799/818/799 800/819/800 801/820/801
f 803/822/803 802/821/802 107/110/107
f 107/110/107 106/109/106 803/822/803
f 805/824/805 802/821/802 803/822/803
f 803/822/803 804/823/804 805/824/805
f 807/826/807 806/825/806 111/114/111
f 111/114/111 110/113/110 807/826/807
f 809/828/809 806/825/806 807/826/807
f 807/826/807 808/827/808 809/828/809
f 813/832/813 810/829/810 811/830/811
f 811/830/811 812/831/812 813/832/813
f 811/830/811 810/829/810 814/833/814
f 814/833/814 815/834/815 811/830/811
f 819/838/819 816/835/816 817/836/817
f 817/836/817 818/837/818 819/838/819
f 817/836/817 816/835/816 820/839/820
f 820/839/820 821/840/821 817/836/817
f 825/844/825 822/841/822 823/842/823
f 823/842/823 824/843/824 825/844/825
f 823/842/823 822/841/822 826/845/826
f 826/845/826 827/846/827 823/842/823
f 829/848/829 828/847/828 135/139/135
f 135/139/135 134/138/134 829/848/829
f 831/850/831 828/847/828 829/848/829
f 829/848/829 830/849/830 831/850/831
f 833/852/833 832/851/832 139/143/139
f 139/143/139 138/142/138 833/852/833
f 835/854/835 832/851/832 833/852/833
f 833/852/833 834/853/834 835/854/835
f 837/856/837 836/855/836 160/164/160
f 160/164/160 159/163/159 837/856/837
f 839/858/839 836/855/836 837/856/837
f 837/856/837 838/857/838 839/858/839
f 841/860/841 840/859/840 169/173/169
f 169/173/169 168/172/168 841/860/841
f 146/150/146 840/859/840 841/860/841
f 841/860/841 842/861/842 146/150/146
f 844/863/844 843/862/843 178/182/178
f 178/182/178 177/181/177 844/863/844
f 846/865/846 843/862/843 844/863/844
f 844/863/844 845/864/845 846/865/846
f 848/867/848 847/866/847 187/191/187
f 187/191/187 186/190/186 848/867/848
f 149/153/149 847/866/847 848/867/848
f 848/867/848 849/868/849 149/153/149
f 851/870/851 850/869/850 196/200/196
f 196/200/196 195/199/195 851/870/851
f 853/872/853 850/869/850 851/870/851
f 851/870/851 852/871/852 853/872/853
f 855/874/855 854/873/854 205/210/205
f 205/210/205 204/209/204 855/874/855
f 142/146/142 854/873/854 855/874/855
f 855/874/855 856/875/856 142/146/142
f 858/877/858 857/876/857 214/219/214
f 214/219/214 213/218/213 858/877/858
f 132/135/132 857/876/857 858/877/858
f 858/877/858 859/878/859 132/135/132
f 861/880/861 860/879/860 223/228/223
f 223/228/223 222/227/222 861/880/861
f 114/117/114 860/879/860 861/880/861
f 861/880/861 862/881/862 114/117/114
f 864/883/864 863/882/863 232/237/232
f 232/237/232 231/236/231 864/883/864
f 866/885/866 863/882/863 864/883/864
f 864/883/864 865/884/865 866/885/866
f 868/887/868 867/886/867 241/246/241
f 241/246/241 240/245/240 868/887/868
f 144/148/144 867/886/867 868/887/868
f 868/887/868 145/149/145 144/148/144
f 870/889/870 869/888/869 250/255/250
f 250/255/250 249/254/249 870/889/870
f 137/141/137 869/888/869 870/889/870
f 870/889/870 138/142/138 137/141/137
f 872/891/872 871/890/871 259/266/259
f 259/266/259 258/265/258 872/891/872
f 874/895/874 871/892/871 872/893/872
f 872/893/872 873/894/873 874/895/874
f 876/897/876 875/896/875 268/276/268
f 268/276/268 267/275/267 876/897/876
f 130/133/130 875/896/875 876/897/876
f 876/897/876 131/134/131 130/133/130
f 878/899/878 877/898/877 277/286/277
f 277/286/277 276/285/276 878/899/878
f 90/93/90 877/898/877 878/899/878
f 878/899/878 91/94/91 90/93/90
f 880/901/880 879/900/879 286/295/286
f 286/295/286 285/294/285 880/901/880
f 882/903/882 879/900/879 880/901/880
f 880/901/880 881/902/881 882/903/882
f 884/905/884 883/904/883 295/304/295
f 295/304/295 294/303/294 884/905/884
f 96/99/96 883/904/883 884/905/884
f 884/905/884 97/100/97 96/99/96
f 886/907/886 885/906/885 304/313/304
f 304/313/304 303/312/303 886/907/886
f 888/909/888 885/906/885 886/907/886
f 886/907/886 887/908/887 888/909/888
f 890/911/890 889/910/889 313/323/313
f 313/323/313 312/322/312 890/911/890
f 892/913/892 889/910/889 890/911/890
f 890/911/890 891/912/891 892/913/892
f 894/915/894 893/914/893 322/332/322
f 322/332/322 321/331/321 894/915/894
f 896/917/896 893/914/893 894/915/894
f 894/915/894 895/916/895 896/917/896
f 898/919/898 897/918/897 331/341/331
f 331/341/331 330/340/330 898/919/898
f 109/112/109 897/918/897 898/919/898
f 898/919/898 110/113/110 109/112/109
f 900/921/900 899/920/899 340/350/340
f 340/350/340 339/349/339 900/921/900
f 902/923/902 899/920/899 900/921/900
f 900/921/900 901/922/901 902/923/902
f 904/925/904 903/924/903 349/360/349
f 349/360/349 348/359/348 904/925/904
f 102/105/102 903/924/903 904/925/904
f 904/925/904 103/106/103 102/105/102
f 906/927/906 905/926/905 358/369/358
f 358/369/358 357/368/357 906/927/906
f 81/84/81 905/928/905 906/929/906
f 906/929/906 82/85/82 81/84/81
f 908/931/908 907/930/907 367/379/367
f 367/379/367 366/378/366 908/931/908
f 910/933/910 907/930/907 908/931/908
f 908/931/908 909/932/909 910/933/910
f 912/935/912 911/934/911 376/389/376
f 376/389/376 375/388/375 912/935/912
f 914/937/914 911/934/911 912/935/912
f 912/935/912 913/936/913 914/937/914
f 916/939/916 915/938/915 385/398/385
f 385/398/385 384/397/384 916/939/916
f 918/941/918 915/938/915 916/939/916
f 916/939/916 917/940/917 918/941/918
f 920/943/920 919/942/919 394/407/394
f 394/407/394 393/406/393 920/943/920
f 147/151/147 919/942/919 920/943/920
f 920/943/920 148/152/148 147/151/147
f 922/945/922 921/944/921 403/416/403
f 403/416/403 402/415/402 922/945/922
f 924/947/924 921/944/921 922/945/922
f 922/945/922 923/946/923 924/947/924
f 926/949/926 925/948/925 412/425/412
f 412/425/412 411/424/411 926/949/926
f 928/951/928 925/948/925 926/949/926
f 926/949/926 927/950/927 928/951/928
f 930/953/930 929/952/929 421/434/421
f 421/434/421 420/433/420 930/953/930
f 140/144/140 929/952/929 930/953/930
f 930/953/930 141/145/141 140/144/140
f 932/955/932 931/954/931 430/443/430
f 430/443/430 429/442/429 932/955/932
f 112/115/112 931/954/931 932/955/932
f 932/955/932 113/116/113 112/115/112
f 934/957/934 933/956/933 439/452/439
f 439/452/439 438/451/438 934/957/934
f 936/959/936 933/956/933 934/957/934
f 934/957/934 935/958/935 936/959/936
f 938/961/938 937/960/937 448/461/448
f 448/461/448 447/460/447 938/961/938
f 133/137/133 937/960/937 938/961/938
f 938/961/938 134/138/134 133/137/133
f 940/963/940 939/962/939 457/471/457
f 457/471/457 456/470/456 940/963/940
f 105/108/105 939/962/939 940/963/940
f 940/963/940 106/109/106 105/108/105
f 942/965/942 941/964/941 466/480/466
f 466/480/466 465/479/465 942/965/942
f 944/967/944 941/964/941 942/965/942
f 942/965/942 943/966/943 944/967/944
f 946/969/946 945/968/945 475/489/475
f 475/489/475 474/488/474 946/969/946
f 948/971/948 945/968/945 946/969/946
f 946/969/946 947/970/947 948/971/948
f 950/973/950 949/972/949 484/498/484
f 484/498/484 483/497/483 950/973/950
f 99/102/99 949/972/949 950/973/950
f 950/973/950 100/103/100 99/102/99
f 952/975/952 951/974/951 493/508/493
f 493/508/493 492/507/492 952/975/952
f 954/977/954 951/974/951 952/975/952
f 952/975/952 953/976/953 954/977/954
f 956/979/956 955/978/955 502/517/502
f 502/517/502 501/516/501 956/979/956
f 93/96/93 955/978/955 956/979/956
f 956/979/956 94/97/94 93/96/93
f 958/981/958 957/980/957 511/526/511
f 511/526/511 510/525/510 958/981/958
f 66/69/66 957/980/957 958/981/958
f 958/981/958 67/70/67 66/69/66
f 960/983/960 959/982/959 520/536/520
f 520/536/520 519/535/519 960/983/960
f 23/23/23 959/982/959 960/983/960
f 960/983/960 24/24/24 23/23/23
f 962/985/962 961/984/961 529/546/529
f 529/546/529 528/545/528 962/985/962
f 964/987/964 961/984/961 962/985/962
f 962/985/962 963/986/963 964/987/964
f 966/989/966 965/988/965 538/555/538
f 538/555/538 537/554/537 966/989/966
f 968/991/968 965/988/965 966/989/966
f 966/989/966 967/990/967 968/991/968
f 970/993/970 969/992/969 547/564/547
f 547/564/547 546/563/546 970/993/970
f 26/27/26 969/992/969 970/993/970
f 970/993/970 27/28/27 26/27/26
f 972/995/972 971/994/971 556/573/556
f 556/573/556 555/572/555 972/995/972
f 83/86/83 971/994/971 972/995/972
f 972/995/972 84/87/84 83/86/83
f 974/997/974 973/996/973 565/582/565
f 565/582/565 564/581/564 974/997/974
f 55/58/55 973/996/973 974/997/974
f 974/997/974 56/59/56 55/58/55
f 976/999/976 975/998/975 574/591/574
f 574/591/574 573/590/573 976/999/976
f 20/20/20 975/998/975 976/999/976
f 976/999/976 21/21/21 20/20/20
f 978/1001/978 977/1000/977 583/600/583
f 583/600/583 582/599/582 978/1001/978
f 11/11/11 977/1000/977 978/1001/978
f 978/1001/978 12/12/12 11/11/11
f 980/1003/980 979/1002/979 581/598/581
f 581/598/581 585/602/585 980/1003/980
f 548/565/548 979/1002/979 980/1003/980
f 980/1003/980 549/566/549 548/565/548
f 982/1005/982 981/1004/981 545/562/545
f 545/562/545 549/566/549 982/1005/982
f 521/538/521 981/1004/981 982/1005/982
f 982/1005/982 522/539/522 521/538/521
f 984/1007/984 983/1006/983 523/540/523
f 523/540/523 522/539/522 984/1007/984
f 575/592/575 983/1006/983 984/1007/984
f 984/1007/984 576/593/576 575/592/575
f 986/1009/986 985/1008/985 577/594/577
f 577/594/577 576/593/576 986/1009/986
f 584/601/584 985/1008/985 986/1009/986
f 986/1009/986 585/602/585 584/601/584
f 988/1011/988 987/1010/987 478/492/478
f 478/492/478 477/491/477 988/1011/988
f 467/481/467 987/1010/987 988/1011/988
f 988/1011/988 468/482/468 467/481/467
f 990/1013/990 989/1012/989 464/478/464
f 464/478/464 468/482/468 990/1013/990
f 413/426/413 989/1012/989 990/1013/990
f 990/1013/990 414/427/414 413/426/413
f 992/1015/992 991/1014/991 410/423/410
f 410/423/410 414/427/414 992/1015/992
f 440/453/440 991/1014/991 992/1015/992
f 992/1015/992 441/454/441 440/453/440
f 994/1017/994 993/1016/993 442/455/442
f 442/455/442 441/454/441 994/1017/994
f 476/490/476 993/1016/993 994/1017/994
f 994/1017/994 477/491/477 476/490/476
f 996/1019/996 995/1018/995 588/605/588
f 588/605/588 587/604/587 996/1019/996
f 566/583/566 995/1018/995 996/1019/996
f 996/1019/996 567/584/567 566/583/566
f 998/1021/998 997/1020/997 563/580/563
f 563/580/563 567/584/567 998/1021/998
f 368/380/368 997/1020/997 998/1021/998
f 998/1021/998 369/381/369 368/380/368
f 1000/1023/1000 999/1022/999 365/377/365
f 365/377/365 369/381/369 1000/1023/1000
f 539/556/539 999/1022/999 1000/1023/1000
f 1000/1023/1000 540/557/540 539/556/539
f 1002/1025/1002 1001/1024/1001 541/558/541
f 541/558/541 540/557/540 1002/1025/1002
f 586/603/586 1001/1024/1001 1002/1025/1002
f 1002/1025/1002 587/604/587 586/603/586
f 1004/1027/1004 1003/1026/1003 518/534/518
f 518/534/518 525/542/525 1004/1027/1004
f 494/509/494 1003/1026/1003 1004/1027/1004
f 1004/1027/1004 495/510/495 494/509/494
f 1006/1029/1006 1005/1028/1005 491/506/491
f 491/506/491 495/510/495 1006/1029/1006
f 323/333/323 1005/1028/1005 1006/1029/1006
f 1006/1029/1006 324/334/324 323/333/323
f 1008/1031/1008 1007/1030/1007 325/335/325
f 325/335/325 324/334/324 1008/1031/1008
f 512/528/512 1007/1030/1007 1008/1031/1008
f 1008/1031/1008 513/529/513 512/528/512
f 1010/1033/1010 1009/1032/1009 514/530/514
f 514/530/514 513/529/513 1010/1033/1010
f 524/541/524 1009/1032/1009 1010/1033/1010
f 1010/1033/1010 525/542/525 524/541/524
f 1012/1035/1012 1011/1034/1011 570/587/570
f 570/587/570 569/586/569 1012/1035/1012
f 557/574/557 1011/1034/1011 1012/1035/1012
f 1012/1035/1012 558/575/558 557/574/557
f 1014/1037/1014 1013/1036/1013 554/571/554
f 554/571/554 558/575/558 1014/1037/1014
f 359/371/359 1013/1036/1013 1014/1037/1014
f 1014/1037/1014 360/372/360 359/371/359
f 1016/1039/1016 1015/1038/1015 361/373/361
f 361/373/361 360/372/360 1016/1039/1016
f 568/585/568 1015/1038/1015 1016/1039/1016
f 1016/1039/1016 569/586/569 568/585/568
f 1018/1041/1018 1017/1040/1017 572/589/572
f 572/589/572 579/596/579 1018/1041/1018
f 503/518/503 1017/1040/1017 1018/1041/1018
f 1018/1041/1018 504/519/504 503/518/503
f 1020/1043/1020 1019/1042/1019 500/515/500
f 500/515/500 504/519/504 1020/1043/1020
f 278/287/278 1019/1042/1019 1020/1043/1020
f 1020/1043/1020 279/288/279 278/287/278
f 1022/1045/1022 1021/1044/1021 280/289/280
f 280/289/280 279/288/279 1022/1045/1022
f 559/576/559 1021/1044/1021 1022/1045/1022
f 1022/1045/1022 560/577/560 559/576/559
f 1024/1047/1024 1023/1046/1023 561/578/561
f 561/578/561 560/577/560 1024/1047/1024
f 578/595/578 1023/1046/1023 1024/1047/1024
f 1024/1047/1024 579/596/579 578/595/578
f 1026/1049/1026 1025/1048/1025 536/553/536
f 536/553/536 543/560/543 1026/1049/1026
f 341/351/341 1025/1048/1025 1026/1049/1026
f 1026/1049/1026 342/352/342 341/351/341
f 1028/1051/1028 1027/1050/1027 338/348/338
f 338/348/338 342/352/342 1028/1051/1028
f 530/547/530 1027/1050/1027 1028/1051/1028
f 1028/1051/1028 531/548/531 530/547/530
f 1030/1053/1030 1029/1052/1029 532/549/532
f 532/549/532 531/548/531 1030/1053/1030
f 542/559/542 1029/1052/1029 1030/1053/1030
f 1030/1053/1030 543/560/543 542/559/542
f 1032/1055/1032 1031/1054/1031 509/524/509
f 509/524/509 516/532/516 1032/1055/1032
f 314/324/314 1031/1054/1031 1032/1055/1032
f 1032/1055/1032 315/325/315 314/324/314
f 1034/1057/1034 1033/1056/1033 311/321/311
f 311/321/311 315/325/315 1034/1057/1034
f 505/520/505 1033/1056/1033 1034/1057/1034
f 1034/1057/1034 506/521/506 505/520/505
f 1036/1059/1036 1035/1058/1035 507/522/507
f 507/522/507 506/521/506 1036/1059/1036
f 515/531/515 1035/1058/1035 1036/1059/1036
f 1036/1059/1036 516/532/516 515/531/515
f 1038/1061/1038 1037/1060/1037 498/513/498
f 498/513/498 497/512/497 1038/1061/1038
f 485/499/485 1037/1060/1037 1038/1061/1038
f 1038/1061/1038 486/500/486 485/499/485
f 1040/1063/1040 1039/1062/1039 482/496/482
f 482/496/482 486/500/486 1040/1063/1040
f 296/305/296 1039/1062/1039 1040/1063/1040
f 1040/1063/1040 297/306/297 296/305/296
f 1042/1065/1042 1041/1064/1041 298/307/298
f 298/307/298 297/306/297 1042/1065/1042
f 496/511/496 1041/1064/1041 1042/1065/1042
f 1042/1065/1042 497/512/497 496/511/496
f 1044/1067/1044 1043/1066/1043 552/569/552
f 552/569/552 551/568/551 1044/1067/1044
f 533/550/533 1043/1066/1043 1044/1067/1044
f 1044/1067/1044 534/551/534 533/550/533
f 1046/1069/1046 1045/1068/1045 527/544/527
f 527/544/527 534/551/534 1046/1069/1046
f 260/267/260 1045/1068/1045 1046/1069/1046
f 1046/1069/1046 261/268/261 260/267/260
f 1048/1071/1048 1047/1070/1047 257/264/257
f 257/264/257 261/268/261 1048/1071/1048
f 487/502/487 1047/1070/1047 1048/1071/1048
f 1048/1071/1048 488/503/488 487/502/487
f 1050/1073/1050 1049/1072/1049 489/504/489
f 489/504/489 488/503/488 1050/1073/1050
f 550/567/550 1049/1072/1049 1050/1073/1050
f 1050/1073/1050 551/568/551 550/567/550
f 1052/1075/1052 1051/1074/1051 473/487/473
f 473/487/473 480/494/480 1052/1075/1052
f 431/444/431 1051/1074/1051 1052/1075/1052
f 1052/1075/1052 432/445/432 431/444/431
f 1054/1077/1054 1053/1076/1053 428/441/428
f 428/441/428 432/445/432 1054/1077/1054
f 224/229/224 1053/1076/1053 1054/1077/1054
f 1054/1077/1054 225/230/225 224/229/224
f 1056/1079/1056 1055/1078/1055 226/231/226
f 226/231/226 225/230/225 1056/1079/1056
f 458/472/458 1055/1078/1055 1056/1079/1056
f 1056/1079/1056 459/473/459 458/472/458
f 1058/1081/1058 1057/1080/1057 460/474/460
f 460/474/460 459/473/459 1058/1081/1058
f 479/493/479 1057/1080/1057 1058/1081/1058
f 1058/1081/1058 480/494/480 479/493/479
f 1060/1083/1060 1059/1082/1059 356/367/356
f 356/367/356 363/375/363 1060/1083/1060
f 269/277/269 1059/1082/1059 1060/1083/1060
f 1060/1083/1060 270/278/270 269/277/269
f 1062/1085/1062 1061/1084/1061 266/274/266
f 266/274/266 270/278/270 1062/1085/1062
f 215/220/215 1061/1084/1061 1062/1085/1062
f 1062/1085/1062 216/221/216 215/220/215
f 1064/1087/1064 1063/1086/1063 217/222/217
f 217/222/217 216/221/216 1064/1087/1064
f 350/361/350 1063/1086/1063 1064/1087/1064
f 1064/1087/1064 351/362/351 350/361/350
f 1066/1089/1066 1065/1088/1065 352/363/352
f 352/363/352 351/362/351 1066/1089/1066
f 362/374/362 1065/1088/1065 1066/1089/1066
f 1066/1089/1066 363/375/363 362/374/362
f 1068/1091/1068 1067/1090/1067 372/385/372
f 372/385/372 371/384/371 1068/1091/1068
f 353/364/353 1067/1090/1067 1068/1091/1068
f 1068/1091/1068 354/365/354 353/364/353
f 1070/1093/1070 1069/1092/1069 347/358/347
f 347/358/347 354/365/354 1070/1093/1070
f 227/232/227 1069/1092/1069 1070/1093/1070
f 1070/1093/1070 228/233/228 227/232/227
f 1072/1095/1072 1071/1094/1071 221/226/221
f 221/226/221 228/233/228 1072/1095/1072
f 332/342/332 1071/1094/1071 1072/1095/1072
f 1072/1095/1072 333/343/333 332/342/332
f 1074/1097/1074 1073/1096/1073 334/344/334
f 334/344/334 333/343/333 1074/1097/1074
f 370/383/370 1073/1096/1073 1074/1097/1074
f 1074/1097/1074 371/384/371 370/383/370
f 1076/1099/1076 1075/1098/1075 320/330/320
f 320/330/320 327/337/327 1076/1099/1076
f 287/296/287 1075/1098/1075 1076/1099/1076
f 1076/1099/1076 288/297/288 287/296/287
f 1078/1101/1078 1077/1100/1077 284/293/284
f 284/293/284 288/297/288 1078/1101/1078
f 197/202/197 1077/1100/1077 1078/1101/1078
f 1078/1101/1078 198/203/198 197/202/197
f 1080/1103/1080 1079/1102/1079 199/204/199
f 199/204/199 198/203/198 1080/1103/1080
f 305/315/305 1079/1102/1079 1080/1103/1080
f 1080/1103/1080 306/316/306 305/315/305
f 1082/1105/1082 1081/1104/1081 307/317/307
f 307/317/307 306/316/306 1082/1105/1082
f 326/336/326 1081/1104/1081 1082/1105/1082
f 1082/1105/1082 327/337/327 326/336/326
f 1084/1107/1084 1083/1106/1083 417/430/417
f 417/430/417 416/429/416 1084/1107/1084
f 404/417/404 1083/1106/1083 1084/1107/1084
f 1084/1107/1084 405/418/405 404/417/404
f 1086/1109/1086 1085/1108/1085 401/414/401
f 401/414/401 405/418/405 1086/1109/1086
f 200/205/200 1085/1108/1085 1086/1109/1086
f 1086/1109/1086 201/206/201 200/205/200
f 1088/1111/1088 1087/1110/1087 194/198/194
f 194/198/194 201/206/201 1088/1111/1088
f 386/399/386 1087/1110/1087 1088/1111/1088
f 1088/1111/1088 387/400/387 386/399/386
f 1090/1113/1090 1089/1112/1089 388/401/388
f 388/401/388 387/400/387 1090/1113/1090
f 415/428/415 1089/1112/1089 1090/1113/1090
f 1090/1113/1090 416/429/416 415/428/415
f 1092/1115/1092 1091/1114/1091 293/302/293
f 293/302/293 300/309/300 1092/1115/1092
f 233/238/233 1091/1114/1091 1092/1115/1092
f 1092/1115/1092 234/239/234 233/238/233
f 1094/1117/1094 1093/1116/1093 230/235/230
f 230/235/230 234/239/234 1094/1117/1094
f 179/183/179 1093/1116/1093 1094/1117/1094
f 1094/1117/1094 180/184/180 179/183/179
f 1096/1119/1096 1095/1118/1095 181/185/181
f 181/185/181 180/184/180 1096/1119/1096
f 289/298/289 1095/1118/1095 1096/1119/1096
f 1096/1119/1096 290/299/290 289/298/289
f 1098/1121/1098 1097/1120/1097 291/300/291
f 291/300/291 290/299/290 1098/1121/1098
f 299/308/299 1097/1120/1097 1098/1121/1098
f 1098/1121/1098 300/309/300 299/308/299
f 1100/1123/1100 1099/1122/1099 455/469/455
f 455/469/455 462/476/462 1100/1123/1100
f 218/223/218 1099/1122/1099 1100/1123/1100
f 1100/1123/1100 219/224/219 218/223/218
f 1102/1125/1102 1101/1124/1101 212/217/212
f 212/217/212 219/224/219 1102/1125/1102
f 449/463/449 1101/1124/1101 1102/1125/1102
f 1102/1125/1102 450/464/450 449/463/449
f 1104/1127/1104 1103/1126/1103 451/465/451
f 451/465/451 450/464/450 1104/1127/1104
f 461/475/461 1103/1126/1103 1104/1127/1104
f 1104/1127/1104 462/476/462 461/475/461
f 1106/1129/1106 1105/1128/1105 275/284/275
f 275/284/275 282/291/282 1106/1129/1106
f 242/247/242 1105/1128/1105 1106/1129/1106
f 1106/1129/1106 243/248/243 242/247/242
f 1108/1131/1108 1107/1130/1107 239/244/239
f 239/244/239 243/248/243 1108/1131/1108
f 170/174/170 1107/1130/1107 1108/1131/1108
f 1108/1131/1108 171/175/171 170/174/170
f 1110/1133/1110 1109/1132/1109 172/176/172
f 172/176/172 171/175/171 1110/1133/1110
f 271/280/271 1109/1132/1109 1110/1133/1110
f 1110/1133/1110 272/281/272 271/280/271
f 1112/1135/1112 1111/1134/1111 273/282/273
f 273/282/273 272/281/272 1112/1135/1112
f 281/290/281 1111/1134/1111 1112/1135/1112
f 1112/1135/1112 282/291/282 281/290/281
f 1114/1137/1114 1113/1136/1113 435/448/435
f 435/448/435 434/447/434 1114/1137/1114
f 422/435/422 1113/1136/1113 1114/1137/1114
f 1114/1137/1114 423/436/423 422/435/422
f 1116/1139/1116 1115/1138/1115 419/432/419
f 419/432/419 423/436/423 1116/1139/1116
f 206/211/206 1115/1138/1115 1116/1139/1116
f 1116/1139/1116 207/212/207 206/211/206
f 1118/1141/1118 1117/1140/1117 208/213/208
f 208/213/208 207/212/207 1118/1141/1118
f 433/446/433 1117/1140/1117 1118/1141/1118
f 1118/1141/1118 434/447/434 433/446/433
f 1120/1143/1120 1119/1142/1119 345/356/345
f 345/356/345 344/355/344 1120/1143/1120
f 335/345/335 1119/1142/1119 1120/1143/1120
f 1120/1143/1120 336/346/336 335/345/335
f 1122/1145/1122 1121/1144/1121 329/339/329
f 329/339/329 336/346/336 1122/1145/1122
f 209/214/209 1121/1144/1121 1122/1145/1122
f 1122/1145/1122 210/215/210 209/214/209
f 1124/1147/1124 1123/1146/1123 203/208/203
f 203/208/203 210/215/210 1124/1147/1124
f 251/256/251 1123/1146/1123 1124/1147/1124
f 1124/1147/1124 252/257/252 251/256/251
f 1126/1149/1126 1125/1148/1125 253/258/253
f 253/258/253 252/257/252 1126/1149/1126
f 343/354/343 1125/1148/1125 1126/1149/1126
f 1126/1149/1126 344/355/344 343/354/343
f 1128/1151/1128 1127/1150/1127 437/450/437
f 437/450/437 444/457/444 1128/1151/1128
f 377/390/377 1127/1150/1127 1128/1151/1128
f 1128/1151/1128 378/391/378 377/390/377
f 1130/1153/1130 1129/1152/1129 374/387/374
f 374/387/374 378/391/378 1130/1153/1130
f 161/165/161 1129/1152/1129 1130/1153/1130
f 1130/1153/1130 162/166/162 161/165/161
f 1132/1155/1132 1131/1154/1131 163/167/163
f 163/167/163 162/166/162 1132/1155/1132
f 424/437/424 1131/1154/1131 1132/1155/1132
f 1132/1155/1132 425/438/425 424/437/424
f 1134/1157/1134 1133/1156/1133 426/439/426
f 426/439/426 425/438/425 1134/1157/1134
f 443/456/443 1133/1156/1133 1134/1157/1134
f 1134/1157/1134 444/457/444 443/456/443
f 1136/1159/1136 1135/1158/1135 408/421/408
f 408/421/408 407/420/407 1136/1159/1136
f 395/408/395 1135/1158/1135 1136/1159/1136
f 1136/1159/1136 396/409/396 395/408/395
f 1138/1161/1138 1137/1160/1137 392/405/392
f 392/405/392 396/409/396 1138/1161/1138
f 188/192/188 1137/1160/1137 1138/1161/1138
f 1138/1161/1138 189/193/189 188/192/188
f 1140/1163/1140 1139/1162/1139 190/194/190
f 190/194/190 189/193/189 1140/1163/1140
f 406/419/406 1139/1162/1139 1140/1163/1140
f 1140/1163/1140 407/420/407 406/419/406
f 1142/1165/1142 1141/1164/1141 318/328/318
f 318/328/318 317/327/317 1142/1165/1142
f 308/318/308 1141/1164/1141 1142/1165/1142
f 1142/1165/1142 309/319/309 308/318/308
f 1144/1167/1144 1143/1166/1143 302/311/302
f 302/311/302 309/319/309 1144/1167/1144
f 191/195/191 1143/1166/1143 1144/1167/1144
f 1144/1167/1144 192/196/192 191/195/191
f 1146/1169/1146 1145/1168/1145 185/189/185
f 185/189/185 192/196/192 1146/1169/1146
f 244/249/244 1145/1168/1145 1146/1169/1146
f 1146/1169/1146 245/250/245 244/249/244
f 1148/1171/1148 1147/1170/1147 246/251/246
f 246/251/246 245/250/245 1148/1171/1148
f 316/326/316 1147/1170/1147 1148/1171/1148
f 1148/1171/1148 317/327/317 316/326/316
f 1150/1173/1150 1149/1172/1149 471/485/471
f 471/485/471 470/484/470 1150/1173/1150
f 452/466/452 1149/1172/1149 1150/1173/1150
f 1150/1173/1150 453/467/453 452/466/452
f 1152/1175/1152 1151/1174/1151 446/459/446
f 446/459/446 453/467/453 1152/1175/1152
f 173/177/173 1151/1174/1151 1152/1175/1152
f 1152/1175/1152 174/178/174 173/177/173
f 1154/1177/1154 1153/1176/1153 167/171/167
f 167/171/167 174/178/174 1154/1177/1154
f 397/410/397 1153/1176/1153 1154/1177/1154
f 1154/1177/1154 398/411/398 397/410/397
f 1156/1179/1156 1155/1178/1155 399/412/399
f 399/412/399 398/411/398 1156/1179/1156
f 469/483/469 1155/1178/1155 1156/1179/1156
f 1156/1179/1156 470/484/470 469/483/469
f 1158/1181/1158 1157/1180/1157 383/396/383
f 383/396/383 390/403/390 1158/1181/1158
f 182/186/182 1157/1180/1157 1158/1181/1158
f 1158/1181/1158 183/187/183 182/186/182
f 1160/1183/1160 1159/1182/1159 176/180/176
f 176/180/176 183/187/183 1160/1183/1160
f 379/392/379 1159/1182/1159 1160/1183/1160
f 1160/1183/1160 380/393/380 379/392/379
f 1162/1185/1162 1161/1184/1161 381/394/381
f 381/394/381 380/393/380 1162/1185/1162
f 389/402/389 1161/1184/1161 1162/1185/1162
f 1162/1185/1162 390/403/390 389/402/389
f 1164/1187/1164 1163/1186/1163 264/272/264
f 264/272/264 263/271/263 1164/1187/1164
f 254/260/254 1163/1186/1163 1164/1187/1164
f 1164/1187/1164 255/261/255 254/260/254
f 1166/1189/1166 1165/1188/1165 248/262/248
f 248/262/248 255/261/255 1166/1189/1166
f 164/168/164 1165/1188/1165 1166/1189/1166
f 1166/1189/1166 165/169/165 164/168/164
f 1168/1191/1168 1167/1190/1167 158/162/158
f 158/162/158 165/169/165 1168/1191/1168
f 235/240/235 1167/1190/1167 1168/1191/1168
f 1168/1191/1168 236/241/236 235/240/235
f 1170/1193/1170 1169/1192/1169 237/242/237
f 237/242/237 236/241/236 1170/1193/1170
f 262/270/262 1169/1192/1169 1170/1193/1170
f 1170/1193/1170 263/271/263 262/270/262
f 984/1007/984 1171/1194/1171 986/1009/986
f 986/1009/986 576/593/576 984/1007/984
f 986/1009/986 1171/1194/1171 980/1003/980
f 980/1003/980 585/602/585 986/1009/986
f 980/1003/980 1171/1194/1171 982/1005/982
f 982/1005/982 549/566/549 980/1003/980
f 992/1015/992 1172/1195/1172 994/1017/994
f 994/1017/994 441/454/441 992/1015/992
f 994/1017/994 1172/1195/1172 988/1011/988
f 988/1011/988 477/491/477 994/1017/994
f 988/1011/988 1172/1195/1172 990/1013/990
f 990/1013/990 468/482/468 988/1011/988
f 1000/1023/1000 1173/1196/1173 1002/1025/1002
f 1002/1025/1002 540/557/540 1000/1023/1000
f 1002/1025/1002 1173/1196/1173 996/1019/996
f 996/1019/996 587/604/587 1002/1025/1002
f 996/1019/996 1173/1196/1173 998/1021/998
f 998/1021/998 567/584/567 996/1019/996
f 1008/1031/1008 1174/1197/1174 1010/1033/1010
f 1010/1033/1010 513/529/513 1008/1031/1008
f 1010/1033/1010 1174/1197/1174 1004/1027/1004
f 1004/1027/1004 525/542/525 1010/1033/1010
f 1004/1027/1004 1174/1197/1174 1006/1029/1006
f 1006/1029/1006 495/510/495 1004/1027/1004
f 1014/1037/1014 1175/1198/1175 1016/1039/1016
f 1016/1039/1016 360/372/360 1014/1037/1014
f 1016/1039/1016 1175/1198/1175 1012/1035/1012
f 1012/1035/1012 569/586/569 1016/1039/1016
f 1022/1045/1022 1176/1199/1176 1024/1047/1024
f 1024/1047/1024 560/577/560 1022/1045/1022
f 1024/1047/1024 1176/1199/1176 1018/1041/1018
f 1018/1041/1018 579/596/579 1024/1047/1024
f 1018/1041/1018 1176/1199/1176 1020/1043/1020
f 1020/1043/1020 504/519/504 1018/1041/1018
f 1028/1051/1028 1177/1200/1177 1030/1053/1030
f 1030/1053/1030 531/548/531 1028/1051/1028
f 1030/1053/1030 1177/1200/1177 1026/1049/1026
f 1026/1049/1026 543/560/543 1030/1053/1030
f 1034/1057/1034 1178/1201/1178 1036/1059/1036
f 1036/1059/1036 506/521/506 1034/1057/1034
f 1036/1059/1036 1178/1201/1178 1032/1055/1032
f 1032/1055/1032 516/532/516 1036/1059/1036
f 1040/1063/1040 1179/1202/1179 1042/1065/1042
f 1042/1065/1042 297/306/297 1040/1063/1040
f 1042/1065/1042 1179/1202/1179 1038/1061/1038
f 1038/1061/1038 497/512/497 1042/1065/1042
f 1048/1071/1048 1180/1203/1180 1050/1073/1050
f 1050/1073/1050 488/503/488 1048/1071/1048
f 1050/1073/1050 1180/1203/1180 1044/1067/1044
f 1044/1067/1044 551/568/551 1050/1073/1050
f 1044/1067/1044 1180/1203/1180 1046/1069/1046
f 1046/1069/1046 534/551/534 1044/1067/1044
f 1056/1079/1056 1181/1204/1181 1058/1081/1058
f 1058/1081/1058 459/473/459 1056/1079/1056
f 1058/1081/1058 1181/1204/1181 1052/1075/1052
f 1052/1075/1052 480/494/480 1058/1081/1058
f 1052/1075/1052 1181/1204/1181 1054/1077/1054
f 1054/1077/1054 432/445/432 1052/1075/1052
f 1064/1087/1064 1182/1205/1182 1066/1089/1066
f 1066/1089/1066 351/362/351 1064/1087/1064
f 1066/1089/1066 1182/1205/1182 1060/1083/1060
f 1060/1083/1060 363/375/363 1066/1089/1066
f 1060/1083/1060 1182/1205/1182 1062/1085/1062
f 1062/1085/1062 270/278/270 1060/1083/1060
f 1072/1095/1072 1183/1206/1183 1074/1097/1074
f 1074/1097/1074 333/343/333 1072/1095/1072
f 1074/1097/1074 1183/1206/1183 1068/1091/1068
f 1068/1091/1068 371/384/371 1074/1097/1074
f 1068/1091/1068 1183/1206/1183 1070/1093/1070
f 1070/1093/1070 354/365/354 1068/1091/1068
f 1080/1103/1080 1184/1207/1184 1082/1105/1082
f 1082/1105/1082 306/316/306 1080/1103/1080
f 1082/1105/1082 1184/1207/1184 1076/1099/1076
f 1076/1099/1076 327/337/327 1082/1105/1082
f 1076/1099/1076 1184/1207/1184 1078/1101/1078
f 1078/1101/1078 288/297/288 1076/1099/1076
f 1088/1111/1088 1185/1208/1185 1090/1113/1090
f 1090/1113/1090 387/400/387 1088/1111/1088
f 1090/1113/1090 1185/1208/1185 1084/1107/1084
f 1084/1107/1084 416/429/416 1090/1113/1090
f 1084/1107/1084 1185/1208/1185 1086/1109/1086
f 1086/1109/1086 405/418/405 1084/1107/1084
f 1096/1119/1096 1186/1209/1186 1098/1121/1098
f 1098/1121/1098 290/299/290 1096/1119/1096
f 1098/1121/1098 1186/1209/1186 1092/1115/1092
f 1092/1115/1092 300/309/300 1098/1121/1098
f 1092/1115/1092 1186/1209/1186 1094/1117/1094
f 1094/1117/1094 234/239/234 1092/1115/1092
f 1102/1125/1102 1187/1210/1187 1104/1127/1104
f 1104/1127/1104 450/464/450 1102/1125/1102
f 1104/1127/1104 1187/1210/1187 1100/1123/1100
f 1100/1123/1100 462/476/462 1104/1127/1104
f 1110/1133/1110 1188/1211/1188 1112/1135/1112
f 1112/1135/1112 272/281/272 1110/1133/1110
f 1112/1135/1112 1188/1211/1188 1106/1129/1106
f 1106/1129/1106 282/291/282 1112/1135/1112
f 1106/1129/1106 1188/1211/1188 1108/1131/1108
f 1108/1131/1108 243/248/243 1106/1129/1106
f 1116/1139/1116 1189/1212/1189 1118/1141/1118
f 1118/1141/1118 207/212/207 1116/1139/1116
f 1118/1141/1118 1189/1212/1189 1114/1137/1114
f 1114/1137/1114 434/447/434 1118/1141/1118
f 1124/1147/1124 1190/1213/1190 1126/1149/1126
f 1126/1149/1126 252/257/252 1124/1147/1124
f 1126/1149/1126 1190/1213/1190 1120/1143/1120
f 1120/1143/1120 344/355/344 1126/1149/1126
f 1120/1143/1120 1190/1213/1190 1122/1145/1122
f 1122/1145/1122 336/346/336 1120/1143/1120
f 1132/1155/1132 1191/1214/1191 1134/1157/1134
f 1134/1157/1134 425/438/425 1132/1155/1132
f 1134/1157/1134 1191/1214/1191 1128/1151/1128
f 1128/1151/1128 444/457/444 1134/1157/1134
f 1128/1151/1128 1191/1214/1191 1130/1153/1130
f 1130/1153/1130 378/391/378 1128/1151/1128
f 1138/1161/1138 1192/1215/1192 1140/1163/1140
f 1140/1163/1140 189/193/189 1138/1161/1138
f 1140/1163/1140 1192/1215/1192 1136/1159/1136
f 1136/1159/1136 407/420/407 1140/1163/1140
f 1146/1169/1146 1193/1216/1193 1148/1171/1148
f 1148/1171/1148 245/250/245 1146/1169/1146
f 1148/1171/1148 1193/1216/1193 1142/1165/1142
f 1142/1165/1142 317/327/317 1148/1171/1148
f 1142/1165/1142 1193/1216/1193 1144/1167/1144
f 1144/1167/1144 309/319/309 1142/1165/1142
f 1154/1177/1154 1194/1217/1194 1156/1179/1156
f 1156/1179/1156 398/411/398 1154/1177/1154
f 1156/1179/1156 1194/1217/1194 1150/1173/1150
f 1150/1173/1150 470/484/470 1156/1179/1156
f 1150/1173/1150 1194/1217/1194 1152/1175/1152
f 1152/1175/1152 453/467/453 1150/1173/1150
f 1160/1183/1160 1195/1218/1195 1162/1185/1162
f 1162/1185/1162 380/393/380 1160/1183/1160
f 1162/1185/1162 1195/1218/1195 1158/1181/1158
f 1158/1181/1158 390/403/390 1162/1185/1162
f 1168/1191/1168 1196/1219/1196 1170/1193/1170
f 1170/1193/1170 236/241/236 1168/1191/1168
f 1170/1193/1170 1196/1219/1196 1164/1187/1164
f 1164/1187/1164 263/271/263 1170/1193/1170
f 1164/1187/1164 1196/1219/1196 1166/1189/1166
f 1166/1189/1166 255/261/255 1164/1187/1164
f 614/631/614 1197/1220/1197 1198/1221/1198
f 1198/1221/1198 615/632/615 614/631/614
f 1198/1221/1198 1197/1220/1197 978/1001/978
f 978/1001/978 582/599/582 1198/1221/1198
f 1202/1225/1202 1199/1222/1199 1200/1223/1200
f 1200/1223/1200 1201/1224/1201 1202/1225/1202
f 1200/1223/1200 1199/1222/1199 970/993/970
f 970/993/970 546/563/546 1200/1223/1200
f 1206/1229/1206 1203/1226/1203 1204/1227/1204
f 1204/1227/1204 1205/1228/1205 1206/1229/1206
f 1204/1227/1204 1203/1226/1203 1207/1230/1207
f 1207/1230/1207 1208/1231/1208 1204/1227/1204
f 1210/1233/1210 1209/1232/1209 590/607/590
f 590/607/590 594/611/594 1210/1233/1210
f 590/607/590 1209/1232/1209 1211/1234/1211
f 1211/1234/1211 591/608/591 590/607/590
f 1211/1234/1211 1209/1232/1209 1212/1235/1212
f 1212/1235/1212 1213/1236/1213 1211/1234/1211
f 1215/1238/1215 1214/1237/1214 655/672/655
f 655/672/655 659/676/659 1215/1238/1215
f 655/672/655 1214/1237/1214 1216/1239/1216
f 1216/1239/1216 656/673/656 655/672/655
f 1216/1239/1216 1214/1237/1214 1217/1240/1217
f 1217/1240/1217 1218/1241/1218 1216/1239/1216
f 1220/1243/1220 1219/1242/1219 691/708/691
f 691/708/691 695/712/695 1220/1243/1220
f 691/708/691 1219/1242/1219 1221/1244/1221
f 1221/1244/1221 692/709/692 691/708/691
f 1221/1244/1221 1219/1242/1219 942/965/942
f 942/965/942 465/479/465 1221/1244/1221
f 1225/1248/1225 1222/1245/1222 1223/1246/1223
f 1223/1246/1223 1224/1247/1224 1225/1248/1225
f 1223/1246/1223 1222/1245/1222 1226/1249/1226
f 1226/1249/1226 1227/1250/1227 1223/1246/1223
f 1226/1249/1226 1222/1245/1222 926/949/926
f 926/949/926 411/424/411 1226/1249/1226
f 1231/1254/1231 1228/1251/1228 1229/1252/1229
f 1229/1252/1229 1230/1253/1230 1231/1254/1231
f 1229/1252/1229 1228/1251/1228 1232/1255/1232
f 1232/1255/1232 1233/1256/1233 1229/1252/1229
f 1232/1255/1232 1228/1251/1228 1234/1257/1234
f 1234/1257/1234 1235/1258/1235 1232/1255/1232
f 1237/1260/1237 1236/1259/1236 602/619/602
f 602/619/602 606/623/606 1237/1260/1237
f 602/619/602 1236/1259/1236 1238/1261/1238
f 1238/1261/1238 603/620/603 602/619/602
f 1238/1261/1238 1236/1259/1236 1239/1262/1239
f 1239/1262/1239 1240/1263/1240 1238/1261/1238
f 721/738/721 1241/1264/1241 1242/1265/1242
f 1242/1265/1242 722/739/722 721/738/721
f 1242/1265/1242 1241/1264/1241 974/997/974
f 974/997/974 564/581/564 1242/1265/1242
f 1246/1269/1246 1243/1266/1243 1244/1267/1244
f 1244/1267/1244 1245/1268/1245 1246/1269/1246
f 1244/1267/1244 1243/1266/1243 1247/1270/1247
f 1247/1270/1247 1248/1271/1248 1244/1267/1244
f 1247/1270/1247 1243/1266/1243 908/931/908
f 908/931/908 366/378/366 1247/1270/1247
f 1252/1275/1252 1249/1272/1249 1250/1273/1250
f 1250/1273/1250 1251/1274/1251 1252/1275/1252
f 1250/1273/1250 1249/1272/1249 1253/1276/1253
f 1253/1276/1253 1254/1277/1254 1250/1273/1250
f 639/656/639 1255/1278/1255 1256/1279/1256
f 1256/1279/1256 640/657/640 639/656/639
f 1256/1279/1256 1255/1278/1255 960/983/960
f 960/983/960 519/535/519 1256/1279/1256
f 1260/1283/1260 1257/1280/1257 1258/1281/1258
f 1258/1281/1258 1259/1282/1259 1260/1283/1260
f 1258/1281/1258 1257/1280/1257 1261/1284/1261
f 1261/1284/1261 1262/1285/1262 1258/1281/1258
f 1261/1284/1261 1257/1280/1257 952/975/952
f 952/975/952 492/507/492 1261/1284/1261
f 1266/1289/1266 1263/1286/1263 1264/1287/1264
f 1264/1287/1264 1265/1288/1265 1266/1289/1266
f 1264/1287/1264 1263/1286/1263 1267/1290/1267
f 1267/1290/1267 1268/1291/1268 1264/1287/1264
f 627/644/627 1269/1292/1269 1270/1293/1270
f 1270/1293/1270 628/645/628 627/644/627
f 1270/1293/1270 1269/1292/1269 1271/1294/1271
f 1271/1294/1271 1272/1295/1272 1270/1293/1270
f 1274/1297/1274 1273/1296/1273 608/625/608
f 608/625/608 612/629/612 1274/1297/1274
f 608/625/608 1273/1296/1273 1275/1298/1275
f 1275/1298/1275 609/626/609 608/625/608
f 1275/1298/1275 1273/1296/1273 1276/1299/1276
f 1276/1299/1276 1277/1300/1277 1275/1298/1275
f 1281/1304/1281 1278/1301/1278 1279/1302/1279
f 1279/1302/1279 1280/1303/1280 1281/1304/1281
f 1279/1302/1279 1278/1301/1278 972/995/972
f 972/995/972 555/572/555 1279/1302/1279
f 1285/1308/1285 1282/1305/1282 1283/1306/1283
f 1283/1306/1283 1284/1307/1284 1285/1308/1285
f 1283/1306/1283 1282/1305/1282 1286/1309/1286
f 1286/1309/1286 1287/1310/1287 1283/1306/1283
f 635/652/635 1288/1311/1288 1289/1312/1289
f 1289/1312/1289 636/653/636 635/652/635
f 1289/1312/1289 1288/1311/1288 976/999/976
f 976/999/976 573/590/573 1289/1312/1289
f 1293/1316/1293 1290/1313/1290 1291/1314/1291
f 1291/1314/1291 1292/1315/1292 1293/1316/1293
f 1291/1314/1291 1290/1313/1290 956/979/956
f 956/979/956 501/516/501 1291/1314/1291
f 1297/1320/1297 1294/1317/1294 1295/1318/1295
f 1295/1318/1295 1296/1319/1296 1297/1320/1297
f 1295/1318/1295 1294/1317/1294 1298/1321/1298
f 1298/1321/1298 1299/1322/1299 1295/1318/1295
f 1301/1324/1301 1300/1323/1300 596/613/596
f 596/613/596 600/617/600 1301/1324/1301
f 596/613/596 1300/1323/1300 1302/1325/1302
f 1302/1325/1302 597/614/597 596/613/596
f 1302/1325/1302 1300/1323/1300 1303/1326/1303
f 1303/1326/1303 1304/1327/1304 1302/1325/1302
f 1306/1329/1306 1305/1328/1305 734/751/734
f 734/751/734 738/755/738 1306/1329/1306
f 734/751/734 1305/1328/1305 1307/1330/1307
f 1307/1330/1307 735/752/735 734/751/734
f 1307/1330/1307 1305/1328/1305 966/989/966
f 966/989/966 537/554/537 1307/1330/1307
f 1311/1334/1311 1308/1331/1308 1309/1332/1309
f 1309/1332/1309 1310/1333/1310 1311/1334/1311
f 1309/1332/1309 1308/1331/1308 1312/1335/1312
f 1312/1335/1312 1313/1336/1313 1309/1332/1309
f 1312/1335/1312 1308/1331/1308 900/921/900
f 900/921/900 339/349/339 1312/1335/1312
f 618/635/618 1314/1337/1314 1315/1338/1315
f 1315/1338/1315 619/636/619 618/635/618
f 1315/1338/1315 1314/1337/1314 1316/1339/1316
f 1316/1339/1316 1317/1340/1317 1315/1338/1315
f 750/767/750 1318/1341/1318 1319/1342/1319
f 1319/1342/1319 751/768/751 750/767/750
f 1319/1342/1319 1318/1341/1318 958/981/958
f 958/981/958 510/525/510 1319/1342/1319
f 1323/1346/1323 1320/1343/1320 1321/1344/1321
f 1321/1344/1321 1322/1345/1322 1323/1346/1323
f 1321/1344/1321 1320/1343/1320 890/911/890
f 890/911/890 312/322/312 1321/1344/1321
f 631/648/631 1324/1347/1324 1325/1348/1325
f 1325/1348/1325 632/649/632 631/648/631
f 1325/1348/1325 1324/1347/1324 1326/1349/1326
f 1326/1349/1326 1327/1350/1327 1325/1348/1325
f 645/662/645 1328/1351/1328 1329/1352/1329
f 1329/1352/1329 646/663/646 645/662/645
f 1329/1352/1329 1328/1351/1328 1330/1353/1330
f 1330/1353/1330 1331/1354/1331 1329/1352/1329
f 1335/1358/1335 1332/1355/1332 1333/1356/1333
f 1333/1356/1333 1334/1357/1334 1335/1358/1335
f 1333/1356/1333 1332/1355/1332 950/973/950
f 950/973/950 483/497/483 1333/1356/1333
f 1339/1362/1339 1336/1359/1336 1337/1360/1337
f 1337/1360/1337 1338/1361/1338 1339/1362/1339
f 1337/1360/1337 1336/1359/1336 1340/1363/1340
f 1340/1363/1340 1341/1364/1341 1337/1360/1337
f 1340/1363/1340 1336/1359/1336 1342/1365/1342
f 1342/1365/1342 1343/1366/1343 1340/1363/1340
f 623/640/623 1344/1367/1344 1345/1368/1345
f 1345/1368/1345 624/641/624 623/640/623
f 1345/1368/1345 1344/1367/1344 1346/1369/1346
f 1346/1369/1346 1347/1370/1347 1345/1368/1345
f 1349/1372/1349 1348/1371/1348 779/798/779
f 779/798/779 783/802/783 1349/1372/1349
f 779/798/779 1348/1371/1348 1350/1373/1350
f 1350/1373/1350 780/799/780 779/798/779
f 1350/1373/1350 1348/1371/1348 962/985/962
f 962/985/962 528/545/528 1350/1373/1350
f 1354/1377/1354 1351/1374/1351 1352/1375/1352
f 1352/1375/1352 1353/1376/1353 1354/1377/1354
f 1352/1375/1352 1351/1374/1351 872/891/872
f 872/891/872 258/265/258 1352/1375/1352
f 1358/1381/1358 1355/1378/1355 1356/1379/1356
f 1356/1379/1356 1357/1380/1357 1358/1381/1358
f 1356/1379/1356 1355/1378/1355 1359/1382/1359
f 1359/1382/1359 1360/1383/1360 1356/1379/1356
f 1362/1385/1362 1361/1384/1361 679/696/679
f 679/696/679 683/700/683 1362/1385/1362
f 679/696/679 1361/1384/1361 1363/1386/1363
f 1363/1386/1363 680/697/680 679/696/679
f 1363/1386/1363 1361/1384/1361 946/969/946
f 946/969/946 474/488/474 1363/1386/1363
f 1367/1390/1367 1364/1387/1364 1365/1388/1365
f 1365/1388/1365 1366/1389/1366 1367/1390/1367
f 1365/1388/1365 1364/1387/1364 932/955/932
f 932/955/932 429/442/429 1365/1388/1365
f 1371/1394/1371 1368/1391/1368 1369/1392/1369
f 1369/1392/1369 1370/1393/1370 1371/1394/1371
f 1369/1392/1369 1368/1391/1368 1372/1395/1372
f 1372/1395/1372 1373/1396/1373 1369/1392/1369
f 1375/1398/1375 1374/1397/1374 649/666/649
f 649/666/649 653/670/653 1375/1398/1375
f 649/666/649 1374/1397/1374 1376/1399/1376
f 1376/1399/1376 650/667/650 649/666/649
f 1376/1399/1376 1374/1397/1374 1377/1400/1377
f 1377/1400/1377 1378/1401/1378 1376/1399/1376
f 775/794/775 1379/1402/1379 1380/1403/1380
f 1380/1403/1380 776/795/776 775/794/775
f 1380/1403/1380 1379/1402/1379 906/927/906
f 906/927/906 357/368/357 1380/1403/1380
f 1384/1407/1384 1381/1404/1381 1382/1405/1382
f 1382/1405/1382 1383/1406/1383 1384/1407/1384
f 1382/1405/1382 1381/1404/1381 876/897/876
f 876/897/876 267/275/267 1382/1405/1382
f 1388/1411/1388 1385/1408/1385 1386/1409/1386
f 1386/1409/1386 1387/1410/1387 1388/1411/1388
f 1386/1409/1386 1385/1408/1385 1389/1412/1389
f 1389/1412/1389 1390/1413/1390 1386/1409/1386
f 725/742/725 1391/1414/1391 1392/1415/1392
f 1392/1415/1392 726/743/726 725/742/725
f 1392/1415/1392 1391/1414/1391 1393/1416/1393
f 1393/1416/1393 1394/1417/1394 1392/1415/1392
f 730/747/730 1395/1418/1395 1396/1419/1396
f 1396/1419/1396 731/748/731 730/747/730
f 1396/1419/1396 1395/1418/1395 1397/1420/1397
f 1397/1420/1397 1398/1421/1398 1396/1419/1396
f 799/818/799 1399/1422/1399 1400/1423/1400
f 1400/1423/1400 800/819/800 799/818/799
f 1400/1423/1400 1399/1422/1399 904/925/904
f 904/925/904 348/359/348 1400/1423/1400
f 1404/1427/1404 1401/1424/1401 1402/1425/1402
f 1402/1425/1402 1403/1426/1403 1404/1427/1404
f 1402/1425/1402 1401/1424/1401 861/880/861
f 861/880/861 222/227/222 1402/1425/1402
f 1408/1431/1408 1405/1428/1405 1406/1429/1406
f 1406/1429/1406 1407/1430/1407 1408/1431/1408
f 1406/1429/1406 1405/1428/1405 1409/1432/1409
f 1409/1432/1409 1410/1433/1410 1406/1429/1406
f 1409/1432/1409 1405/1428/1405 1411/1434/1411
f 1411/1434/1411 1412/1435/1412 1409/1432/1409
f 1414/1437/1414 1413/1436/1413 765/782/765
f 765/782/765 769/786/769 1414/1437/1414
f 765/782/765 1413/1436/1413 1415/1438/1415
f 1415/1438/1415 766/783/766 765/782/765
f 1415/1438/1415 1413/1436/1413 894/915/894
f 894/915/894 321/331/321 1415/1438/1415
f 1419/1442/1419 1416/1439/1416 1417/1440/1417
f 1417/1440/1417 1418/1441/1418 1419/1442/1419
f 1417/1440/1417 1416/1439/1416 1420/1443/1420
f 1420/1443/1420 1421/1444/1421 1417/1440/1417
f 1420/1443/1420 1416/1439/1416 880/901/880
f 880/901/880 285/294/285 1420/1443/1420
f 1425/1448/1425 1422/1445/1422 1423/1446/1423
f 1423/1446/1423 1424/1447/1424 1425/1448/1425
f 1423/1446/1423 1422/1445/1422 1426/1449/1426
f 1426/1449/1426 1427/1450/1427 1423/1446/1423
f 1426/1449/1426 1422/1445/1422 1428/1451/1428
f 1428/1451/1428 1429/1452/1429 1426/1449/1426
f 746/763/746 1430/1453/1430 1431/1454/1431
f 1431/1454/1431 747/764/747 746/763/746
f 1431/1454/1431 1430/1453/1430 1432/1455/1432
f 1432/1455/1432 1433/1456/1433 1431/1454/1431
f 1435/1458/1435 1434/1457/1434 697/714/697
f 697/714/697 701/718/701 1435/1458/1435
f 697/714/697 1434/1457/1434 1436/1459/1436
f 1436/1459/1436 698/715/698 697/714/697
f 1436/1459/1436 1434/1457/1434 1437/1460/1437
f 1437/1460/1437 1438/1461/1438 1436/1459/1436
f 1440/1463/1440 1439/1462/1439 811/830/811
f 811/830/811 815/834/815 1440/1463/1440
f 811/830/811 1439/1462/1439 1441/1464/1441
f 1441/1464/1441 812/831/812 811/830/811
f 1441/1464/1441 1439/1462/1439 922/945/922
f 922/945/922 402/415/402 1441/1464/1441
f 1445/1468/1445 1442/1465/1442 1443/1466/1443
f 1443/1466/1443 1444/1467/1444 1445/1468/1445
f 1443/1466/1443 1442/1465/1442 1446/1469/1446
f 1446/1469/1446 1447/1470/1447 1443/1466/1443
f 1446/1469/1446 1442/1465/1442 851/870/851
f 851/870/851 195/199/195 1446/1469/1446
f 1451/1474/1451 1448/1471/1448 1449/1472/1449
f 1449/1472/1449 1450/1473/1450 1451/1474/1451
f 1449/1472/1449 1448/1471/1448 1452/1475/1452
f 1452/1475/1452 1453/1476/1453 1449/1472/1449
f 1452/1475/1452 1448/1471/1448 1454/1477/1454
f 1454/1477/1454 1455/1478/1455 1452/1475/1452
f 795/814/795 1456/1479/1456 1457/1480/1457
f 1457/1480/1457 796/815/796 795/814/795
f 1457/1480/1457 1456/1479/1456 884/905/884
f 884/905/884 294/303/294 1457/1480/1457
f 1461/1484/1461 1458/1481/1458 1459/1482/1459
f 1459/1482/1459 1460/1483/1460 1461/1484/1461
f 1459/1482/1459 1458/1481/1458 1462/1485/1462
f 1462/1485/1462 1463/1486/1463 1459/1482/1459
f 1462/1485/1462 1458/1481/1458 864/883/864
f 864/883/864 231/236/231 1462/1485/1462
f 1467/1490/1467 1464/1487/1464 1465/1488/1465
f 1465/1488/1465 1466/1489/1466 1467/1490/1467
f 1465/1488/1465 1464/1487/1464 1468/1491/1468
f 1468/1491/1468 1469/1492/1469 1465/1488/1465
f 1468/1491/1468 1464/1487/1464 1470/1493/1470
f 1470/1493/1470 1471/1494/1471 1468/1491/1468
f 1473/1496/1473 1472/1495/1472 759/776/759
f 759/776/759 763/780/763 1473/1496/1473
f 759/776/759 1472/1495/1472 1474/1497/1474
f 1474/1497/1474 760/777/760 759/776/759
f 1474/1497/1474 1472/1495/1472 1475/1498/1475
f 1475/1498/1475 1476/1499/1476 1474/1497/1474
f 803/822/803 1477/1500/1477 1478/1501/1478
f 1478/1501/1478 804/823/804 803/822/803
f 1478/1501/1478 1477/1500/1477 940/963/940
f 940/963/940 456/470/456 1478/1501/1478
f 1482/1505/1482 1479/1502/1479 1480/1503/1480
f 1480/1503/1480 1481/1504/1481 1482/1505/1482
f 1480/1503/1480 1479/1502/1479 858/877/858
f 858/877/858 213/218/213 1480/1503/1480
f 1484/1507/1484 1483/1506/1483 661/678/661
f 661/678/661 665/682/665 1484/1507/1484
f 661/678/661 1483/1506/1483 1485/1508/1485
f 1485/1508/1485 662/679/662 661/678/661
f 1485/1508/1485 1483/1506/1483 1486/1509/1486
f 1486/1509/1486 1487/1510/1487 1485/1508/1485
f 791/810/791 1488/1511/1488 1489/1512/1489
f 1489/1512/1489 792/811/792 791/810/791
f 1489/1512/1489 1488/1511/1488 878/899/878
f 878/899/878 276/285/276 1489/1512/1489
f 1493/1516/1493 1490/1513/1490 1491/1514/1491
f 1491/1514/1491 1492/1515/1492 1493/1516/1493
f 1491/1514/1491 1490/1513/1490 868/887/868
f 868/887/868 240/245/240 1491/1514/1491
f 1497/1520/1497 1494/1517/1494 1495/1518/1495
f 1495/1518/1495 1496/1519/1496 1497/1520/1497
f 1495/1518/1495 1494/1517/1494 1498/1521/1498
f 1498/1521/1498 1499/1522/1499 1495/1518/1495
f 771/788/771 1500/1523/1500 1501/1524/1501
f 1501/1524/1501 772/789/772 771/788/771
f 1501/1524/1501 1500/1523/1500 1502/1525/1502
f 1502/1525/1502 1503/1526/1503 1501/1524/1501
f 1505/1528/1505 1504/1527/1504 685/702/685
f 685/702/685 689/706/689 1505/1528/1505
f 685/702/685 1504/1527/1504 1506/1529/1506
f 1506/1529/1506 686/703/686 685/702/685
f 1506/1529/1506 1504/1527/1504 1507/1530/1507
f 1507/1530/1507 1508/1531/1508 1506/1529/1506
f 1512/1535/1512 1509/1532/1509 1510/1533/1510
f 1510/1533/1510 1511/1534/1511 1512/1535/1512
f 1510/1533/1510 1509/1532/1509 930/953/930
f 930/953/930 420/433/420 1510/1533/1510
f 1516/1539/1516 1513/1536/1513 1514/1537/1514
f 1514/1537/1514 1515/1538/1515 1516/1539/1516
f 1514/1537/1514 1513/1536/1513 1517/1540/1517
f 1517/1540/1517 1518/1541/1518 1514/1537/1514
f 1520/1543/1520 1519/1542/1519 740/757/740
f 740/757/740 744/761/744 1520/1543/1520
f 740/757/740 1519/1542/1519 1521/1544/1521
f 1521/1544/1521 741/758/741 740/757/740
f 1521/1544/1521 1519/1542/1519 1522/1545/1522
f 1522/1545/1522 1523/1546/1523 1521/1544/1521
f 807/826/807 1524/1547/1524 1525/1548/1525
f 1525/1548/1525 808/827/808 807/826/807
f 1525/1548/1525 1524/1547/1524 898/919/898
f 898/919/898 330/340/330 1525/1548/1525
f 1529/1552/1529 1526/1549/1526 1527/1550/1527
f 1527/1550/1527 1528/1551/1528 1529/1552/1529
f 1527/1550/1527 1526/1549/1526 855/874/855
f 855/874/855 204/209/204 1527/1550/1527
f 1533/1556/1533 1530/1553/1530 1531/1554/1531
f 1531/1554/1531 1532/1555/1532 1533/1556/1533
f 1531/1554/1531 1530/1553/1530 1534/1557/1534
f 1534/1557/1534 1535/1558/1535 1531/1554/1531
f 1534/1557/1534 1530/1553/1530 1536/1559/1536
f 1536/1559/1536 1537/1560/1537 1534/1557/1534
f 1539/1562/1539 1538/1561/1538 715/732/715
f 715/732/715 719/736/719 1539/1562/1539
f 715/732/715 1538/1561/1538 1540/1563/1540
f 1540/1563/1540 716/733/716 715/732/715
f 1540/1563/1540 1538/1561/1538 934/957/934
f 934/957/934 438/451/438 1540/1563/1540
f 1544/1567/1544 1541/1564/1541 1542/1565/1542
f 1542/1565/1542 1543/1566/1543 1544/1567/1544
f 1542/1565/1542 1541/1564/1541 1545/1568/1545
f 1545/1568/1545 1546/1569/1546 1542/1565/1542
f 1545/1568/1545 1541/1564/1541 912/935/912
f 912/935/912 375/388/375 1545/1568/1545
f 1550/1573/1550 1547/1570/1547 1548/1571/1548
f 1548/1571/1548 1549/1572/1549 1550/1573/1550
f 1548/1571/1548 1547/1570/1547 1551/1574/1551
f 1551/1574/1551 1552/1575/1552 1548/1571/1548
f 1554/1577/1554 1553/1576/1553 673/690/673
f 673/690/673 677/694/677 1554/1577/1554
f 673/690/673 1553/1576/1553 1555/1578/1555
f 1555/1578/1555 674/691/674 673/690/673
f 1555/1578/1555 1553/1576/1553 1556/1579/1556
f 1556/1579/1556 1557/1580/1557 1555/1578/1555
f 1559/1582/1559 1558/1581/1558 703/720/703
f 703/720/703 707/724/707 1559/1582/1559
f 703/720/703 1558/1581/1558 1560/1583/1560
f 1560/1583/1560 704/721/704 703/720/703
f 1560/1583/1560 1558/1581/1558 1561/1584/1561
f 1561/1584/1561 1562/1585/1562 1560/1583/1560
f 1566/1589/1566 1563/1586/1563 1564/1587/1564
f 1564/1587/1564 1565/1588/1565 1566/1589/1566
f 1564/1587/1564 1563/1586/1563 920/943/920
f 920/943/920 393/406/393 1564/1587/1564
f 1570/1593/1570 1567/1590/1567 1568/1591/1568
f 1568/1591/1568 1569/1592/1569 1570/1593/1570
f 1568/1591/1568 1567/1590/1567 1571/1594/1571
f 1571/1594/1571 1572/1595/1572 1568/1591/1568
f 1571/1594/1571 1567/1590/1567 1573/1596/1573
f 1573/1596/1573 1574/1597/1574 1571/1594/1571
f 755/772/755 1575/1598/1575 1576/1599/1576
f 1576/1599/1576 756/773/756 755/772/755
f 1576/1599/1576 1575/1598/1575 1577/1600/1577
f 1577/1600/1577 1578/1601/1578 1576/1599/1576
f 1580/1603/1580 1579/1602/1579 817/836/817
f 817/836/817 821/840/821 1580/1603/1580
f 817/836/817 1579/1602/1579 1581/1604/1581
f 1581/1604/1581 818/837/818 817/836/817
f 1581/1604/1581 1579/1602/1579 886/907/886
f 886/907/886 303/312/303 1581/1604/1581
f 1585/1608/1585 1582/1605/1582 1583/1606/1583
f 1583/1606/1583 1584/1607/1584 1585/1608/1585
f 1583/1606/1583 1582/1605/1582 848/867/848
f 848/867/848 186/190/186 1583/1606/1583
f 1589/1612/1589 1586/1609/1586 1587/1610/1587
f 1587/1610/1587 1588/1611/1588 1589/1612/1589
f 1587/1610/1587 1586/1609/1586 1590/1613/1590
f 1590/1613/1590 1591/1614/1591 1587/1610/1587
f 1593/1616/1593 1592/1615/1592 667/684/667
f 667/684/667 671/688/671 1593/1616/1593
f 667/684/667 1592/1615/1592 1594/1617/1594
f 1594/1617/1594 668/685/668 667/684/667
f 1594/1617/1594 1592/1615/1592 1595/1618/1595
f 1595/1618/1595 1596/1619/1596 1594/1617/1594
f 829/848/829 1597/1620/1597 1598/1621/1598
f 1598/1621/1598 830/849/830 829/848/829
f 1598/1621/1598 1597/1620/1597 938/961/938
f 938/961/938 447/460/447 1598/1621/1598
f 1602/1625/1602 1599/1622/1599 1600/1623/1600
f 1600/1623/1600 1601/1624/1601 1602/1625/1602
f 1600/1623/1600 1599/1622/1599 841/860/841
f 841/860/841 168/172/168 1600/1623/1600
f 1606/1629/1606 1603/1626/1603 1604/1627/1604
f 1604/1627/1604 1605/1628/1605 1606/1629/1606
f 1604/1627/1604 1603/1626/1603 1607/1630/1607
f 1607/1630/1607 1608/1631/1608 1604/1627/1604
f 1607/1630/1607 1603/1626/1603 1609/1632/1609
f 1609/1632/1609 1610/1633/1610 1607/1630/1607
f 1612/1635/1612 1611/1634/1611 823/842/823
f 823/842/823 827/846/827 1612/1635/1612
f 823/842/823 1611/1634/1611 1613/1636/1613
f 1613/1636/1613 824/843/824 823/842/823
f 1613/1636/1613 1611/1634/1611 916/939/916
f 916/939/916 384/397/384 1613/1636/1613
f 1617/1640/1617 1614/1637/1614 1615/1638/1615
f 1615/1638/1615 1616/1639/1616 1617/1640/1617
f 1615/1638/1615 1614/1637/1614 1618/1641/1618
f 1618/1641/1618 1619/1642/1619 1615/1638/1615
f 1618/1641/1618 1614/1637/1614 844/863/844
f 844/863/844 177/181/177 1618/1641/1618
f 1621/1644/1621 1620/1643/1620 709/726/709
f 709/726/709 713/730/713 1621/1644/1621
f 709/726/709 1620/1643/1620 1622/1645/1622
f 1622/1645/1622 710/727/710 709/726/709
f 1622/1645/1622 1620/1643/1620 1623/1646/1623
f 1623/1646/1623 1624/1647/1624 1622/1645/1622
f 1626/1649/1626 1625/1648/1625 785/804/785
f 785/804/785 789/808/789 1626/1649/1626
f 785/804/785 1625/1648/1625 1627/1650/1627
f 1627/1650/1627 786/805/786 785/804/785
f 1627/1650/1627 1625/1648/1625 1628/1651/1628
f 1628/1651/1628 1629/1652/1629 1627/1650/1627
f 833/852/833 1630/1653/1630 1631/1654/1631
f 1631/1654/1631 834/853/834 833/852/833
f 1631/1654/1631 1630/1653/1630 870/889/870
f 870/889/870 249/254/249 1631/1654/1631
f 1635/1658/1635 1632/1655/1632 1633/1656/1633
f 1633/1656/1633 1634/1657/1634 1635/1658/1635
f 1633/1656/1633 1632/1655/1632 1636/1659/1636
f 1636/1659/1636 1637/1660/1637 1633/1656/1633
f 1636/1659/1636 1632/1655/1632 837/856/837
f 837/856/837 159/163/159 1636/1659/1636
f 1641/1664/1641 1638/1661/1638 1639/1662/1639
f 1639/1662/1639 1640/1663/1640 1641/1664/1641
f 1639/1662/1639 1638/1661/1638 1642/1665/1642
f 1642/1665/1642 1643/1666/1643 1639/1662/1639
f 593/610/593 1644/1667/1644 1645/1668/1645
f 1645/1668/1645 594/611/594 593/610/593
f 1645/1668/1645 1644/1667/1644 1646/1669/1646
f 1646/1669/1646 1647/1670/1647 1645/1668/1645
f 599/616/599 1648/1671/1648 1649/1672/1649
f 1649/1672/1649 600/617/600 599/616/599
f 1649/1672/1649 1648/1671/1648 1650/1673/1650
f 1650/1673/1650 1651/1674/1651 1649/1672/1649
f 605/622/605 1652/1675/1652 1653/1676/1653
f 1653/1676/1653 606/623/606 605/622/605
f 1653/1676/1653 1652/1675/1652 1654/1677/1654
f 1654/1677/1654 1655/1678/1655 1653/1676/1653
f 611/628/611 1656/1679/1656 1657/1680/1657
f 1657/1680/1657 612/629/612 611/628/611
f 1657/1680/1657 1656/1679/1656 1658/1681/1658
f 1658/1681/1658 1659/1682/1659 1657/1680/1657
f 1661/1684/1661 1660/1683/1660 1645/1668/1645
f 1645/1668/1645 1647/1670/1647 1661/1684/1661
f 1663/1686/1663 1660/1683/1660 1661/1684/1661
f 1661/1684/1661 1662/1685/1662 1663/1686/1663
f 1665/1688/1665 1664/1687/1664 1649/1672/1649
f 1649/1672/1649 1651/1674/1651 1665/1688/1665
f 1667/1690/1667 1664/1687/1664 1665/1688/1665
f 1665/1688/1665 1666/1689/1666 1667/1690/1667
f 1669/1692/1669 1668/1691/1668 1657/1680/1657
f 1657/1680/1657 1659/1682/1659 1669/1692/1669
f 1671/1694/1671 1668/1691/1668 1669/1692/1669
f 1669/1692/1669 1670/1693/1670 1671/1694/1671
f 1673/1696/1673 1672/1695/1672 1653/1676/1653
f 1653/1676/1653 1655/1678/1655 1673/1696/1673
f 1675/1698/1675 1672/1695/1672 1673/1696/1673
f 1673/1696/1673 1674/1697/1674 1675/1698/1675
f 737/754/737 1676/1699/1676 1677/1700/1677
f 1677/1700/1677 738/755/738 737/754/737
f 1677/1700/1677 1676/1699/1676 1678/1701/1678
f 1678/1701/1678 1679/1702/1679 1677/1700/1677
f 743/760/743 1680/1703/1680 1681/1704/1681
f 1681/1704/1681 744/761/744 743/760/743
f 1681/1704/1681 1680/1703/1680 1682/1705/1682
f 1682/1705/1682 1683/1706/1683 1681/1704/1681
f 1687/1710/1687 1684/1707/1684 1685/1708/1685
f 1685/1708/1685 1686/1709/1686 1687/1710/1687
f 1691/1714/1691 1688/1711/1688 1689/1712/1689
f 1689/1712/1689 1690/1713/1690 1691/1714/1691
f 1695/1718/1695 1692/1715/1692 1693/1716/1693
f 1693/1716/1693 1694/1717/1694 1695/1718/1695
f 1685/1708/1685 1692/1715/1692 1695/1718/1695
f 1695/1718/1695 1686/1709/1686 1685/1708/1685
f 1697/1720/1697 1696/1719/1696 1677/1700/1677
f 1677/1700/1677 1679/1702/1679 1697/1720/1697
f 1689/1712/1689 1696/1719/1696 1697/1720/1697
f 1697/1720/1697 1690/1713/1690 1689/1712/1689
f 1701/1724/1701 1698/1721/1698 1699/1722/1699
f 1699/1722/1699 1700/1723/1700 1701/1724/1701
f 1703/1726/1703 1698/1721/1698 1701/1724/1701
f 1701/1724/1701 1702/1725/1702 1703/1726/1703
f 1705/1728/1705 1704/1727/1704 1681/1704/1681
f 1681/1704/1681 1683/1706/1683 1705/1728/1705
f 1707/1730/1707 1704/1727/1704 1705/1728/1705
f 1705/1728/1705 1706/1729/1706 1707/1730/1707
f 762/779/762 1708/1731/1708 1709/1732/1709
f 1709/1732/1709 763/780/763 762/779/762
f 1709/1732/1709 1708/1731/1708 1710/1733/1710
f 1710/1733/1710 1711/1734/1711 1709/1732/1709
f 768/785/768 1712/1735/1712 1713/1736/1713
f 1713/1736/1713 769/786/769 768/785/768
f 1713/1736/1713 1712/1735/1712 1714/1737/1714
f 1714/1737/1714 1715/1738/1715 1713/1736/1713
f 1719/1742/1719 1716/1739/1716 1717/1740/1717
f 1717/1740/1717 1718/1741/1718 1719/1742/1719
f 1723/1746/1723 1720/1743/1720 1721/1744/1721
f 1721/1744/1721 1722/1745/1722 1723/1746/1723
f 1727/1750/1727 1724/1747/1724 1725/1748/1725
f 1725/1748/1725 1726/1749/1726 1727/1750/1727
f 1729/1752/1729 1724/1747/1724 1727/1750/1727
f 1727/1750/1727 1728/1751/1728 1729/1752/1729
f 1731/1754/1731 1730/1753/1730 1713/1736/1713
f 1713/1736/1713 1715/1738/1715 1731/1754/1731
f 1717/1740/1717 1730/1753/1730 1731/1754/1731
f 1731/1754/1731 1718/1741/1718 1717/1740/1717
f 1735/1758/1735 1732/1755/1732 1733/1756/1733
f 1733/1756/1733 1734/1757/1734 1735/1758/1735
f 1721/1744/1721 1732/1755/1732 1735/1758/1735
f 1735/1758/1735 1722/1745/1722 1721/1744/1721
f 1737/1760/1737 1736/1759/1736 1709/1732/1709
f 1709/1732/1709 1711/1734/1711 1737/1760/1737
f 1739/1762/1739 1736/1759/1736 1737/1760/1737
f 1737/1760/1737 1738/1761/1738 1739/1762/1739
f 826/845/826 1740/1763/1740 1741/1764/1741
f 1741/1764/1741 827/846/827 826/845/826
f 1741/1764/1741 1740/1763/1740 1742/1765/1742
f 1742/1765/1742 1743/1766/1743 1741/1764/1741
f 1747/1770/1747 1744/1767/1744 1745/1768/1745
f 1745/1768/1745 1746/1769/1746 1747/1770/1747
f 1751/1774/1751 1748/1771/1748 1749/1772/1749
f 1749/1772/1749 1750/1773/1750 1751/1774/1751
f 1755/1778/1755 1752/1775/1752 1753/1776/1753
f 1753/1776/1753 1754/1777/1754 1755/1778/1755
f 1757/1780/1757 1756/1779/1756 1741/1764/1741
f 1741/1764/1741 1743/1766/1743 1757/1780/1757
f 1753/1776/1753 1756/1779/1756 1757/1780/1757
f 1757/1780/1757 1754/1777/1754 1753/1776/1753
f 1761/1784/1761 1758/1781/1758 1759/1782/1759
f 1759/1782/1759 1760/1783/1760 1761/1784/1761
f 1745/1768/1745 1758/1781/1758 1761/1784/1761
f 1761/1784/1761 1746/1769/1746 1745/1768/1745
f 1765/1788/1765 1762/1785/1762 1763/1786/1763
f 1763/1786/1763 1764/1787/1764 1765/1788/1765
f 1767/1790/1767 1762/1785/1762 1765/1788/1765
f 1765/1788/1765 1766/1789/1766 1767/1790/1767
f 1771/1794/1771 1768/1791/1768 1769/1792/1769
f 1769/1792/1769 1770/1793/1770 1771/1794/1771
f 1749/1772/1749 1768/1791/1768 1771/1794/1771
f 1771/1794/1771 1750/1773/1750 1749/1772/1749
f 652/669/652 1772/1795/1772 1773/1796/1773
f 1773/1796/1773 653/670/653 652/669/652
f 1773/1796/1773 1772/1795/1772 1774/1797/1774
f 1774/1797/1774 1775/1798/1775 1773/1796/1773
f 658/675/658 1776/1799/1776 1777/1800/1777
f 1777/1800/1777 659/676/659 658/675/658
f 1777/1800/1777 1776/1799/1776 1778/1801/1778
f 1778/1801/1778 1779/1802/1779 1777/1800/1777
f 664/681/664 1780/1803/1780 1781/1804/1781
f 1781/1804/1781 665/682/665 664/681/664
f 1781/1804/1781 1780/1803/1780 1782/1805/1782
f 1782/1805/1782 1783/1806/1783 1781/1804/1781
f 670/687/670 1784/1807/1784 1785/1808/1785
f 1785/1808/1785 671/688/671 670/687/670
f 1785/1808/1785 1784/1807/1784 1786/1809/1786
f 1786/1809/1786 1787/1810/1787 1785/1808/1785
f 1789/1812/1789 1788/1811/1788 1781/1804/1781
f 1781/1804/1781 1783/1806/1783 1789/1812/1789
f 1791/1814/1791 1788/1811/1788 1789/1812/1789
f 1789/1812/1789 1790/1813/1790 1791/1814/1791
f 1793/1816/1793 1792/1815/1792 1773/1796/1773
f 1773/1796/1773 1775/1798/1775 1793/1816/1793
f 1795/1818/1795 1792/1815/1792 1793/1816/1793
f 1793/1816/1793 1794/1817/1794 1795/1818/1795
f 1797/1820/1797 1796/1819/1796 1777/1800/1777
f 1777/1800/1777 1779/1802/1779 1797/1820/1797
f 1799/1822/1799 1796/1819/1796 1797/1820/1797
f 1797/1820/1797 1798/1821/1798 1799/1822/1799
f 1801/1824/1801 1800/1823/1800 1785/1808/1785
f 1785/1808/1785 1787/1810/1787 1801/1824/1801
f 1803/1826/1803 1800/1823/1800 1801/1824/1801
f 1801/1824/1801 1802/1825/1802 1803/1826/1803
f 676/693/676 1804/1827/1804 1805/1828/1805
f 1805/1828/1805 677/694/677 676/693/676
f 1805/1828/1805 1804/1827/1804 1806/1829/1806
f 1806/1829/1806 1807/1830/1807 1805/1828/1805
f 682/699/682 1808/1831/1808 1809/1832/1809
f 1809/1832/1809 683/700/683 682/699/682
f 1809/1832/1809 1808/1831/1808 1810/1833/1810
f 1810/1833/1810 1811/1834/1811 1809/1832/1809
f 688/705/688 1812/1835/1812 1813/1836/1813
f 1813/1836/1813 689/706/689 688/705/688
f 1813/1836/1813 1812/1835/1812 1814/1837/1814
f 1814/1837/1814 1815/1838/1815 1813/1836/1813
f 1819/1842/1819 1816/1839/1816 1817/1840/1817
f 1817/1840/1817 1818/1841/1818 1819/1842/1819
f 1821/1844/1821 1820/1843/1820 1809/1832/1809
f 1809/1832/1809 1811/1834/1811 1821/1844/1821
f 1817/1840/1817 1820/1843/1820 1821/1844/1821
f 1821/1844/1821 1818/1841/1818 1817/1840/1817
f 1825/1848/1825 1822/1845/1822 1823/1846/1823
f 1823/1846/1823 1824/1847/1824 1825/1848/1825
f 1827/1850/1827 1822/1845/1822 1825/1848/1825
f 1825/1848/1825 1826/1849/1826 1827/1850/1827
f 1829/1852/1829 1828/1851/1828 1813/1836/1813
f 1813/1836/1813 1815/1838/1815 1829/1852/1829
f 1831/1854/1831 1828/1851/1828 1829/1852/1829
f 1829/1852/1829 1830/1853/1830 1831/1854/1831
f 1833/1856/1833 1832/1855/1832 1805/1828/1805
f 1805/1828/1805 1807/1830/1807 1833/1856/1833
f 1835/1858/1835 1832/1855/1832 1833/1856/1833
f 1833/1856/1833 1834/1857/1834 1835/1858/1835
f 782/801/782 1836/1859/1836 1837/1860/1837
f 1837/1860/1837 783/802/783 782/801/782
f 1837/1860/1837 1836/1859/1836 1838/1861/1838
f 1838/1861/1838 1839/1862/1839 1837/1860/1837
f 788/807/788 1840/1863/1840 1841/1864/1841
f 1841/1864/1841 789/808/789 788/807/788
f 1841/1864/1841 1840/1863/1840 1842/1865/1842
f 1842/1865/1842 1843/1866/1843 1841/1864/1841
f 1847/1870/1847 1844/1867/1844 1845/1868/1845
f 1845/1868/1845 1846/1869/1846 1847/1870/1847
f 1851/1874/1851 1848/1871/1848 1849/1872/1849
f 1849/1872/1849 1850/1873/1850 1851/1874/1851
f 1853/1876/1853 1852/1875/1852 1841/1864/1841
f 1841/1864/1841 1843/1866/1843 1853/1876/1853
f 1855/1878/1855 1852/1875/1852 1853/1876/1853
f 1853/1876/1853 1854/1877/1854 1855/1878/1855
f 1859/1882/1859 1856/1879/1856 1857/1880/1857
f 1857/1880/1857 1858/1881/1858 1859/1882/1859
f 1861/1884/1861 1856/1879/1856 1859/1882/1859
f 1859/1882/1859 1860/1883/1860 1861/1884/1861
f 1863/1886/1863 1862/1885/1862 1837/1860/1837
f 1837/1860/1837 1839/1862/1839 1863/1886/1863
f 1849/1872/1849 1862/1885/1862 1863/1886/1863
f 1863/1886/1863 1850/1873/1850 1849/1872/1849
f 1867/1890/1867 1864/1887/1864 1865/1888/1865
f 1865/1888/1865 1866/1889/1866 1867/1890/1867
f 1845/1868/1845 1864/1887/1864 1867/1890/1867
f 1867/1890/1867 1846/1869/1846 1845/1868/1845
f 712/729/712 1868/1891/1868 1869/1892/1869
f 1869/1892/1869 713/730/713 712/729/712
f 1869/1892/1869 1868/1891/1868 1870/1893/1870
f 1870/1893/1870 1871/1894/1871 1869/1892/1869
f 718/735/718 1872/1895/1872 1873/1896/1873
f 1873/1896/1873 719/736/719 718/735/718
f 1873/1896/1873 1872/1895/1872 1874/1897/1874
f 1874/1897/1874 1875/1898/1875 1873/1896/1873
f 1879/1902/1879 1876/1899/1876 1877/1900/1877
f 1877/1900/1877 1878/1901/1878 1879/1902/1879
f 1883/1906/1883 1880/1903/1880 1881/1904/1881
f 1881/1904/1881 1882/1905/1882 1883/1906/1883
f 1887/1910/1887 1884/1907/1884 1885/1908/1885
f 1885/1908/1885 1886/1909/1886 1887/1910/1887
f 1877/1900/1877 1884/1907/1884 1887/1910/1887
f 1887/1910/1887 1878/1901/1878 1877/1900/1877
f 1889/1912/1889 1888/1911/1888 1873/1896/1873
f 1873/1896/1873 1875/1898/1875 1889/1912/1889
f 1881/1904/1881 1888/1911/1888 1889/1912/1889
f 1889/1912/1889 1882/1905/1882 1881/1904/1881
f 1891/1914/1891 1890/1913/1890 1869/1892/1869
f 1869/1892/1869 1871/1894/1871 1891/1914/1891
f 1893/1916/1893 1890/1913/1890 1891/1914/1891
f 1891/1914/1891 1892/1915/1892 1893/1916/1893
f 1897/1920/1897 1894/1917/1894 1895/1918/1895
f 1895/1918/1895 1896/1919/1896 1897/1920/1897
f 1899/1922/1899 1894/1917/1894 1897/1920/1897
f 1897/1920/1897 1898/1921/1898 1899/1922/1899
f 694/711/694 1900/1923/1900 1901/1924/1901
f 1901/1924/1901 695/712/695 694/711/694
f 1901/1924/1901 1900/1923/1900 1902/1925/1902
f 1902/1925/1902 1903/1926/1903 1901/1924/1901
f 700/717/700 1904/1927/1904 1905/1928/1905
f 1905/1928/1905 701/718/701 700/717/700
f 1905/1928/1905 1904/1927/1904 1906/1929/1906
f 1906/1929/1906 1907/1930/1907 1905/1928/1905
f 706/723/706 1908/1931/1908 1909/1932/1909
f 1909/1932/1909 707/724/707 706/723/706
f 1909/1932/1909 1908/1931/1908 1910/1933/1910
f 1910/1933/1910 1911/1934/1911 1909/1932/1909
f 1915/1938/1915 1912/1935/1912 1913/1936/1913
f 1913/1936/1913 1914/1937/1914 1915/1938/1915
f 1917/1940/1917 1916/1939/1916 1905/1928/1905
f 1905/1928/1905 1907/1930/1907 1917/1940/1917
f 1919/1942/1919 1916/1939/1916 1917/1940/1917
f 1917/1940/1917 1918/1941/1918 1919/1942/1919
f 1923/1946/1923 1920/1943/1920 1921/1944/1921
f 1921/1944/1921 1922/1945/1922 1923/1946/1923
f 1925/1948/1925 1920/1943/1920 1923/1946/1923
f 1923/1946/1923 1924/1947/1924 1925/1948/1925
f 1927/1950/1927 1926/1949/1926 1909/1932/1909
f 1909/1932/1909 1911/1934/1911 1927/1950/1927
f 1929/1952/1929 1926/1949/1926 1927/1950/1927
f 1927/1950/1927 1928/1951/1928 1929/1952/1929
f 1931/1954/1931 1930/1953/1930 1901/1924/1901
f 1901/1924/1901 1903/1926/1903 1931/1954/1931
f 1913/1936/1913 1930/1953/1930 1931/1954/1931
f 1931/1954/1931 1914/1937/1914 1913/1936/1913
f 814/833/814 1932/1955/1932 1933/1956/1933
f 1933/1956/1933 815/834/815 814/833/814
f 1933/1956/1933 1932/1955/1932 1934/1957/1934
f 1934/1957/1934 1935/1958/1935 1933/1956/1933
f 820/839/820 1936/1959/1936 1937/1960/1937
f 1937/1960/1937 821/840/821 820/839/820
f 1937/1960/1937 1936/1959/1936 1938/1961/1938
f 1938/1961/1938 1939/1962/1939 1937/1960/1937
f 1943/1966/1943 1940/1963/1940 1941/1964/1941
f 1941/1964/1941 1942/1965/1942 1943/1966/1943
f 1947/1970/1947 1944/1967/1944 1945/1968/1945
f 1945/1968/1945 1946/1969/1946 1947/1970/1947
f 1949/1972/1949 1948/1971/1948 1937/1960/1937
f 1937/1960/1937 1939/1962/1939 1949/1972/1949
f 1941/1964/1941 1948/1971/1948 1949/1972/1949
f 1949/1972/1949 1942/1965/1942 1941/1964/1941
f 1953/1976/1953 1950/1973/1950 1951/1974/1951
f 1951/1974/1951 1952/1975/1952 1953/1976/1953
f 1955/1978/1955 1950/1973/1950 1953/1976/1953
f 1953/1976/1953 1954/1977/1954 1955/1978/1955
f 1957/1980/1957 1956/1979/1956 1933/1956/1933
f 1933/1956/1933 1935/1958/1935 1957/1980/1957
f 1945/1968/1945 1956/1979/1956 1957/1980/1957
f 1957/1980/1957 1946/1969/1946 1945/1968/1945
f 1961/1984/1961 1958/1981/1958 1959/1982/1959
f 1959/1982/1959 1960/1983/1960 1961/1984/1961
f 1963/1986/1963 1958/1981/1958 1961/1984/1961
f 1961/1984/1961 1962/1985/1962 1963/1986/1963
f 1967/1990/1967 1964/1987/1964 1965/1988/1965
f 1965/1988/1965 1966/1989/1966 1967/1990/1967
f 1971/1994/1971 1968/1991/1968 1969/1992/1969
f 1969/1992/1969 1970/1993/1970 1971/1994/1971
f 1975/1998/1975 1972/1995/1972 1973/1996/1973
f 1973/1996/1973 1974/1997/1974 1975/1998/1975
f 1979/2002/1979 1976/1999/1976 1977/2000/1977
f 1977/2000/1977 1978/2001/1978 1979/2002/1979
f 1983/2006/1983 1980/2003/1980 1981/2004/1981
f 1981/2004/1981 1982/2005/1982 1983/2006/1983
f 1965/1988/1965 1980/2003/1980 1983/2006/1983
f 1983/2006/1983 1966/1989/1966 1965/1988/1965
f 1987/2010/1987 1984/2007/1984 1985/2008/1985
f 1985/2008/1985 1986/2009/1986 1987/2010/1987
f 1969/1992/1969 1984/2007/1984 1987/2010/1987
f 1987/2010/1987 1970/1993/1970 1969/1992/1969
f 1991/2014/1991 1988/2011/1988 1989/2012/1989
f 1989/2012/1989 1990/2013/1990 1991/2014/1991
f 1977/2000/1977 1988/2011/1988 1991/2014/1991
f 1991/2014/1991 1978/2001/1978 1977/2000/1977
f 1995/2018/1995 1992/2015/1992 1993/2016/1993
f 1993/2016/1993 1994/2017/1994 1995/2018/1995
f 1973/1996/1973 1992/2015/1992 1995/2018/1995
f 1995/2018/1995 1974/1997/1974 1973/1996/1973
f 1997/2020/1997 1996/2019/1996 4/4/4
f 4/4/4 3/3/3 1997/2020/1997
f 4/4/4 1996/2019/1996 1998/2021/1998
f 1998/2021/1998 1999/2022/1999 4/4/4
f 1646/1669/1646 1996/2019/1996 1997/2020/1997
f 1997/2020/1997 1647/1670/1647 1646/1669/1646
f 2001/2024/2001 2000/2023/2000 2/2/2
f 2/2/2 6/6/6 2001/2024/2001
f 2/2/2 2000/2023/2000 2002/2025/2002
f 2002/2025/2002 3/3/3 2/2/2
f 1650/1673/1650 2000/2023/2000 2001/2024/2001
f 2001/2024/2001 1651/1674/1651 1650/1673/1650
f 2005/2028/2005 2003/2026/2003 2004/2027/2004
f 2004/2027/2004 1999/2022/1999 2005/2028/2005
f 1654/1677/1654 2003/2026/2003 2005/2028/2005
f 2005/2028/2005 1655/1678/1655 1654/1677/1654
f 2004/2027/2004 2003/2026/2003 2006/2029/2006
f 2006/2029/2006 2007/2030/2007 2004/2027/2004
f 2009/2032/2009 2008/2031/2008 5/5/5
f 5/5/5 2007/2030/2007 2009/2032/2009
f 1658/1681/1658 2008/2031/2008 2009/2032/2009
f 2009/2032/2009 1659/1682/1659 1658/1681/1658
f 5/5/5 2008/2031/2008 2010/2033/2010
f 2010/2033/2010 6/6/6 5/5/5
f 1998/2021/1998 2011/2034/2011 2005/2028/2005
f 2005/2028/2005 1999/2022/1999 1998/2021/1998
f 2006/2029/2006 2012/2035/2012 2009/2032/2009
f 2009/2032/2009 2007/2030/2007 2006/2029/2006
f 2002/2025/2002 2013/2036/2013 1997/2020/1997
f 1997/2020/1997 3/3/3 2002/2025/2002
f 2010/2033/2010 2014/2037/2014 2001/2024/2001
f 2001/2024/2001 6/6/6 2010/2033/2010
f 2016/2039/2016 2015/2038/2015 61/64/61
f 61/64/61 60/63/60 2016/2039/2016
f 61/2043/61 2015/2040/2015 2017/2041/2017
f 2017/2041/2017 2018/2042/2018 61/2043/61
f 1678/1701/1678 2015/2038/2015 2016/2039/2016
f 2016/2039/2016 1679/1702/1679 1678/1701/1678
f 2021/2046/2021 2019/2044/2019 2020/2045/2020
f 2020/2045/2020 2018/2042/2018 2021/2046/2021
f 1682/1705/1682 2019/2044/2019 2021/2046/2021
f 2021/2046/2021 1683/1706/1683 1682/1705/1682
f 2020/2045/2020 2019/2044/2019 2022/2047/2022
f 2022/2047/2022 2023/2048/2023 2020/2045/2020
f 2027/2052/2027 2024/2049/2024 2025/2050/2025
f 2025/2050/2025 2026/2051/2026 2027/2052/2027
f 59/62/59 2028/2053/2028 2029/2054/2029
f 2029/2054/2029 60/63/60 59/62/59
f 2017/2041/2017 2030/2055/2030 2021/2046/2021
f 2021/2046/2021 2018/2042/2018 2017/2041/2017
f 2029/2054/2029 2031/2056/2031 2016/2039/2016
f 2016/2039/2016 60/63/60 2029/2054/2029
f 2025/2050/2025 2032/2057/2032 2033/2058/2033
f 2033/2058/2033 2026/2051/2026 2025/2050/2025
f 2022/2047/2022 2034/2059/2034 2035/2060/2035
f 2035/2060/2035 2023/2048/2023 2022/2047/2022
f 2037/2062/2037 2036/2061/2036 72/75/72
f 72/75/72 71/74/71 2037/2062/2037
f 1710/1733/1710 2036/2061/2036 2037/2062/2037
f 2037/2062/2037 1711/1734/1711 1710/1733/1710
f 72/75/72 2036/2061/2036 2038/2063/2038
f 2038/2063/2038 2039/2064/2039 72/75/72
f 2041/2066/2041 2040/2065/2040 70/73/70
f 70/73/70 74/77/74 2041/2066/2041
f 70/73/70 2040/2065/2040 2042/2067/2042
f 2042/2067/2042 71/74/71 70/73/70
f 1714/1737/1714 2040/2065/2040 2041/2066/2041
f 2041/2066/2041 1715/1738/1715 1714/1737/1714
f 73/76/73 2043/2068/2043 2044/2069/2044
f 2044/2069/2044 74/77/74 73/76/73
f 75/78/75 2045/2070/2045 2046/2071/2046
f 2046/2071/2046 76/79/76 75/78/75
f 2042/2067/2042 2047/2072/2047 2037/2062/2037
f 2037/2062/2037 71/74/71 2042/2067/2042
f 2044/2069/2044 2048/2073/2048 2041/2066/2041
f 2041/2066/2041 74/77/74 2044/2069/2044
f 2046/2071/2046 2049/2074/2049 2050/2075/2050
f 2050/2075/2050 76/79/76 2046/2071/2046
f 2038/2063/2038 2051/2076/2051 2052/2077/2052
f 2052/2077/2052 2039/2064/2039 2038/2063/2038
f 2054/2079/2054 2053/2078/2053 128/131/128
f 128/131/128 127/130/127 2054/2079/2054
f 1742/1765/1742 2053/2078/2053 2054/2079/2054
f 2054/2079/2054 1743/1766/1743 1742/1765/1742
f 128/131/128 2053/2078/2053 2055/2080/2055
f 2055/2080/2055 2056/2081/2056 128/131/128
f 125/128/125 2057/2082/2057 2058/2083/2058
f 2058/2083/2058 2059/2084/2059 125/128/125
f 123/126/123 2060/2085/2060 2061/2086/2061
f 2061/2086/2061 124/127/124 123/126/123
f 126/129/126 2062/2087/2062 2063/2088/2063
f 2063/2088/2063 127/130/127 126/129/126
f 2061/2086/2061 2064/2089/2064 2065/2090/2065
f 2065/2090/2065 124/127/124 2061/2086/2061
f 2063/2088/2063 2066/2091/2066 2054/2079/2054
f 2054/2079/2054 127/130/127 2063/2088/2063
f 2055/2080/2055 2067/2092/2067 2068/2093/2068
f 2068/2093/2068 2056/2081/2056 2055/2080/2055
f 2058/2083/2058 2069/2094/2069 2070/2095/2070
f 2070/2095/2070 2059/2084/2059 2058/2083/2058
f 2072/2097/2072 2071/2096/2071 31/33/31
f 31/33/31 30/32/30 2072/2097/2072
f 31/2101/31 2071/2098/2071 2073/2099/2073
f 2073/2099/2073 2074/2100/2074 31/2101/31
f 1774/1797/1774 2071/2096/2071 2072/2097/2072
f 2072/2097/2072 1775/1798/1775 1774/1797/1774
f 2077/2104/2077 2075/2102/2075 2076/2103/2076
f 2076/2103/2076 2074/2100/2074 2077/2104/2077
f 2076/2103/2076 2075/2102/2075 2078/2105/2078
f 2078/2105/2078 2079/2106/2079 2076/2103/2076
f 1778/1801/1778 2075/2102/2075 2077/2104/2077
f 2077/2104/2077 1779/1802/1779 1778/1801/1778
f 2081/2108/2081 2080/2107/2080 29/31/29
f 29/31/29 33/35/33 2081/2108/2081
f 1782/1805/1782 2080/2107/2080 2081/2108/2081
f 2081/2108/2081 1783/1806/1783 1782/1805/1782
f 29/31/29 2080/2107/2080 2082/2109/2082
f 2082/2109/2082 30/32/30 29/31/29
f 2084/2112/2084 2083/2110/2083 32/2111/32
f 32/2111/32 2079/2106/2079 2084/2112/2084
f 32/34/32 2083/2113/2083 2085/2114/2085
f 2085/2114/2085 33/35/33 32/34/32
f 1786/1809/1786 2083/2110/2083 2084/2112/2084
f 2084/2112/2084 1787/1810/1787 1786/1809/1786
f 2085/2114/2085 2086/2115/2086 2081/2108/2081
f 2081/2108/2081 33/35/33 2085/2114/2085
f 2078/2105/2078 2087/2116/2087 2084/2112/2084
f 2084/2112/2084 2079/2106/2079 2078/2105/2078
f 2073/2099/2073 2088/2117/2088 2077/2104/2077
f 2077/2104/2077 2074/2100/2074 2073/2099/2073
f 2082/2109/2082 2089/2118/2089 2072/2097/2072
f 2072/2097/2072 30/32/30 2082/2109/2082
f 2091/2120/2091 2090/2119/2090 37/39/37
f 37/39/37 36/38/36 2091/2120/2091
f 1806/1829/1806 2090/2119/2090 2091/2120/2091
f 2091/2120/2091 1807/1830/1807 1806/1829/1806
f 37/39/37 2090/2119/2090 2092/2121/2092
f 2092/2121/2092 2093/2122/2093 37/39/37
f 2095/2124/2095 2094/2123/2094 40/42/40
f 40/42/40 39/41/39 2095/2124/2095
f 40/42/40 2094/2123/2094 2096/2125/2096
f 2096/2125/2096 2097/2126/2097 40/42/40
f 1810/1833/1810 2094/2123/2094 2095/2124/2095
f 2095/2124/2095 1811/1834/1811 1810/1833/1810
f 2099/2128/2099 2098/2127/2098 35/37/35
f 35/37/35 2097/2126/2097 2099/2128/2099
f 35/37/35 2098/2127/2098 2100/2129/2100
f 2100/2129/2100 36/38/36 35/37/35
f 1814/1837/1814 2098/2127/2098 2099/2128/2099
f 2099/2128/2099 1815/1838/1815 1814/1837/1814
f 38/40/38 2101/2130/2101 2102/2131/2102
f 2102/2131/2102 39/41/39 38/40/38
f 2100/2129/2100 2103/2132/2103 2091/2120/2091
f 2091/2120/2091 36/38/36 2100/2129/2100
f 2096/2125/2096 2104/2133/2104 2099/2128/2099
f 2099/2128/2099 2097/2126/2097 2096/2125/2096
f 2092/2121/2092 2105/2134/2105 2106/2135/2106
f 2106/2135/2106 2093/2122/2093 2092/2121/2092
f 2102/2131/2102 2107/2136/2107 2095/2124/2095
f 2095/2124/2095 39/41/39 2102/2131/2102
f 2109/2138/2109 2108/2137/2108 88/91/88
f 88/91/88 87/90/87 2109/2138/2109
f 88/2142/88 2108/2139/2108 2110/2140/2110
f 2110/2140/2110 2111/2141/2111 88/2142/88
f 1838/1861/1838 2108/2137/2108 2109/2138/2109
f 2109/2138/2109 1839/1862/1839 1838/1861/1838
f 2114/2145/2114 2112/2143/2112 2113/2144/2113
f 2113/2144/2113 2111/2141/2111 2114/2145/2114
f 1842/1865/1842 2112/2143/2112 2114/2145/2114
f 2114/2145/2114 1843/1866/1843 1842/1865/1842
f 2113/2149/2113 2112/2146/2112 2115/2147/2115
f 2115/2147/2115 2116/2148/2116 2113/2149/2113
f 2120/2153/2120 2117/2150/2117 2118/2151/2118
f 2118/2151/2118 2119/2152/2119 2120/2153/2120
f 86/89/86 2121/2154/2121 2122/2155/2122
f 2122/2155/2122 87/90/87 86/89/86
f 2110/2140/2110 2123/2156/2123 2114/2145/2114
f 2114/2145/2114 2111/2141/2111 2110/2140/2110
f 2122/2155/2122 2124/2157/2124 2109/2138/2109
f 2109/2138/2109 87/90/87 2122/2155/2122
f 2118/2151/2118 2125/2158/2125 2126/2159/2126
f 2126/2159/2126 2119/2152/2119 2118/2151/2118
f 2115/2147/2115 2127/2160/2127 2128/2161/2128
f 2128/2161/2128 2116/2148/2116 2115/2147/2115
f 2130/2163/2130 2129/2162/2129 48/50/48
f 48/50/48 47/49/47 2130/2163/2130
f 48/50/48 2129/2162/2129 2131/2164/2131
f 2131/2164/2131 2132/2165/2132 48/50/48
f 1870/1893/1870 2129/2162/2129 2130/2163/2130
f 2130/2163/2130 1871/1894/1871 1870/1893/1870
f 2134/2167/2134 2133/2166/2133 46/48/46
f 46/48/46 50/52/50 2134/2167/2134
f 46/48/46 2133/2166/2133 2135/2168/2135
f 2135/2168/2135 47/49/47 46/48/46
f 1874/1897/1874 2133/2166/2133 2134/2167/2134
f 2134/2167/2134 1875/1898/1875 1874/1897/1874
f 2139/2172/2139 2136/2169/2136 2137/2170/2137
f 2137/2170/2137 2138/2171/2138 2139/2172/2139
f 49/51/49 2140/2173/2140 2141/2174/2141
f 2141/2174/2141 50/52/50 49/51/49
f 2131/2164/2131 2142/2175/2142 2143/2176/2143
f 2143/2176/2143 2132/2165/2132 2131/2164/2131
f 2135/2168/2135 2144/2177/2144 2130/2163/2130
f 2130/2163/2130 47/49/47 2135/2168/2135
f 2137/2170/2137 2145/2178/2145 2146/2179/2146
f 2146/2179/2146 2138/2171/2138 2137/2170/2137
f 2141/2174/2141 2147/2180/2147 2134/2167/2134
f 2134/2167/2134 50/52/50 2141/2174/2141
f 2149/2182/2149 2148/2181/2148 44/46/44
f 44/46/44 43/45/43 2149/2182/2149
f 44/46/44 2148/2181/2148 2150/2183/2150
f 2150/2183/2150 2151/2184/2151 44/46/44
f 1902/1925/1902 2148/2181/2148 2149/2182/2149
f 2149/2182/2149 1903/1926/1903 1902/1925/1902
f 2154/2187/2154 2152/2185/2152 2153/2186/2153
f 2153/2186/2153 2151/2184/2151 2154/2187/2154
f 1906/1929/1906 2152/2185/2152 2154/2187/2154
f 2154/2187/2154 1907/1930/1907 1906/1929/1906
f 2153/2186/2153 2152/2185/2152 2155/2188/2155
f 2155/2188/2155 2156/2189/2156 2153/2186/2153
f 2159/2192/2159 2157/2190/2157 2158/2191/2158
f 2158/2191/2158 2156/2189/2156 2159/2192/2159
f 1910/1933/1910 2157/2190/2157 2159/2192/2159
f 2159/2192/2159 1911/1934/1911 1910/1933/1910
f 2158/2191/2158 2157/2190/2157 2160/2193/2160
f 2160/2193/2160 2161/2194/2161 2158/2191/2158
f 42/44/42 2162/2195/2162 2163/2196/2163
f 2163/2196/2163 43/45/43 42/44/42
f 2150/2183/2150 2164/2197/2164 2154/2187/2154
f 2154/2187/2154 2151/2184/2151 2150/2183/2150
f 2155/2188/2155 2165/2198/2165 2159/2192/2159
f 2159/2192/2159 2156/2189/2156 2155/2188/2155
f 2163/2196/2163 2166/2199/2166 2149/2182/2149
f 2149/2182/2149 43/45/43 2163/2196/2163
f 2160/2193/2160 2167/2200/2167 2168/2201/2168
f 2168/2201/2168 2161/2194/2161 2160/2193/2160
f 2170/2203/2170 2169/2202/2169 121/124/121
f 121/124/121 120/123/120 2170/2203/2170
f 1934/1957/1934 2169/2204/2169 2170/2205/2170
f 2170/2205/2170 1935/1958/1935 1934/1957/1934
f 121/124/121 2169/2202/2169 2171/2206/2171
f 2171/2206/2171 2172/2207/2172 121/124/121
f 2174/2209/2174 2173/2208/2173 118/121/118
f 118/121/118 117/120/117 2174/2209/2174
f 1938/1961/1938 2173/2208/2173 2174/2209/2174
f 2174/2209/2174 1939/1962/1939 1938/1961/1938
f 118/121/118 2173/2208/2173 2175/2210/2175
f 2175/2210/2175 2176/2211/2176 118/121/118
f 116/119/116 2177/2212/2177 2178/2213/2178
f 2178/2213/2178 117/120/117 116/119/116
f 119/122/119 2179/2214/2179 2180/2215/2180
f 2180/2215/2180 120/123/120 119/122/119
f 2180/2215/2180 2181/2216/2181 2170/2203/2170
f 2170/2203/2170 120/123/120 2180/2215/2180
f 2178/2213/2178 2182/2217/2182 2174/2209/2174
f 2174/2209/2174 117/120/117 2178/2213/2178
f 2175/2210/2175 2183/2218/2183 2184/2219/2184
f 2184/2219/2184 2176/2211/2176 2175/2210/2175
f 2171/2206/2171 2185/2220/2185 2186/2221/2186
f 2186/2221/2186 2172/2207/2172 2171/2206/2171
f 156/160/156 2187/2222/2187 2188/2223/2188
f 2188/2223/2188 2189/2224/2189 156/160/156
f 153/157/153 2190/2225/2190 2191/2226/2191
f 2191/2226/2191 2192/2227/2192 153/157/153
f 151/155/151 2193/2228/2193 2194/2229/2194
f 2194/2229/2194 152/156/152 151/155/151
f 154/158/154 2195/2230/2195 2196/2231/2196
f 2196/2231/2196 155/159/155 154/158/154
f 2191/2226/2191 2197/2232/2197 2198/2233/2198
f 2198/2233/2198 2192/2227/2192 2191/2226/2191
f 2196/2231/2196 2199/2234/2199 2200/2235/2200
f 2200/2235/2200 155/159/155 2196/2231/2196
f 2188/2223/2188 2201/2236/2201 2202/2237/2202
f 2202/2237/2202 2189/2224/2189 2188/2223/2188
f 2194/2229/2194 2203/2238/2203 2204/2239/2204
f 2204/2239/2204 152/156/152 2194/2229/2194
f 1/1/1 4/4/4 1999/2022/1999
f 1999/2022/1999 2004/2027/2004 1/1/1
f 1/1/1 2004/2027/2004 2007/2030/2007
f 2007/2030/2007 5/5/5 1/1/1
f 7/7/7 13/13/13 622/639/622
f 622/639/622 8/8/8 7/7/7
f 7/7/7 10/10/10 2205/2240/2205
f 2205/2240/2205 11/11/11 7/7/7
f 14/14/14 17/17/17 2206/2241/2206
f 2206/2241/2206 20/20/20 14/14/14
f 22/22/22 25/25/25 644/661/644
f 644/661/644 643/660/643 22/22/22
f 22/26/22 643/2242/643 2207/2243/2207
f 2207/2243/2207 26/27/26 22/26/22
f 28/2244/28 31/2101/31 2074/2100/2074
f 2074/2100/2074 2076/2103/2076 28/2244/28
f 28/2244/28 2076/2103/2076 2079/2106/2079
f 2079/2106/2079 32/2111/32 28/2244/28
f 34/36/34 37/39/37 2093/2122/2093
f 2093/2122/2093 38/40/38 34/36/34
f 34/36/34 40/42/40 2097/2126/2097
f 2097/2126/2097 35/37/35 34/36/34
f 41/43/41 44/46/44 2151/2184/2151
f 2151/2184/2151 2153/2186/2153 41/43/41
f 41/43/41 2153/2186/2153 2156/2189/2156
f 2156/2189/2156 2158/2191/2158 41/43/41
f 41/43/41 2158/2191/2158 2161/2194/2161
f 2161/2194/2161 42/44/42 41/43/41
f 45/47/45 48/50/48 2132/2165/2132
f 2132/2165/2132 2139/2172/2139 45/47/45
f 51/53/51 57/2245/57 729/746/729
f 729/746/729 52/54/52 51/53/51
f 51/57/51 54/2246/54 2208/2247/2208
f 2208/2247/2208 55/58/55 51/57/51
f 58/2248/58 61/2043/61 2018/2042/2018
f 2018/2042/2018 2020/2045/2020 58/2248/58
f 58/2248/58 2020/2045/2020 2023/2048/2023
f 2023/2048/2023 2027/2249/2027 58/2248/58
f 62/65/62 65/68/65 2209/2250/2209
f 2209/2250/2209 66/69/66 62/65/62
f 62/65/62 68/71/68 754/771/754
f 754/771/754 63/66/63 62/65/62
f 69/72/69 72/75/72 2039/2064/2039
f 2039/2064/2039 75/78/75 69/72/69
f 77/80/77 80/83/80 2210/2251/2210
f 2210/2251/2210 83/86/83 77/80/77
f 85/2252/85 88/2142/88 2111/2141/2111
f 2111/2141/2111 2113/2144/2113 85/2252/85
f 85/2254/85 2113/2149/2113 2116/2148/2116
f 2116/2148/2116 2120/2253/2120 85/2254/85
f 89/92/89 92/95/92 2211/2255/2211
f 2211/2255/2211 892/913/892 89/92/89
f 95/98/95 98/101/98 2212/2256/2212
f 2212/2256/2212 874/895/874 95/98/95
f 101/104/101 104/107/104 2213/2257/2213
f 2213/2257/2213 105/108/105 101/104/101
f 101/104/101 107/110/107 2214/2258/2214
f 2214/2258/2214 102/105/102 101/104/101
f 108/111/108 111/114/111 2215/2259/2215
f 2215/2259/2215 112/115/112 108/111/108
f 115/118/115 121/124/121 2172/2207/2172
f 2172/2207/2172 116/119/116 115/118/115
f 115/118/115 118/121/118 2176/2211/2176
f 2176/2211/2176 119/122/119 115/118/115
f 122/125/122 128/131/128 2056/2081/2056
f 2056/2081/2056 123/126/123 122/125/122
f 129/136/129 135/139/135 2216/2260/2216
f 2216/2260/2216 130/2261/130 129/136/129
f 136/140/136 139/143/139 2217/2262/2217
f 2217/2262/2217 140/144/140 136/140/136
f 157/161/157 160/164/160 1546/1569/1546
f 1546/1569/1546 161/165/161 157/161/157
f 166/170/166 169/173/169 1492/1515/1492
f 1492/1515/1492 170/174/170 166/170/166
f 175/179/175 178/182/178 1463/1486/1463
f 1463/1486/1463 179/183/179 175/179/175
f 184/188/184 187/191/187 1565/1588/1565
f 1565/1588/1565 188/192/188 184/188/184
f 193/201/193 196/2263/196 1421/1444/1421
f 1421/1444/1421 197/202/197 193/201/193
f 202/207/202 205/210/205 1511/1534/1511
f 1511/1534/1511 206/211/206 202/207/202
f 211/216/211 214/219/214 1383/1406/1383
f 1383/1406/1383 215/220/215 211/216/211
f 220/225/220 223/228/223 1366/1389/1366
f 1366/1389/1366 224/229/224 220/225/220
f 229/234/229 232/237/232 1637/1660/1637
f 1637/1660/1637 235/240/235 229/234/229
f 238/243/238 241/246/241 1584/1607/1584
f 1584/1607/1584 244/249/244 238/243/238
f 247/252/247 250/255/250 1528/1551/1528
f 1528/1551/1528 251/256/251 247/252/247
f 256/269/256 259/2264/259 1640/1663/1640
f 1640/1663/1640 262/270/262 256/269/256
f 265/279/265 268/2265/268 1496/1519/1496
f 1496/1519/1496 271/280/271 265/279/265
f 274/283/274 277/286/277 1292/1315/1292
f 1292/1315/1292 278/287/278 274/283/274
f 283/292/283 286/295/286 1469/1492/1469
f 1469/1492/1469 289/298/289 283/292/283
f 292/301/292 295/304/295 1334/1357/1334
f 1334/1357/1334 296/305/296 292/301/292
f 301/314/301 304/2266/304 1427/1450/1427
f 1427/1450/1427 305/315/305 301/314/301
f 310/320/310 313/323/313 1588/1611/1588
f 1588/1611/1588 316/326/316 310/320/310
f 319/329/319 322/332/322 1262/1285/1262
f 1262/1285/1262 323/333/323 319/329/319
f 328/338/328 331/341/331 1403/1426/1403
f 1403/1426/1403 332/342/332 328/338/328
f 337/353/337 340/2267/340 1535/1558/1535
f 1535/1558/1535 343/354/343 337/353/337
f 346/357/346 349/360/349 1387/1410/1387
f 1387/1410/1387 350/361/350 346/357/346
f 355/370/355 358/2268/358 1280/1303/1280
f 1280/1303/1280 359/371/359 355/370/355
f 364/382/364 367/2269/367 1410/1433/1410
f 1410/1433/1410 370/383/370 364/382/364
f 373/386/373 376/389/376 1619/1642/1619
f 1619/1642/1619 379/392/379 373/386/373
f 382/395/382 385/398/385 1447/1470/1447
f 1447/1470/1447 386/399/386 382/395/382
f 391/404/391 394/407/394 1601/1624/1601
f 1601/1624/1601 397/410/397 391/404/391
f 400/413/400 403/416/403 1572/1595/1572
f 1572/1595/1572 406/419/406 400/413/400
f 409/422/409 412/425/412 1453/1476/1453
f 1453/1476/1453 415/428/415 409/422/409
f 418/431/418 421/434/421 1549/1572/1549
f 1549/1572/1549 424/437/424 418/431/418
f 427/440/427 430/443/430 1515/1538/1515
f 1515/1538/1515 433/446/433 427/440/427
f 436/449/436 439/452/439 1227/1250/1227
f 1227/1250/1227 440/453/440 436/449/436
f 445/462/445 448/2270/448 1481/1504/1481
f 1481/1504/1481 449/463/449 445/462/445
f 454/468/454 457/471/457 1370/1393/1370
f 1370/1393/1370 458/472/458 454/468/454
f 463/477/463 466/480/466 1608/1631/1608
f 1608/1631/1608 469/483/469 463/477/463
f 472/486/472 475/489/475 1233/1256/1233
f 1233/1256/1233 476/490/476 472/486/472
f 481/501/481 484/2271/484 1353/1376/1353
f 1353/1376/1353 487/502/487 481/501/481
f 490/505/490 493/508/493 1341/1364/1341
f 1341/1364/1341 496/511/496 490/505/490
f 499/514/499 502/517/502 1322/1345/1322
f 1322/1345/1322 505/520/505 499/514/499
f 508/527/508 511/2272/511 1265/2273/1265
f 1265/2273/1265 512/528/512 508/527/508
f 517/537/517 520/2274/520 1201/1224/1201
f 1201/1224/1201 521/538/521 517/537/517
f 526/543/526 529/546/529 1313/1336/1313
f 1313/1336/1313 530/547/530 526/543/526
f 535/552/535 538/555/538 1248/1271/1248
f 1248/1271/1248 539/556/539 535/552/535
f 544/561/544 547/564/547 1357/1380/1357
f 1357/1380/1357 550/567/550 544/561/544
f 553/570/553 556/573/556 1296/1319/1296
f 1296/1319/1296 559/576/559 553/570/553
f 562/579/562 565/582/565 1284/1307/1284
f 1284/1307/1284 568/585/568 562/579/562
f 571/588/571 574/591/574 1205/1228/1205
f 1205/1228/1205 575/592/575 571/588/571
f 580/597/580 583/600/583 1251/1274/1251
f 1251/1274/1251 586/603/586 580/597/580
f 517/537/517 523/540/523 1208/1231/1208
f 1208/1231/1208 629/646/629 517/537/517
f 571/588/571 577/594/577 1213/1236/1213
f 1213/1236/1213 598/615/598 571/588/571
f 472/486/472 478/492/478 1218/1241/1218
f 1218/1241/1218 651/2275/651 472/486/472
f 436/449/436 442/455/442 1235/1258/1235
f 1235/1258/1235 675/692/675 436/449/436
f 580/597/580 588/605/588 1240/1263/1240
f 1240/1263/1240 592/609/592 580/597/580
f 535/552/535 541/558/541 1254/1277/1254
f 1254/1277/1254 620/637/620 535/552/535
f 319/329/319 325/335/325 1268/2276/1268
f 1268/2276/1268 748/2277/748 319/329/319
f 508/523/508 514/2278/514 1272/1295/1272
f 1272/1295/1272 633/650/633 508/523/508
f 562/579/562 570/587/570 1277/1300/1277
f 1277/1300/1277 604/621/604 562/579/562
f 355/370/355 361/373/361 1287/1310/1287
f 1287/1310/1287 727/2279/727 355/370/355
f 274/283/274 280/289/280 1299/1322/1299
f 1299/1322/1299 773/790/773 274/283/274
f 553/570/553 561/578/561 1304/1327/1304
f 1304/1327/1304 610/627/610 553/570/553
f 526/543/526 532/549/532 1317/1340/1317
f 1317/1340/1317 625/642/625 526/543/526
f 499/514/499 507/522/507 1327/1350/1327
f 1327/1350/1327 637/654/637 499/514/499
f 490/505/490 498/513/498 1331/1354/1331
f 1331/1354/1331 641/658/641 490/505/490
f 292/301/292 298/307/298 1343/1366/1343
f 1343/1366/1343 761/778/761 292/301/292
f 544/561/544 552/569/552 1347/1370/1347
f 1347/1370/1347 616/633/616 544/561/544
f 481/501/481 489/504/489 1360/1383/1360
f 1360/1383/1360 647/2280/647 481/501/481
f 220/225/220 226/231/226 1373/1396/1373
f 1373/1396/1373 801/820/801 220/225/220
f 454/468/454 460/474/460 1378/1401/1378
f 1378/1401/1378 663/680/663 454/468/454
f 211/216/211 217/222/217 1390/1413/1390
f 1390/1413/1390 805/824/805 211/216/211
f 346/357/346 352/363/352 1394/1417/1394
f 1394/1417/1394 732/749/732 346/357/346
f 364/382/364 372/385/372 1398/1421/1398
f 1398/1421/1398 723/2281/723 364/382/364
f 328/338/328 334/344/334 1412/1435/1412
f 1412/1435/1412 742/759/742 328/338/328
f 193/201/193 199/204/199 1429/1452/1429
f 1429/1452/1429 813/2282/813 193/201/193
f 301/314/301 307/317/307 1433/2283/1433
f 1433/2283/1433 757/2284/757 301/314/301
f 409/422/409 417/430/417 1438/1461/1438
f 1438/1461/1438 693/710/693 409/422/409
f 382/395/382 388/401/388 1455/1478/1455
f 1455/1478/1455 711/728/711 382/395/382
f 175/179/175 181/185/181 1471/1494/1471
f 1471/1494/1471 825/844/825 175/179/175
f 283/292/283 291/300/291 1476/1499/1476
f 1476/1499/1476 767/784/767 283/292/283
f 445/462/445 451/465/451 1487/1510/1487
f 1487/1510/1487 669/2285/669 445/462/445
f 166/170/166 172/176/172 1499/1522/1499
f 1499/1522/1499 831/850/831 166/170/166
f 265/279/265 273/282/273 1503/1526/1503
f 1503/1526/1503 777/2286/777 265/279/265
f 427/440/427 435/448/435 1508/1531/1508
f 1508/1531/1508 681/698/681 427/440/427
f 202/207/202 208/213/208 1518/1541/1518
f 1518/1541/1518 809/828/809 202/207/202
f 337/353/337 345/356/345 1523/1546/1523
f 1523/1546/1523 736/2287/736 337/353/337
f 247/252/247 253/258/253 1537/1560/1537
f 1537/1560/1537 787/2288/787 247/252/247
f 157/161/157 163/167/163 1552/1575/1552
f 1552/1575/1552 835/854/835 157/161/157
f 418/431/418 426/439/426 1557/1580/1557
f 1557/1580/1557 687/704/687 418/431/418
f 400/413/400 408/421/408 1562/1585/1562
f 1562/1585/1562 699/716/699 400/413/400
f 184/188/184 190/194/190 1574/1597/1574
f 1574/1597/1574 819/838/819 184/188/184
f 310/320/310 318/328/318 1578/1601/1578
f 1578/1601/1578 752/769/752 310/320/310
f 238/243/238 246/251/246 1591/1614/1591
f 1591/1614/1591 793/812/793 238/243/238
f 463/477/463 471/485/471 1596/1619/1596
f 1596/1619/1596 657/674/657 463/477/463
f 391/404/391 399/412/399 1610/1633/1610
f 1610/1633/1610 705/722/705 391/404/391
f 373/386/373 381/394/381 1624/1647/1624
f 1624/1647/1624 717/734/717 373/386/373
f 256/269/256 264/272/264 1629/1652/1629
f 1629/1652/1629 781/2289/781 256/269/256
f 229/234/229 237/242/237 1643/1666/1643
f 1643/1666/1643 797/816/797 229/234/229
f 580/597/580 592/609/592 591/608/591
f 591/608/591 584/601/584 580/597/580
f 589/606/589 592/609/592 1240/1263/1240
f 1240/1263/1240 1239/1262/1239 589/606/589
f 595/612/595 598/615/598 1213/1236/1213
f 1213/1236/1213 1212/1235/1212 595/612/595
f 571/588/571 598/615/598 597/614/597
f 597/614/597 578/595/578 571/588/571
f 562/579/562 604/621/604 603/620/603
f 603/620/603 566/583/566 562/579/562
f 601/618/601 604/621/604 1277/1300/1277
f 1277/1300/1277 1276/1299/1276 601/618/601
f 553/570/553 610/627/610 609/626/609
f 609/626/609 557/574/557 553/570/553
f 607/624/607 610/627/610 1304/1327/1304
f 1304/1327/1304 1303/1326/1303 607/624/607
f 544/561/544 616/633/616 615/632/615
f 615/632/615 548/565/548 544/561/544
f 613/630/613 616/633/616 1347/1370/1347
f 1347/1370/1347 1346/1369/1346 613/630/613
f 617/634/617 620/637/620 1254/1277/1254
f 1254/1277/1254 1253/1276/1253 617/634/617
f 535/552/535 620/637/620 619/636/619
f 619/636/619 542/559/542 535/552/535
f 621/638/621 625/642/625 1317/1340/1317
f 1317/1340/1317 1316/1339/1316 621/638/621
f 526/543/526 625/642/625 624/641/624
f 624/641/624 533/550/533 526/543/526
f 626/643/626 629/646/629 1208/1231/1208
f 1208/1231/1208 1207/1230/1207 626/643/626
f 517/537/517 629/646/629 628/645/628
f 628/645/628 524/2290/524 517/537/517
f 630/647/630 633/650/633 1272/1295/1272
f 1272/1295/1272 1271/1294/1271 630/647/630
f 508/523/508 633/650/633 632/649/632
f 632/649/632 515/531/515 508/523/508
f 499/514/499 637/654/637 636/653/636
f 636/653/636 503/518/503 499/514/499
f 634/651/634 637/654/637 1327/1350/1327
f 1327/1350/1327 1326/1349/1326 634/651/634
f 490/505/490 641/658/641 640/657/640
f 640/657/640 494/509/494 490/505/490
f 638/655/638 641/658/641 1331/1354/1331
f 1331/1354/1331 1330/1353/1330 638/655/638
f 481/495/481 647/664/647 646/663/646
f 646/663/646 485/499/485 481/495/481
f 642/2291/642 647/2280/647 1360/1383/1360
f 1360/1383/1360 1359/1382/1359 642/2291/642
f 648/2292/648 651/2275/651 1218/1241/1218
f 1218/1241/1218 1217/1240/1217 648/2292/648
f 472/486/472 651/668/651 650/667/650
f 650/667/650 479/493/479 472/486/472
f 463/477/463 657/674/657 656/673/656
f 656/673/656 467/481/467 463/477/463
f 654/671/654 657/674/657 1596/1619/1596
f 1596/1619/1596 1595/1618/1595 654/671/654
f 660/677/660 663/680/663 1378/1401/1378
f 1378/1401/1378 1377/1400/1377 660/677/660
f 454/468/454 663/680/663 662/679/662
f 662/679/662 461/475/461 454/468/454
f 666/2293/666 669/2285/669 1487/1510/1487
f 1487/1510/1487 1486/1509/1486 666/2293/666
f 445/458/445 669/686/669 668/685/668
f 668/685/668 452/466/452 445/458/445
f 672/689/672 675/692/675 1235/1258/1235
f 1235/1258/1235 1234/1257/1234 672/689/672
f 436/449/436 675/692/675 674/691/674
f 674/691/674 443/456/443 436/449/436
f 427/440/427 681/698/681 680/697/680
f 680/697/680 431/444/431 427/440/427
f 678/695/678 681/698/681 1508/1531/1508
f 1508/1531/1508 1507/1530/1507 678/695/678
f 418/431/418 687/704/687 686/703/686
f 686/703/686 422/435/422 418/431/418
f 684/701/684 687/704/687 1557/1580/1557
f 1557/1580/1557 1556/1579/1556 684/701/684
f 409/422/409 693/710/693 692/709/692
f 692/709/692 413/426/413 409/422/409
f 690/707/690 693/710/693 1438/1461/1438
f 1438/1461/1438 1437/1460/1437 690/707/690
f 400/413/400 699/716/699 698/715/698
f 698/715/698 404/417/404 400/413/400
f 696/713/696 699/716/699 1562/1585/1562
f 1562/1585/1562 1561/1584/1561 696/713/696
f 391/404/391 705/722/705 704/721/704
f 704/721/704 395/408/395 391/404/391
f 702/719/702 705/722/705 1610/1633/1610
f 1610/1633/1610 1609/1632/1609 702/719/702
f 708/725/708 711/728/711 1455/1478/1455
f 1455/1478/1455 1454/1477/1454 708/725/708
f 382/395/382 711/728/711 710/727/710
f 710/727/710 389/402/389 382/395/382
f 373/386/373 717/734/717 716/733/716
f 716/733/716 377/390/377 373/386/373
f 714/731/714 717/734/717 1624/1647/1624
f 1624/1647/1624 1623/1646/1623 714/731/714
f 364/376/364 723/740/723 722/739/722
f 722/739/722 368/380/368 364/376/364
f 720/2294/720 723/2281/723 1398/1421/1398
f 1398/1421/1398 1397/1420/1397 720/2294/720
f 724/2295/724 727/2279/727 1287/1310/1287
f 1287/1310/1287 1286/1309/1286 724/2295/724
f 355/366/355 727/744/727 726/743/726
f 726/743/726 362/374/362 355/366/355
f 728/745/728 732/749/732 1394/1417/1394
f 1394/1417/1394 1393/1416/1393 728/745/728
f 346/357/346 732/749/732 731/748/731
f 731/748/731 353/364/353 346/357/346
f 337/347/337 736/753/736 735/752/735
f 735/752/735 341/351/341 337/347/337
f 733/2296/733 736/2287/736 1523/1546/1523
f 1523/1546/1523 1522/1545/1522 733/2296/733
f 739/756/739 742/759/742 1412/1435/1412
f 1412/1435/1412 1411/1434/1411 739/756/739
f 328/338/328 742/759/742 741/758/741
f 741/758/741 335/345/335 328/338/328
f 745/762/745 748/765/748 1268/1291/1268
f 1268/1291/1268 1267/1290/1267 745/762/745
f 319/329/319 748/2297/748 747/2298/747
f 747/2298/747 326/336/326 319/329/319
f 310/320/310 752/769/752 751/768/751
f 751/768/751 314/324/314 310/320/310
f 749/766/749 752/769/752 1578/1601/1578
f 1578/1601/1578 1577/1600/1577 749/766/749
f 753/770/753 757/774/757 1433/1456/1433
f 1433/1456/1433 1432/1455/1432 753/770/753
f 301/310/301 757/774/757 756/773/756
f 756/773/756 308/318/308 301/310/301
f 758/775/758 761/778/761 1343/1366/1343
f 1343/1366/1343 1342/1365/1342 758/775/758
f 292/301/292 761/778/761 760/777/760
f 760/777/760 299/308/299 292/301/292
f 283/292/283 767/784/767 766/783/766
f 766/783/766 287/296/287 283/292/283
f 764/781/764 767/784/767 1476/1499/1476
f 1476/1499/1476 1475/1498/1475 764/781/764
f 770/787/770 773/790/773 1299/1322/1299
f 1299/1322/1299 1298/1321/1298 770/787/770
f 274/283/274 773/790/773 772/789/772
f 772/789/772 281/290/281 274/283/274
f 265/273/265 777/796/777 776/795/776
f 776/795/776 269/277/269 265/273/265
f 774/2299/774 777/2286/777 1503/1526/1503
f 1503/1526/1503 1502/1525/1502 774/2299/774
f 256/263/256 781/800/781 780/799/780
f 780/799/780 260/267/260 256/263/256
f 778/2300/778 781/2289/781 1629/1652/1629
f 1629/1652/1629 1628/1651/1628 778/2300/778
f 784/2301/784 787/2288/787 1537/1560/1537
f 1537/1560/1537 1536/1559/1536 784/2301/784
f 247/259/247 787/806/787 786/805/786
f 786/805/786 254/260/254 247/259/247
f 238/243/238 793/812/793 792/811/792
f 792/811/792 242/247/242 238/243/238
f 790/809/790 793/812/793 1591/1614/1591
f 1591/1614/1591 1590/1613/1590 790/809/790
f 229/234/229 797/816/797 796/815/796
f 796/815/796 233/238/233 229/234/229
f 794/813/794 797/816/797 1643/1666/1643
f 1643/1666/1643 1642/1665/1642 794/813/794
f 798/817/798 801/820/801 1373/1396/1373
f 1373/1396/1373 1372/1395/1372 798/817/798
f 220/225/220 801/820/801 800/819/800
f 800/819/800 227/232/227 220/225/220
f 802/821/802 805/824/805 1390/1413/1390
f 1390/1413/1390 1389/1412/1389 802/821/802
f 211/216/211 805/824/805 804/823/804
f 804/823/804 218/223/218 211/216/211
f 806/825/806 809/828/809 1518/1541/1518
f 1518/1541/1518 1517/1540/1517 806/825/806
f 202/207/202 809/828/809 808/827/808
f 808/827/808 209/214/209 202/207/202
f 810/2302/810 813/2282/813 1429/1452/1429
f 1429/1452/1429 1428/1451/1428 810/2302/810
f 193/197/193 813/832/813 812/831/812
f 812/831/812 200/205/200 193/197/193
f 816/835/816 819/838/819 1574/1597/1574
f 1574/1597/1574 1573/1596/1573 816/835/816
f 184/188/184 819/838/819 818/837/818
f 818/837/818 191/195/191 184/188/184
f 822/841/822 825/844/825 1471/1494/1471
f 1471/1494/1471 1470/1493/1470 822/841/822
f 175/179/175 825/844/825 824/843/824
f 824/843/824 182/186/182 175/179/175
f 828/847/828 831/850/831 1499/1522/1499
f 1499/1522/1499 1498/1521/1498 828/847/828
f 166/170/166 831/850/831 830/849/830
f 830/849/830 173/177/173 166/170/166
f 832/851/832 835/854/835 1552/1575/1552
f 1552/1575/1552 1551/1574/1551 832/851/832
f 157/161/157 835/854/835 834/853/834
f 834/853/834 164/2303/164 157/161/157
f 1964/1987/1964 839/858/839 838/857/838
f 838/857/838 1965/1988/1965 1964/1987/1964
f 836/855/836 839/858/839 1543/1566/1543
f 1543/1566/1543 1542/1565/1542 836/855/836
f 840/859/840 146/150/146 145/149/145
f 145/149/145 1493/1516/1493 840/859/840
f 143/147/143 146/150/146 842/861/842
f 842/861/842 147/151/147 143/147/143
f 1968/1991/1968 846/865/846 845/864/845
f 845/864/845 1969/1992/1969 1968/1991/1968
f 843/862/843 846/865/846 1460/1483/1460
f 1460/1483/1460 1459/1482/1459 843/862/843
f 847/866/847 149/153/149 148/152/148
f 148/152/148 1566/1589/1566 847/866/847
f 143/147/143 149/153/149 849/868/849
f 849/868/849 144/148/144 143/147/143
f 1744/1767/1744 853/872/853 852/871/852
f 852/871/852 1745/1768/1745 1744/1767/1744
f 850/2305/850 853/2304/853 1418/1441/1418
f 1418/1441/1418 1417/1440/1417 850/2305/850
f 854/873/854 142/146/142 141/145/141
f 141/145/141 1512/1535/1512 854/873/854
f 136/140/136 142/146/142 856/875/856
f 856/875/856 137/141/137 136/140/136
f 857/876/857 132/135/132 131/134/131
f 131/134/131 1384/1407/1384 857/876/857
f 129/132/129 132/135/132 859/878/859
f 859/878/859 133/2306/133 129/132/129
f 860/879/860 114/117/114 113/116/113
f 113/116/113 1367/1390/1367 860/879/860
f 108/111/108 114/117/114 862/881/862
f 862/881/862 109/112/109 108/111/108
f 863/882/863 866/885/866 1634/1657/1634
f 1634/1657/1634 1633/1656/1633 863/882/863
f 1972/1995/1972 866/885/866 865/884/865
f 865/884/865 1973/1996/1973 1972/1995/1972
f 867/886/867 144/148/144 849/868/849
f 849/868/849 1585/1608/1585 867/886/867
f 869/888/869 137/141/137 856/875/856
f 856/875/856 1529/1552/1529 869/888/869
f 95/98/95 874/895/874 873/894/873
f 873/894/873 99/102/99 95/98/95
f 871/892/871 874/895/874 2212/2256/2212
f 2212/2256/2212 1641/1664/1641 871/892/871
f 875/2307/875 130/2261/130 2216/2260/2216
f 2216/2260/2216 1497/1520/1497 875/2307/875
f 877/898/877 90/93/90 94/97/94
f 94/97/94 1293/1316/1293 877/898/877
f 879/900/879 882/903/882 1466/1489/1466
f 1466/1489/1466 1465/1488/1465 879/900/879
f 1748/1771/1748 882/903/882 881/902/881
f 881/902/881 1749/1772/1749 1748/1771/1748
f 883/904/883 96/99/96 100/103/100
f 100/103/100 1335/1358/1335 883/904/883
f 1940/1963/1940 888/909/888 887/908/887
f 887/908/887 1941/1964/1941 1940/1963/1940
f 885/2309/885 888/2308/888 1424/1447/1424
f 1424/1447/1424 1423/1446/1423 885/2309/885
f 89/92/89 892/913/892 891/912/891
f 891/912/891 93/96/93 89/92/89
f 889/910/889 892/913/892 2211/2255/2211
f 2211/2255/2211 1589/1612/1589 889/910/889
f 1716/1739/1716 896/917/896 895/916/895
f 895/916/895 1717/1740/1717 1716/1739/1716
f 893/914/893 896/917/896 1259/1282/1259
f 1259/1282/1259 1258/1281/1258 893/914/893
f 897/918/897 109/112/109 862/881/862
f 862/881/862 1404/1427/1404 897/918/897
f 899/2311/899 902/2310/902 1532/1555/1532
f 1532/1555/1532 1531/1554/1531 899/2311/899
f 1844/1867/1844 902/923/902 901/922/901
f 901/922/901 1845/1868/1845 1844/1867/1844
f 903/924/903 102/105/102 2214/2258/2214
f 2214/2258/2214 1388/1411/1388 903/924/903
f 905/928/905 81/84/81 84/87/84
f 84/87/84 1281/1304/1281 905/928/905
f 1684/1707/1684 910/933/910 909/932/909
f 909/932/909 1685/1708/1685 1684/1707/1684
f 907/2313/907 910/2312/910 1407/1430/1407
f 1407/1430/1407 1406/1429/1406 907/2313/907
f 911/934/911 914/937/914 1616/1639/1616
f 1616/1639/1616 1615/1638/1615 911/934/911
f 1976/1999/1976 914/937/914 913/936/913
f 913/936/913 1977/2000/1977 1976/1999/1976
f 1752/1775/1752 918/941/918 917/940/917
f 917/940/917 1753/1776/1753 1752/1775/1752
f 915/938/915 918/941/918 1444/1467/1444
f 1444/1467/1444 1443/1466/1443 915/938/915
f 919/942/919 147/151/147 842/861/842
f 842/861/842 1602/1625/1602 919/942/919
f 921/944/921 924/947/924 1569/1592/1569
f 1569/1592/1569 1568/1591/1568 921/944/921
f 1944/1967/1944 924/947/924 923/946/923
f 923/946/923 1945/1968/1945 1944/1967/1944
f 1876/1899/1876 928/951/928 927/950/927
f 927/950/927 1877/1900/1877 1876/1899/1876
f 925/948/925 928/951/928 1450/1473/1450
f 1450/1473/1450 1449/1472/1449 925/948/925
f 929/952/929 140/144/140 2217/2262/2217
f 2217/2262/2217 1550/1573/1550 929/952/929
f 931/954/931 112/115/112 2215/2259/2215
f 2215/2259/2215 1516/1539/1516 931/954/931
f 933/956/933 936/959/936 1224/1247/1224
f 1224/1247/1224 1223/1246/1223 933/956/933
f 1880/1903/1880 936/959/936 935/958/935
f 935/958/935 1881/1904/1881 1880/1903/1880
f 937/2314/937 133/2306/133 859/878/859
f 859/878/859 1482/1505/1482 937/2314/937
f 939/962/939 105/108/105 2213/2257/2213
f 2213/2257/2213 1371/1394/1371 939/962/939
f 941/964/941 944/967/944 1605/1628/1605
f 1605/1628/1605 1604/1627/1604 941/964/941
f 1912/1935/1912 944/967/944 943/966/943
f 943/966/943 1913/1936/1913 1912/1935/1912
f 1816/1839/1816 948/971/948 947/970/947
f 947/970/947 1817/1840/1817 1816/1839/1816
f 945/968/945 948/971/948 1230/1253/1230
f 1230/1253/1230 1229/1252/1229 945/968/945
f 949/972/949 99/102/99 873/894/873
f 873/894/873 1354/2315/1354 949/972/949
f 951/974/951 954/977/954 1338/1361/1338
f 1338/1361/1338 1337/1360/1337 951/974/951
f 1720/1743/1720 954/977/954 953/976/953
f 953/976/953 1721/1744/1721 1720/1743/1720
f 955/978/955 93/96/93 891/912/891
f 891/912/891 1323/1346/1323 955/978/955
f 957/980/957 66/69/66 2209/2250/2209
f 2209/2250/2209 1266/1289/1266 957/980/957
f 959/2316/959 23/29/23 27/28/27
f 27/28/27 1202/1225/1202 959/2316/959
f 1848/1871/1848 964/987/964 963/986/963
f 963/986/963 1849/1872/1849 1848/1871/1848
f 961/984/961 964/987/964 1310/1333/1310
f 1310/1333/1310 1309/1332/1309 961/984/961
f 965/988/965 968/991/968 1245/1268/1245
f 1245/1268/1245 1244/1267/1244 965/988/965
f 1688/1711/1688 968/991/968 967/990/967
f 967/990/967 1689/1712/1689 1688/1711/1688
f 969/992/969 26/27/26 2207/2243/2207
f 2207/2243/2207 1358/1381/1358 969/992/969
f 971/994/971 83/86/83 2210/2251/2210
f 2210/2251/2210 1297/1320/1297 971/994/971
f 973/996/973 55/58/55 2208/2247/2208
f 2208/2247/2208 1285/1308/1285 973/996/973
f 975/998/975 20/20/20 2206/2241/2206
f 2206/2241/2206 1206/1229/1206 975/998/975
f 977/1000/977 11/11/11 2205/2240/2205
f 2205/2240/2205 1252/1275/1252 977/1000/977
f 979/1002/979 548/565/548 615/632/615
f 615/632/615 1198/1221/1198 979/1002/979
f 981/1004/981 521/538/521 1201/1224/1201
f 1201/1224/1201 1200/1223/1200 981/1004/981
f 983/1006/983 575/592/575 1205/1228/1205
f 1205/1228/1205 1204/1227/1204 983/1006/983
f 985/1008/985 584/601/584 591/608/591
f 591/608/591 1211/1234/1211 985/1008/985
f 987/1010/987 467/481/467 656/673/656
f 656/673/656 1216/1239/1216 987/1010/987
f 989/1012/989 413/426/413 692/709/692
f 692/709/692 1221/1244/1221 989/1012/989
f 991/1014/991 440/453/440 1227/1250/1227
f 1227/1250/1227 1226/1249/1226 991/1014/991
f 993/1016/993 476/490/476 1233/1256/1233
f 1233/1256/1233 1232/1255/1232 993/1016/993
f 995/1018/995 566/583/566 603/620/603
f 603/620/603 1238/1261/1238 995/1018/995
f 997/1020/997 368/380/368 722/739/722
f 722/739/722 1242/1265/1242 997/1020/997
f 999/1022/999 539/556/539 1248/1271/1248
f 1248/1271/1248 1247/1270/1247 999/1022/999
f 1001/1024/1001 586/603/586 1251/1274/1251
f 1251/1274/1251 1250/1273/1250 1001/1024/1001
f 1003/1026/1003 494/509/494 640/657/640
f 640/657/640 1256/1279/1256 1003/1026/1003
f 1005/1028/1005 323/333/323 1262/1285/1262
f 1262/1285/1262 1261/1284/1261 1005/1028/1005
f 1007/1030/1007 512/528/512 1265/2273/1265
f 1265/2273/1265 1264/2317/1264 1007/1030/1007
f 1009/2318/1009 524/2290/524 628/645/628
f 628/645/628 1270/1293/1270 1009/2318/1009
f 1011/1034/1011 557/574/557 609/626/609
f 609/626/609 1275/1298/1275 1011/1034/1011
f 1013/1036/1013 359/371/359 1280/1303/1280
f 1280/1303/1280 1279/1302/1279 1013/1036/1013
f 1015/1038/1015 568/585/568 1284/1307/1284
f 1284/1307/1284 1283/1306/1283 1015/1038/1015
f 1017/1040/1017 503/518/503 636/653/636
f 636/653/636 1289/1312/1289 1017/1040/1017
f 1019/1042/1019 278/287/278 1292/1315/1292
f 1292/1315/1292 1291/1314/1291 1019/1042/1019
f 1021/1044/1021 559/576/559 1296/1319/1296
f 1296/1319/1296 1295/1318/1295 1021/1044/1021
f 1023/1046/1023 578/595/578 597/614/597
f 597/614/597 1302/1325/1302 1023/1046/1023
f 1025/1048/1025 341/351/341 735/752/735
f 735/752/735 1307/1330/1307 1025/1048/1025
f 1027/1050/1027 530/547/530 1313/1336/1313
f 1313/1336/1313 1312/1335/1312 1027/1050/1027
f 1029/1052/1029 542/559/542 619/636/619
f 619/636/619 1315/1338/1315 1029/1052/1029
f 1031/1054/1031 314/324/314 751/768/751
f 751/768/751 1319/1342/1319 1031/1054/1031
f 1033/1056/1033 505/520/505 1322/1345/1322
f 1322/1345/1322 1321/1344/1321 1033/1056/1033
f 1035/1058/1035 515/531/515 632/649/632
f 632/649/632 1325/1348/1325 1035/1058/1035
f 1037/1060/1037 485/499/485 646/663/646
f 646/663/646 1329/1352/1329 1037/1060/1037
f 1039/1062/1039 296/305/296 1334/1357/1334
f 1334/1357/1334 1333/1356/1333 1039/1062/1039
f 1041/1064/1041 496/511/496 1341/1364/1341
f 1341/1364/1341 1340/1363/1340 1041/1064/1041
f 1043/1066/1043 533/550/533 624/641/624
f 624/641/624 1345/1368/1345 1043/1066/1043
f 1045/1068/1045 260/267/260 780/799/780
f 780/799/780 1350/1373/1350 1045/1068/1045
f 1047/1070/1047 487/502/487 1353/1376/1353
f 1353/1376/1353 1352/1375/1352 1047/1070/1047
f 1049/1072/1049 550/567/550 1357/1380/1357
f 1357/1380/1357 1356/1379/1356 1049/1072/1049
f 1051/1074/1051 431/444/431 680/697/680
f 680/697/680 1363/1386/1363 1051/1074/1051
f 1053/1076/1053 224/229/224 1366/1389/1366
f 1366/1389/1366 1365/1388/1365 1053/1076/1053
f 1055/1078/1055 458/472/458 1370/1393/1370
f 1370/1393/1370 1369/1392/1369 1055/1078/1055
f 1057/1080/1057 479/493/479 650/667/650
f 650/667/650 1376/1399/1376 1057/1080/1057
f 1059/1082/1059 269/277/269 776/795/776
f 776/795/776 1380/1403/1380 1059/1082/1059
f 1061/1084/1061 215/220/215 1383/1406/1383
f 1383/1406/1383 1382/1405/1382 1061/1084/1061
f 1063/1086/1063 350/361/350 1387/1410/1387
f 1387/1410/1387 1386/1409/1386 1063/1086/1063
f 1065/1088/1065 362/374/362 726/743/726
f 726/743/726 1392/1415/1392 1065/1088/1065
f 1067/1090/1067 353/364/353 731/748/731
f 731/748/731 1396/1419/1396 1067/1090/1067
f 1069/1092/1069 227/232/227 800/819/800
f 800/819/800 1400/1423/1400 1069/1092/1069
f 1071/1094/1071 332/342/332 1403/1426/1403
f 1403/1426/1403 1402/1425/1402 1071/1094/1071
f 1073/1096/1073 370/383/370 1410/1433/1410
f 1410/1433/1410 1409/1432/1409 1073/1096/1073
f 1075/1098/1075 287/296/287 766/783/766
f 766/783/766 1415/1438/1415 1075/1098/1075
f 1077/1100/1077 197/202/197 1421/1444/1421
f 1421/1444/1421 1420/1443/1420 1077/1100/1077
f 1079/1102/1079 305/315/305 1427/1450/1427
f 1427/1450/1427 1426/1449/1426 1079/1102/1079
f 1081/1104/1081 326/336/326 747/2298/747
f 747/2298/747 1431/2319/1431 1081/1104/1081
f 1083/1106/1083 404/417/404 698/715/698
f 698/715/698 1436/1459/1436 1083/1106/1083
f 1085/1108/1085 200/205/200 812/831/812
f 812/831/812 1441/1464/1441 1085/1108/1085
f 1087/1110/1087 386/399/386 1447/1470/1447
f 1447/1470/1447 1446/1469/1446 1087/1110/1087
f 1089/1112/1089 415/428/415 1453/1476/1453
f 1453/1476/1453 1452/1475/1452 1089/1112/1089
f 1091/1114/1091 233/238/233 796/815/796
f 796/815/796 1457/1480/1457 1091/1114/1091
f 1093/1116/1093 179/183/179 1463/1486/1463
f 1463/1486/1463 1462/1485/1462 1093/1116/1093
f 1095/1118/1095 289/298/289 1469/1492/1469
f 1469/1492/1469 1468/1491/1468 1095/1118/1095
f 1097/1120/1097 299/308/299 760/777/760
f 760/777/760 1474/1497/1474 1097/1120/1097
f 1099/1122/1099 218/223/218 804/823/804
f 804/823/804 1478/1501/1478 1099/1122/1099
f 1101/1124/1101 449/463/449 1481/1504/1481
f 1481/1504/1481 1480/1503/1480 1101/1124/1101
f 1103/1126/1103 461/475/461 662/679/662
f 662/679/662 1485/1508/1485 1103/1126/1103
f 1105/1128/1105 242/247/242 792/811/792
f 792/811/792 1489/1512/1489 1105/1128/1105
f 1107/1130/1107 170/174/170 1492/1515/1492
f 1492/1515/1492 1491/1514/1491 1107/1130/1107
f 1109/1132/1109 271/280/271 1496/1519/1496
f 1496/1519/1496 1495/1518/1495 1109/1132/1109
f 1111/1134/1111 281/290/281 772/789/772
f 772/789/772 1501/1524/1501 1111/1134/1111
f 1113/1136/1113 422/435/422 686/703/686
f 686/703/686 1506/1529/1506 1113/1136/1113
f 1115/1138/1115 206/211/206 1511/1534/1511
f 1511/1534/1511 1510/1533/1510 1115/1138/1115
f 1117/1140/1117 433/446/433 1515/1538/1515
f 1515/1538/1515 1514/1537/1514 1117/1140/1117
f 1119/1142/1119 335/345/335 741/758/741
f 741/758/741 1521/1544/1521 1119/1142/1119
f 1121/1144/1121 209/214/209 808/827/808
f 808/827/808 1525/1548/1525 1121/1144/1121
f 1123/1146/1123 251/256/251 1528/1551/1528
f 1528/1551/1528 1527/1550/1527 1123/1146/1123
f 1125/1148/1125 343/354/343 1535/1558/1535
f 1535/1558/1535 1534/1557/1534 1125/1148/1125
f 1127/1150/1127 377/390/377 716/733/716
f 716/733/716 1540/1563/1540 1127/1150/1127
f 1129/1152/1129 161/165/161 1546/1569/1546
f 1546/1569/1546 1545/1568/1545 1129/1152/1129
f 1131/1154/1131 424/437/424 1549/1572/1549
f 1549/1572/1549 1548/1571/1548 1131/1154/1131
f 1133/1156/1133 443/456/443 674/691/674
f 674/691/674 1555/1578/1555 1133/1156/1133
f 1135/1158/1135 395/408/395 704/721/704
f 704/721/704 1560/1583/1560 1135/1158/1135
f 1137/1160/1137 188/192/188 1565/1588/1565
f 1565/1588/1565 1564/1587/1564 1137/1160/1137
f 1139/1162/1139 406/419/406 1572/1595/1572
f 1572/1595/1572 1571/1594/1571 1139/1162/1139
f 1141/1164/1141 308/318/308 756/773/756
f 756/773/756 1576/1599/1576 1141/1164/1141
f 1143/1166/1143 191/195/191 818/837/818
f 818/837/818 1581/1604/1581 1143/1166/1143
f 1145/1168/1145 244/249/244 1584/1607/1584
f 1584/1607/1584 1583/1606/1583 1145/1168/1145
f 1147/1170/1147 316/326/316 1588/1611/1588
f 1588/1611/1588 1587/1610/1587 1147/1170/1147
f 1149/1172/1149 452/466/452 668/685/668
f 668/685/668 1594/1617/1594 1149/1172/1149
f 1151/1174/1151 173/177/173 830/849/830
f 830/849/830 1598/1621/1598 1151/1174/1151
f 1153/1176/1153 397/410/397 1601/1624/1601
f 1601/1624/1601 1600/1623/1600 1153/1176/1153
f 1155/1178/1155 469/483/469 1608/1631/1608
f 1608/1631/1608 1607/1630/1607 1155/1178/1155
f 1157/1180/1157 182/186/182 824/843/824
f 824/843/824 1613/1636/1613 1157/1180/1157
f 1159/1182/1159 379/392/379 1619/1642/1619
f 1619/1642/1619 1618/1641/1618 1159/1182/1159
f 1161/1184/1161 389/402/389 710/727/710
f 710/727/710 1622/1645/1622 1161/1184/1161
f 1163/1186/1163 254/260/254 786/805/786
f 786/805/786 1627/1650/1627 1163/1186/1163
f 1165/2320/1165 164/2303/164 834/853/834
f 834/853/834 1631/1654/1631 1165/2320/1165
f 1167/1190/1167 235/240/235 1637/1660/1637
f 1637/1660/1637 1636/1659/1636 1167/1190/1167
f 1169/1192/1169 262/270/262 1640/1663/1640
f 1640/1663/1640 1639/1662/1639 1169/1192/1169
f 1171/1194/1171 984/1007/984 522/539/522
f 522/539/522 982/1005/982 1171/1194/1171
f 1172/1195/1172 992/1015/992 414/427/414
f 414/427/414 990/1013/990 1172/1195/1172
f 1173/1196/1173 1000/1023/1000 369/381/369
f 369/381/369 998/1021/998 1173/1196/1173
f 1174/1197/1174 1008/1031/1008 324/334/324
f 324/334/324 1006/1029/1006 1174/1197/1174
f 1175/1198/1175 1014/1037/1014 558/575/558
f 558/575/558 1012/1035/1012 1175/1198/1175
f 1176/1199/1176 1022/1045/1022 279/288/279
f 279/288/279 1020/1043/1020 1176/1199/1176
f 1177/1200/1177 1028/1051/1028 342/352/342
f 342/352/342 1026/1049/1026 1177/1200/1177
f 1178/1201/1178 1034/1057/1034 315/325/315
f 315/325/315 1032/1055/1032 1178/1201/1178
f 1179/1202/1179 1040/1063/1040 486/500/486
f 486/500/486 1038/1061/1038 1179/1202/1179
f 1180/1203/1180 1048/1071/1048 261/268/261
f 261/268/261 1046/1069/1046 1180/1203/1180
f 1181/1204/1181 1056/1079/1056 225/230/225
f 225/230/225 1054/1077/1054 1181/1204/1181
f 1182/1205/1182 1064/1087/1064 216/221/216
f 216/221/216 1062/1085/1062 1182/1205/1182
f 1183/1206/1183 1072/1095/1072 228/233/228
f 228/233/228 1070/1093/1070 1183/1206/1183
f 1184/1207/1184 1080/1103/1080 198/203/198
f 198/203/198 1078/1101/1078 1184/1207/1184
f 1185/1208/1185 1088/1111/1088 201/206/201
f 201/206/201 1086/1109/1086 1185/1208/1185
f 1186/1209/1186 1096/1119/1096 180/184/180
f 180/184/180 1094/1117/1094 1186/1209/1186
f 1187/1210/1187 1102/1125/1102 219/224/219
f 219/224/219 1100/1123/1100 1187/1210/1187
f 1188/1211/1188 1110/1133/1110 171/175/171
f 171/175/171 1108/1131/1108 1188/1211/1188
f 1189/1212/1189 1116/1139/1116 423/436/423
f 423/436/423 1114/1137/1114 1189/1212/1189
f 1190/1213/1190 1124/1147/1124 210/215/210
f 210/215/210 1122/1145/1122 1190/1213/1190
f 1191/1214/1191 1132/1155/1132 162/166/162
f 162/166/162 1130/1153/1130 1191/1214/1191
f 1192/1215/1192 1138/1161/1138 396/409/396
f 396/409/396 1136/1159/1136 1192/1215/1192
f 1193/1216/1193 1146/1169/1146 192/196/192
f 192/196/192 1144/1167/1144 1193/1216/1193
f 1194/1217/1194 1154/1177/1154 174/178/174
f 174/178/174 1152/1175/1152 1194/1217/1194
f 1195/1218/1195 1160/1183/1160 183/187/183
f 183/187/183 1158/1181/1158 1195/1218/1195
f 1196/1219/1196 1168/1191/1168 165/169/165
f 165/169/165 1166/1189/1166 1196/1219/1196
f 1197/1220/1197 614/631/614 12/12/12
f 12/12/12 978/1001/978 1197/1220/1197
f 979/1002/979 1198/1221/1198 582/599/582
f 582/599/582 581/598/581 979/1002/979
f 959/2316/959 1202/1225/1202 1201/1224/1201
f 1201/1224/1201 520/2274/520 959/2316/959
f 1199/1222/1199 1202/1225/1202 27/28/27
f 27/28/27 970/993/970 1199/1222/1199
f 981/1004/981 1200/1223/1200 546/563/546
f 546/563/546 545/562/545 981/1004/981
f 975/998/975 1206/1229/1206 1205/1228/1205
f 1205/1228/1205 574/591/574 975/998/975
f 1203/1226/1203 1206/1229/1206 2206/2241/2206
f 2206/2241/2206 1207/1230/1207 1203/1226/1203
f 983/1006/983 1204/1227/1204 1208/1231/1208
f 1208/1231/1208 523/540/523 983/1006/983
f 626/643/626 1207/1230/1207 2206/2241/2206
f 2206/2241/2206 17/17/17 626/643/626
f 985/1008/985 1211/1234/1211 1213/1236/1213
f 1213/1236/1213 577/594/577 985/1008/985
f 595/612/595 1212/1235/1212 2218/2321/2218
f 2218/2321/2218 599/616/599 595/612/595
f 987/1010/987 1216/1239/1216 1218/1241/1218
f 1218/1241/1218 478/492/478 987/1010/987
f 648/2292/648 1217/1240/1217 2219/2322/2219
f 2219/2322/2219 652/2323/652 648/2292/648
f 989/1012/989 1221/1244/1221 465/479/465
f 465/479/465 464/478/464 989/1012/989
f 933/956/933 1223/1246/1223 1227/1250/1227
f 1227/1250/1227 439/452/439 933/956/933
f 991/1014/991 1226/1249/1226 411/424/411
f 411/424/411 410/423/410 991/1014/991
f 945/968/945 1229/1252/1229 1233/1256/1233
f 1233/1256/1233 475/489/475 945/968/945
f 993/1016/993 1232/1255/1232 1235/1258/1235
f 1235/1258/1235 442/455/442 993/1016/993
f 672/689/672 1234/1257/1234 2220/2324/2220
f 2220/2324/2220 676/693/676 672/689/672
f 995/1018/995 1238/1261/1238 1240/1263/1240
f 1240/1263/1240 588/605/588 995/1018/995
f 589/606/589 1239/1262/1239 2221/2325/2221
f 2221/2325/2221 593/610/593 589/606/589
f 1241/1264/1241 721/738/721 56/59/56
f 56/59/56 974/997/974 1241/1264/1241
f 997/1020/997 1242/1265/1242 564/581/564
f 564/581/564 563/580/563 997/1020/997
f 965/988/965 1244/1267/1244 1248/1271/1248
f 1248/1271/1248 538/555/538 965/988/965
f 999/1022/999 1247/1270/1247 366/378/366
f 366/378/366 365/377/365 999/1022/999
f 977/1000/977 1252/1275/1252 1251/1274/1251
f 1251/1274/1251 583/600/583 977/1000/977
f 1249/1272/1249 1252/1275/1252 2205/2240/2205
f 2205/2240/2205 1253/1276/1253 1249/1272/1249
f 1001/1024/1001 1250/1273/1250 1254/1277/1254
f 1254/1277/1254 541/558/541 1001/1024/1001
f 617/634/617 1253/1276/1253 2205/2240/2205
f 2205/2240/2205 10/10/10 617/634/617
f 1255/1278/1255 639/656/639 24/24/24
f 24/24/24 960/983/960 1255/1278/1255
f 1003/1026/1003 1256/1279/1256 519/535/519
f 519/535/519 518/534/518 1003/1026/1003
f 893/914/893 1258/1281/1258 1262/1285/1262
f 1262/1285/1262 322/332/322 893/914/893
f 1005/1028/1005 1261/1284/1261 492/507/492
f 492/507/492 491/506/491 1005/1028/1005
f 957/980/957 1266/1289/1266 1265/1288/1265
f 1265/1288/1265 511/526/511 957/980/957
f 1263/1286/1263 1266/1289/1266 2209/2250/2209
f 2209/2250/2209 1267/1290/1267 1263/1286/1263
f 1007/1030/1007 1264/2317/1264 1268/2276/1268
f 1268/2276/1268 325/335/325 1007/1030/1007
f 745/762/745 1267/1290/1267 2209/2250/2209
f 2209/2250/2209 65/68/65 745/762/745
f 1269/1292/1269 627/644/627 16/16/16
f 16/16/16 1271/1294/1271 1269/1292/1269
f 1009/2318/1009 1270/1293/1270 1272/1295/1272
f 1272/1295/1272 514/2278/514 1009/2318/1009
f 630/647/630 1271/1294/1271 16/16/16
f 16/16/16 15/15/15 630/647/630
f 1011/1034/1011 1275/1298/1275 1277/1300/1277
f 1277/1300/1277 570/587/570 1011/1034/1011
f 601/618/601 1276/1299/1276 2222/2326/2222
f 2222/2326/2222 605/622/605 601/618/601
f 905/928/905 1281/1304/1281 1280/1303/1280
f 1280/1303/1280 358/2268/358 905/928/905
f 1278/1301/1278 1281/1304/1281 84/87/84
f 84/87/84 972/995/972 1278/1301/1278
f 1013/1036/1013 1279/1302/1279 555/572/555
f 555/572/555 554/571/554 1013/1036/1013
f 973/996/973 1285/1308/1285 1284/1307/1284
f 1284/1307/1284 565/582/565 973/996/973
f 1282/1305/1282 1285/1308/1285 2208/2247/2208
f 2208/2247/2208 1286/1309/1286 1282/1305/1282
f 1015/1038/1015 1283/1306/1283 1287/1310/1287
f 1287/1310/1287 361/373/361 1015/1038/1015
f 724/2295/724 1286/1309/1286 2208/2247/2208
f 2208/2247/2208 54/2246/54 724/2295/724
f 1288/1311/1288 635/652/635 21/21/21
f 21/21/21 976/999/976 1288/1311/1288
f 1017/1040/1017 1289/1312/1289 573/590/573
f 573/590/573 572/589/572 1017/1040/1017
f 877/898/877 1293/1316/1293 1292/1315/1292
f 1292/1315/1292 277/286/277 877/898/877
f 1290/1313/1290 1293/1316/1293 94/97/94
f 94/97/94 956/979/956 1290/1313/1290
f 1019/1042/1019 1291/1314/1291 501/516/501
f 501/516/501 500/515/500 1019/1042/1019
f 971/994/971 1297/1320/1297 1296/1319/1296
f 1296/1319/1296 556/573/556 971/994/971
f 1294/1317/1294 1297/1320/1297 2210/2251/2210
f 2210/2251/2210 1298/1321/1298 1294/1317/1294
f 1021/1044/1021 1295/1318/1295 1299/1322/1299
f 1299/1322/1299 280/289/280 1021/1044/1021
f 770/787/770 1298/1321/1298 2210/2251/2210
f 2210/2251/2210 80/83/80 770/787/770
f 1023/1046/1023 1302/1325/1302 1304/1327/1304
f 1304/1327/1304 561/578/561 1023/1046/1023
f 607/624/607 1303/1326/1303 2223/2327/2223
f 2223/2327/2223 611/628/611 607/624/607
f 1025/1048/1025 1307/1330/1307 537/554/537
f 537/554/537 536/553/536 1025/1048/1025
f 961/984/961 1309/1332/1309 1313/1336/1313
f 1313/1336/1313 529/546/529 961/984/961
f 1027/1050/1027 1312/1335/1312 339/349/339
f 339/349/339 338/348/338 1027/1050/1027
f 1314/1337/1314 618/635/618 9/9/9
f 9/9/9 1316/1339/1316 1314/1337/1314
f 1029/1052/1029 1315/1338/1315 1317/1340/1317
f 1317/1340/1317 532/549/532 1029/1052/1029
f 621/638/621 1316/1339/1316 9/9/9
f 9/9/9 8/8/8 621/638/621
f 1318/1341/1318 750/767/750 67/70/67
f 67/70/67 958/981/958 1318/1341/1318
f 1031/1054/1031 1319/1342/1319 510/525/510
f 510/525/510 509/524/509 1031/1054/1031
f 955/978/955 1323/1346/1323 1322/1345/1322
f 1322/1345/1322 502/517/502 955/978/955
f 1320/1343/1320 1323/1346/1323 891/912/891
f 891/912/891 890/911/890 1320/1343/1320
f 1033/1056/1033 1321/1344/1321 312/322/312
f 312/322/312 311/321/311 1033/1056/1033
f 1324/1347/1324 631/648/631 19/19/19
f 19/19/19 1326/1349/1326 1324/1347/1324
f 1035/1058/1035 1325/1348/1325 1327/1350/1327
f 1327/1350/1327 507/522/507 1035/1058/1035
f 634/651/634 1326/1349/1326 19/19/19
f 19/19/19 18/18/18 634/651/634
f 1328/1351/1328 645/662/645 644/661/644
f 644/661/644 1330/1353/1330 1328/1351/1328
f 1037/1060/1037 1329/1352/1329 1331/1354/1331
f 1331/1354/1331 498/513/498 1037/1060/1037
f 638/655/638 1330/1353/1330 644/661/644
f 644/661/644 25/25/25 638/655/638
f 883/904/883 1335/1358/1335 1334/1357/1334
f 1334/1357/1334 295/304/295 883/904/883
f 1332/1355/1332 1335/1358/1335 100/103/100
f 100/103/100 950/973/950 1332/1355/1332
f 1039/1062/1039 1333/1356/1333 483/497/483
f 483/497/483 482/496/482 1039/1062/1039
f 951/974/951 1337/1360/1337 1341/1364/1341
f 1341/1364/1341 493/508/493 951/974/951
f 1041/1064/1041 1340/1363/1340 1343/1366/1343
f 1343/1366/1343 298/307/298 1041/1064/1041
f 758/775/758 1342/1365/1342 2224/2328/2224
f 2224/2328/2224 762/779/762 758/775/758
f 1344/1367/1344 623/640/623 622/639/622
f 622/639/622 1346/1369/1346 1344/1367/1344
f 1043/1066/1043 1345/1368/1345 1347/1370/1347
f 1347/1370/1347 552/569/552 1043/1066/1043
f 613/630/613 1346/1369/1346 622/639/622
f 622/639/622 13/13/13 613/630/613
f 1045/1068/1045 1350/1373/1350 528/545/528
f 528/545/528 527/544/527 1045/1068/1045
f 949/2329/949 1354/1377/1354 1353/1376/1353
f 1353/1376/1353 484/2271/484 949/2329/949
f 1351/1374/1351 1354/1377/1354 873/2330/873
f 873/2330/873 872/891/872 1351/1374/1351
f 1047/1070/1047 1352/1375/1352 258/265/258
f 258/265/258 257/264/257 1047/1070/1047
f 969/992/969 1358/1381/1358 1357/1380/1357
f 1357/1380/1357 547/564/547 969/992/969
f 1355/1378/1355 1358/1381/1358 2207/2243/2207
f 2207/2243/2207 1359/1382/1359 1355/1378/1355
f 1049/1072/1049 1356/1379/1356 1360/1383/1360
f 1360/1383/1360 489/504/489 1049/1072/1049
f 642/2291/642 1359/1382/1359 2207/2243/2207
f 2207/2243/2207 643/2242/643 642/2291/642
f 1051/1074/1051 1363/1386/1363 474/488/474
f 474/488/474 473/487/473 1051/1074/1051
f 860/879/860 1367/1390/1367 1366/1389/1366
f 1366/1389/1366 223/228/223 860/879/860
f 1364/1387/1364 1367/1390/1367 113/116/113
f 113/116/113 932/955/932 1364/1387/1364
f 1053/1076/1053 1365/1388/1365 429/442/429
f 429/442/429 428/441/428 1053/1076/1053
f 939/962/939 1371/1394/1371 1370/1393/1370
f 1370/1393/1370 457/471/457 939/962/939
f 1368/1391/1368 1371/1394/1371 2213/2257/2213
f 2213/2257/2213 1372/1395/1372 1368/1391/1368
f 1055/1078/1055 1369/1392/1369 1373/1396/1373
f 1373/1396/1373 226/231/226 1055/1078/1055
f 798/817/798 1372/1395/1372 2213/2257/2213
f 2213/2257/2213 104/107/104 798/817/798
f 1057/1080/1057 1376/1399/1376 1378/1401/1378
f 1378/1401/1378 460/474/460 1057/1080/1057
f 660/677/660 1377/1400/1377 2225/2331/2225
f 2225/2331/2225 664/681/664 660/677/660
f 1379/1402/1379 775/794/775 82/793/82
f 82/793/82 906/927/906 1379/1402/1379
f 1059/1082/1059 1380/1403/1380 357/368/357
f 357/368/357 356/367/356 1059/1082/1059
f 857/876/857 1384/1407/1384 1383/1406/1383
f 1383/1406/1383 214/219/214 857/876/857
f 1381/1404/1381 1384/1407/1384 131/134/131
f 131/134/131 876/897/876 1381/1404/1381
f 1061/1084/1061 1382/1405/1382 267/275/267
f 267/275/267 266/274/266 1061/1084/1061
f 903/924/903 1388/1411/1388 1387/1410/1387
f 1387/1410/1387 349/360/349 903/924/903
f 1385/1408/1385 1388/1411/1388 2214/2258/2214
f 2214/2258/2214 1389/1412/1389 1385/1408/1385
f 1063/1086/1063 1386/1409/1386 1390/1413/1390
f 1390/1413/1390 217/222/217 1063/1086/1063
f 802/821/802 1389/1412/1389 2214/2258/2214
f 2214/2258/2214 107/110/107 802/821/802
f 1391/1414/1391 725/742/725 53/55/53
f 53/55/53 1393/1416/1393 1391/1414/1391
f 1065/1088/1065 1392/1415/1392 1394/1417/1394
f 1394/1417/1394 352/363/352 1065/1088/1065
f 728/745/728 1393/1416/1393 53/55/53
f 53/55/53 52/54/52 728/745/728
f 1395/1418/1395 730/747/730 729/746/729
f 729/746/729 1397/1420/1397 1395/1418/1395
f 1067/1090/1067 1396/1419/1396 1398/1421/1398
f 1398/1421/1398 372/385/372 1067/1090/1067
f 720/2294/720 1397/1420/1397 729/746/729
f 729/746/729 57/2245/57 720/2294/720
f 1399/1422/1399 799/818/799 103/106/103
f 103/106/103 904/925/904 1399/1422/1399
f 1069/1092/1069 1400/1423/1400 348/359/348
f 348/359/348 347/358/347 1069/1092/1069
f 897/918/897 1404/1427/1404 1403/1426/1403
f 1403/1426/1403 331/341/331 897/918/897
f 1401/1424/1401 1404/1427/1404 862/881/862
f 862/881/862 861/880/861 1401/1424/1401
f 1071/1094/1071 1402/1425/1402 222/227/222
f 222/227/222 221/226/221 1071/1094/1071
f 907/2313/907 1406/1429/1406 1410/1433/1410
f 1410/1433/1410 367/2269/367 907/2313/907
f 1073/1096/1073 1409/1432/1409 1412/1435/1412
f 1412/1435/1412 334/344/334 1073/1096/1073
f 739/756/739 1411/1434/1411 2226/2332/2226
f 2226/2332/2226 743/760/743 739/756/739
f 1075/1098/1075 1415/1438/1415 321/331/321
f 321/331/321 320/330/320 1075/1098/1075
f 850/2305/850 1417/1440/1417 1421/1444/1421
f 1421/1444/1421 196/2263/196 850/2305/850
f 1077/1100/1077 1420/1443/1420 285/294/285
f 285/294/285 284/293/284 1077/1100/1077
f 885/2309/885 1423/1446/1423 1427/1450/1427
f 1427/1450/1427 304/2266/304 885/2309/885
f 1079/1102/1079 1426/1449/1426 1429/1452/1429
f 1429/1452/1429 199/204/199 1079/1102/1079
f 810/2302/810 1428/1451/1428 2227/2333/2227
f 2227/2333/2227 814/2334/814 810/2302/810
f 1430/1453/1430 746/763/746 64/67/64
f 64/67/64 1432/1455/1432 1430/1453/1430
f 1081/1104/1081 1431/2319/1431 1433/2283/1433
f 1433/2283/1433 307/317/307 1081/1104/1081
f 753/770/753 1432/1455/1432 64/67/64
f 64/67/64 63/66/63 753/770/753
f 1083/1106/1083 1436/1459/1436 1438/1461/1438
f 1438/1461/1438 417/430/417 1083/1106/1083
f 690/707/690 1437/1460/1437 2228/2335/2228
f 2228/2335/2228 694/711/694 690/707/690
f 1085/1108/1085 1441/1464/1441 402/415/402
f 402/415/402 401/414/401 1085/1108/1085
f 915/938/915 1443/1466/1443 1447/1470/1447
f 1447/1470/1447 385/398/385 915/938/915
f 1087/1110/1087 1446/1469/1446 195/199/195
f 195/199/195 194/198/194 1087/1110/1087
f 925/948/925 1449/1472/1449 1453/1476/1453
f 1453/1476/1453 412/425/412 925/948/925
f 1089/1112/1089 1452/1475/1452 1455/1478/1455
f 1455/1478/1455 388/401/388 1089/1112/1089
f 708/725/708 1454/1477/1454 2229/2336/2229
f 2229/2336/2229 712/729/712 708/725/708
f 1456/1479/1456 795/814/795 97/100/97
f 97/100/97 884/905/884 1456/1479/1456
f 1091/1114/1091 1457/1480/1457 294/303/294
f 294/303/294 293/302/293 1091/1114/1091
f 843/862/843 1459/1482/1459 1463/1486/1463
f 1463/1486/1463 178/182/178 843/862/843
f 1093/1116/1093 1462/1485/1462 231/236/231
f 231/236/231 230/235/230 1093/1116/1093
f 879/900/879 1465/1488/1465 1469/1492/1469
f 1469/1492/1469 286/295/286 879/900/879
f 1095/1118/1095 1468/1491/1468 1471/1494/1471
f 1471/1494/1471 181/185/181 1095/1118/1095
f 822/841/822 1470/1493/1470 2230/2337/2230
f 2230/2337/2230 826/845/826 822/841/822
f 1097/1120/1097 1474/1497/1474 1476/1499/1476
f 1476/1499/1476 291/300/291 1097/1120/1097
f 764/781/764 1475/1498/1475 2231/2338/2231
f 2231/2338/2231 768/785/768 764/781/764
f 1477/1500/1477 803/822/803 106/109/106
f 106/109/106 940/963/940 1477/1500/1477
f 1099/1122/1099 1478/1501/1478 456/470/456
f 456/470/456 455/469/455 1099/1122/1099
f 937/2314/937 1482/1505/1482 1481/1504/1481
f 1481/1504/1481 448/2270/448 937/2314/937
f 1479/1502/1479 1482/1505/1482 859/878/859
f 859/878/859 858/877/858 1479/1502/1479
f 1101/1124/1101 1480/1503/1480 213/218/213
f 213/218/213 212/217/212 1101/1124/1101
f 1103/1126/1103 1485/1508/1485 1487/1510/1487
f 1487/1510/1487 451/465/451 1103/1126/1103
f 666/2293/666 1486/1509/1486 2232/2339/2232
f 2232/2339/2232 670/2340/670 666/2293/666
f 1488/1511/1488 791/810/791 91/94/91
f 91/94/91 878/899/878 1488/1511/1488
f 1105/1128/1105 1489/1512/1489 276/285/276
f 276/285/276 275/284/275 1105/1128/1105
f 840/859/840 1493/1516/1493 1492/1515/1492
f 1492/1515/1492 169/173/169 840/859/840
f 1490/1513/1490 1493/1516/1493 145/149/145
f 145/149/145 868/887/868 1490/1513/1490
f 1107/1130/1107 1491/1514/1491 240/245/240
f 240/245/240 239/244/239 1107/1130/1107
f 875/2307/875 1497/1520/1497 1496/1519/1496
f 1496/1519/1496 268/2265/268 875/2307/875
f 1494/1517/1494 1497/1520/1497 2216/2260/2216
f 2216/2260/2216 1498/1521/1498 1494/1517/1494
f 1109/1132/1109 1495/1518/1495 1499/1522/1499
f 1499/1522/1499 172/176/172 1109/1132/1109
f 828/847/828 1498/1521/1498 2216/2260/2216
f 2216/2260/2216 135/139/135 828/847/828
f 1500/1523/1500 771/788/771 79/82/79
f 79/82/79 1502/1525/1502 1500/1523/1500
f 1111/1134/1111 1501/1524/1501 1503/1526/1503
f 1503/1526/1503 273/282/273 1111/1134/1111
f 774/2299/774 1502/1525/1502 79/82/79
f 79/82/79 78/2341/78 774/2299/774
f 1113/1136/1113 1506/1529/1506 1508/1531/1508
f 1508/1531/1508 435/448/435 1113/1136/1113
f 678/695/678 1507/1530/1507 2233/2342/2233
f 2233/2342/2233 682/699/682 678/695/678
f 854/873/854 1512/1535/1512 1511/1534/1511
f 1511/1534/1511 205/210/205 854/873/854
f 1509/1532/1509 1512/1535/1512 141/145/141
f 141/145/141 930/953/930 1509/1532/1509
f 1115/1138/1115 1510/1533/1510 420/433/420
f 420/433/420 419/432/419 1115/1138/1115
f 931/954/931 1516/1539/1516 1515/1538/1515
f 1515/1538/1515 430/443/430 931/954/931
f 1513/1536/1513 1516/1539/1516 2215/2259/2215
f 2215/2259/2215 1517/1540/1517 1513/1536/1513
f 1117/1140/1117 1514/1537/1514 1518/1541/1518
f 1518/1541/1518 208/213/208 1117/1140/1117
f 806/825/806 1517/1540/1517 2215/2259/2215
f 2215/2259/2215 111/114/111 806/825/806
f 1119/1142/1119 1521/1544/1521 1523/1546/1523
f 1523/1546/1523 345/356/345 1119/1142/1119
f 733/2296/733 1522/1545/1522 2234/2343/2234
f 2234/2343/2234 737/2344/737 733/2296/733
f 1524/1547/1524 807/826/807 110/113/110
f 110/113/110 898/919/898 1524/1547/1524
f 1121/1144/1121 1525/1548/1525 330/340/330
f 330/340/330 329/339/329 1121/1144/1121
f 869/888/869 1529/1552/1529 1528/1551/1528
f 1528/1551/1528 250/255/250 869/888/869
f 1526/1549/1526 1529/1552/1529 856/875/856
f 856/875/856 855/874/855 1526/1549/1526
f 1123/1146/1123 1527/1550/1527 204/209/204
f 204/209/204 203/208/203 1123/1146/1123
f 899/2311/899 1531/1554/1531 1535/1558/1535
f 1535/1558/1535 340/2267/340 899/2311/899
f 1125/1148/1125 1534/1557/1534 1537/1560/1537
f 1537/1560/1537 253/258/253 1125/1148/1125
f 784/2301/784 1536/1559/1536 2235/2345/2235
f 2235/2345/2235 788/2346/788 784/2301/784
f 1127/1150/1127 1540/1563/1540 438/451/438
f 438/451/438 437/450/437 1127/1150/1127
f 836/855/836 1542/1565/1542 1546/1569/1546
f 1546/1569/1546 160/164/160 836/855/836
f 1129/1152/1129 1545/1568/1545 375/388/375
f 375/388/375 374/387/374 1129/1152/1129
f 929/952/929 1550/1573/1550 1549/1572/1549
f 1549/1572/1549 421/434/421 929/952/929
f 1547/1570/1547 1550/1573/1550 2217/2262/2217
f 2217/2262/2217 1551/1574/1551 1547/1570/1547
f 1131/1154/1131 1548/1571/1548 1552/1575/1552
f 1552/1575/1552 163/167/163 1131/1154/1131
f 832/851/832 1551/1574/1551 2217/2262/2217
f 2217/2262/2217 139/143/139 832/851/832
f 1133/1156/1133 1555/1578/1555 1557/1580/1557
f 1557/1580/1557 426/439/426 1133/1156/1133
f 684/701/684 1556/1579/1556 2236/2347/2236
f 2236/2347/2236 688/705/688 684/701/684
f 1135/1158/1135 1560/1583/1560 1562/1585/1562
f 1562/1585/1562 408/421/408 1135/1158/1135
f 696/713/696 1561/1584/1561 2237/2348/2237
f 2237/2348/2237 700/717/700 696/713/696
f 847/866/847 1566/1589/1566 1565/1588/1565
f 1565/1588/1565 187/191/187 847/866/847
f 1563/1586/1563 1566/1589/1566 148/152/148
f 148/152/148 920/943/920 1563/1586/1563
f 1137/1160/1137 1564/1587/1564 393/406/393
f 393/406/393 392/405/392 1137/1160/1137
f 921/944/921 1568/1591/1568 1572/1595/1572
f 1572/1595/1572 403/416/403 921/944/921
f 1139/1162/1139 1571/1594/1571 1574/1597/1574
f 1574/1597/1574 190/194/190 1139/1162/1139
f 816/835/816 1573/1596/1573 2238/2349/2238
f 2238/2349/2238 820/839/820 816/835/816
f 1575/1598/1575 755/772/755 754/771/754
f 754/771/754 1577/1600/1577 1575/1598/1575
f 1141/1164/1141 1576/1599/1576 1578/1601/1578
f 1578/1601/1578 318/328/318 1141/1164/1141
f 749/766/749 1577/1600/1577 754/771/754
f 754/771/754 68/71/68 749/766/749
f 1143/1166/1143 1581/1604/1581 303/312/303
f 303/312/303 302/311/302 1143/1166/1143
f 867/886/867 1585/1608/1585 1584/1607/1584
f 1584/1607/1584 241/246/241 867/886/867
f 1582/1605/1582 1585/1608/1585 849/868/849
f 849/868/849 848/867/848 1582/1605/1582
f 1145/1168/1145 1583/1606/1583 186/190/186
f 186/190/186 185/189/185 1145/1168/1145
f 889/910/889 1589/1612/1589 1588/1611/1588
f 1588/1611/1588 313/323/313 889/910/889
f 1586/1609/1586 1589/1612/1589 2211/2255/2211
f 2211/2255/2211 1590/1613/1590 1586/1609/1586
f 1147/1170/1147 1587/1610/1587 1591/1614/1591
f 1591/1614/1591 246/251/246 1147/1170/1147
f 790/809/790 1590/1613/1590 2211/2255/2211
f 2211/2255/2211 92/95/92 790/809/790
f 1149/1172/1149 1594/1617/1594 1596/1619/1596
f 1596/1619/1596 471/485/471 1149/1172/1149
f 654/671/654 1595/1618/1595 2239/2350/2239
f 2239/2350/2239 658/675/658 654/671/654
f 1597/1620/1597 829/848/829 134/138/134
f 134/138/134 938/961/938 1597/1620/1597
f 1151/1174/1151 1598/1621/1598 447/460/447
f 447/460/447 446/459/446 1151/1174/1151
f 919/942/919 1602/1625/1602 1601/1624/1601
f 1601/1624/1601 394/407/394 919/942/919
f 1599/1622/1599 1602/1625/1602 842/861/842
f 842/861/842 841/860/841 1599/1622/1599
f 1153/1176/1153 1600/1623/1600 168/172/168
f 168/172/168 167/171/167 1153/1176/1153
f 941/964/941 1604/1627/1604 1608/1631/1608
f 1608/1631/1608 466/480/466 941/964/941
f 1155/1178/1155 1607/1630/1607 1610/1633/1610
f 1610/1633/1610 399/412/399 1155/1178/1155
f 702/719/702 1609/1632/1609 2240/2351/2240
f 2240/2351/2240 706/723/706 702/719/702
f 1157/1180/1157 1613/1636/1613 384/397/384
f 384/397/384 383/396/383 1157/1180/1157
f 911/934/911 1615/1638/1615 1619/1642/1619
f 1619/1642/1619 376/389/376 911/934/911
f 1159/1182/1159 1618/1641/1618 177/181/177
f 177/181/177 176/180/176 1159/1182/1159
f 1161/1184/1161 1622/1645/1622 1624/1647/1624
f 1624/1647/1624 381/394/381 1161/1184/1161
f 714/731/714 1623/1646/1623 2241/2352/2241
f 2241/2352/2241 718/735/718 714/731/714
f 1163/1186/1163 1627/1650/1627 1629/1652/1629
f 1629/1652/1629 264/272/264 1163/1186/1163
f 778/2300/778 1628/1651/1628 2242/2353/2242
f 2242/2353/2242 782/2354/782 778/2300/778
f 1630/1653/1630 833/852/833 138/142/138
f 138/142/138 870/889/870 1630/1653/1630
f 1165/2320/1165 1631/1654/1631 249/254/249
f 249/254/249 248/253/248 1165/2320/1165
f 863/882/863 1633/1656/1633 1637/1660/1637
f 1637/1660/1637 232/237/232 863/882/863
f 1167/1190/1167 1636/1659/1636 159/163/159
f 159/163/159 158/162/158 1167/1190/1167
f 871/892/871 1641/1664/1641 1640/1663/1640
f 1640/1663/1640 259/2264/259 871/892/871
f 1638/1661/1638 1641/1664/1641 2212/2256/2212
f 2212/2256/2212 1642/1665/1642 1638/1661/1638
f 1169/1192/1169 1639/1662/1639 1643/1666/1643
f 1643/1666/1643 237/242/237 1169/1192/1169
f 794/813/794 1642/1665/1642 2212/2256/2212
f 2212/2256/2212 98/101/98 794/813/794
f 1644/1667/1644 593/610/593 2221/2325/2221
f 2221/2325/2221 1675/1698/1675 1644/1667/1644
f 1648/1671/1648 599/616/599 2218/2321/2218
f 2218/2321/2218 1663/1686/1663 1648/1671/1648
f 1652/1675/1652 605/622/605 2222/2326/2222
f 2222/2326/2222 1671/1694/1671 1652/1675/1652
f 1656/1679/1656 611/628/611 2223/2327/2223
f 2223/2327/2223 1667/1690/1667 1656/1679/1656
f 1209/1232/1209 1210/1233/1210 2218/2321/2218
f 2218/2321/2218 1212/1235/1212 1209/1232/1209
f 1660/1683/1660 1210/1233/1210 594/611/594
f 594/611/594 1645/1668/1645 1660/1683/1660
f 1660/1683/1660 1663/1686/1663 2218/2321/2218
f 2218/2321/2218 1210/1233/1210 1660/1683/1660
f 1648/1671/1648 1663/1686/1663 1662/1685/1662
f 1662/1685/1662 1650/1673/1650 1648/1671/1648
f 1300/1323/1300 1301/1324/1301 2223/2327/2223
f 2223/2327/2223 1303/1326/1303 1300/1323/1300
f 1664/1687/1664 1301/1324/1301 600/617/600
f 600/617/600 1649/1672/1649 1664/1687/1664
f 1664/1687/1664 1667/1690/1667 2223/2327/2223
f 2223/2327/2223 1301/1324/1301 1664/1687/1664
f 1656/1679/1656 1667/1690/1667 1666/1689/1666
f 1666/1689/1666 1658/1681/1658 1656/1679/1656
f 1273/1296/1273 1274/1297/1274 2222/2326/2222
f 2222/2326/2222 1276/1299/1276 1273/1296/1273
f 1668/1691/1668 1274/1297/1274 612/629/612
f 612/629/612 1657/1680/1657 1668/1691/1668
f 1668/1691/1668 1671/1694/1671 2222/2326/2222
f 2222/2326/2222 1274/1297/1274 1668/1691/1668
f 1652/1675/1652 1671/1694/1671 1670/1693/1670
f 1670/1693/1670 1654/1677/1654 1652/1675/1652
f 1236/1259/1236 1237/1260/1237 2221/2325/2221
f 2221/2325/2221 1239/1262/1239 1236/1259/1236
f 1672/1695/1672 1237/1260/1237 606/623/606
f 606/623/606 1653/1676/1653 1672/1695/1672
f 1672/1695/1672 1675/1698/1675 2221/2325/2221
f 2221/2325/2221 1237/1260/1237 1672/1695/1672
f 1644/1667/1644 1675/1698/1675 1674/1697/1674
f 1674/1697/1674 1646/1669/1646 1644/1667/1644
f 1676/2355/1676 737/2344/737 2234/2343/2234
f 2234/2343/2234 1707/1730/1707 1676/2355/1676
f 1680/1703/1680 743/760/743 2226/2332/2226
f 2226/2332/2226 1703/1726/1703 1680/1703/1680
f 2024/2049/2024 1687/1710/1687 1686/1709/1686
f 1686/1709/1686 2025/2050/2025 2024/2049/2024
f 1684/2357/1684 1687/2356/1687 1700/1723/1700
f 1700/1723/1700 1699/1722/1699 1684/2357/1684
f 2028/2053/2028 1691/1714/1691 1690/1713/1690
f 1690/1713/1690 2029/2054/2029 2028/2053/2028
f 1688/1711/1688 1691/1714/1691 1694/1717/1694
f 1694/1717/1694 1693/1716/1693 1688/1711/1688
f 1243/1266/1243 1246/1269/1246 909/932/909
f 909/932/909 908/931/908 1243/1266/1243
f 1692/1715/1692 1246/1269/1246 1245/1268/1245
f 1245/1268/1245 1693/1716/1693 1692/1715/1692
f 1692/1715/1692 1685/1708/1685 909/932/909
f 909/932/909 1246/1269/1246 1692/1715/1692
f 1688/1711/1688 1693/1716/1693 1245/1268/1245
f 1245/1268/1245 968/991/968 1688/1711/1688
f 1305/1328/1305 1306/1329/1306 967/990/967
f 967/990/967 966/989/966 1305/1328/1305
f 1696/1719/1696 1306/1329/1306 738/755/738
f 738/755/738 1677/1700/1677 1696/1719/1696
f 1696/1719/1696 1689/1712/1689 967/990/967
f 967/990/967 1306/1329/1306 1696/1719/1696
f 1405/1428/1405 1408/1431/1408 2226/2332/2226
f 2226/2332/2226 1411/1434/1411 1405/1428/1405
f 1698/1721/1698 1408/1431/1408 1407/1430/1407
f 1407/1430/1407 1699/1722/1699 1698/1721/1698
f 1698/1721/1698 1703/1726/1703 2226/2332/2226
f 2226/2332/2226 1408/1431/1408 1698/1721/1698
f 1680/1703/1680 1703/1726/1703 1702/1725/1702
f 1702/1725/1702 1682/1705/1682 1680/1703/1680
f 1684/2357/1684 1699/1722/1699 1407/1430/1407
f 1407/1430/1407 910/2312/910 1684/2357/1684
f 1519/1542/1519 1520/1543/1520 2234/2343/2234
f 2234/2343/2234 1522/1545/1522 1519/1542/1519
f 1704/1727/1704 1520/1543/1520 744/761/744
f 744/761/744 1681/1704/1681 1704/1727/1704
f 1704/1727/1704 1707/1730/1707 2234/2343/2234
f 2234/2343/2234 1520/1543/1520 1704/1727/1704
f 1676/2355/1676 1707/1730/1707 1706/1729/1706
f 1706/1729/1706 1678/2358/1678 1676/2355/1676
f 1708/1731/1708 762/779/762 2224/2328/2224
f 2224/2328/2224 1729/1752/1729 1708/1731/1708
f 1712/1735/1712 768/785/768 2231/2338/2231
f 2231/2338/2231 1739/1762/1739 1712/1735/1712
f 2043/2068/2043 1719/1742/1719 1718/1741/1718
f 1718/1741/1718 2044/2069/2044 2043/2068/2043
f 1716/1739/1716 1719/1742/1719 1734/1757/1734
f 1734/1757/1734 1733/1756/1733 1716/1739/1716
f 2045/2070/2045 1723/1746/1723 1722/1745/1722
f 1722/1745/1722 2046/2071/2046 2045/2070/2045
f 1720/1743/1720 1723/1746/1723 1726/1749/1726
f 1726/1749/1726 1725/1748/1725 1720/1743/1720
f 1336/1359/1336 1339/1362/1339 2224/2328/2224
f 2224/2328/2224 1342/1365/1342 1336/1359/1336
f 1724/1747/1724 1339/1362/1339 1338/1361/1338
f 1338/1361/1338 1725/1748/1725 1724/1747/1724
f 1724/1747/1724 1729/1752/1729 2224/2328/2224
f 2224/2328/2224 1339/1362/1339 1724/1747/1724
f 1708/1731/1708 1729/1752/1729 1728/1751/1728
f 1728/1751/1728 1710/1733/1710 1708/1731/1708
f 1720/1743/1720 1725/1748/1725 1338/1361/1338
f 1338/1361/1338 954/977/954 1720/1743/1720
f 1413/1436/1413 1414/1437/1414 895/916/895
f 895/916/895 894/915/894 1413/1436/1413
f 1730/1753/1730 1414/1437/1414 769/786/769
f 769/786/769 1713/1736/1713 1730/1753/1730
f 1730/1753/1730 1717/1740/1717 895/916/895
f 895/916/895 1414/1437/1414 1730/1753/1730
f 1257/1280/1257 1260/1283/1260 953/976/953
f 953/976/953 952/975/952 1257/1280/1257
f 1732/1755/1732 1260/1283/1260 1259/1282/1259
f 1259/1282/1259 1733/1756/1733 1732/1755/1732
f 1732/1755/1732 1721/1744/1721 953/976/953
f 953/976/953 1260/1283/1260 1732/1755/1732
f 1716/1739/1716 1733/1756/1733 1259/1282/1259
f 1259/1282/1259 896/917/896 1716/1739/1716
f 1472/1495/1472 1473/1496/1473 2231/2338/2231
f 2231/2338/2231 1475/1498/1475 1472/1495/1472
f 1736/1759/1736 1473/1496/1473 763/780/763
f 763/780/763 1709/1732/1709 1736/1759/1736
f 1736/1759/1736 1739/1762/1739 2231/2338/2231
f 2231/2338/2231 1473/1496/1473 1736/1759/1736
f 1712/1735/1712 1739/1762/1739 1738/1761/1738
f 1738/1761/1738 1714/1737/1714 1712/1735/1712
f 1740/1763/1740 826/845/826 2230/2337/2230
f 2230/2337/2230 1767/1790/1767 1740/1763/1740
f 1744/1767/1744 1747/1770/1747 1770/1793/1770
f 1770/1793/1770 1769/1792/1769 1744/1767/1744
f 2057/2082/2057 1747/1770/1747 1746/1769/1746
f 1746/1769/1746 2058/2083/2058 2057/2082/2057
f 2060/2085/2060 1751/1774/1751 1750/1773/1750
f 1750/1773/1750 2061/2086/2061 2060/2085/2060
f 1748/1771/1748 1751/1774/1751 1764/1787/1764
f 1764/1787/1764 1763/1786/1763 1748/1771/1748
f 2062/2087/2062 1755/1778/1755 1754/1777/1754
f 1754/1777/1754 2063/2088/2063 2062/2087/2062
f 1752/1775/1752 1755/1778/1755 1760/1783/1760
f 1760/1783/1760 1759/1782/1759 1752/1775/1752
f 1611/1634/1611 1612/1635/1612 917/940/917
f 917/940/917 916/939/916 1611/1634/1611
f 1756/1779/1756 1612/1635/1612 827/846/827
f 827/846/827 1741/1764/1741 1756/1779/1756
f 1756/1779/1756 1753/1776/1753 917/940/917
f 917/940/917 1612/1635/1612 1756/1779/1756
f 1442/1465/1442 1445/1468/1445 852/871/852
f 852/871/852 851/870/851 1442/1465/1442
f 1758/1781/1758 1445/1468/1445 1444/1467/1444
f 1444/1467/1444 1759/1782/1759 1758/1781/1758
f 1758/1781/1758 1745/1768/1745 852/871/852
f 852/871/852 1445/1468/1445 1758/1781/1758
f 1752/1775/1752 1759/1782/1759 1444/1467/1444
f 1444/1467/1444 918/941/918 1752/1775/1752
f 1464/1487/1464 1467/1490/1467 2230/2337/2230
f 2230/2337/2230 1470/1493/1470 1464/1487/1464
f 1762/1785/1762 1467/1490/1467 1466/1489/1466
f 1466/1489/1466 1763/1786/1763 1762/1785/1762
f 1762/1785/1762 1767/1790/1767 2230/2337/2230
f 2230/2337/2230 1467/1490/1467 1762/1785/1762
f 1740/1763/1740 1767/1790/1767 1766/1789/1766
f 1766/1789/1766 1742/1765/1742 1740/1763/1740
f 1748/1771/1748 1763/1786/1763 1466/1489/1466
f 1466/1489/1466 882/903/882 1748/1771/1748
f 1416/1439/1416 1419/1442/1419 881/902/881
f 881/902/881 880/901/880 1416/1439/1416
f 1768/1791/1768 1419/1442/1419 1418/1441/1418
f 1418/1441/1418 1769/1792/1769 1768/1791/1768
f 1768/1791/1768 1749/1772/1749 881/902/881
f 881/902/881 1419/1442/1419 1768/1791/1768
f 1744/1767/1744 1769/1792/1769 1418/1441/1418
f 1418/1441/1418 853/2304/853 1744/1767/1744
f 1772/2359/1772 652/2323/652 2219/2322/2219
f 2219/2322/2219 1799/1822/1799 1772/2359/1772
f 1776/1799/1776 658/675/658 2239/2350/2239
f 2239/2350/2239 1803/1826/1803 1776/1799/1776
f 1780/1803/1780 664/681/664 2225/2331/2225
f 2225/2331/2225 1795/1818/1795 1780/1803/1780
f 1784/2360/1784 670/2340/670 2232/2339/2232
f 2232/2339/2232 1791/1814/1791 1784/2360/1784
f 1483/1506/1483 1484/1507/1484 2232/2339/2232
f 2232/2339/2232 1486/1509/1486 1483/1506/1483
f 1788/1811/1788 1484/1507/1484 665/682/665
f 665/682/665 1781/1804/1781 1788/1811/1788
f 1788/1811/1788 1791/1814/1791 2232/2339/2232
f 2232/2339/2232 1484/1507/1484 1788/1811/1788
f 1784/2360/1784 1791/1814/1791 1790/1813/1790
f 1790/1813/1790 1786/2361/1786 1784/2360/1784
f 1374/1397/1374 1375/1398/1375 2225/2331/2225
f 2225/2331/2225 1377/1400/1377 1374/1397/1374
f 1792/1815/1792 1375/1398/1375 653/670/653
f 653/670/653 1773/1796/1773 1792/1815/1792
f 1792/1815/1792 1795/1818/1795 2225/2331/2225
f 2225/2331/2225 1375/1398/1375 1792/1815/1792
f 1780/1803/1780 1795/1818/1795 1794/1817/1794
f 1794/1817/1794 1782/1805/1782 1780/1803/1780
f 1214/1237/1214 1215/1238/1215 2219/2322/2219
f 2219/2322/2219 1217/1240/1217 1214/1237/1214
f 1796/1819/1796 1215/1238/1215 659/676/659
f 659/676/659 1777/1800/1777 1796/1819/1796
f 1796/1819/1796 1799/1822/1799 2219/2322/2219
f 2219/2322/2219 1215/1238/1215 1796/1819/1796
f 1772/2359/1772 1799/1822/1799 1798/1821/1798
f 1798/1821/1798 1774/2362/1774 1772/2359/1772
f 1592/1615/1592 1593/1616/1593 2239/2350/2239
f 2239/2350/2239 1595/1618/1595 1592/1615/1592
f 1800/1823/1800 1593/1616/1593 671/688/671
f 671/688/671 1785/1808/1785 1800/1823/1800
f 1800/1823/1800 1803/1826/1803 2239/2350/2239
f 2239/2350/2239 1593/1616/1593 1800/1823/1800
f 1776/1799/1776 1803/1826/1803 1802/1825/1802
f 1802/1825/1802 1778/1801/1778 1776/1799/1776
f 1804/1827/1804 676/693/676 2220/2324/2220
f 2220/2324/2220 1827/1850/1827 1804/1827/1804
f 1808/1831/1808 682/699/682 2233/2342/2233
f 2233/2342/2233 1831/1854/1831 1808/1831/1808
f 1812/1835/1812 688/705/688 2236/2347/2236
f 2236/2347/2236 1835/1858/1835 1812/1835/1812
f 1816/1839/1816 1819/1842/1819 1824/1847/1824
f 1824/1847/1824 1823/1846/1823 1816/1839/1816
f 2101/2130/2101 1819/1842/1819 1818/1841/1818
f 1818/1841/1818 2102/2131/2102 2101/2130/2101
f 1361/1384/1361 1362/1385/1362 947/970/947
f 947/970/947 946/969/946 1361/1384/1361
f 1820/1843/1820 1362/1385/1362 683/700/683
f 683/700/683 1809/1832/1809 1820/1843/1820
f 1820/1843/1820 1817/1840/1817 947/970/947
f 947/970/947 1362/1385/1362 1820/1843/1820
f 1228/1251/1228 1231/1254/1231 2220/2324/2220
f 2220/2324/2220 1234/1257/1234 1228/1251/1228
f 1822/1845/1822 1231/1254/1231 1230/1253/1230
f 1230/1253/1230 1823/1846/1823 1822/1845/1822
f 1822/1845/1822 1827/1850/1827 2220/2324/2220
f 2220/2324/2220 1231/1254/1231 1822/1845/1822
f 1804/1827/1804 1827/1850/1827 1826/1849/1826
f 1826/1849/1826 1806/1829/1806 1804/1827/1804
f 1816/1839/1816 1823/1846/1823 1230/1253/1230
f 1230/1253/1230 948/971/948 1816/1839/1816
f 1504/1527/1504 1505/1528/1505 2233/2342/2233
f 2233/2342/2233 1507/1530/1507 1504/1527/1504
f 1828/1851/1828 1505/1528/1505 689/706/689
f 689/706/689 1813/1836/1813 1828/1851/1828
f 1828/1851/1828 1831/1854/1831 2233/2342/2233
f 2233/2342/2233 1505/1528/1505 1828/1851/1828
f 1808/1831/1808 1831/1854/1831 1830/1853/1830
f 1830/1853/1830 1810/1833/1810 1808/1831/1808
f 1553/1576/1553 1554/1577/1554 2236/2347/2236
f 2236/2347/2236 1556/1579/1556 1553/1576/1553
f 1832/1855/1832 1554/1577/1554 677/694/677
f 677/694/677 1805/1828/1805 1832/1855/1832
f 1832/1855/1832 1835/1858/1835 2236/2347/2236
f 2236/2347/2236 1554/1577/1554 1832/1855/1832
f 1812/1835/1812 1835/1858/1835 1834/1857/1834
f 1834/1857/1834 1814/1837/1814 1812/1835/1812
f 1836/2363/1836 782/2354/782 2242/2353/2242
f 2242/2353/2242 1855/1878/1855 1836/2363/1836
f 1840/2364/1840 788/2346/788 2235/2345/2235
f 2235/2345/2235 1861/1884/1861 1840/2364/1840
f 2117/2150/2117 1847/1870/1847 1846/1869/1846
f 1846/1869/1846 2118/2151/2118 2117/2150/2117
f 1844/2366/1844 1847/2365/1847 1858/1881/1858
f 1858/1881/1858 1857/1880/1857 1844/2366/1844
f 2121/2154/2121 1851/1874/1851 1850/1873/1850
f 1850/1873/1850 2122/2155/2122 2121/2154/2121
f 1848/1871/1848 1851/1874/1851 1866/1889/1866
f 1866/1889/1866 1865/1888/1865 1848/1871/1848
f 1625/1648/1625 1626/1649/1626 2242/2353/2242
f 2242/2353/2242 1628/1651/1628 1625/1648/1625
f 1852/1875/1852 1626/1649/1626 789/808/789
f 789/808/789 1841/1864/1841 1852/1875/1852
f 1852/1875/1852 1855/1878/1855 2242/2353/2242
f 2242/2353/2242 1626/1649/1626 1852/1875/1852
f 1836/2363/1836 1855/1878/1855 1854/1877/1854
f 1854/1877/1854 1838/2367/1838 1836/2363/1836
f 1530/1553/1530 1533/1556/1533 2235/2345/2235
f 2235/2345/2235 1536/1559/1536 1530/1553/1530
f 1856/1879/1856 1533/1556/1533 1532/1555/1532
f 1532/1555/1532 1857/1880/1857 1856/1879/1856
f 1856/1879/1856 1861/1884/1861 2235/2345/2235
f 2235/2345/2235 1533/1556/1533 1856/1879/1856
f 1840/2364/1840 1861/1884/1861 1860/1883/1860
f 1860/1883/1860 1842/2368/1842 1840/2364/1840
f 1844/2366/1844 1857/1880/1857 1532/1555/1532
f 1532/1555/1532 902/2310/902 1844/2366/1844
f 1348/1371/1348 1349/1372/1349 963/986/963
f 963/986/963 962/985/962 1348/1371/1348
f 1862/1885/1862 1349/1372/1349 783/802/783
f 783/802/783 1837/1860/1837 1862/1885/1862
f 1862/1885/1862 1849/1872/1849 963/986/963
f 963/986/963 1349/1372/1349 1862/1885/1862
f 1308/1331/1308 1311/1334/1311 901/922/901
f 901/922/901 900/921/900 1308/1331/1308
f 1864/1887/1864 1311/1334/1311 1310/1333/1310
f 1310/1333/1310 1865/1888/1865 1864/1887/1864
f 1864/1887/1864 1845/1868/1845 901/922/901
f 901/922/901 1311/1334/1311 1864/1887/1864
f 1848/1871/1848 1865/1888/1865 1310/1333/1310
f 1310/1333/1310 964/987/964 1848/1871/1848
f 1868/1891/1868 712/729/712 2229/2336/2229
f 2229/2336/2229 1899/1922/1899 1868/1891/1868
f 1872/1895/1872 718/735/718 2241/2352/2241
f 2241/2352/2241 1893/1916/1893 1872/1895/1872
f 1876/1899/1876 1879/1902/1879 1896/1919/1896
f 1896/1919/1896 1895/1918/1895 1876/1899/1876
f 2136/2169/2136 1879/1902/1879 1878/1901/1878
f 1878/1901/1878 2137/2170/2137 2136/2169/2136
f 1880/1903/1880 1883/1906/1883 1886/1909/1886
f 1886/1909/1886 1885/1908/1885 1880/1903/1880
f 2140/2173/2140 1883/1906/1883 1882/1905/1882
f 1882/1905/1882 2141/2174/2141 2140/2173/2140
f 1222/1245/1222 1225/1248/1225 927/950/927
f 927/950/927 926/949/926 1222/1245/1222
f 1884/1907/1884 1225/1248/1225 1224/1247/1224
f 1224/1247/1224 1885/1908/1885 1884/1907/1884
f 1884/1907/1884 1877/1900/1877 927/950/927
f 927/950/927 1225/1248/1225 1884/1907/1884
f 1880/1903/1880 1885/1908/1885 1224/1247/1224
f 1224/1247/1224 936/959/936 1880/1903/1880
f 1538/1561/1538 1539/1562/1539 935/958/935
f 935/958/935 934/957/934 1538/1561/1538
f 1888/1911/1888 1539/1562/1539 719/736/719
f 719/736/719 1873/1896/1873 1888/1911/1888
f 1888/1911/1888 1881/1904/1881 935/958/935
f 935/958/935 1539/1562/1539 1888/1911/1888
f 1620/1643/1620 1621/1644/1621 2241/2352/2241
f 2241/2352/2241 1623/1646/1623 1620/1643/1620
f 1890/1913/1890 1621/1644/1621 713/730/713
f 713/730/713 1869/1892/1869 1890/1913/1890
f 1890/1913/1890 1893/1916/1893 2241/2352/2241
f 2241/2352/2241 1621/1644/1621 1890/1913/1890
f 1872/1895/1872 1893/1916/1893 1892/1915/1892
f 1892/1915/1892 1874/1897/1874 1872/1895/1872
f 1448/1471/1448 1451/1474/1451 2229/2336/2229
f 2229/2336/2229 1454/1477/1454 1448/1471/1448
f 1894/1917/1894 1451/1474/1451 1450/1473/1450
f 1450/1473/1450 1895/1918/1895 1894/1917/1894
f 1894/1917/1894 1899/1922/1899 2229/2336/2229
f 2229/2336/2229 1451/1474/1451 1894/1917/1894
f 1868/1891/1868 1899/1922/1899 1898/1921/1898
f 1898/1921/1898 1870/1893/1870 1868/1891/1868
f 1876/1899/1876 1895/1918/1895 1450/1473/1450
f 1450/1473/1450 928/951/928 1876/1899/1876
f 1900/1923/1900 694/711/694 2228/2335/2228
f 2228/2335/2228 1919/1942/1919 1900/1923/1900
f 1904/1927/1904 700/717/700 2237/2348/2237
f 2237/2348/2237 1929/1952/1929 1904/1927/1904
f 1908/1931/1908 706/723/706 2240/2351/2240
f 2240/2351/2240 1925/1948/1925 1908/1931/1908
f 2162/2195/2162 1915/1938/1915 1914/1937/1914
f 1914/1937/1914 2163/2196/2163 2162/2195/2162
f 1912/1935/1912 1915/1938/1915 1922/1945/1922
f 1922/1945/1922 1921/1944/1921 1912/1935/1912
f 1434/1457/1434 1435/1458/1435 2228/2335/2228
f 2228/2335/2228 1437/1460/1437 1434/1457/1434
f 1916/1939/1916 1435/1458/1435 701/718/701
f 701/718/701 1905/1928/1905 1916/1939/1916
f 1916/1939/1916 1919/1942/1919 2228/2335/2228
f 2228/2335/2228 1435/1458/1435 1916/1939/1916
f 1900/1923/1900 1919/1942/1919 1918/1941/1918
f 1918/1941/1918 1902/1925/1902 1900/1923/1900
f 1603/1626/1603 1606/1629/1606 2240/2351/2240
f 2240/2351/2240 1609/1632/1609 1603/1626/1603
f 1920/1943/1920 1606/1629/1606 1605/1628/1605
f 1605/1628/1605 1921/1944/1921 1920/1943/1920
f 1920/1943/1920 1925/1948/1925 2240/2351/2240
f 2240/2351/2240 1606/1629/1606 1920/1943/1920
f 1908/1931/1908 1925/1948/1925 1924/1947/1924
f 1924/1947/1924 1910/1933/1910 1908/1931/1908
f 1912/1935/1912 1921/1944/1921 1605/1628/1605
f 1605/1628/1605 944/967/944 1912/1935/1912
f 1558/1581/1558 1559/1582/1559 2237/2348/2237
f 2237/2348/2237 1561/1584/1561 1558/1581/1558
f 1926/1949/1926 1559/1582/1559 707/724/707
f 707/724/707 1909/1932/1909 1926/1949/1926
f 1926/1949/1926 1929/1952/1929 2237/2348/2237
f 2237/2348/2237 1559/1582/1559 1926/1949/1926
f 1904/1927/1904 1929/1952/1929 1928/1951/1928
f 1928/1951/1928 1906/1929/1906 1904/1927/1904
f 1219/1242/1219 1220/1243/1220 943/966/943
f 943/966/943 942/965/942 1219/1242/1219
f 1930/1953/1930 1220/1243/1220 695/712/695
f 695/712/695 1901/1924/1901 1930/1953/1930
f 1930/1953/1930 1913/1936/1913 943/966/943
f 943/966/943 1220/1243/1220 1930/1953/1930
f 1932/2369/1932 814/2334/814 2227/2333/2227
f 2227/2333/2227 1963/1986/1963 1932/2369/1932
f 1936/1959/1936 820/839/820 2238/2349/2238
f 2238/2349/2238 1955/1978/1955 1936/1959/1936
f 2177/2371/2177 1943/1966/1943 1942/1965/1942
f 1942/1965/1942 2178/2370/2178 2177/2371/2177
f 1940/2373/1940 1943/2372/1943 1960/1983/1960
f 1960/1983/1960 1959/1982/1959 1940/2373/1940
f 2179/2375/2179 1947/1970/1947 1946/1969/1946
f 1946/1969/1946 2180/2374/2180 2179/2375/2179
f 1944/1967/1944 1947/2376/1947 1952/1975/1952
f 1952/1975/1952 1951/1974/1951 1944/1967/1944
f 1579/1602/1579 1580/1603/1580 887/908/887
f 887/908/887 886/907/886 1579/1602/1579
f 1948/1971/1948 1580/1603/1580 821/840/821
f 821/840/821 1937/1960/1937 1948/1971/1948
f 1948/1971/1948 1941/1964/1941 887/908/887
f 887/908/887 1580/1603/1580 1948/1971/1948
f 1567/1590/1567 1570/1593/1570 2238/2349/2238
f 2238/2349/2238 1573/1596/1573 1567/1590/1567
f 1950/1973/1950 1570/1593/1570 1569/1592/1569
f 1569/1592/1569 1951/1974/1951 1950/1973/1950
f 1950/1973/1950 1955/1978/1955 2238/2349/2238
f 2238/2349/2238 1570/1593/1570 1950/1973/1950
f 1936/1959/1936 1955/1978/1955 1954/1977/1954
f 1954/1977/1954 1938/1961/1938 1936/1959/1936
f 1944/1967/1944 1951/1974/1951 1569/1592/1569
f 1569/1592/1569 924/947/924 1944/1967/1944
f 1439/1462/1439 1440/1463/1440 923/946/923
f 923/946/923 922/945/922 1439/1462/1439
f 1956/1979/1956 1440/1463/1440 815/834/815
f 815/834/815 1933/1956/1933 1956/1979/1956
f 1956/1979/1956 1945/1968/1945 923/946/923
f 923/946/923 1440/1463/1440 1956/1979/1956
f 1422/1445/1422 1425/1448/1425 2227/2333/2227
f 2227/2333/2227 1428/1451/1428 1422/1445/1422
f 1958/1981/1958 1425/1448/1425 1424/1447/1424
f 1424/1447/1424 1959/1982/1959 1958/1981/1958
f 1958/1981/1958 1963/1986/1963 2227/2333/2227
f 2227/2333/2227 1425/1448/1425 1958/1981/1958
f 1932/2369/1932 1963/1986/1963 1962/1985/1962
f 1962/1985/1962 1934/2377/1934 1932/2369/1932
f 1940/2373/1940 1959/1982/1959 1424/1447/1424
f 1424/1447/1424 888/2308/888 1940/2373/1940
f 1964/1987/1964 1967/1990/1967 1990/2013/1990
f 1990/2013/1990 1989/2012/1989 1964/1987/1964
f 2187/2222/2187 1967/1990/1967 1966/1989/1966
f 1966/1989/1966 2188/2223/2188 2187/2222/2187
f 2190/2225/2190 1971/1994/1971 1970/1993/1970
f 1970/1993/1970 2191/2226/2191 2190/2225/2190
f 1968/1991/1968 1971/1994/1971 1994/2017/1994
f 1994/2017/1994 1993/2016/1993 1968/1991/1968
f 1972/1995/1972 1975/1998/1975 1982/2005/1982
f 1982/2005/1982 1981/2004/1981 1972/1995/1972
f 2193/2228/2193 1975/1998/1975 1974/1997/1974
f 1974/1997/1974 2194/2229/2194 2193/2228/2193
f 1976/1999/1976 1979/2002/1979 1986/2009/1986
f 1986/2009/1986 1985/2008/1985 1976/1999/1976
f 2195/2230/2195 1979/2002/1979 1978/2001/1978
f 1978/2001/1978 2196/2231/2196 2195/2230/2195
f 1632/1655/1632 1635/1658/1635 838/857/838
f 838/857/838 837/856/837 1632/1655/1632
f 1980/2003/1980 1635/1658/1635 1634/1657/1634
f 1634/1657/1634 1981/2004/1981 1980/2003/1980
f 1980/2003/1980 1965/1988/1965 838/857/838
f 838/857/838 1635/1658/1635 1980/2003/1980
f 1972/1995/1972 1981/2004/1981 1634/1657/1634
f 1634/1657/1634 866/885/866 1972/1995/1972
f 1614/1637/1614 1617/1640/1617 845/864/845
f 845/864/845 844/863/844 1614/1637/1614
f 1984/2007/1984 1617/1640/1617 1616/1639/1616
f 1616/1639/1616 1985/2008/1985 1984/2007/1984
f 1984/2007/1984 1969/1992/1969 845/864/845
f 845/864/845 1617/1640/1617 1984/2007/1984
f 1976/1999/1976 1985/2008/1985 1616/1639/1616
f 1616/1639/1616 914/937/914 1976/1999/1976
f 1541/1564/1541 1544/1567/1544 913/936/913
f 913/936/913 912/935/912 1541/1564/1541
f 1988/2011/1988 1544/1567/1544 1543/1566/1543
f 1543/1566/1543 1989/2012/1989 1988/2011/1988
f 1988/2011/1988 1977/2000/1977 913/936/913
f 913/936/913 1544/1567/1544 1988/2011/1988
f 1964/1987/1964 1989/2012/1989 1543/1566/1543
f 1543/1566/1543 839/858/839 1964/1987/1964
f 1458/1481/1458 1461/1484/1461 865/884/865
f 865/884/865 864/883/864 1458/1481/1458
f 1992/2015/1992 1461/1484/1461 1460/1483/1460
f 1460/1483/1460 1993/2016/1993 1992/2015/1992
f 1992/2015/1992 1973/1996/1973 865/884/865
f 865/884/865 1461/1484/1461 1992/2015/1992
f 1968/1991/1968 1993/2016/1993 1460/1483/1460
f 1460/1483/1460 846/865/846 1968/1991/1968
f 1996/2019/1996 1646/1669/1646 1674/1697/1674
f 1674/1697/1674 1998/2021/1998 1996/2019/1996
f 2000/2023/2000 1650/1673/1650 1662/1685/1662
f 1662/1685/1662 2002/2025/2002 2000/2023/2000
f 2003/2026/2003 1654/1677/1654 1670/1693/1670
f 1670/1693/1670 2006/2029/2006 2003/2026/2003
f 2008/2031/2008 1658/1681/1658 1666/1689/1666
f 1666/1689/1666 2010/2033/2010 2008/2031/2008
f 2011/2034/2011 1673/1696/1673 1655/1678/1655
f 1655/1678/1655 2005/2028/2005 2011/2034/2011
f 2011/2034/2011 1998/2021/1998 1674/1697/1674
f 1674/1697/1674 1673/1696/1673 2011/2034/2011
f 2012/2035/2012 1669/1692/1669 1659/1682/1659
f 1659/1682/1659 2009/2032/2009 2012/2035/2012
f 2012/2035/2012 2006/2029/2006 1670/1693/1670
f 1670/1693/1670 1669/1692/1669 2012/2035/2012
f 2013/2036/2013 1661/1684/1661 1647/1670/1647
f 1647/1670/1647 1997/2020/1997 2013/2036/2013
f 2013/2036/2013 2002/2025/2002 1662/1685/1662
f 1662/1685/1662 1661/1684/1661 2013/2036/2013
f 2014/2037/2014 1665/1688/1665 1651/1674/1651
f 1651/1674/1651 2001/2024/2001 2014/2037/2014
f 2014/2037/2014 2010/2033/2010 1666/1689/1666
f 1666/1689/1666 1665/1688/1665 2014/2037/2014
f 2015/2040/2015 1678/2358/1678 1706/1729/1706
f 1706/1729/1706 2017/2041/2017 2015/2040/2015
f 2019/2044/2019 1682/1705/1682 1702/1725/1702
f 1702/1725/1702 2022/2047/2022 2019/2044/2019
f 58/61/58 2027/2052/2027 2026/2051/2026
f 2026/2051/2026 59/62/59 58/61/58
f 2024/2378/2024 2027/2249/2027 2023/2048/2023
f 2023/2048/2023 2035/2060/2035 2024/2378/2024
f 2028/2053/2028 59/62/59 2026/2051/2026
f 2026/2051/2026 2033/2058/2033 2028/2053/2028
f 2030/2055/2030 1705/1728/1705 1683/1706/1683
f 1683/1706/1683 2021/2046/2021 2030/2055/2030
f 2030/2055/2030 2017/2041/2017 1706/1729/1706
f 1706/1729/1706 1705/1728/1705 2030/2055/2030
f 2031/2056/2031 1697/1720/1697 1679/1702/1679
f 1679/1702/1679 2016/2039/2016 2031/2056/2031
f 2031/2056/2031 2029/2054/2029 1690/1713/1690
f 1690/1713/1690 1697/1720/1697 2031/2056/2031
f 2032/2057/2032 1695/1718/1695 1694/1717/1694
f 1694/1717/1694 2033/2058/2033 2032/2057/2032
f 2032/2057/2032 2025/2050/2025 1686/1709/1686
f 1686/1709/1686 1695/1718/1695 2032/2057/2032
f 2028/2053/2028 2033/2058/2033 1694/1717/1694
f 1694/1717/1694 1691/1714/1691 2028/2053/2028
f 2034/2059/2034 1701/1724/1701 1700/1723/1700
f 1700/1723/1700 2035/2060/2035 2034/2059/2034
f 2034/2059/2034 2022/2047/2022 1702/1725/1702
f 1702/1725/1702 1701/1724/1701 2034/2059/2034
f 2024/2378/2024 2035/2060/2035 1700/1723/1700
f 1700/1723/1700 1687/2356/1687 2024/2378/2024
f 2036/2061/2036 1710/1733/1710 1728/1751/1728
f 1728/1751/1728 2038/2063/2038 2036/2061/2036
f 2040/2065/2040 1714/1737/1714 1738/1761/1738
f 1738/1761/1738 2042/2067/2042 2040/2065/2040
f 2043/2068/2043 73/76/73 76/79/76
f 76/79/76 2050/2075/2050 2043/2068/2043
f 2045/2070/2045 75/78/75 2039/2064/2039
f 2039/2064/2039 2052/2077/2052 2045/2070/2045
f 2047/2072/2047 1737/1760/1737 1711/1734/1711
f 1711/1734/1711 2037/2062/2037 2047/2072/2047
f 2047/2072/2047 2042/2067/2042 1738/1761/1738
f 1738/1761/1738 1737/1760/1737 2047/2072/2047
f 2048/2073/2048 1731/1754/1731 1715/1738/1715
f 1715/1738/1715 2041/2066/2041 2048/2073/2048
f 2048/2073/2048 2044/2069/2044 1718/1741/1718
f 1718/1741/1718 1731/1754/1731 2048/2073/2048
f 2049/2074/2049 1735/1758/1735 1734/1757/1734
f 1734/1757/1734 2050/2075/2050 2049/2074/2049
f 2049/2074/2049 2046/2071/2046 1722/1745/1722
f 1722/1745/1722 1735/1758/1735 2049/2074/2049
f 2043/2068/2043 2050/2075/2050 1734/1757/1734
f 1734/1757/1734 1719/1742/1719 2043/2068/2043
f 2051/2076/2051 1727/1750/1727 1726/1749/1726
f 1726/1749/1726 2052/2077/2052 2051/2076/2051
f 2051/2076/2051 2038/2063/2038 1728/1751/1728
f 1728/1751/1728 1727/1750/1727 2051/2076/2051
f 2045/2070/2045 2052/2077/2052 1726/1749/1726
f 1726/1749/1726 1723/1746/1723 2045/2070/2045
f 2053/2078/2053 1742/1765/1742 1766/1789/1766
f 1766/1789/1766 2055/2080/2055 2053/2078/2053
f 2057/2082/2057 125/128/125 124/127/124
f 124/127/124 2065/2090/2065 2057/2082/2057
f 122/125/122 125/128/125 2059/2084/2059
f 2059/2084/2059 126/129/126 122/125/122
f 2060/2085/2060 123/126/123 2056/2081/2056
f 2056/2081/2056 2068/2093/2068 2060/2085/2060
f 2062/2087/2062 126/129/126 2059/2084/2059
f 2059/2084/2059 2070/2095/2070 2062/2087/2062
f 2064/2089/2064 1771/1794/1771 1770/1793/1770
f 1770/1793/1770 2065/2090/2065 2064/2089/2064
f 2064/2089/2064 2061/2086/2061 1750/1773/1750
f 1750/1773/1750 1771/1794/1771 2064/2089/2064
f 2057/2082/2057 2065/2090/2065 1770/1793/1770
f 1770/1793/1770 1747/1770/1747 2057/2082/2057
f 2066/2091/2066 1757/1780/1757 1743/1766/1743
f 1743/1766/1743 2054/2079/2054 2066/2091/2066
f 2066/2091/2066 2063/2088/2063 1754/1777/1754
f 1754/1777/1754 1757/1780/1757 2066/2091/2066
f 2067/2092/2067 1765/1788/1765 1764/1787/1764
f 1764/1787/1764 2068/2093/2068 2067/2092/2067
f 2067/2092/2067 2055/2080/2055 1766/1789/1766
f 1766/1789/1766 1765/1788/1765 2067/2092/2067
f 2060/2085/2060 2068/2093/2068 1764/1787/1764
f 1764/1787/1764 1751/1774/1751 2060/2085/2060
f 2069/2094/2069 1761/1784/1761 1760/1783/1760
f 1760/1783/1760 2070/2095/2070 2069/2094/2069
f 2069/2094/2069 2058/2083/2058 1746/1769/1746
f 1746/1769/1746 1761/1784/1761 2069/2094/2069
f 2062/2087/2062 2070/2095/2070 1760/1783/1760
f 1760/1783/1760 1755/1778/1755 2062/2087/2062
f 2071/2098/2071 1774/2362/1774 1798/1821/1798
f 1798/1821/1798 2073/2099/2073 2071/2098/2071
f 2075/2102/2075 1778/1801/1778 1802/1825/1802
f 1802/1825/1802 2078/2105/2078 2075/2102/2075
f 2080/2107/2080 1782/1805/1782 1794/1817/1794
f 1794/1817/1794 2082/2109/2082 2080/2107/2080
f 2083/2113/2083 1786/2361/1786 1790/1813/1790
f 1790/1813/1790 2085/2114/2085 2083/2113/2083
f 2086/2115/2086 1789/1812/1789 1783/1806/1783
f 1783/1806/1783 2081/2108/2081 2086/2115/2086
f 2086/2115/2086 2085/2114/2085 1790/1813/1790
f 1790/1813/1790 1789/1812/1789 2086/2115/2086
f 2087/2116/2087 1801/1824/1801 1787/1810/1787
f 1787/1810/1787 2084/2112/2084 2087/2116/2087
f 2087/2116/2087 2078/2105/2078 1802/1825/1802
f 1802/1825/1802 1801/1824/1801 2087/2116/2087
f 2088/2117/2088 1797/1820/1797 1779/1802/1779
f 1779/1802/1779 2077/2104/2077 2088/2117/2088
f 2088/2117/2088 2073/2099/2073 1798/1821/1798
f 1798/1821/1798 1797/1820/1797 2088/2117/2088
f 2089/2118/2089 1793/1816/1793 1775/1798/1775
f 1775/1798/1775 2072/2097/2072 2089/2118/2089
f 2089/2118/2089 2082/2109/2082 1794/1817/1794
f 1794/1817/1794 1793/1816/1793 2089/2118/2089
f 2090/2119/2090 1806/1829/1806 1826/1849/1826
f 1826/1849/1826 2092/2121/2092 2090/2119/2090
f 2094/2123/2094 1810/1833/1810 1830/1853/1830
f 1830/1853/1830 2096/2125/2096 2094/2123/2094
f 2098/2127/2098 1814/1837/1814 1834/1857/1834
f 1834/1857/1834 2100/2129/2100 2098/2127/2098
f 2101/2130/2101 38/40/38 2093/2122/2093
f 2093/2122/2093 2106/2135/2106 2101/2130/2101
f 2103/2132/2103 1833/1856/1833 1807/1830/1807
f 1807/1830/1807 2091/2120/2091 2103/2132/2103
f 2103/2132/2103 2100/2129/2100 1834/1857/1834
f 1834/1857/1834 1833/1856/1833 2103/2132/2103
f 2104/2133/2104 1829/1852/1829 1815/1838/1815
f 1815/1838/1815 2099/2128/2099 2104/2133/2104
f 2104/2133/2104 2096/2125/2096 1830/1853/1830
f 1830/1853/1830 1829/1852/1829 2104/2133/2104
f 2105/2134/2105 1825/1848/1825 1824/1847/1824
f 1824/1847/1824 2106/2135/2106 2105/2134/2105
f 2105/2134/2105 2092/2121/2092 1826/1849/1826
f 1826/1849/1826 1825/1848/1825 2105/2134/2105
f 2101/2130/2101 2106/2135/2106 1824/1847/1824
f 1824/1847/1824 1819/1842/1819 2101/2130/2101
f 2107/2136/2107 1821/1844/1821 1811/1834/1811
f 1811/1834/1811 2095/2124/2095 2107/2136/2107
f 2107/2136/2107 2102/2131/2102 1818/1841/1818
f 1818/1841/1818 1821/1844/1821 2107/2136/2107
f 2108/2139/2108 1838/2367/1838 1854/1877/1854
f 1854/1877/1854 2110/2140/2110 2108/2139/2108
f 2112/2146/2112 1842/2368/1842 1860/1883/1860
f 1860/1883/1860 2115/2147/2115 2112/2146/2112
f 85/88/85 2120/2153/2120 2119/2152/2119
f 2119/2152/2119 86/89/86 85/88/85
f 2117/2379/2117 2120/2253/2120 2116/2148/2116
f 2116/2148/2116 2128/2161/2128 2117/2379/2117
f 2121/2154/2121 86/89/86 2119/2152/2119
f 2119/2152/2119 2126/2159/2126 2121/2154/2121
f 2123/2156/2123 1853/1876/1853 1843/1866/1843
f 1843/1866/1843 2114/2145/2114 2123/2156/2123
f 2123/2156/2123 2110/2140/2110 1854/1877/1854
f 1854/1877/1854 1853/1876/1853 2123/2156/2123
f 2124/2157/2124 1863/1886/1863 1839/1862/1839
f 1839/1862/1839 2109/2138/2109 2124/2157/2124
f 2124/2157/2124 2122/2155/2122 1850/1873/1850
f 1850/1873/1850 1863/1886/1863 2124/2157/2124
f 2125/2158/2125 1867/1890/1867 1866/1889/1866
f 1866/1889/1866 2126/2159/2126 2125/2158/2125
f 2125/2158/2125 2118/2151/2118 1846/1869/1846
f 1846/1869/1846 1867/1890/1867 2125/2158/2125
f 2121/2154/2121 2126/2159/2126 1866/1889/1866
f 1866/1889/1866 1851/1874/1851 2121/2154/2121
f 2127/2160/2127 1859/1882/1859 1858/1881/1858
f 1858/1881/1858 2128/2161/2128 2127/2160/2127
f 2127/2160/2127 2115/2147/2115 1860/1883/1860
f 1860/1883/1860 1859/1882/1859 2127/2160/2127
f 2117/2379/2117 2128/2161/2128 1858/1881/1858
f 1858/1881/1858 1847/2365/1847 2117/2379/2117
f 2129/2162/2129 1870/1893/1870 1898/1921/1898
f 1898/1921/1898 2131/2164/2131 2129/2162/2129
f 2133/2166/2133 1874/1897/1874 1892/1915/1892
f 1892/1915/1892 2135/2168/2135 2133/2166/2133
f 45/47/45 2139/2172/2139 2138/2171/2138
f 2138/2171/2138 49/51/49 45/47/45
f 2136/2169/2136 2139/2172/2139 2132/2165/2132
f 2132/2165/2132 2143/2176/2143 2136/2169/2136
f 2140/2173/2140 49/51/49 2138/2171/2138
f 2138/2171/2138 2146/2179/2146 2140/2173/2140
f 2142/2175/2142 1897/1920/1897 1896/1919/1896
f 1896/1919/1896 2143/2176/2143 2142/2175/2142
f 2142/2175/2142 2131/2164/2131 1898/1921/1898
f 1898/1921/1898 1897/1920/1897 2142/2175/2142
f 2136/2169/2136 2143/2176/2143 1896/1919/1896
f 1896/1919/1896 1879/1902/1879 2136/2169/2136
f 2144/2177/2144 1891/1914/1891 1871/1894/1871
f 1871/1894/1871 2130/2163/2130 2144/2177/2144
f 2144/2177/2144 2135/2168/2135 1892/1915/1892
f 1892/1915/1892 1891/1914/1891 2144/2177/2144
f 2145/2178/2145 1887/1910/1887 1886/1909/1886
f 1886/1909/1886 2146/2179/2146 2145/2178/2145
f 2145/2178/2145 2137/2170/2137 1878/1901/1878
f 1878/1901/1878 1887/1910/1887 2145/2178/2145
f 2140/2173/2140 2146/2179/2146 1886/1909/1886
f 1886/1909/1886 1883/1906/1883 2140/2173/2140
f 2147/2180/2147 1889/1912/1889 1875/1898/1875
f 1875/1898/1875 2134/2167/2134 2147/2180/2147
f 2147/2180/2147 2141/2174/2141 1882/1905/1882
f 1882/1905/1882 1889/1912/1889 2147/2180/2147
f 2148/2181/2148 1902/1925/1902 1918/1941/1918
f 1918/1941/1918 2150/2183/2150 2148/2181/2148
f 2152/2185/2152 1906/1929/1906 1928/1951/1928
f 1928/1951/1928 2155/2188/2155 2152/2185/2152
f 2157/2190/2157 1910/1933/1910 1924/1947/1924
f 1924/1947/1924 2160/2193/2160 2157/2190/2157
f 2162/2195/2162 42/44/42 2161/2194/2161
f 2161/2194/2161 2168/2201/2168 2162/2195/2162
f 2164/2197/2164 1917/1940/1917 1907/1930/1907
f 1907/1930/1907 2154/2187/2154 2164/2197/2164
f 2164/2197/2164 2150/2183/2150 1918/1941/1918
f 1918/1941/1918 1917/1940/1917 2164/2197/2164
f 2165/2198/2165 1927/1950/1927 1911/1934/1911
f 1911/1934/1911 2159/2192/2159 2165/2198/2165
f 2165/2198/2165 2155/2188/2155 1928/1951/1928
f 1928/1951/1928 1927/1950/1927 2165/2198/2165
f 2166/2199/2166 1931/1954/1931 1903/1926/1903
f 1903/1926/1903 2149/2182/2149 2166/2199/2166
f 2166/2199/2166 2163/2196/2163 1914/1937/1914
f 1914/1937/1914 1931/1954/1931 2166/2199/2166
f 2167/2200/2167 1923/1946/1923 1922/1945/1922
f 1922/1945/1922 2168/2201/2168 2167/2200/2167
f 2167/2200/2167 2160/2193/2160 1924/1947/1924
f 1924/1947/1924 1923/1946/1923 2167/2200/2167
f 2162/2195/2162 2168/2201/2168 1922/1945/1922
f 1922/1945/1922 1915/1938/1915 2162/2195/2162
f 2169/2381/2169 1934/2377/1934 1962/1985/1962
f 1962/1985/1962 2171/2380/2171 2169/2381/2169
f 2173/2208/2173 1938/1961/1938 1954/1977/1954
f 1954/1977/1954 2175/2210/2175 2173/2208/2173
f 2177/2212/2177 116/119/116 2172/2207/2172
f 2172/2207/2172 2186/2221/2186 2177/2212/2177
f 2179/2214/2179 119/122/119 2176/2211/2176
f 2176/2211/2176 2184/2219/2184 2179/2214/2179
f 2181/2382/2181 1957/1980/1957 1935/1958/1935
f 1935/1958/1935 2170/2205/2170 2181/2382/2181
f 2181/2382/2181 2180/2374/2180 1946/1969/1946
f 1946/1969/1946 1957/1980/1957 2181/2382/2181
f 2182/2383/2182 1949/1972/1949 1939/1962/1939
f 1939/1962/1939 2174/2209/2174 2182/2383/2182
f 2182/2383/2182 2178/2370/2178 1942/1965/1942
f 1942/1965/1942 1949/1972/1949 2182/2383/2182
f 2183/2385/2183 1953/1976/1953 1952/1975/1952
f 1952/1975/1952 2184/2384/2184 2183/2385/2183
f 2183/2385/2183 2175/2210/2175 1954/1977/1954
f 1954/1977/1954 1953/1976/1953 2183/2385/2183
f 2179/2386/2179 2184/2384/2184 1952/1975/1952
f 1952/1975/1952 1947/2376/1947 2179/2386/2179
f 2185/2388/2185 1961/1984/1961 1960/1983/1960
f 1960/1983/1960 2186/2387/2186 2185/2388/2185
f 2185/2388/2185 2171/2380/2171 1962/1985/1962
f 1962/1985/1962 1961/1984/1961 2185/2388/2185
f 2177/2389/2177 2186/2387/2186 1960/1983/1960
f 1960/1983/1960 1943/2372/1943 2177/2389/2177
f 2187/2222/2187 156/160/156 155/159/155
f 155/159/155 2200/2235/2200 2187/2222/2187
f 150/154/150 156/160/156 2189/2224/2189
f 2189/2224/2189 151/155/151 150/154/150
f 2190/2225/2190 153/157/153 152/156/152
f 152/156/152 2204/2239/2204 2190/2225/2190
f 150/154/150 153/157/153 2192/2227/2192
f 2192/2227/2192 154/158/154 150/154/150
f 2193/2228/2193 151/155/151 2189/2224/2189
f 2189/2224/2189 2202/2237/2202 2193/2228/2193
f 2195/2230/2195 154/158/154 2192/2227/2192
f 2192/2227/2192 2198/2233/2198 2195/2230/2195
f 2197/2232/2197 1987/2010/1987 1986/2009/1986
f 1986/2009/1986 2198/2233/2198 2197/2232/2197
f 2197/2232/2197 2191/2226/2191 1970/1993/1970
f 1970/1993/1970 1987/2010/1987 2197/2232/2197
f 2195/2230/2195 2198/2233/2198 1986/2009/1986
f 1986/2009/1986 1979/2002/1979 2195/2230/2195
f 2199/2234/2199 1991/2014/1991 1990/2013/1990
f 1990/2013/1990 2200/2235/2200 2199/2234/2199
f 2199/2234/2199 2196/2231/2196 1978/2001/1978
f 1978/2001/1978 1991/2014/1991 2199/2234/2199
f 2187/2222/2187 2200/2235/2200 1990/2013/1990
f 1990/2013/1990 1967/1990/1967 2187/2222/2187
f 2201/2236/2201 1983/2006/1983 1982/2005/1982
f 1982/2005/1982 2202/2237/2202 2201/2236/2201
f 2201/2236/2201 2188/2223/2188 1966/1989/1966
f 1966/1989/1966 1983/2006/1983 2201/2236/2201
f 2193/2228/2193 2202/2237/2202 1982/2005/1982
f 1982/2005/1982 1975/1998/1975 2193/2228/2193
f 2203/2238/2203 1995/2018/1995 1994/2017/1994
f 1994/2017/1994 2204/2239/2204 2203/2238/2203
f 2203/2238/2203 2194/2229/2194 1974/1997/1974
f 1974/1997/1974 1995/2018/1995 2203/2238/2203
f 2190/2225/2190 2204/2239/2204 1994/2017/1994
f 1994/2017/1994 1971/1994/1971 2190/2225/2190
