# Blender v2.82 (sub 7) OBJ File: ''
# www.blender.org
o asteroid1
v 0.805904 -0.224750 0.160947
v 0.791583 -0.289941 0.083149
v 0.873746 -0.170361 0.075119
v 0.696388 -0.392587 0.205650
v 0.707804 0.413990 0.265118
v 0.749451 0.392612 0.156611
v 0.789167 0.394282 0.057829
v 0.865762 0.236601 0.164593
v 1.265088 -0.241944 -0.700492
v 1.169693 -0.355927 -0.648346
v 1.199470 -0.320830 -0.766110
v 1.256968 -0.249922 -0.790476
v 1.095492 -0.424187 -0.713680
v 1.155871 -0.347250 -0.565314
v 1.251508 0.407410 -0.797123
v 1.166377 0.530714 -0.677252
v 1.266054 0.388833 -0.708117
v 1.241507 0.396062 -0.617966
v -1.563936 -0.479443 1.009594
v -1.471574 -0.579970 0.958552
v -1.363875 -0.673387 0.906570
v -1.316367 -0.661302 1.009022
v -1.629366 0.396602 0.800257
v -1.530598 0.379679 0.938158
v -1.436363 0.513086 0.878814
v -1.526116 0.524326 0.762310
v -1.455155 0.317484 1.078105
v -1.603694 0.250255 0.999075
v -1.481041 -0.241282 -0.427084
v -1.356534 -0.349399 -0.472712
v -1.459662 -0.384842 -0.262342
v -1.298806 0.438566 -0.665077
v -1.466666 0.370934 -0.482867
v -1.312871 0.694411 -0.495068
v -1.227347 0.598765 -0.664446
v -1.562294 0.481839 -0.259022
v -1.486018 0.629662 -0.273980
v 0.214933 -0.594582 1.137227
v 0.193841 -0.393480 1.316382
v 0.153224 -0.535784 1.224271
v 0.275376 -0.375620 1.281995
v 0.357010 -0.362727 1.222346
v 0.250686 0.411824 1.140842
v 0.279767 0.241514 1.292086
v 0.355621 0.373327 1.107487
v 0.469261 -0.245578 -1.439362
v 0.444038 -0.321144 -1.378082
v 0.588880 -0.393125 -1.263774
v 0.634274 -0.321215 -1.335162
v 0.503540 0.531258 -1.367062
v 0.390056 0.482986 -1.425420
v 0.385790 0.583231 -1.350588
v 0.584146 0.416190 -1.432756
v 0.631194 0.548113 -1.322791
v 0.228126 -1.127500 0.446978
v 0.219520 -1.110376 0.529503
v 0.163505 -1.151360 0.548172
v 0.174603 -1.165771 0.469116
v 0.213289 -1.075154 0.611818
v 0.160547 -1.116180 0.625280
v 0.285818 -1.034857 0.494434
v 0.263591 -0.999836 0.614518
v 0.346355 1.035060 0.222986
v 0.317648 0.929899 0.383256
v 0.372153 0.885866 0.349336
v 0.387145 0.950147 0.253419
v 0.321949 -0.957121 -0.317306
v 0.411058 -0.912191 -0.351687
v 0.356305 1.276890 -0.619316
v 0.463422 1.218734 -0.623330
v 0.467701 1.164820 -0.732888
v 0.366028 1.223079 -0.723386
v 0.569509 1.148413 -0.627332
v 0.568010 1.101363 -0.730980
v -0.537257 -0.382172 1.377669
v -0.458518 -0.475869 1.311370
v -0.455816 -0.572853 1.235396
v -0.709859 -0.502384 1.316376
v -0.685443 -0.584134 1.250416
v -0.455671 0.422867 1.188905
v -0.470007 0.324817 1.294704
v -0.545832 0.251950 1.354985
v -0.664132 0.325387 1.300067
v -0.484754 -0.325413 -1.303881
v -0.463774 -0.350639 -1.290699
v -0.480705 -0.298273 -1.324983
v -0.536076 -0.339235 -1.267429
v -0.518601 -0.300676 -1.304939
v -0.511728 0.416095 -1.370216
v -0.509965 0.510638 -1.331976
v -0.393427 0.491897 -1.386368
v -0.510983 0.607487 -1.274961
v -0.628213 0.530317 -1.250268
v -0.343193 -1.126861 0.620719
v -0.343358 -1.148105 0.574303
v -0.454741 -1.119851 0.543468
v -0.499966 -1.093513 0.614884
v -0.450243 1.163850 0.231088
v -0.423790 1.006432 0.405540
v -0.280838 1.036075 0.370824
v -0.280682 1.143802 0.252972
v -0.397075 0.894699 0.539351
v -0.508314 0.881533 0.569597
v -0.362091 -0.994519 -0.221358
v -0.376964 -0.897590 -0.443422
v -0.251036 -1.015776 -0.248580
v -0.503095 -0.842174 -0.459461
v -0.445235 1.209774 -0.720824
v -0.368172 1.306185 -0.613247
v -0.441296 1.348863 -0.490237
v -0.634249 1.232301 -0.599785
v -0.607513 1.293770 -0.500137
v -0.504247 1.363427 -0.267195
v -0.505179 1.343454 -0.074475
v -0.328393 1.376159 -0.200205
v -0.380371 1.386738 -0.308386
v -0.698378 1.224547 0.089229
v -0.705455 1.277706 -0.149127
v -0.831087 1.187899 0.005977
v -0.318414 1.312396 0.004299
v -0.226139 1.340211 -0.102262
v -0.370178 -1.036769 -0.087388
v -0.389332 -1.074031 0.134726
v -0.564942 -0.971006 0.041265
v -0.474064 -0.986139 -0.113292
v -0.267529 -1.124850 0.224594
v -0.244302 -1.084196 0.032118
v -0.533285 -1.053243 0.332190
v -0.501098 1.111420 -0.811625
v -0.490476 0.903435 -1.002116
v -0.649317 0.949271 -0.888450
v -0.593807 1.107872 -0.782051
v -0.311975 0.901419 -1.042140
v -0.126737 1.026213 -0.939719
v -0.637220 0.809324 -1.005502
v -0.421411 -0.702852 -0.773307
v -0.270940 -0.727578 -0.770220
v -0.297091 -0.828571 -0.621198
v -0.635661 -0.502140 -0.959686
v -0.563222 -0.653087 -0.757174
v -0.249850 -0.526720 -1.089483
v -0.513261 0.301400 -1.382878
v -0.507050 0.084176 -1.370814
v -0.695069 0.143084 -1.243833
v -0.595997 0.323801 -1.333591
v -0.337377 -0.007805 -1.414873
v -0.305584 0.136380 -1.428673
v -0.667144 -0.010815 -1.257326
v -0.386594 0.713782 0.791480
v -0.310479 0.920597 0.507418
v -0.579543 0.581092 0.983703
v -0.767123 0.706312 0.847046
v -0.229130 0.553525 1.015180
v -0.395465 -1.059568 0.702686
v -0.431981 -0.842142 0.960181
v -0.572597 -0.877751 0.910368
v -0.302601 -0.722731 1.083443
v -0.210765 -0.980416 0.816247
v -0.683841 -0.678111 1.157089
v -0.803548 -0.766839 1.038280
v -0.424316 0.083186 1.424089
v -0.502533 -0.072013 1.447008
v -0.352090 0.013484 1.428644
v -0.748752 -0.118426 1.415638
v -0.686877 0.004946 1.420762
v -0.389148 -0.199584 1.434031
v -0.167308 -0.067030 1.410344
v -0.247296 1.325077 -0.612629
v 0.007741 1.322636 -0.602422
v -0.092262 1.210674 -0.753515
v -0.268656 1.270686 -0.691784
v 0.103795 1.210757 -0.757238
v 0.096034 1.340238 -0.439176
v -0.095860 1.364896 -0.437449
v -0.143249 -0.998480 -0.322063
v 0.001944 -0.969803 -0.347580
v -0.071351 -1.034250 -0.181423
v -0.152369 -1.038340 -0.221664
v -0.065626 -0.882326 -0.519832
v -0.136585 1.115931 0.294576
v 0.003033 1.064777 0.361511
v -0.087104 1.177193 0.203981
v 0.041505 0.919545 0.548553
v -0.096173 0.901885 0.570300
v 0.041492 1.174129 0.168702
v 0.432524 1.232452 -0.286369
v 0.407342 1.182242 -0.135672
v 0.547608 1.094222 -0.248596
v 0.537713 1.161285 -0.324882
v 0.463255 1.045490 -0.022612
v 0.271861 1.202418 -0.026625
v 0.273297 1.268415 -0.212540
v -0.212792 -1.157309 0.565951
v -0.076598 -1.163876 0.559497
v -0.182969 -1.095403 0.675365
v -0.019929 -1.083582 0.695542
v 0.000542 -1.173474 0.408301
v -0.133575 -1.169371 0.418020
v 0.331167 -0.984891 -0.205023
v 0.285249 -1.056730 0.085062
v 0.154954 -1.102363 0.115828
v 0.278526 -1.002421 -0.197846
v 0.368073 -0.979361 0.147579
v 0.453837 -0.921325 -0.079814
v 0.501208 -0.861000 -0.019476
v -0.262376 0.509857 -1.392388
v -0.008169 0.511644 -1.389989
v -0.107800 0.369735 -1.432268
v -0.284788 0.434392 -1.419824
v 0.122524 0.370467 -1.454415
v 0.085920 0.657255 -1.282136
v -0.185550 0.612656 -1.320115
v 0.467958 1.011729 -0.911660
v 0.468145 0.889088 -1.025231
v 0.311861 1.004848 -0.950188
v 0.358760 1.081084 -0.883968
v 0.713037 0.708217 -1.113759
v 0.600897 0.898132 -0.939266
v 0.776608 0.740559 -1.021114
v 0.329347 0.793208 -1.146155
v -0.348187 -0.325714 -1.332560
v 0.002540 -0.320395 -1.366133
v -0.105482 -0.437884 -1.225631
v -0.371188 -0.360186 -1.299309
v 0.114096 -0.173570 -1.449272
v -0.107408 -0.189677 -1.417078
v 0.095182 -0.445471 -1.224783
v 0.373332 -0.895131 -0.431070
v 0.451023 -0.606964 -0.945724
v 0.534860 -0.675048 -0.760900
v 0.586380 -0.536615 -1.028174
v 0.752954 -0.526304 -0.938214
v 0.339686 -0.541655 -1.078210
v 0.222574 -0.789660 -0.667136
v 0.580693 0.240883 -1.494097
v 0.604092 0.091968 -1.508290
v 0.406058 0.180309 -1.511648
v 0.455113 0.303829 -1.499325
v 0.769530 0.002927 -1.427605
v 0.763623 0.176691 -1.427605
v 0.862790 0.088161 -1.366050
v 0.381593 0.045949 -1.512755
v -0.300459 0.328387 1.293196
v -0.101224 0.324965 1.280273
v -0.096908 0.472274 1.118138
v -0.295351 0.402947 1.213815
v -0.003313 0.193322 1.350117
v -0.172800 0.194459 1.357918
v 0.277557 0.762489 0.635206
v 0.261260 0.652031 0.795232
v 0.357262 0.657086 0.662557
v 0.353470 0.729947 0.562889
v 0.438625 0.506638 0.825765
v 0.141084 0.601922 0.922393
v 0.204976 0.802987 0.645642
v -0.220914 -0.467500 1.306250
v -0.104400 -0.468076 1.296343
v -0.169555 -0.331657 1.364440
v -0.262596 -0.379065 1.363717
v 0.011758 -0.557008 1.232122
v -0.167433 -0.601158 1.190937
v -0.005141 -0.332892 1.354993
v 0.206805 -0.936940 0.780101
v 0.208626 -0.813857 0.903626
v 0.103779 -0.917596 0.858981
v 0.141604 -0.994274 0.777344
v 0.395725 -0.624696 0.890539
v 0.297543 -0.810502 0.765845
v 0.098823 -0.761775 1.014164
v 0.344156 0.076993 1.327438
v 0.372575 -0.060046 1.333487
v 0.494085 0.030847 1.190148
v 0.433162 0.104287 1.243305
v 0.494085 -0.120273 1.190148
v 0.569659 -0.033012 1.081888
v 0.242270 -0.219065 1.368349
v 0.240825 0.067642 1.369892
v 0.132145 -0.067237 1.387026
v -0.853989 1.133313 -0.553246
v -1.031241 1.024994 -0.515461
v -0.954749 1.126176 -0.351141
v -0.828978 1.193981 -0.443013
v -1.193404 0.956506 -0.293387
v -1.093914 1.039777 -0.197931
v -0.935593 0.958334 -0.687192
v -0.736664 0.501920 -1.168881
v -0.957190 0.498096 -0.956151
v -0.845008 0.629294 -0.982207
v -0.717317 0.577897 -1.140371
v -1.086369 0.347134 -0.883060
v -0.880118 0.353560 -1.067021
v -0.643409 -0.799756 -0.402894
v -0.877335 -0.665370 -0.402786
v -0.757504 -0.661609 -0.554012
v -0.636032 -0.756395 -0.509769
v -0.946056 -0.560845 -0.560689
v -1.084742 -0.611943 -0.256488
v -0.741440 -0.834593 -0.118577
v -0.630446 -0.320825 -1.205909
v -0.935311 -0.317330 -0.941987
v -0.865004 -0.192598 -1.061205
v -0.614384 -0.284857 -1.243160
v -1.084517 -0.189485 -0.876497
v -0.918753 -0.424892 -0.827228
v -1.494399 0.189748 -0.484833
v -1.491081 0.057696 -0.482065
v -1.591932 0.147061 -0.239985
v -1.578232 0.273793 -0.341137
v -1.573235 -0.049487 -0.244752
v -1.663406 0.140414 0.079257
v -1.335960 -0.016290 -0.672060
v -1.367741 0.168505 -0.640009
v -0.832717 0.988214 0.470657
v -1.048910 0.832496 0.662053
v -0.916822 0.711422 0.849527
v -1.066905 0.694802 0.856350
v -1.165454 0.873900 0.464608
v -0.955563 0.982580 0.431818
v -0.830667 0.324398 1.286130
v -1.033199 0.326080 1.253004
v -0.939820 0.186384 1.335984
v -0.806740 0.236116 1.346589
v -1.200451 0.176056 1.266619
v -1.082151 0.091824 1.320269
v -1.058373 0.470490 1.118838
v -0.859203 0.437486 1.167251
v -1.616270 0.559389 0.008733
v -1.648055 0.549806 0.245475
v -1.487696 0.732871 0.061240
v -1.524238 0.690955 -0.050857
v -1.708350 0.340355 0.437142
v -1.653467 0.423361 -0.020942
v -1.696381 0.252576 0.275219
v -1.523758 0.663159 0.376956
v -1.385851 0.808540 0.161863
v -0.710400 -0.993853 0.678069
v -0.941983 -0.883171 0.748130
v -0.828318 -0.936415 0.546698
v -0.601577 -1.054321 0.585016
v -0.848897 -0.866081 0.865139
v -0.938122 -0.746486 1.041522
v -1.087154 -0.810714 0.582511
v -0.843939 -0.512209 1.303771
v -1.015517 -0.527918 1.269422
v -0.798900 -0.610170 1.224722
v -1.185993 -0.404781 1.273847
v -0.825543 -0.400332 1.364829
v -1.073409 -0.306842 1.324669
v -0.962775 -0.655262 1.155638
v -1.514123 -0.426737 0.004933
v -1.533777 -0.468225 0.240490
v -1.603166 -0.291614 0.121177
v -1.563427 -0.324399 -0.142643
v -1.630066 -0.349067 0.427710
v -1.334626 -0.588692 0.153649
v -1.648797 0.050115 1.036761
v -1.650753 -0.120839 1.047521
v -1.492283 -0.032891 1.178060
v -1.548680 0.062750 1.137651
v -1.689002 -0.189202 0.810614
v -1.711095 0.028022 0.814027
v -1.705716 -0.053143 0.654085
v -1.486510 -0.222561 1.179275
v -1.373923 -0.123401 1.236217
v 0.668618 1.066667 -0.629178
v 0.853825 0.856118 -0.640368
v 0.781551 0.879366 -0.768187
v 0.660655 1.032105 -0.722570
v 0.912529 0.767743 -0.788988
v 0.884750 0.776304 -0.504574
v 0.755525 0.939954 -0.481328
v 0.840809 0.497240 -1.250380
v 0.990888 0.488838 -1.142603
v 0.941025 0.357870 -1.256065
v 0.836278 0.406622 -1.314862
v 1.110347 0.351964 -1.092650
v 1.042782 0.271872 -1.189633
v 0.939632 0.627767 -1.026233
v 0.852348 0.605791 -1.137942
v 0.603210 -0.777917 -0.436722
v 0.784541 -0.651668 -0.499302
v 0.659391 -0.753023 -0.319598
v 0.551340 -0.836080 -0.319458
v 0.855090 -0.579148 -0.407344
v 0.722835 -0.679775 -0.270600
v 0.931324 -0.538525 -0.668220
v 0.671231 -0.689000 -0.589264
v 0.816227 -0.535881 -0.854215
v 0.854874 -0.316865 -1.232188
v 0.999117 -0.313769 -1.123580
v 0.817736 -0.409644 -1.128173
v 1.118556 -0.186672 -1.086497
v 0.952407 -0.183937 -1.249912
v 1.050027 -0.102915 -1.186066
v 0.925106 -0.433629 -0.984390
v 1.327551 0.211270 -0.754141
v 1.339741 0.073074 -0.773170
v 1.279400 0.161485 -0.920770
v 1.301681 0.243340 -0.857553
v 1.301093 -0.083286 -0.646718
v 1.300686 0.223791 -0.646593
v 1.187703 0.066490 -0.415627
v 1.282134 -0.008338 -0.920770
v 1.221802 0.078921 -1.012859
v 0.461727 0.747560 0.323539
v 0.558623 0.667585 0.224949
v 0.634526 0.695893 0.048006
v 0.481341 0.938054 0.077629
v 0.586613 0.560074 0.380748
v 0.489779 0.656650 0.406961
v 0.531791 0.325115 0.955965
v 0.649962 0.327272 0.768755
v 0.547304 0.425351 0.799735
v 0.429366 0.389518 1.019959
v 0.736020 0.225393 0.665424
v 0.620678 0.208939 0.923620
v 0.697508 0.148795 0.805710
v 0.627606 0.426009 0.619979
v 0.567318 0.479002 0.654277
v 1.161225 0.437614 -0.508598
v 1.007510 0.409149 -0.275963
v 1.119766 0.292987 -0.369019
v 1.211093 0.369836 -0.534756
v 1.022100 0.283558 -0.193419
v 0.793845 0.565956 -0.100645
v 0.960975 0.555788 -0.341161
v 0.792078 0.656699 -0.181571
v 0.381018 -0.869345 0.464335
v 0.500786 -0.708867 0.336233
v 0.427118 -0.756674 0.513352
v 0.533186 -0.618890 0.454134
v 0.491273 -0.634002 0.614674
v 0.612168 -0.621381 0.144378
v 0.451988 -0.831681 0.257299
v 0.637620 -0.653768 0.029109
v 0.533589 -0.327034 1.022268
v 0.642208 -0.352564 0.786267
v 0.618381 -0.250727 0.928313
v 0.733602 -0.213600 0.676292
v 0.696176 -0.162708 0.808430
v 0.604431 -0.465921 0.651152
v 0.528829 -0.490703 0.837483
v 0.499866 -0.565142 0.772957
v 1.155370 -0.298599 -0.498855
v 0.999374 -0.286725 -0.260395
v 0.942575 -0.415923 -0.294752
v 1.022702 -0.158528 -0.194239
v 1.115878 -0.163039 -0.361121
v 0.848567 -0.419188 -0.128866
v 0.818021 -0.505808 -0.169363
v 0.907183 0.152084 0.197327
v 0.940772 0.051677 0.198671
v 0.987945 0.123259 0.022434
v 0.930572 0.201600 0.070680
v 0.991519 -0.004252 0.018969
v 1.032344 0.059646 -0.073355
v 0.868674 -0.028138 0.400140
v 0.834145 0.124085 0.484022
v 0.827683 0.021846 0.528862
v 0.918094 -0.033963 0.195502
v 0.900931 -0.079838 0.172810
v 0.934101 -0.091091 0.051373
v 0.957635 -0.053528 0.049426
v 0.890666 -0.135807 0.155604
v 0.916820 -0.139145 0.068085
v 0.885834 -0.266877 -0.089737
v 0.820959 -0.353346 -0.053132
v 0.840941 -0.318524 -0.043439
v 0.741005 -0.251618 0.578208
v 0.682678 -0.363239 0.496120
v 0.774568 -0.223028 0.463916
v 0.739815 -0.313396 0.423453
v 0.786998 -0.245551 0.403227
v 0.632471 -0.497008 0.234084
v 0.616103 -0.491969 0.350820
v 0.675129 -0.451444 0.229041
v 0.660644 -0.452284 0.324703
v 0.954854 0.270341 -0.065369
v 0.870624 0.367672 -0.045284
v 0.683537 0.387673 0.505641
v 0.740488 0.289409 0.555944
v 0.725149 0.486692 0.073851
v 0.679003 0.491889 0.176477
v 1.295987 -0.174593 -0.816393
v 1.308826 -0.159967 -0.729019
v 1.329083 -0.066189 -0.754141
v 1.305619 -0.093453 -0.857553
v 1.101994 -0.396107 -0.820172
v 1.168727 -0.321809 -0.870460
v 1.108768 -0.318396 -0.979826
v 1.051955 -0.396350 -0.909484
v 1.047106 -0.446673 -0.523533
v 1.050621 -0.461210 -0.601877
v 1.211312 0.422470 -0.896135
v 1.104985 0.485426 -0.998018
v 1.172097 0.393496 -0.992170
v 1.109595 0.598958 -0.759800
v 1.075154 0.638210 -0.666061
v 0.998792 0.705307 -0.760603
v -1.611181 -0.435419 1.029312
v -1.548287 -0.447186 1.107462
v -1.534643 -0.323540 1.140008
v -1.561873 -0.539680 0.636256
v -1.624451 -0.460745 0.679086
v -1.567411 -0.572816 0.737823
v -1.615162 -0.518898 0.776137
v -1.373145 -0.587652 1.122531
v -1.240984 -0.637260 1.109733
v -1.311157 -0.647245 1.085284
v -1.243750 -0.744442 0.854222
v -1.307494 -0.721938 0.749294
v -1.335093 -0.716073 0.898963
v -1.381245 -0.702597 0.811057
v -1.650268 0.465564 0.648437
v -1.577818 0.549287 0.635289
v -1.643060 0.458911 0.739922
v -1.587420 0.527355 0.717829
v -1.344388 0.337294 1.139755
v -1.394719 0.241882 1.174429
v -1.408272 0.355576 1.111341
v -1.456903 0.285112 1.135411
v -1.350274 0.605250 0.833344
v -1.296246 0.572279 0.922420
v -1.195544 0.635537 0.886633
v -1.415953 0.566522 0.864948
v -1.365849 0.541297 0.943342
v -1.488103 -0.074324 -0.489151
v -1.489529 -0.179942 -0.505818
v -1.550519 -0.210677 -0.366826
v -1.554994 -0.122665 -0.324904
v -1.141079 -0.318045 -0.776939
v -1.204984 -0.237863 -0.775513
v -1.213011 -0.342928 -0.721267
v -1.275119 -0.277335 -0.718996
v -1.111827 -0.534630 -0.448352
v -1.077166 -0.504284 -0.565233
v -1.196538 -0.504399 -0.464355
v -1.142854 -0.487678 -0.565688
v -1.158214 0.506866 -0.782889
v -1.123201 0.623140 -0.763136
v -1.229345 0.515065 -0.737155
v -1.193119 0.610515 -0.728885
v -1.247879 0.821094 -0.484837
v -1.336401 0.809517 -0.357588
v -1.276490 0.874317 -0.338577
v -1.295685 0.764018 -0.507297
v -1.377076 0.763679 -0.383529
v 0.394484 -0.289443 1.243772
v 0.309771 -0.292905 1.314695
v 0.344156 -0.198669 1.327438
v 0.433162 -0.207168 1.243305
v 0.139926 -0.626888 1.148219
v 0.133253 -0.380793 1.340935
v 0.083520 -0.464320 1.299535
v 0.060099 -0.377925 1.344193
v 0.247075 0.490208 1.041271
v 0.331007 0.472485 1.003600
v 0.254934 0.451993 1.121494
v 0.315672 0.446415 1.085555
v 0.053981 0.327694 1.285317
v 0.068552 0.395406 1.219465
v 0.139770 0.340658 1.294119
v 0.138597 0.387806 1.247260
v 0.455493 -0.170451 -1.482160
v 0.574177 -0.157054 -1.469445
v 0.592507 -0.057634 -1.494097
v 0.464507 -0.084345 -1.504503
v 0.602924 -0.452328 -1.172633
v 0.411253 -0.463885 -1.201074
v 0.283255 -0.396402 -1.307267
v 0.303380 -0.322996 -1.388661
v 0.405490 -0.391206 -1.304008
v 0.478246 0.697403 -1.227630
v 0.388737 0.680779 -1.262592
v 0.491480 0.652471 -1.295928
v 0.417163 0.646800 -1.314967
v 0.255292 0.508397 -1.412010
v 0.292238 0.427528 -1.458054
v 0.338083 0.526109 -1.423437
v 0.362238 0.471269 -1.457898
v 0.184633 -1.162639 0.385617
v 0.238254 -1.126499 0.352140
v 0.184387 -1.145189 0.295183
v 0.104766 -1.135426 0.634100
v 0.097299 -1.173171 0.559715
v 0.044168 -1.124382 0.652745
v 0.366720 1.090175 0.113200
v 0.408166 1.036265 0.118559
v 0.367617 1.070392 0.188957
v 0.396720 1.035854 0.184221
v 0.201217 1.037519 0.351071
v 0.221571 1.084013 0.269088
v 0.257175 1.028871 0.356357
v 0.274543 1.066479 0.290820
v 0.230284 -0.972553 -0.312680
v 0.269923 1.258885 -0.714995
v 0.243410 1.315959 -0.616264
v 0.186321 1.254985 -0.720240
v -0.358763 -0.293791 1.409852
v -0.584633 -0.301897 1.417109
v -0.493631 -0.199176 1.439504
v -0.602693 -0.673688 1.159384
v -0.351844 -0.644507 1.164442
v -0.501550 -0.216539 -1.338696
v -0.552878 -0.228066 -1.307680
v -0.503497 -0.290553 -1.338678
v -0.526304 -0.293752 -1.325300
v -0.477200 -0.418665 -1.191065
v -0.407474 -0.403008 -1.238787
v -0.510798 -0.384639 -1.245909
v -0.475969 -0.376461 -1.281806
v -0.502220 0.704771 -1.193512
v -0.587328 0.690230 -1.153736
v -0.516294 0.647374 -1.267896
v -0.583028 0.638669 -1.234270
v -0.401134 -1.129630 0.442683
v -0.242404 1.209410 0.176141
v -0.407061 1.267790 0.090649
v -0.423324 1.385806 -0.463878
v -0.499387 1.369464 -0.451267
v -0.482424 -0.939937 -0.241985
v -0.579441 1.165166 -0.751907
v -0.395478 -0.803223 -0.622325
v -0.273359 -0.909659 -0.476900
v -0.518638 0.387194 -1.397038
v -0.586084 0.393097 -1.355914
v -0.523177 -1.065812 0.663611
v -0.376947 0.180883 1.391373
v -0.572832 0.174705 1.395787
v -0.328856 0.258288 1.348922
v -0.324881 1.335206 -0.620516
v 0.554997 1.181010 -0.413701
v 0.446985 1.255762 -0.391579
v 0.456900 1.250119 -0.506730
v 0.557778 1.182173 -0.516725
v -0.360431 0.517501 -1.404850
v -0.368643 0.463131 -1.424660
v 0.371376 1.153971 -0.814037
v 0.469345 1.093958 -0.830600
v -0.444303 -0.332629 -1.337011
v -0.445428 -0.351813 -1.319618
v 0.552376 0.390691 -1.478584
v 0.475152 0.399459 -1.487668
v 0.349922 0.791655 0.502115
v 0.292452 0.828555 0.546934
v 0.312931 0.879208 0.497122
v 0.344098 0.853455 0.479003
v 0.156367 -1.062921 0.701363
v 0.209146 -1.018465 0.694994
v 0.366647 0.225862 1.272782
v 0.305822 0.218427 1.322017
v -0.735947 1.241251 -0.493128
v -0.749720 1.192179 -0.579509
v -0.688211 1.235164 -0.600316
v -0.679997 1.274575 -0.531520
v -0.672392 0.516678 -1.250012
v -0.560921 -0.341887 -1.274046
v -1.503093 0.316490 -0.499165
v -1.577487 0.342526 -0.368245
v -0.634370 0.886534 0.584428
v -0.687915 1.013411 0.436786
v -0.683165 0.248034 1.356545
v -1.530344 0.663938 -0.192829
v -1.591399 0.556244 -0.192290
v -1.508867 -0.408088 -0.117729
v -1.506837 -0.406008 -0.197841
v -1.554178 -0.336405 -0.221853
v -1.578020 0.204916 1.099949
v -1.645597 0.188754 1.027880
v 0.752302 0.433145 -1.359210
v 0.748098 0.505146 -1.308837
v 0.696757 0.461767 -1.390112
v 0.408072 -0.928971 -0.296589
v 0.706824 -0.388265 -1.228436
v 0.743596 -0.320429 -1.295079
v 1.290202 0.324630 -0.825852
v 1.307590 0.304817 -0.730925
v 0.440468 0.948418 0.157710
v 0.416925 0.810480 0.350177
v 0.408253 0.897477 0.310049
v 0.417042 0.942632 0.247117
v 0.463696 0.279727 1.102930
v 0.327293 -0.912115 0.567157
v 0.445066 -0.345516 1.135711
v 1.075688 -0.391041 -0.475005
v 1.070910 0.135531 -0.189341
v 1.013939 0.196236 -0.097991
v 1.188597 0.156519 -0.431680
v 1.188202 -0.023843 -0.430939
v 1.070496 -0.011026 -0.188491
v 1.017162 -0.071745 -0.102035
v -1.683750 -0.135513 0.456521
v -1.669881 -0.318695 0.681544
v -1.672482 -0.025900 0.229238
v -1.592889 -0.186959 -0.108651
v -1.637925 0.299053 -0.127215
v -1.710963 0.095826 0.461010
v -1.724442 0.176053 0.618131
v 0.765646 -0.065460 0.676630
v 0.804087 -0.112833 0.551660
v 0.642739 -0.094971 0.945619
v 0.570054 -0.178469 1.057882
v 0.643072 0.056162 0.944938
v 0.570628 0.114994 1.056709
v 0.765979 0.080407 0.675949
v 1.137668 0.171323 -1.110315
v 1.201325 0.249270 -1.020483
v 0.962549 0.176259 -1.281354
v 0.867591 0.259799 -1.345255
v 0.966985 -0.003937 -1.280463
v 0.877163 -0.083705 -1.343717
v 1.141230 -0.007998 -1.109423
v 1.207124 -0.090268 -1.018945
v 0.376773 -0.770408 0.641239
v 0.769800 -0.599589 -0.213189
v 0.882690 -0.517010 -0.328860
v 0.564220 -0.767678 0.014873
v 0.410439 -0.913417 0.206731
v 0.724766 -0.529487 -0.001856
v 0.487925 0.530339 0.702272
v 0.435138 0.652795 0.527903
v 0.705039 -0.470520 -1.092764
v 0.601687 -0.693309 -0.661357
v 0.991302 -0.469140 -0.807657
v 0.913115 0.709351 -0.924229
v 0.780331 0.788394 -0.940457
v 0.696835 0.892968 -0.858172
v 0.672600 0.968553 -0.326815
v 0.791239 0.764444 -0.297804
v 0.923565 0.669587 -0.412500
v -1.228572 -0.020469 1.290120
v -1.345430 0.061765 1.240588
v -0.954077 -0.005093 1.367177
v -0.826557 0.086656 1.385792
v -0.950383 -0.194753 1.368694
v -0.741180 -0.309587 1.404090
v -1.224123 -0.213233 1.291846
v -1.335845 -0.308677 1.243950
v -0.002314 -0.957301 0.835727
v -0.050666 -0.783859 1.014987
v 0.021027 -0.156292 1.390162
v 0.147462 -0.293872 1.367216
v -0.168254 -0.156937 1.404431
v -0.285499 -0.274336 1.403961
v -0.168005 0.018494 1.403697
v -0.298800 0.143253 1.396714
v 0.021276 0.019140 1.389428
v 0.119247 0.122599 1.372057
v 0.150562 0.184107 -1.486087
v 0.289682 0.298512 -1.490783
v -0.161871 0.222082 -1.445311
v -0.050983 0.022814 -1.463406
v -0.212979 -0.092116 -1.427548
v 0.155382 -0.000519 -1.485120
v 0.337549 -0.138334 -1.488866
v -1.113698 -0.016408 -0.875948
v -1.235649 -0.116608 -0.766145
v -0.891053 -0.009920 -1.073676
v -0.778495 -0.095938 -1.159047
v -0.969872 0.120159 -1.008302
v -0.739621 0.298698 -1.205047
v -1.179621 0.210009 -0.815831
v 0.179218 1.091110 -0.877501
v -0.237402 0.727974 -1.216180
v 0.027417 0.918402 -1.045242
v -0.634668 -0.936216 0.823479
v 0.007137 -1.101890 0.063405
v 0.182508 -1.027502 -0.162416
v -0.146471 -1.068968 -0.054948
v -0.115280 -1.138022 0.216126
v -0.229038 -1.158462 0.363333
v 0.043042 -1.143388 0.244212
v -0.924950 0.618488 0.968916
v -1.067302 0.584870 0.995580
v -0.734212 0.519059 1.072022
v 0.000072 0.607670 0.942772
v -0.096929 0.756849 0.755674
v 0.072393 0.809453 0.680657
v -1.239828 0.934120 -0.016043
v -1.340026 0.860185 -0.108640
v -0.974360 1.118713 -0.086659
v -0.847110 1.205853 -0.236261
v -0.975750 1.069633 0.177185
v -0.841717 1.108041 0.251501
v -1.247957 0.888574 0.259085
v -1.362400 0.772064 0.422810
v -0.745400 -0.539337 -0.802977
v -0.966093 -0.486581 -0.685449
v -0.605710 -0.719037 -0.609362
v 0.128671 -0.566782 -1.041820
v -0.094385 -0.592199 -1.001057
v 0.026451 -0.714741 -0.803550
v -0.163051 -0.799787 -0.661749
v -1.170066 -0.736986 0.391848
v -0.905685 -0.842717 0.232928
v -0.637504 -1.022451 0.445773
v -0.873633 0.833829 -0.831223
v -0.743977 0.721410 -0.999282
v -0.795521 0.948437 -0.802601
v 0.125294 1.228315 0.013958
v -0.106633 1.284343 -0.003732
v -0.190187 1.255684 0.092898
v -0.109197 1.349390 -0.216483
v -0.202086 1.379545 -0.311524
v 0.093216 1.310815 -0.224642
v 0.181253 1.316569 -0.320876
v 0.710347 -0.005813 0.814265
v 1.057719 0.083907 -1.200534
v -1.092333 -0.108905 1.335539
v -1.114075 1.009189 0.084150
v -0.007589 1.303106 -0.113694
v 1.288231 0.306898 -0.644571
v 1.250965 0.304383 -0.570131
v 1.212226 -0.226599 -0.532523
v 1.250577 -0.166482 -0.568699
v 1.288212 -0.165738 -0.642765
v 0.929125 -0.163162 0.001099
v 0.951280 -0.121903 -0.031578
v 0.938820 -0.177022 -0.082731
v -1.642853 -0.475400 0.841008
v -1.644269 -0.440567 0.925820
v -1.669186 -0.307225 0.886768
v -1.573254 -0.260110 -0.266603
v -1.623478 0.376799 -0.251912
v -1.623284 0.460791 -0.209718
v -1.706857 0.287282 0.840712
v -1.691239 0.227753 0.929227
v -1.722259 0.230485 0.731958
v -1.704983 0.115806 0.890581
v -1.691807 0.367544 0.769161
v -1.705649 0.364814 0.593740
v 0.830359 -0.188751 0.352408
v 0.825499 -0.148851 0.411426
v 0.499193 -0.247715 1.138929
v 0.407974 0.249067 1.218973
v 0.480292 0.176823 1.156464
v 0.417613 0.293329 1.168214
v 0.533896 0.242766 1.035158
v 0.820187 0.249692 0.315967
v 0.817055 0.208248 0.438627
v 1.243179 0.308706 -0.941716
v 0.678891 0.418286 -1.425607
v 0.758012 0.341893 -1.396483
v 0.627135 0.395949 -1.456073
v 0.695663 0.264962 -1.449908
v 0.751883 -0.247470 -1.357948
v 0.691372 -0.170649 -1.429809
v 0.799949 -0.146892 -1.383912
v 0.852581 -0.229170 -1.308085
v 0.708789 -0.084098 -1.449908
v 1.235896 -0.236034 -0.888690
v 1.249443 -0.153716 -0.940022
v 1.179211 -0.233108 -0.985393
v 0.669088 -0.429320 0.399276
v 0.630638 -0.455595 0.443432
v 0.388626 -0.552823 0.998056
v 0.475413 -0.480782 0.949805
v 0.300446 -0.568518 1.086249
v 0.306492 -0.649602 0.988967
v 0.401352 -0.957129 -0.153252
v 0.288711 -1.059728 0.413703
v 0.290930 -1.068685 0.340300
v 0.766609 -0.400048 0.052760
v 0.750178 -0.428403 0.017924
v 0.681716 -0.477016 0.118221
v 0.388513 0.440655 0.994925
v 0.372011 0.843180 0.440296
v 0.393482 0.861695 0.378389
v 1.104104 0.575259 -0.852739
v 1.025330 0.647594 -0.862720
v 1.058395 0.572213 -0.948363
v 0.597428 1.029974 -0.804306
v 0.666100 0.637052 -1.227581
v 0.717747 0.576478 -1.263125
v 0.670693 0.573381 -1.312371
v 0.595011 0.678835 -1.211571
v 0.799652 0.442836 -0.012883
v 0.414908 0.991575 0.200046
v 0.646060 1.105731 -0.524875
v 0.633992 1.088729 -0.408364
v 0.709382 1.026474 -0.516944
v 1.097625 0.539436 -0.512774
v 1.069560 0.618447 -0.583703
v -1.517677 0.226560 1.134983
v -1.429232 0.129006 1.195090
v -0.726972 0.154793 1.390417
v -0.614703 0.095216 1.417254
v -0.712863 -0.396851 1.378281
v -0.621793 -0.236250 1.430369
v -1.484559 -0.473889 1.146253
v -1.413893 -0.385842 1.199701
v -1.294894 -0.465818 1.219499
v 0.102415 -1.080463 0.703976
v -0.294730 -1.056520 0.721902
v -0.257759 -0.558088 1.237540
v 0.081134 -0.575176 1.214210
v 0.229813 -0.312703 1.347849
v -0.250528 0.238159 1.350909
v 0.200685 0.246587 1.349918
v 0.246934 0.225662 1.347300
v 0.062293 0.238159 1.338808
v 0.409392 0.423946 -1.481761
v -0.397625 0.419199 -1.430558
v -0.331754 0.359056 -1.428254
v -0.415433 0.315296 -1.416622
v -0.451499 0.395083 -1.421686
v -0.459509 -0.300474 -1.350113
v -0.409002 -0.249415 -1.361069
v -0.372477 -0.279151 -1.356510
v -0.449216 -0.316407 -1.345966
v -0.447979 -0.223685 -1.357845
v 0.346989 -0.248962 -1.445745
v 0.242969 -0.231175 -1.446834
v -1.335313 -0.205489 -0.695880
v -1.414174 -0.177527 -0.616747
v -1.387725 -0.088785 -0.629540
v -0.551705 -0.303371 -1.304543
v -0.590224 -0.247838 -1.275374
v -0.637857 0.416132 -1.312599
v -0.724239 0.422585 -1.209396
v -0.666032 0.461509 -1.277787
v -1.343382 0.351483 -0.687188
v -1.290173 0.294261 -0.721863
v -1.418405 0.318969 -0.611754
v -1.214068 0.386153 -0.773245
v 0.285875 1.187667 -0.795153
v -0.365152 1.243933 -0.735272
v -0.307130 1.198339 -0.766838
v -0.393412 1.150031 -0.802748
v -0.425795 1.207180 -0.760959
v -0.394293 0.617839 -1.332781
v -0.304066 0.585212 -1.349725
v -0.366633 0.573659 -1.370809
v -0.402657 0.698916 -1.232601
v 0.361313 0.623752 -1.342424
v 0.297783 0.658696 -1.285022
v 0.259194 0.588335 -1.351221
v -1.281409 -0.688369 1.038207
v -1.192506 -0.694035 1.045628
v -1.195333 -0.732634 0.963037
v -0.254326 -1.066747 -0.092009
v -0.187680 -1.062321 -0.130753
v -0.342985 -1.154940 0.528453
v -0.329330 -1.150022 0.425309
v -0.225123 -1.168139 0.482901
v 0.130517 -1.176993 0.397600
v 0.118605 -1.185017 0.477936
v 0.060476 -1.184994 0.461878
v -1.254183 0.521941 1.008389
v -1.259298 0.448677 1.081846
v -0.626693 0.404166 1.216707
v 0.158237 0.427002 1.196831
v 0.095987 0.459032 1.133640
v 0.168798 0.485500 1.083994
v -0.168527 0.966343 0.472067
v 0.258473 0.940993 0.476030
v 0.201730 0.916058 0.514300
v 0.246443 0.869598 0.544321
v 0.282228 0.906747 0.497961
v 0.189331 0.974880 0.444999
v -1.461925 0.731923 -0.271966
v -1.401686 0.803143 -0.178890
v -0.646301 1.310983 -0.478042
v -0.714127 1.276624 -0.384181
v -0.580379 1.343403 -0.453552
v -0.635021 1.318374 -0.284616
v -0.613709 1.129143 0.285913
v -0.675581 1.160291 0.237821
v -1.494591 0.609722 0.654197
v -1.417114 0.624097 0.731934
v -1.121493 -0.455815 -0.651552
v -1.060023 -0.462095 -0.664941
v -1.073263 -0.400115 -0.740714
v -0.515104 -0.748507 -0.639533
v -0.542849 -0.369599 -1.254553
v -0.549146 -0.400057 -1.178130
v -0.607200 -0.361590 -1.184123
v -0.554580 -0.357442 -1.262249
v 0.298816 -0.455182 -1.222402
v -0.453589 -0.368157 -1.298844
v -0.177148 -0.923967 -0.473430
v -0.214978 -0.868025 -0.565737
v 0.315993 -0.910236 -0.428390
v 0.276717 -0.891565 -0.476541
v -1.384731 -0.677027 0.669309
v -1.467535 -0.617673 0.623679
v -0.593146 -0.893889 -0.221113
v -1.289177 -0.538793 -0.165392
v -1.411836 -0.483209 -0.114677
v -1.431059 -0.466707 -0.202134
v -1.213073 -0.539380 -0.309753
v -0.663688 0.646023 -1.134323
v -0.680434 1.109859 -0.734920
v -0.729214 1.148412 -0.661801
v -0.677945 1.194686 -0.666029
v -1.184689 0.693826 -0.692890
v -1.110634 0.726900 -0.714787
v -1.168740 0.785589 -0.618655
v 0.301129 1.090584 0.234931
v 0.257456 1.116611 0.190164
v 0.305850 1.123494 0.132383
v -0.366771 1.387946 -0.493863
v -0.274335 1.367322 -0.524203
v -0.334550 1.369175 -0.551713
v -0.273526 1.388498 -0.390081
v -0.193847 1.368901 -0.494176
v 0.351496 1.307346 -0.403400
v 0.269185 1.330975 -0.414149
v 0.330403 1.290538 -0.312697
v 0.260720 1.337050 -0.508947
v 0.177933 1.343175 -0.491203
v 0.878205 -0.264377 -0.034518
v 0.826851 -0.334686 -0.006246
v 0.912559 -0.206939 -0.031795
v 0.712815 -0.436178 0.136563
v 0.699538 -0.376667 0.426139
v 0.863319 -0.152522 0.260408
v 0.397730 0.384861 1.089987
v 0.365389 0.426929 1.068433
v 0.164423 0.285344 1.333330
v 0.199761 0.446506 1.157046
v 0.690422 0.516989 -1.351661
v 0.631453 0.619349 -1.285657
v 0.567228 0.644152 -1.283378
v 0.336525 0.580838 -1.381257
v -0.663778 0.570708 -1.224066
v -0.635343 0.613835 -1.214819
v -0.447318 0.641643 -1.300345
v -1.605371 -0.460287 1.021104
v -1.551723 -0.468749 1.091615
v -1.295063 -0.710889 0.976555
v -1.487592 -0.492813 1.132336
v -1.432402 -0.532061 1.142120
v -1.635096 -0.460814 0.929997
v -1.434933 -0.672892 0.743759
v -1.503062 -0.625833 0.721281
v -1.637410 0.213916 1.029924
v -1.696050 0.305350 0.852569
v -1.678631 0.247743 0.942370
v -1.680662 0.381262 0.784728
v -1.341360 0.500054 1.011821
v -1.360416 0.435417 1.067786
v -1.526179 0.572557 0.729330
v -1.469203 0.581078 0.785972
v 0.333540 1.090023 0.204023
v 0.251082 0.984286 0.423903
v -1.534120 0.651380 -0.213635
v -1.615975 0.392439 -0.269133
v -1.222403 0.742057 -0.618682
v -1.280854 0.419439 -0.726855
v -1.486174 -0.203362 -0.502222
v -1.538670 -0.230672 -0.383574
v -1.340677 -0.226427 -0.683493
v -1.416529 -0.201342 -0.606095
v -1.345735 -0.506732 -0.247783
v -1.266863 -0.515447 -0.343779
v -1.151884 -0.406923 -0.699666
v -1.563291 -0.277891 -0.280485
v -0.519068 -0.378150 -1.260422
v -0.560023 -0.322046 -1.289389
v -0.460295 -0.308775 -1.329260
v -0.479803 -0.294137 -1.346960
v -0.500800 1.181068 -0.765321
v -0.332938 1.290059 -0.684890
v -0.643603 1.167464 -0.719222
v 0.854403 -0.162983 0.156985
v 0.829700 -0.177987 0.252377
v 0.780711 -0.239945 0.267478
v 0.782755 -0.343779 0.049454
v 0.844695 -0.260101 0.011569
v 0.883466 -0.194143 0.019677
v 0.794444 -0.219605 0.334729
v 0.708827 -0.344039 0.369819
v 0.679806 -0.396910 0.297686
v 0.725037 -0.390505 0.128866
v 0.330372 0.404678 1.094422
v 0.186000 0.402776 1.185794
v 0.167557 0.370976 1.225529
v 0.178704 0.297934 1.291411
v 0.369002 0.261610 1.210295
v 0.222223 0.252402 1.312378
v 0.434137 0.609779 -1.321903
v 0.591023 0.595480 -1.296590
v 0.443882 0.431712 -1.451949
v 0.645360 0.441715 -1.399053
v -0.597174 0.593463 -1.232705
v -0.415609 0.588822 -1.324644
v -0.606711 0.435313 -1.306330
v -0.426118 0.431814 -1.398408
v -1.598901 -0.488608 0.871290
v -1.557128 -0.548041 0.792551
v -1.438776 -0.644742 0.781069
v -1.347097 -0.620143 1.050907
v -1.467398 -0.511324 1.090888
v -1.375363 0.470051 0.987108
v -1.525679 0.248242 1.080091
v -1.652052 0.301972 0.883161
v 0.384799 0.992774 0.216167
v 0.308683 1.056796 0.241389
v 0.285503 1.037564 0.285094
v 0.264271 0.975819 0.387204
v 0.274762 0.925015 0.452451
v 0.349659 0.863871 0.421489
v -1.421717 0.693788 -0.332404
v -1.223847 0.665545 -0.633778
v -1.557804 0.404602 -0.323589
v -1.359218 0.377152 -0.626297
v -1.338616 -0.244282 -0.633660
v -1.239993 -0.338467 -0.653633
v -1.161488 -0.432221 -0.602431
v -1.282313 -0.471630 -0.364714
v -1.514827 -0.296738 -0.301020
v -1.354902 -0.463056 -0.279212
v -0.524033 -0.354848 -1.258882
v -0.535109 -0.309805 -1.292897
v -0.604925 1.180301 -0.690956
v -0.383340 1.249558 -0.693313
v -0.384273 1.350947 -0.523226
v 1.247372 -0.239929 -0.616632
v 1.140053 0.536140 -0.591875
v 0.651646 -0.247696 -1.396859
v 0.355796 1.303888 -0.509130
vt 0.281422 0.190117
vt 0.271175 0.178496
vt 0.284352 0.180215
vt 0.301354 0.194426
vt 0.242099 0.104135
vt 0.252951 0.099885
vt 0.257312 0.122681
vt 0.247356 0.132347
vt 0.171127 0.212903
vt 0.185525 0.226222
vt 0.170141 0.227213
vt 0.162021 0.218383
vt 0.184763 0.240198
vt 0.091526 0.964028
vt 0.110116 0.970225
vt 0.091976 0.974229
vt 0.142601 0.133654
vt 0.145519 0.112094
vt 0.152722 0.131368
vt 0.713111 0.649761
vt 0.702588 0.658130
vt 0.698165 0.639408
vt 0.522404 0.669737
vt 0.538060 0.677811
vt 0.527256 0.694426
vt 0.514514 0.686193
vt 0.555991 0.680674
vt 0.548873 0.663308
vt 0.356200 0.565783
vt 0.347458 0.550944
vt 0.374364 0.550122
vt 0.319995 0.663300
vt 0.345443 0.653589
vt 0.338843 0.691141
vt 0.316598 0.682329
vt 0.371896 0.663766
vt 0.368608 0.681009
vt 0.720108 0.841815
vt 0.736579 0.831208
vt 0.751139 0.835147
vt 0.419513 0.113228
vt 0.426945 0.142471
vt 0.409069 0.117561
vt 0.358015 0.039245
vt 0.379145 0.050536
vt 0.355185 0.051007
vt 0.144552 0.327516
vt 0.130439 0.347609
vt 0.131523 0.322085
vt 0.102162 0.839153
vt 0.115416 0.841581
vt 0.106401 0.852592
vt 0.090631 0.857067
vt 0.106483 0.866709
vt 0.402648 0.265439
vt 0.410138 0.254608
vt 0.417383 0.258230
vt 0.409435 0.272764
vt 0.415745 0.241605
vt 0.422578 0.245669
vt 0.397050 0.249044
vt 0.408076 0.233188
vt 0.247159 0.011766
vt 0.266731 0.015407
vt 0.263785 0.023413
vt 0.252354 0.020822
vt 0.293996 0.315365
vt 0.273457 0.315600
vt 0.282462 0.306320
vt 0.228943 0.911157
vt 0.217120 0.920993
vt 0.205343 0.910405
vt 0.217246 0.902427
vt 0.203769 0.930235
vt 0.193281 0.919280
vt 0.701860 0.767066
vt 0.696641 0.791676
vt 0.687161 0.762734
vt 0.715109 0.763032
vt 0.693871 0.738980
vt 0.706807 0.738649
vt 0.590956 0.808698
vt 0.606462 0.799837
vt 0.614093 0.819382
vt 0.601926 0.825475
vt 0.614244 0.786877
vt 0.599357 0.776627
vt 0.167227 0.497376
vt 0.170747 0.495888
vt 0.175024 0.502039
vt 0.169697 0.500299
vt 0.148905 0.701484
vt 0.162175 0.710981
vt 0.147563 0.722745
vt 0.140853 0.714498
vt 0.176057 0.720959
vt 0.181436 0.702357
vt 0.451437 0.360820
vt 0.449685 0.343722
vt 0.463950 0.366120
vt 0.444325 0.869670
vt 0.472647 0.859194
vt 0.475019 0.880017
vt 0.461525 0.886484
vt 0.496686 0.837571
vt 0.496829 0.853054
vt 0.341940 0.390428
vt 0.312219 0.406984
vt 0.334657 0.378866
vt 0.304252 0.837740
vt 0.288091 0.834839
vt 0.304133 0.808824
vt 0.313286 0.821042
vt 0.342953 0.856407
vt 0.376651 0.872584
vt 0.336790 0.882325
vt 0.326564 0.865108
vt 0.408964 0.840345
vt 0.371717 0.834341
vt 0.396100 0.815877
vt 0.353562 0.906632
vt 0.333986 0.904641
vt 0.360523 0.381495
vt 0.392162 0.371991
vt 0.386218 0.402014
vt 0.360535 0.398398
vt 0.400284 0.350475
vt 0.371471 0.359583
vt 0.426226 0.381513
vt 0.265277 0.798380
vt 0.228117 0.766727
vt 0.255671 0.761333
vt 0.275187 0.790718
vt 0.231574 0.740187
vt 0.256573 0.418795
vt 0.283483 0.408196
vt 0.261529 0.438540
vt 0.243531 0.490849
vt 0.268877 0.459292
vt 0.202884 0.436500
vt 0.152149 0.668369
vt 0.159866 0.616678
vt 0.191217 0.625659
vt 0.166893 0.668154
vt 0.059921 0.733171
vt 0.067012 0.712719
vt 0.082892 0.735727
vt 0.189526 0.593287
vt 0.539755 0.841420
vt 0.495870 0.867195
vt 0.555766 0.803946
vt 0.524293 0.791051
vt 0.795240 0.749482
vt 0.757664 0.753017
vt 0.759648 0.736152
vt 0.744552 0.775142
vt 0.786591 0.769633
vt 0.720287 0.733795
vt 0.734969 0.717233
vt 0.638088 0.793942
vt 0.652864 0.778004
vt 0.649915 0.798161
vt 0.648934 0.747897
vt 0.637378 0.760533
vt 0.672793 0.787123
vt 0.666853 0.815487
vt 0.279460 0.849489
vt 0.259940 0.875930
vt 0.247135 0.848646
vt 0.270118 0.837842
vt 0.232626 0.869752
vt 0.269858 0.899258
vt 0.286851 0.881117
vt 0.317407 0.371819
vt 0.307940 0.354993
vt 0.334676 0.351750
vt 0.333092 0.365318
vt 0.472740 0.901613
vt 0.495860 0.920099
vt 0.463245 0.914464
vt 0.522328 0.905423
vt 0.514501 0.888007
vt 0.340918 0.956430
vt 0.339000 0.982742
vt 0.325241 0.958702
vt 0.194484 0.003680
vt 0.209917 0.007197
vt 0.196643 0.023504
vt 0.188460 0.016320
vt 0.221651 0.023133
vt 0.291645 0.953754
vt 0.271055 0.958838
vt 0.276400 0.936935
vt 0.818628 0.761965
vt 0.823390 0.775093
vt 0.806135 0.768252
vt 0.808967 0.785268
vt 0.410488 0.304630
vt 0.433304 0.307750
vt 0.418335 0.322437
vt 0.308667 0.306185
vt 0.351691 0.290094
vt 0.363456 0.302250
vt 0.313473 0.312702
vt 0.348907 0.271983
vt 0.314707 0.281523
vt 0.315242 0.267518
vt 0.137508 0.746431
vt 0.125291 0.785027
vt 0.110989 0.764607
vt 0.126770 0.738659
vt 0.100992 0.799372
vt 0.143544 0.806732
vt 0.151775 0.764781
vt 0.182192 0.890269
vt 0.164615 0.878200
vt 0.188219 0.868469
vt 0.196441 0.882907
vt 0.131028 0.894496
vt 0.162380 0.900029
vt 0.135050 0.906676
vt 0.155257 0.849667
vt 0.162499 0.467019
vt 0.142859 0.411376
vt 0.173109 0.426321
vt 0.170677 0.470063
vt 0.038564 0.787989
vt 0.022374 0.774063
vt 0.041064 0.762644
vt 0.165626 0.396083
vt 0.197210 0.336601
vt 0.218941 0.313830
vt 0.178448 0.320810
vt 0.182642 0.294846
vt 0.181213 0.357854
vt 0.248471 0.352651
vt 0.064807 0.853570
vt 0.040530 0.857121
vt 0.064657 0.831993
vt 0.077956 0.840209
vt 0.034099 0.884233
vt 0.054148 0.878009
vt 0.045765 0.894004
vt 0.050122 0.823508
vt 0.622907 0.842831
vt 0.603309 0.851963
vt 0.644443 0.845519
vt 0.636230 0.827046
vt 0.297333 0.022878
vt 0.316659 0.028014
vt 0.300815 0.037932
vt 0.289313 0.032418
vt 0.319288 0.053602
vt 0.586052 0.891405
vt 0.577584 0.911894
vt 0.550062 0.914025
vt 0.709989 0.793021
vt 0.715472 0.805813
vt 0.696189 0.804090
vt 0.732338 0.815166
vt 0.731327 0.793203
vt 0.703458 0.821434
vt 0.801742 0.814889
vt 0.784282 0.821237
vt 0.790025 0.805870
vt 0.802893 0.805651
vt 0.397927 0.171987
vt 0.425341 0.184132
vt 0.406357 0.199746
vt 0.767134 0.813552
vt 0.390812 0.067521
vt 0.398290 0.081624
vt 0.375874 0.087167
vt 0.378787 0.074636
vt 0.384433 0.100897
vt 0.367336 0.102128
vt 0.701895 0.852387
vt 0.692394 0.873690
vt 0.671365 0.864972
vt 0.680182 0.847437
vt 0.318208 0.779651
vt 0.327969 0.752567
vt 0.348676 0.779113
vt 0.333193 0.793902
vt 0.362176 0.740695
vt 0.372927 0.763004
vt 0.203976 0.687439
vt 0.252912 0.676258
vt 0.243105 0.701901
vt 0.208576 0.700238
vt 0.271842 0.650348
vt 0.229718 0.656447
vt 0.295237 0.688171
vt 0.330150 0.439328
vt 0.335935 0.475450
vt 0.307529 0.471176
vt 0.311029 0.447435
vt 0.314466 0.499322
vt 0.367379 0.495259
vt 0.372132 0.437597
vt 0.196080 0.528918
vt 0.258655 0.543047
vt 0.233632 0.561606
vt 0.189779 0.537926
vt 0.276813 0.567124
vt 0.347215 0.628136
vt 0.348194 0.609016
vt 0.382534 0.620277
vt 0.367326 0.637725
vt 0.382981 0.595721
vt 0.428367 0.618316
vt 0.317139 0.597574
vt 0.320364 0.625352
vt 0.464197 0.808113
vt 0.488440 0.765929
vt 0.518665 0.771443
vt 0.518306 0.751765
vt 0.460824 0.753598
vt 0.455843 0.789369
vt 0.592634 0.757240
vt 0.584578 0.732379
vt 0.606521 0.738454
vt 0.606313 0.756527
vt 0.596339 0.704452
vt 0.611618 0.716515
vt 0.560058 0.738618
vt 0.572065 0.761966
vt 0.412087 0.672939
vt 0.444921 0.672283
vt 0.415275 0.700803
vt 0.400485 0.691544
vt 0.475157 0.647189
vt 0.409380 0.654959
vt 0.453567 0.634698
vt 0.457763 0.697428
vt 0.425493 0.720406
vt 0.483397 0.396848
vt 0.505369 0.431727
vt 0.470058 0.418332
vt 0.463219 0.382467
vt 0.488372 0.459007
vt 0.690209 0.723630
vt 0.686556 0.703023
vt 0.705472 0.724552
vt 0.666388 0.686050
vt 0.678015 0.730467
vt 0.658241 0.703392
vt 0.710266 0.702456
vt 0.416209 0.545143
vt 0.452304 0.540302
vt 0.434576 0.565318
vt 0.395221 0.561257
vt 0.483281 0.559660
vt 0.571549 0.637457
vt 0.592760 0.618616
vt 0.607488 0.654074
vt 0.587133 0.652435
vt 0.542994 0.589804
vt 0.539511 0.618744
vt 0.514847 0.602520
vt 0.634311 0.647752
vt 0.625753 0.668693
vt 0.189504 0.939600
vt 0.157101 0.952171
vt 0.158590 0.932620
vt 0.181711 0.927823
vt 0.140240 0.940635
vt 0.167676 0.072379
vt 0.152112 0.059800
vt 0.170166 0.048695
vt 0.096803 0.893927
vt 0.095789 0.914591
vt 0.079192 0.902737
vt 0.084090 0.888961
vt 0.081101 0.929250
vt 0.070992 0.917356
vt 0.116725 0.920002
vt 0.113067 0.902853
vt 0.257726 0.287318
vt 0.236154 0.268091
vt 0.267663 0.271852
vt 0.276864 0.287078
vt 0.239506 0.249431
vt 0.265651 0.257366
vt 0.202101 0.260953
vt 0.232895 0.288218
vt 0.190210 0.284262
vt 0.131359 0.289565
vt 0.135789 0.263879
vt 0.151006 0.292234
vt 0.025567 0.941549
vt 0.009470 0.935204
vt 0.019170 0.917888
vt 0.031294 0.926611
vt 0.165162 0.271959
vt 0.071286 0.975376
vt 0.056791 0.975981
vt 0.063865 0.957813
vt 0.072929 0.963407
vt 0.168178 0.192165
vt 0.143417 0.177948
vt 0.153164 0.153594
vt 0.190583 0.165860
vt 0.046723 0.960870
vt 0.054225 0.947738
vt 0.263752 0.042776
vt 0.254472 0.060122
vt 0.234441 0.064923
vt 0.233815 0.032394
vt 0.271950 0.067861
vt 0.274399 0.052360
vt 0.338619 0.072456
vt 0.318392 0.085261
vt 0.319592 0.068725
vt 0.343910 0.058134
vt 0.310822 0.102942
vt 0.339079 0.089311
vt 0.328877 0.103282
vt 0.300310 0.078932
vt 0.303477 0.067934
vt 0.166055 0.122428
vt 0.197978 0.118231
vt 0.188009 0.137559
vt 0.163331 0.133257
vt 0.212823 0.132330
vt 0.218249 0.089135
vt 0.187973 0.100030
vt 0.206441 0.079671
vt 0.376301 0.231448
vt 0.344271 0.223930
vt 0.371711 0.216051
vt 0.350335 0.204380
vt 0.367422 0.194317
vt 0.312509 0.225747
vt 0.347470 0.244355
vt 0.301606 0.236868
vt 0.382303 0.132596
vt 0.357841 0.153087
vt 0.365395 0.133328
vt 0.335301 0.147484
vt 0.346216 0.133872
vt 0.355771 0.174563
vt 0.377171 0.162616
vt 0.376720 0.177525
vt 0.199687 0.213097
vt 0.233014 0.203682
vt 0.238708 0.222190
vt 0.231427 0.184924
vt 0.209145 0.190470
vt 0.261570 0.215476
vt 0.263081 0.228666
vt 0.263173 0.132361
vt 0.267432 0.145616
vt 0.244166 0.144933
vt 0.249647 0.159502
vt 0.234667 0.155752
vt 0.294084 0.144180
vt 0.295038 0.123270
vt 0.305539 0.132319
vt 0.272893 0.156645
vt 0.273755 0.163038
vt 0.261311 0.169577
vt 0.257716 0.164924
vt 0.275467 0.169903
vt 0.266522 0.174614
vt 0.269175 0.203756
vt 0.258356 0.195400
vt 0.268438 0.198558
vt 0.327553 0.158626
vt 0.328532 0.175725
vt 0.313696 0.161639
vt 0.315042 0.173329
vt 0.307685 0.167779
vt 0.325292 0.198934
vt 0.313147 0.206299
vt 0.307149 0.199453
vt 0.316767 0.194203
vt 0.230348 0.129269
vt 0.229804 0.113501
vt 0.241676 0.090969
vt 0.252411 0.085457
vt 0.154963 0.209718
vt 0.163190 0.204000
vt 0.155133 0.194355
vt 0.145800 0.203103
vt 0.171356 0.242749
vt 0.159479 0.234659
vt 0.149137 0.245349
vt 0.163398 0.252234
vt 0.209750 0.234355
vt 0.201220 0.240176
vt 0.194813 0.221535
vt 0.091373 0.952600
vt 0.086765 0.941545
vt 0.097435 0.935224
vt 0.115906 0.957356
vt 0.124542 0.965472
vt 0.130730 0.949671
vt 0.666493 0.637366
vt 0.649007 0.640144
vt 0.667021 0.626860
vt 0.521131 0.548563
vt 0.512528 0.534008
vt 0.527550 0.532651
vt 0.534619 0.542229
vt 0.686800 0.657732
vt 0.695793 0.662712
vt 0.698501 0.671835
vt 0.521887 0.490512
vt 0.534819 0.479675
vt 0.542846 0.495354
vt 0.532654 0.502696
vt 0.494155 0.683313
vt 0.498786 0.669310
vt 0.511338 0.671313
vt 0.506147 0.681166
vt 0.575947 0.684350
vt 0.566296 0.695601
vt 0.559312 0.688697
vt 0.565209 0.679161
vt 0.529687 0.714921
vt 0.523122 0.731575
vt 0.516532 0.711384
vt 0.522524 0.701115
vt 0.532700 0.704492
vt 0.348677 0.590119
vt 0.348965 0.575347
vt 0.365417 0.574416
vt 0.371672 0.586191
vt 0.301777 0.563198
vt 0.298706 0.549309
vt 0.312774 0.549471
vt 0.316168 0.559398
vt 0.323122 0.517749
vt 0.341259 0.512497
vt 0.342687 0.526393
vt 0.327869 0.527124
vt 0.293749 0.671382
vt 0.307129 0.671845
vt 0.306532 0.684581
vt 0.356895 0.708732
vt 0.358212 0.722124
vt 0.336665 0.711688
vt 0.337537 0.700104
vt 0.354279 0.698506
vt 0.403916 0.110093
vt 0.414469 0.103859
vt 0.407639 0.094770
vt 0.396701 0.103370
vt 0.748972 0.825510
vt 0.715257 0.835826
vt 0.723244 0.827018
vt 0.711514 0.827953
vt 0.341194 0.042943
vt 0.345834 0.034576
vt 0.353834 0.037685
vt 0.349969 0.044042
vt 0.622598 0.866648
vt 0.632366 0.860144
vt 0.636951 0.870582
vt 0.630196 0.873920
vt 0.107933 0.343240
vt 0.107254 0.330119
vt 0.118328 0.343220
vt 0.095738 0.326567
vt 0.096921 0.340636
vt 0.157265 0.323178
vt 0.159736 0.351263
vt 0.145088 0.370959
vt 0.129038 0.366003
vt 0.144375 0.354402
vt 0.132925 0.846490
vt 0.133042 0.859549
vt 0.122107 0.855303
vt 0.123108 0.846749
vt 0.100134 0.823441
vt 0.112429 0.821489
vt 0.108084 0.833076
vt 0.100245 0.833896
vt 0.398898 0.279130
vt 0.390114 0.273866
vt 0.387166 0.286863
vt 0.821445 0.795179
vt 0.829710 0.791686
vt 0.832072 0.798643
vt 0.823593 0.801222
vt 0.817144 0.789948
vt 0.236127 0.018620
vt 0.235040 0.010955
vt 0.242191 0.011533
vt 0.242477 0.016522
vt 0.313999 0.981062
vt 0.320077 0.989677
vt 0.315404 0.992812
vt 0.310308 0.986307
vt 0.226857 0.894777
vt 0.239670 0.900182
vt 0.232072 0.884716
vt 0.684337 0.784531
vt 0.675703 0.761257
vt 0.667336 0.775004
vt 0.722152 0.745269
vt 0.728785 0.770772
vt 0.576777 0.845015
vt 0.176410 0.553150
vt 0.168030 0.556684
vt 0.168830 0.543562
vt 0.172659 0.541807
vt 0.181758 0.475283
vt 0.191501 0.487178
vt 0.183623 0.498335
vt 0.176798 0.489475
vt 0.202189 0.725831
vt 0.192063 0.736184
vt 0.180860 0.725496
vt 0.188668 0.718862
vt 0.435023 0.358195
vt 0.446188 0.897523
vt 0.423461 0.882080
vt 0.308609 0.844275
vt 0.314615 0.837907
vt 0.344051 0.406722
vt 0.276577 0.807388
vt 0.281803 0.799746
vt 0.286269 0.422032
vt 0.304423 0.395902
vt 0.142752 0.699250
vt 0.159889 0.687243
vt 0.769299 0.726984
vt 0.807733 0.750678
vt 0.795255 0.733859
vt 0.628487 0.803464
vt 0.622853 0.780882
vt 0.622076 0.812017
vt 0.284985 0.840485
vt 0.278003 0.833530
vt 0.178738 0.014474
vt 0.183569 0.001000
vt 0.229163 0.931307
vt 0.241576 0.941784
vt 0.227267 0.948924
vt 0.215977 0.940888
vt 0.813410 0.749409
vt 0.145494 0.730904
vt 0.137331 0.726115
vt 0.206165 0.893132
vt 0.193839 0.900003
vt 0.166185 0.482111
vt 0.170152 0.482141
vt 0.085777 0.852362
vt 0.088350 0.844401
vt 0.281569 0.028308
vt 0.286296 0.020045
vt 0.279118 0.018266
vt 0.277382 0.023091
vt 0.814076 0.804094
vt 0.813431 0.811267
vt 0.420184 0.227605
vt 0.426583 0.233293
vt 0.376528 0.058773
vt 0.382693 0.053730
vt 0.323182 0.804617
vt 0.311776 0.794165
vt 0.307306 0.802982
vt 0.315554 0.810535
vt 0.186769 0.695435
vt 0.192172 0.703036
vt 0.313258 0.424650
vt 0.181689 0.524288
vt 0.179992 0.532363
vt 0.346147 0.646283
vt 0.362297 0.647096
vt 0.491921 0.821482
vt 0.464412 0.828524
vt 0.609951 0.771364
vt 0.381308 0.684049
vt 0.383453 0.670860
vt 0.397374 0.548620
vt 0.385361 0.550114
vt 0.383873 0.559351
vt 0.563295 0.661845
vt 0.556203 0.654009
vt 0.087495 0.878197
vt 0.097772 0.881069
vt 0.099729 0.872016
vt 0.092079 0.870557
vt 0.290707 0.301346
vt 0.144292 0.311005
vt 0.131916 0.306673
vt 0.081884 0.964595
vt 0.081806 0.975217
vt 0.242243 0.027094
vt 0.265154 0.034318
vt 0.258438 0.026189
vt 0.250879 0.024152
vt 0.356152 0.067003
vt 0.351687 0.054443
vt 0.396241 0.227924
vt 0.211258 0.223830
vt 0.217419 0.150603
vt 0.227319 0.140405
vt 0.185043 0.154636
vt 0.193883 0.177610
vt 0.223729 0.167459
vt 0.238781 0.171784
vt 0.485718 0.587994
vt 0.522602 0.569108
vt 0.450377 0.599728
vt 0.401596 0.578463
vt 0.396139 0.639442
vt 0.482794 0.617072
vt 0.504477 0.629978
vt 0.326082 0.132794
vt 0.315328 0.144761
vt 0.356514 0.118051
vt 0.373932 0.116975
vt 0.348008 0.103747
vt 0.357191 0.089826
vt 0.318241 0.118099
vt 0.061933 0.932347
vt 0.071336 0.942920
vt 0.058425 0.905857
vt 0.065953 0.891566
vt 0.038592 0.910807
vt 0.026696 0.902200
vt 0.043528 0.936409
vt 0.036953 0.950136
vt 0.388762 0.206387
vt 0.265596 0.243020
vt 0.243062 0.236872
vt 0.310547 0.252493
vt 0.348704 0.258618
vt 0.286457 0.223272
vt 0.307575 0.057660
vt 0.163616 0.306968
vt 0.227847 0.301017
vt 0.181238 0.258222
vt 0.129920 0.927366
vt 0.143513 0.915933
vt 0.160849 0.916651
vt 0.192903 0.070467
vt 0.187840 0.042140
vt 0.178262 0.085869
vt 0.619035 0.692858
vt 0.603573 0.679965
vt 0.627939 0.728725
vt 0.622786 0.747895
vt 0.649456 0.722248
vt 0.669930 0.743769
vt 0.642238 0.686878
vt 0.650001 0.668942
vt 0.760306 0.795934
vt 0.684380 0.832151
vt 0.706210 0.839732
vt 0.676049 0.812042
vt 0.684130 0.793960
vt 0.657530 0.818990
vt 0.637103 0.810731
vt 0.665966 0.839437
vt 0.659189 0.855535
vt 0.078260 0.798037
vt 0.084195 0.819479
vt 0.066414 0.768818
vt 0.052875 0.749451
vt 0.057094 0.795184
vt 0.032732 0.813314
vt 0.275012 0.594392
vt 0.301141 0.581136
vt 0.231224 0.593481
vt 0.212059 0.576990
vt 0.243905 0.614243
vt 0.197684 0.652748
vt 0.286577 0.629737
vt 0.216702 0.821173
vt 0.261854 0.825287
vt 0.211965 0.782877
vt 0.174282 0.770153
vt 0.190427 0.823367
vt 0.133404 0.833984
vt 0.755154 0.704189
vt 0.727147 0.701395
vt 0.364411 0.326403
vt 0.323975 0.321263
vt 0.391344 0.331631
vt 0.416039 0.337503
vt 0.538778 0.764801
vt 0.539731 0.744300
vt 0.562059 0.781436
vt 0.578988 0.874972
vt 0.612597 0.875527
vt 0.544808 0.874953
vt 0.544144 0.898470
vt 0.399002 0.742607
vt 0.388938 0.722205
vt 0.385038 0.788042
vt 0.362397 0.804881
vt 0.420528 0.790626
vt 0.430491 0.812598
vt 0.435214 0.744042
vt 0.459246 0.723189
vt 0.268824 0.492784
vt 0.299088 0.513347
vt 0.275512 0.522597
vt 0.294030 0.452349
vt 0.210102 0.413016
vt 0.237229 0.383276
vt 0.269173 0.396256
vt 0.284507 0.375158
vt 0.428761 0.442811
vt 0.446118 0.392843
vt 0.383828 0.519546
vt 0.433307 0.514213
vt 0.270843 0.728345
vt 0.236076 0.720623
vt 0.275290 0.751929
vt 0.302078 0.703592
vt 0.298792 0.744250
vt 0.309864 0.946354
vt 0.330691 0.927550
vt 0.345401 0.931992
vt 0.311405 0.902298
vt 0.311354 0.882817
vt 0.291856 0.918977
vt 0.274132 0.918193
vt 0.337374 0.118463
vt 0.050767 0.921228
vt 0.288183 0.045633
vt 0.634644 0.707573
vt 0.790286 0.793096
vt 0.093635 0.754861
vt 0.208827 0.863087
vt 0.387442 0.309397
vt 0.354923 0.352565
vt 0.409712 0.766345
vt 0.194812 0.384029
vt 0.464451 0.477463
vt 0.311877 0.921929
vt 0.160320 0.142025
vt 0.150849 0.143611
vt 0.172999 0.201502
vt 0.182217 0.199157
vt 0.261009 0.179818
vt 0.253700 0.176999
vt 0.544522 0.549457
vt 0.556713 0.554066
vt 0.555890 0.576634
vt 0.378965 0.568733
vt 0.382780 0.660116
vt 0.377857 0.650154
vt 0.542592 0.652027
vt 0.528757 0.653620
vt 0.518813 0.640529
vt 0.545420 0.635302
vt 0.517566 0.660553
vt 0.495619 0.653273
vt 0.298620 0.164834
vt 0.302623 0.156866
vt 0.387932 0.116013
vt 0.397074 0.124087
vt 0.369355 0.061696
vt 0.365392 0.074941
vt 0.362681 0.060476
vt 0.349916 0.077326
vt 0.287297 0.116133
vt 0.273300 0.113333
vt 0.295433 0.100262
vt 0.078377 0.951564
vt 0.086346 0.867053
vt 0.075680 0.877110
vt 0.084695 0.860407
vt 0.065173 0.868029
vt 0.120730 0.308895
vt 0.110475 0.317300
vt 0.108336 0.303891
vt 0.118213 0.295376
vt 0.100292 0.314164
vt 0.151951 0.222549
vt 0.141440 0.216930
vt 0.142123 0.231581
vt 0.322333 0.187650
vt 0.331707 0.188943
vt 0.416144 0.146915
vt 0.414182 0.162280
vt 0.402875 0.153932
vt 0.308977 0.294613
vt 0.389595 0.258789
vt 0.381559 0.266911
vt 0.284058 0.202896
vt 0.283240 0.209552
vt 0.348405 0.049731
vt 0.340384 0.051289
vt 0.273425 0.026692
vt 0.266512 0.027421
vt 0.264573 0.092447
vt 0.287205 0.087073
vt 0.110752 0.948531
vt 0.120547 0.941397
vt 0.109189 0.936291
vt 0.114637 0.870225
vt 0.118636 0.877843
vt 0.108674 0.880800
vt 0.107503 0.872414
vt 0.245072 0.021036
vt 0.166321 0.025802
vt 0.178552 0.027929
vt 0.166558 0.037078
vt 0.567624 0.669893
vt 0.589257 0.672244
vt 0.619368 0.762539
vt 0.630517 0.772714
vt 0.681052 0.744344
vt 0.666507 0.759734
vt 0.669353 0.646628
vt 0.657508 0.656597
vt 0.677985 0.652673
vt 0.670665 0.670557
vt 0.812522 0.798094
vt 0.796180 0.758893
vt 0.711835 0.848067
vt 0.627463 0.819836
vt 0.656177 0.874607
vt 0.651016 0.870715
vt 0.644138 0.869351
vt 0.643677 0.855839
vt 0.093199 0.837638
vt 0.131663 0.719630
vt 0.117329 0.729991
vt 0.112327 0.718501
vt 0.131102 0.710868
vt 0.020331 0.729854
vt 0.028168 0.732558
vt 0.025869 0.737291
vt 0.019038 0.731381
vt 0.102778 0.355350
vt 0.116698 0.357706
vt 0.113427 0.369562
vt 0.320892 0.569613
vt 0.333476 0.574723
vt 0.327189 0.587315
vt 0.177389 0.538255
vt 0.184184 0.547524
vt 0.195715 0.676114
vt 0.180251 0.688913
vt 0.171841 0.685400
vt 0.318631 0.651560
vt 0.308405 0.642673
vt 0.331044 0.646824
vt 0.215566 0.886826
vt 0.273477 0.825117
vt 0.261721 0.811287
vt 0.273289 0.815998
vt 0.152219 0.745141
vt 0.154358 0.734336
vt 0.163495 0.735037
vt 0.180879 0.745442
vt 0.121641 0.839228
vt 0.704809 0.664225
vt 0.711222 0.674434
vt 0.442990 0.345425
vt 0.429011 0.348776
vt 0.431260 0.330964
vt 0.402829 0.286087
vt 0.413420 0.282686
vt 0.413694 0.292188
vt 0.542698 0.704313
vt 0.542646 0.716644
vt 0.624801 0.878888
vt 0.532519 0.931077
vt 0.532087 0.923174
vt 0.540393 0.924079
vt 0.537708 0.930624
vt 0.369136 0.692893
vt 0.380667 0.708198
vt 0.320690 0.819946
vt 0.337078 0.816348
vt 0.319472 0.829518
vt 0.348409 0.836909
vt 0.443463 0.846084
vt 0.432709 0.839741
vt 0.505749 0.690396
vt 0.494337 0.697005
vt 0.315954 0.530459
vt 0.309231 0.524076
vt 0.299578 0.534785
vt 0.183414 0.509171
vt 0.196093 0.502380
vt 0.197918 0.518518
vt 0.183244 0.515801
vt 0.159396 0.367867
vt 0.174180 0.484246
vt 0.524844 0.510518
vt 0.512540 0.503637
vt 0.373479 0.531526
vt 0.394006 0.534429
vt 0.381909 0.540071
vt 0.362605 0.516979
vt 0.193460 0.711218
vt 0.207992 0.713641
vt 0.289002 0.795476
vt 0.285608 0.784858
vt 0.298842 0.787643
vt 0.298069 0.797369
vt 0.310782 0.695427
vt 0.305116 0.981918
vt 0.306630 0.974597
vt 0.292578 0.855166
vt 0.293119 0.845733
vt 0.301679 0.847805
vt 0.307514 0.867042
vt 0.289538 0.866061
vt 0.256723 0.918275
vt 0.261055 0.933986
vt 0.250649 0.928176
vt 0.248675 0.909640
vt 0.257403 0.903654
vt 0.264864 0.192394
vt 0.273172 0.198961
vt 0.671959 0.627507
vt 0.670903 0.636920
vt 0.523979 0.521340
vt 0.322354 0.700041
vt 0.348922 0.572010
vt 0.363725 0.570853
vt 0.181127 0.500894
vt 0.166547 0.483492
vt 0.176310 0.535359
vt 0.017538 0.729869
vt 0.019746 0.727631
vt 0.278786 0.173862
vt 0.288962 0.170315
vt 0.295234 0.176343
vt 0.281028 0.196916
vt 0.270908 0.190363
vt 0.266824 0.183233
vt 0.299694 0.170246
vt 0.312492 0.180916
vt 0.310297 0.190068
vt 0.292838 0.198186
vt 0.353117 0.047493
vt 0.628813 0.882436
vt 0.632659 0.878371
vt 0.627716 0.891730
vt 0.642730 0.874627
vt 0.117637 0.847822
vt 0.113231 0.864477
vt 0.094723 0.842724
vt 0.092193 0.864384
vt 0.185804 0.712328
vt 0.680139 0.630635
vt 0.536838 0.533150
vt 0.695266 0.656007
vt 0.680208 0.644432
vt 0.545316 0.502154
vt 0.532799 0.514849
vt 0.541454 0.696970
vt 0.558523 0.670225
vt 0.247655 0.018130
vt 0.304239 0.985739
vt 0.308425 0.988928
vt 0.299367 0.988214
vt 0.312967 0.994709
vt 0.274483 0.017121
vt 0.271487 0.023185
vt 0.360102 0.688556
vt 0.320208 0.689769
vt 0.366017 0.655870
vt 0.323091 0.549373
vt 0.330016 0.562022
vt 0.356369 0.534137
vt 0.325715 0.535483
vt 0.371186 0.561523
vt 0.368243 0.537582
vt 0.168746 0.540644
vt 0.171881 0.539137
vt 0.171936 0.488469
vt 0.179619 0.505128
vt 0.166568 0.495333
vt 0.171476 0.492179
vt 0.171201 0.501742
vt 0.280060 0.826018
vt 0.280306 0.817654
vt 0.180438 0.209282
vt 0.156094 0.110914
vt 0.554073 0.521904
vt 0.563750 0.540601
vt 0.547656 0.542163
vt 0.723081 0.851413
vt 0.655348 0.882690
vt 0.119804 0.321347
vt 0.307173 0.999000
vt 0.277914 0.324000
vt 0.240030 0.920316
vt 0.720813 0.785358
vt 0.587511 0.785420
vt 0.163240 0.727891
vt 0.354624 0.369302
vt 0.286177 0.440038
vt 0.109703 0.706950
vt 0.302026 0.383448
vt 0.496113 0.887295
vt 0.255256 0.948747
vt 0.441419 0.326217
vt 0.020944 0.740715
vt 0.273550 0.339235
vt 0.557411 0.922475
vt 0.422577 0.208763
vt 0.677280 0.877614
vt 0.351760 0.420205
vt 0.763514 0.690483
vt 0.785286 0.713709
vt 0.155117 0.029258
vt 0.001000 0.918845
vt 0.009589 0.909004
vt 0.141390 0.158669
vt 0.165725 0.108304
vt 0.389409 0.152767
vt 0.190172 0.205305
vt 0.251505 0.186036
vt 0.569213 0.551543
vt 0.022922 0.881051
vt 0.019025 0.868711
vt 0.128703 0.238322
vt 0.298462 0.209766
vt 0.127653 0.870957
vt 0.232599 0.101415
vt 0.156986 0.098468
vt 0.147220 0.095227
vt 0.705061 0.864935
vt 0.028789 0.727258
vt 0.025621 0.721574
vt 0.026888 0.800684
vt 0.017538 0.792450
vt 0.297896 0.655794
vt 0.123615 0.825387
vt 0.721852 0.670143
vt 0.729892 0.660752
vt 0.424506 0.284268
vt 0.556606 0.711130
vt 0.610925 0.885999
vt 0.611061 0.896703
vt 0.523057 0.929460
vt 0.517406 0.940018
vt 0.503432 0.706302
vt 0.300366 0.326386
vt 0.507197 0.518090
vt 0.318314 0.709443
vt 0.298379 0.972684
vt 0.292002 0.977355
vt 0.132797 0.200089
vt 0.714082 0.858126
vt 0.737656 0.822072
vt 0.026954 0.844502
vt 0.031867 0.829722
vt 0.413804 0.896583
vt 0.142458 0.699490
vt 0.803313 0.734377
vt 0.180929 0.913165
vt 0.017364 0.732894
vt 0.547386 0.928704
vt 0.542167 0.933302
vt 0.378247 0.682489
vt 0.553876 0.657168
vt 0.201999 0.947232
vt 0.141315 0.145858
vt 0.017376 0.895803
vt 0.128286 0.218741
vt 0.345974 0.363583
vt 0.289067 0.394666
vt 0.438438 0.908946
vt 0.260749 0.185827
vt 0.287042 0.166092
vt 0.320608 0.180363
vt 0.295782 0.202498
vt 0.119573 0.863795
vt 0.168456 0.013123
vt 0.659985 0.880860
vt 0.018192 0.725177
vt 0.310690 0.660045
vt 0.172385 0.731529
vt 0.115849 0.834584
vt 0.711183 0.660393
vt 0.717754 0.653273
vt 0.422380 0.275457
vt 0.551851 0.698143
vt 0.622833 0.885518
vt 0.622333 0.893240
vt 0.527116 0.936065
vt 0.522777 0.943720
vt 0.512475 0.696670
vt 0.311780 0.539168
vt 0.358946 0.527422
vt 0.300408 0.981394
vt 0.296433 0.983670
vt 0.369534 0.056473
vt 0.166632 0.693775
vt 0.567345 0.547303
vt 0.555915 0.549763
vt 0.672743 0.645391
vt 0.519728 0.662831
vt 0.529990 0.656862
vt 0.542044 0.655559
vt 0.375176 0.652355
vt 0.335030 0.570998
vt 0.323483 0.566793
vt 0.376394 0.566520
vt 0.166614 0.485384
vt 0.178372 0.529026
vt 0.180937 0.518472
vt 0.017307 0.725728
vt 0.290961 0.803508
vt 0.649713 0.875435
vt 0.534260 0.662058
vt 0.528396 0.940416
vt 0.534161 0.935006
vt 0.535379 0.942841
vt 0.326590 0.655936
vt 0.017160 0.727817
vt 0.180348 0.515002
vt 0.298066 0.840721
vn 0.8186 -0.4585 0.3459
vn 0.6941 -0.6510 0.3073
vn 0.8115 -0.5500 0.1974
vn 0.9010 -0.3656 0.2336
vn 0.7614 0.5253 0.3798
vn 0.7891 0.5539 0.2655
vn 0.7921 0.5490 0.2667
vn 0.7941 0.4864 0.3645
vn 0.8422 -0.5328 0.0823
vn 0.7362 -0.6709 0.0889
vn 0.7234 -0.6827 -0.1029
vn 0.8073 -0.5746 -0.1347
vn 0.6118 -0.7861 -0.0878
vn 0.8386 0.5276 -0.1360
vn 0.7961 0.5984 0.0903
vn 0.8713 0.4846 0.0781
vn 0.8419 0.4410 0.3110
vn -0.6659 -0.6754 0.3169
vn -0.6535 -0.6874 0.3169
vn -0.5915 -0.7540 0.2857
vn -0.4907 0.6132 0.6190
vn -0.5775 0.6150 0.5370
vn -0.6483 0.5234 0.5529
vn -0.5740 0.5396 0.6159
vn -0.6427 0.6254 0.4424
vn -0.4983 0.7042 0.5057
vn -0.5614 -0.7110 -0.4236
vn -0.6262 -0.6503 -0.4301
vn -0.5893 -0.6272 -0.5092
vn -0.7845 0.4114 -0.4641
vn -0.7160 0.4768 -0.5098
vn -0.8024 0.2305 -0.5505
vn -0.8192 0.3230 -0.4739
vn -0.7114 0.3828 -0.5894
vn -0.7587 0.2579 -0.5982
vn 0.3369 -0.5224 0.7833
vn 0.3253 -0.6010 0.7301
vn 0.4645 -0.6212 0.6311
vn 0.4904 -0.5299 0.6919
vn 0.5984 -0.5188 0.6106
vn 0.4616 0.4900 0.7395
vn 0.3373 0.7764 0.5324
vn 0.2822 0.6121 0.7387
vn 0.1664 -0.7812 -0.6016
vn 0.1064 -0.6982 -0.7079
vn 0.2043 -0.7020 -0.6822
vn 0.3310 0.6180 -0.7131
vn 0.3078 0.5048 -0.8065
vn 0.1752 0.5897 -0.7884
vn 0.1318 0.7226 -0.6786
vn 0.0323 0.5522 -0.8331
vn 0.6944 -0.7054 0.1422
vn 0.7084 -0.6528 0.2684
vn 0.4941 -0.8163 0.2992
vn 0.4708 -0.8746 0.1160
vn 0.7003 -0.6091 0.3723
vn 0.4845 -0.7467 0.4557
vn 0.8222 -0.5153 0.2418
vn 0.8061 -0.4821 0.3431
vn 0.6020 0.4718 0.6442
vn 0.6576 0.5991 0.4569
vn 0.5209 0.7072 0.4780
vn 0.5009 0.6371 0.5858
vn 0.2395 -0.9173 -0.3180
vn 0.2820 -0.8684 -0.4079
vn 0.4028 -0.8659 -0.2965
vn 0.3762 0.8728 -0.3111
vn 0.4856 0.8252 -0.2885
vn 0.4443 0.7731 -0.4526
vn 0.3259 0.8062 -0.4937
vn 0.5688 0.7792 -0.2634
vn 0.5263 0.7371 -0.4239
vn 0.0566 -0.5781 0.8140
vn 0.1201 -0.4310 0.8943
vn 0.0504 -0.4766 0.8777
vn 0.0594 -0.6385 0.7673
vn 0.0028 -0.5613 0.8276
vn 0.0292 -0.6567 0.7536
vn 0.0098 0.7688 0.6394
vn 0.0085 0.6815 0.7318
vn 0.0522 0.6672 0.7431
vn 0.0355 0.7549 0.6548
vn 0.0039 0.5465 0.8375
vn -0.0196 0.6643 0.7472
vn -0.3451 -0.8103 -0.4737
vn -0.3532 -0.5831 -0.7315
vn -0.0070 -0.5684 -0.8227
vn -0.1184 -0.8238 -0.5544
vn -0.3767 0.5449 -0.7491
vn -0.4037 0.4074 -0.8192
vn -0.5130 0.3985 -0.7603
vn -0.4160 0.5130 -0.7508
vn -0.4259 0.2706 -0.8633
vn -0.3035 0.4139 -0.8582
vn -0.3514 -0.9362 0.0091
vn -0.1513 -0.9512 0.2688
vn -0.2971 -0.9195 0.2573
vn 0.0197 0.7828 0.6220
vn 0.0480 0.7601 0.6481
vn -0.0394 0.7528 0.6571
vn -0.0138 0.7510 0.6602
vn 0.0825 0.7893 0.6085
vn 0.0270 0.7927 0.6090
vn -0.2998 -0.8948 -0.3308
vn -0.2840 -0.8728 -0.3969
vn -0.1868 -0.9167 -0.3534
vn -0.2870 0.7501 -0.5958
vn -0.4222 0.7756 -0.4694
vn -0.0966 0.8563 -0.5073
vn -0.1217 0.8014 -0.5856
vn -0.2420 0.9677 0.0709
vn -0.1694 0.9466 0.2743
vn 0.0248 0.9845 0.1739
vn -0.0692 0.9959 0.0580
vn -0.2937 0.8960 0.3329
vn -0.4200 0.9011 0.1083
vn -0.4436 0.8772 0.1837
vn 0.0569 0.9134 0.4030
vn 0.1216 0.9496 0.2890
vn -0.3145 -0.9182 -0.2408
vn -0.3157 -0.9298 -0.1893
vn -0.4439 -0.8738 -0.1984
vn -0.4160 -0.8792 -0.2324
vn -0.1801 -0.9625 -0.2030
vn -0.1139 -0.9766 -0.1826
vn -0.4125 -0.8950 -0.1700
vn -0.2194 0.5906 -0.7766
vn -0.2589 0.6518 -0.7129
vn -0.3776 0.5913 -0.7126
vn -0.3419 0.5520 -0.7605
vn -0.4370 0.5772 -0.6898
vn -0.0752 -0.8297 -0.5531
vn -0.1268 -0.8487 -0.5135
vn -0.2364 -0.8165 -0.5267
vn -0.3836 -0.7770 -0.4992
vn -0.3596 -0.8011 -0.4785
vn -0.0815 -0.8230 -0.5622
vn -0.4380 -0.1102 -0.8922
vn -0.4214 -0.0745 -0.9038
vn -0.6224 -0.0325 -0.7820
vn -0.5983 -0.1293 -0.7908
vn -0.2303 -0.0933 -0.9686
vn -0.1911 -0.0311 -0.9811
vn -0.5858 -0.0797 -0.8065
vn 0.0040 0.8055 0.5926
vn -0.0498 0.7891 0.6123
vn 0.0501 0.7881 0.6135
vn 0.0566 0.7932 0.6064
vn -0.0974 -0.7925 0.6020
vn -0.0131 -0.7555 0.6550
vn -0.0562 -0.7868 0.6146
vn 0.0409 -0.7047 0.7083
vn -0.0077 -0.7477 0.6639
vn -0.0124 -0.7426 0.6696
vn -0.0898 -0.8034 0.5886
vn 0.0344 0.2232 0.9742
vn -0.0135 0.0374 0.9992
vn 0.1124 0.1144 0.9871
vn -0.1862 -0.0060 0.9825
vn -0.1399 0.0947 0.9856
vn 0.0870 -0.1359 0.9869
vn 0.1118 0.0048 0.9937
vn 0.0917 0.8583 -0.5049
vn 0.0259 0.9194 -0.3924
vn 0.0079 0.7514 -0.6598
vn 0.0989 0.7526 -0.6510
vn -0.0510 0.7481 -0.6616
vn 0.0570 0.9982 0.0208
vn 0.1271 0.9888 -0.0789
vn 0.0091 -0.9175 -0.3976
vn 0.0745 -0.9116 -0.4044
vn 0.0957 -0.9561 -0.2771
vn 0.0149 -0.9520 -0.3056
vn -0.0287 0.7900 0.6124
vn 0.0697 0.8163 0.5734
vn 0.0954 0.8500 0.5180
vn 0.0756 0.7887 0.6101
vn -0.0529 0.7953 0.6039
vn 0.1716 0.8741 0.4545
vn 0.5175 0.7930 0.3216
vn 0.5527 0.7481 0.3672
vn 0.7279 0.5652 0.3881
vn 0.6836 0.6516 0.3287
vn 0.7513 0.5405 0.3786
vn 0.3320 0.8757 0.3506
vn 0.2712 0.9109 0.3111
vn -0.0246 -0.9531 0.3016
vn -0.0426 -0.9573 0.2860
vn -0.0104 -0.8156 0.5786
vn -0.0410 -0.7950 0.6053
vn -0.0395 -0.9921 -0.1194
vn -0.0282 -0.9982 -0.0530
vn 0.3717 -0.9048 -0.2077
vn 0.4815 -0.8700 -0.1059
vn 0.1583 -0.9599 -0.2312
vn 0.2077 -0.9446 -0.2541
vn 0.7486 -0.6612 0.0487
vn 0.6681 -0.7437 0.0214
vn 0.7414 -0.6504 0.1653
vn 0.0741 0.4221 -0.9035
vn -0.0364 0.4669 -0.8836
vn -0.0395 0.2048 -0.9780
vn 0.0676 0.1990 -0.9777
vn -0.1105 0.2593 -0.9595
vn -0.0157 0.6509 -0.7590
vn 0.0144 0.6186 -0.7855
vn 0.3095 0.6480 -0.6959
vn 0.2371 0.6933 -0.6805
vn 0.0772 0.6554 -0.7513
vn 0.1285 0.6596 -0.7405
vn 0.3761 0.7187 -0.5848
vn 0.4192 0.6945 -0.5847
vn 0.4552 0.7372 -0.4993
vn 0.0743 0.7097 -0.7006
vn -0.0082 -0.6047 -0.7964
vn -0.0735 -0.6032 -0.7942
vn -0.0388 -0.7883 -0.6140
vn 0.0207 -0.7692 -0.6387
vn -0.1138 -0.2813 -0.9528
vn -0.1030 -0.3100 -0.9451
vn -0.0381 -0.8011 -0.5973
vn 0.1514 -0.8693 -0.4705
vn 0.2950 -0.8647 -0.4064
vn 0.2055 -0.8706 -0.4471
vn 0.3163 -0.8673 -0.3844
vn 0.0481 -0.8615 -0.5055
vn 0.0548 -0.8699 -0.4902
vn 0.2156 0.1159 -0.9696
vn 0.2316 0.0084 -0.9728
vn -0.0264 0.0690 -0.9973
vn 0.0175 0.1027 -0.9946
vn 0.4982 -0.0649 -0.8646
vn 0.4934 0.0940 -0.8647
vn 0.5810 0.0138 -0.8138
vn -0.0416 -0.0458 -0.9981
vn 0.0106 0.6084 0.7936
vn 0.0122 0.7737 0.6334
vn -0.0010 0.3243 0.9459
vn 0.1196 0.3760 0.9189
vn 0.5508 0.6334 0.5435
vn 0.4422 0.7302 0.5208
vn 0.6264 0.6632 0.4097
vn 0.7242 0.5492 0.4170
vn 0.5636 0.7137 0.4159
vn 0.1811 0.7906 0.5850
vn 0.3411 0.7284 0.5942
vn 0.0644 -0.5489 0.8334
vn 0.0318 -0.5167 0.8556
vn 0.1348 -0.3274 0.9352
vn -0.0012 -0.6461 0.7633
vn 0.0353 -0.6640 0.7469
vn -0.0074 -0.2926 0.9562
vn 0.6117 -0.5540 0.5647
vn 0.5189 -0.6350 0.5723
vn 0.2271 -0.6642 0.7123
vn 0.3210 -0.6572 0.6819
vn 0.6963 -0.5939 0.4030
vn 0.7393 -0.5460 0.3940
vn 0.2116 -0.7060 0.6758
vn 0.5140 0.1327 0.8475
vn 0.5318 0.0002 0.8469
vn 0.7826 0.1043 0.6137
vn 0.7161 0.1887 0.6720
vn 0.7931 -0.1034 0.6002
vn 0.8471 0.0004 0.5314
vn 0.2386 -0.1416 0.9607
vn 0.2286 0.0980 0.9686
vn 0.1228 -0.0038 0.9924
vn -0.5438 0.7350 -0.4049
vn -0.5945 0.6979 -0.3993
vn -0.5685 0.8121 -0.1311
vn -0.5489 0.8099 -0.2069
vn -0.6213 0.7683 -0.1537
vn -0.5807 0.8131 -0.0398
vn -0.7233 0.3062 -0.6189
vn -0.6349 0.2785 -0.7207
vn -0.5879 0.4418 -0.6776
vn -0.6640 0.4730 -0.5791
vn -0.6449 0.1278 -0.7535
vn -0.6818 0.1278 -0.7203
vn -0.5306 0.3686 -0.7633
vn -0.4400 -0.8325 -0.3367
vn -0.4419 -0.8348 -0.3283
vn -0.4477 -0.8007 -0.3981
vn -0.4262 -0.8129 -0.3970
vn -0.3962 -0.8276 -0.3977
vn -0.4235 -0.8648 -0.2699
vn -0.4693 -0.8504 -0.2376
vn -0.6197 -0.4882 -0.6145
vn -0.5524 -0.5071 -0.6616
vn -0.6340 -0.2402 -0.7351
vn -0.6747 -0.2691 -0.6873
vn -0.6069 -0.2038 -0.7682
vn -0.8432 -0.1203 -0.5240
vn -0.8654 -0.0208 -0.5006
vn -0.9507 -0.1112 -0.2896
vn -0.9225 -0.1693 -0.3469
vn -0.9660 -0.0368 -0.2558
vn -0.9836 -0.0676 -0.1671
vn -0.7002 0.0190 -0.7137
vn -0.7311 -0.0516 -0.6804
vn -0.0901 0.8376 0.5389
vn -0.2286 0.8290 0.5105
vn -0.0073 0.7999 0.6001
vn -0.1531 0.8002 0.5798
vn -0.4319 0.8398 0.3291
vn -0.2886 0.8540 0.4329
vn -0.1039 0.6149 0.7817
vn -0.1886 0.5432 0.8181
vn -0.2203 0.3066 0.9260
vn -0.1495 0.4265 0.8920
vn -0.2979 0.2863 0.9107
vn -0.2693 0.1837 0.9454
vn -0.1353 0.6899 0.7111
vn -0.0419 0.7216 0.6910
vn -0.9018 0.4231 -0.0876
vn -0.8818 0.4715 -0.0005
vn -0.7001 0.7139 0.0131
vn -0.7669 0.6388 -0.0618
vn -0.9883 0.1471 -0.0409
vn -0.9808 0.1447 -0.1304
vn -0.9933 0.0229 -0.1135
vn -0.6640 0.7323 0.1515
vn -0.6166 0.7804 0.1037
vn -0.3757 -0.9025 0.2108
vn -0.3629 -0.9162 0.1700
vn -0.4528 -0.8881 -0.0787
vn -0.4155 -0.9095 0.0113
vn -0.4345 -0.8963 -0.0885
vn -0.0896 -0.5458 0.8331
vn -0.1787 -0.5398 0.8226
vn -0.0488 -0.7022 0.7103
vn -0.2737 -0.2733 0.9222
vn -0.1536 -0.3287 0.9319
vn -0.2531 -0.1716 0.9521
vn -0.1303 -0.7408 0.6589
vn -0.7469 -0.6510 -0.1352
vn -0.7482 -0.6404 -0.1738
vn -0.9425 -0.3134 -0.1163
vn -0.9229 -0.3811 -0.0544
vn -0.9267 -0.3479 -0.1419
vn -0.8418 0.0064 0.5397
vn -0.8566 -0.0531 0.5133
vn -0.5229 0.0290 0.8519
vn -0.5907 0.0610 0.8046
vn -0.9905 -0.1139 0.0770
vn -0.9918 -0.0640 0.1110
vn -0.9940 -0.1095 -0.0024
vn -0.5303 -0.0534 0.8461
vn -0.4224 -0.0037 0.9064
vn 0.6774 0.7119 -0.1853
vn 0.7271 0.6864 -0.0145
vn 0.6302 0.6943 -0.3476
vn 0.6252 0.6737 -0.3939
vn 0.6180 0.7461 -0.2478
vn 0.7280 0.6121 0.3088
vn 0.7900 0.5646 0.2389
vn 0.5015 0.5399 -0.6760
vn 0.6055 0.5151 -0.6067
vn 0.6157 0.3016 -0.7280
vn 0.5467 0.3890 -0.7415
vn 0.7182 0.2976 -0.6289
vn 0.6875 0.1903 -0.7008
vn 0.5529 0.6864 -0.4724
vn 0.4709 0.6612 -0.5840
vn 0.5000 -0.8390 -0.2146
vn 0.5594 -0.8251 -0.0794
vn 0.6489 -0.7606 0.0210
vn 0.5633 -0.8201 -0.1007
vn 0.6806 -0.7045 0.2011
vn 0.7261 -0.6633 0.1814
vn 0.4971 -0.8541 -0.1531
vn 0.4236 -0.8610 -0.2814
vn 0.3761 -0.8679 -0.3243
vn 0.4350 -0.6571 -0.6156
vn 0.5458 -0.6270 -0.5559
vn 0.3504 -0.8067 -0.4759
vn 0.7007 -0.3339 -0.6304
vn 0.6182 -0.3314 -0.7128
vn 0.6853 -0.1999 -0.7003
vn 0.4222 -0.8201 -0.3862
vn 0.9932 0.1151 0.0155
vn 0.9997 0.0071 -0.0238
vn 0.8819 0.0720 -0.4659
vn 0.9238 0.1767 -0.3397
vn 0.9280 -0.0673 0.3663
vn 0.9398 0.0800 0.3324
vn 0.8955 0.0183 0.4446
vn 0.8835 -0.0519 -0.4656
vn 0.8173 0.0120 -0.5762
vn 0.7898 0.4841 0.3767
vn 0.7955 0.4965 0.3473
vn 0.7894 0.4343 0.4339
vn 0.8006 0.4569 0.3877
vn 0.7734 0.5925 0.2255
vn 0.7203 0.6118 0.3269
vn 0.7019 0.5381 0.4666
vn 0.7842 0.5052 0.3602
vn 0.6565 0.6458 0.3899
vn 0.6586 0.6285 0.4137
vn 0.8786 0.3435 0.3318
vn 0.8250 0.3191 0.4664
vn 0.8856 0.2048 0.4168
vn 0.7541 0.6078 0.2489
vn 0.6876 0.6637 0.2946
vn 0.7641 0.4315 0.4796
vn 0.7540 0.4115 0.5120
vn 0.8176 0.2694 0.5090
vn 0.8145 0.3109 0.4899
vn 0.8098 0.3795 0.4474
vn 0.7614 0.4224 0.4918
vn 0.7235 0.4872 0.4890
vn 0.7519 0.4713 0.4611
vn 0.8578 -0.4532 0.2426
vn 0.8509 -0.4738 0.2269
vn 0.8250 -0.5138 0.2353
vn 0.8390 -0.5260 0.1394
vn 0.7905 -0.5791 0.1995
vn 0.8445 -0.4153 0.3382
vn 0.8334 -0.5092 0.2150
vn 0.8019 -0.5135 0.3053
vn 0.7710 -0.4307 0.4691
vn 0.8410 -0.4526 0.2966
vn 0.8559 -0.2939 0.4256
vn 0.9015 -0.3245 0.2865
vn 0.9009 -0.1946 0.3879
vn 0.8300 -0.5308 0.1712
vn 0.7637 -0.5470 0.3428
vn 0.7608 -0.5845 0.2821
vn 0.7750 -0.4477 0.4460
vn 0.7722 -0.3898 0.5018
vn 0.7419 -0.5113 0.4338
vn 0.8000 -0.3830 0.4618
vn 0.8240 -0.2701 0.4981
vn 0.7842 -0.3893 0.4831
vn 0.7798 -0.5091 0.3643
vn 0.8716 0.4026 0.2799
vn 0.9490 0.0185 0.3147
vn 0.8989 0.2445 0.3636
vn 0.9096 -0.2259 0.3486
vn 0.9324 0.0058 0.3614
vn 0.9447 -0.1579 0.2873
vn 0.9218 0.2146 0.3229
vn 0.9402 0.0052 0.3406
vn 0.9155 -0.3201 0.2439
vn 0.9055 -0.3499 0.2401
vn 0.8796 -0.3713 0.2973
vn 0.8351 -0.4367 0.3345
vn 0.8187 -0.5350 0.2086
vn 0.8204 -0.4807 0.3097
vn 0.8039 -0.4370 0.4035
vn 0.8091 -0.4484 0.3800
vn 0.8316 -0.5372 0.1407
vn 0.8737 -0.4602 0.1577
vn 0.8278 -0.5227 0.2035
vn 0.8580 -0.4631 0.2222
vn 0.8353 -0.5391 0.1079
vn 0.8448 -0.5229 0.1136
vn 0.8021 -0.5804 0.1405
vn 0.8067 -0.5532 0.2080
vn 0.8563 -0.4821 0.1854
vn 0.8380 -0.5387 0.0870
vn 0.7573 0.4767 0.4463
vn 0.7317 0.4918 0.4719
vn 0.7991 0.4447 0.4047
vn 0.8206 0.4990 0.2786
vn 0.9031 -0.3740 -0.2110
vn 0.9455 -0.3200 0.0608
vn 0.9939 -0.1075 0.0246
vn 0.9256 -0.1749 -0.3358
vn 0.5857 -0.7772 -0.2300
vn 0.6703 -0.6838 -0.2882
vn 0.6111 -0.6607 -0.4360
vn 0.5137 -0.7879 -0.3396
vn 0.6724 -0.6945 0.2560
vn 0.6232 -0.7782 0.0775
vn 0.7528 -0.5955 0.2806
vn 0.7862 0.5143 -0.3427
vn 0.7550 0.4066 -0.5145
vn 0.6952 0.5477 -0.4656
vn 0.7374 0.6649 -0.1190
vn 0.7240 0.6856 0.0755
vn 0.6613 0.7296 -0.1743
vn -0.6663 -0.2342 0.7080
vn -0.6165 -0.1080 0.7799
vn -0.8710 -0.2015 0.4480
vn -0.8925 -0.4214 -0.1610
vn -0.7472 -0.6299 -0.2121
vn -0.6716 -0.7378 0.0677
vn -0.7537 -0.6554 0.0486
vn -0.4831 -0.7152 0.5051
vn -0.4215 -0.7648 0.4871
vn -0.1479 -0.7258 0.6718
vn -0.3675 -0.9274 -0.0702
vn -0.3143 -0.9439 0.1014
vn -0.5180 -0.8219 0.2369
vn -0.5468 -0.8286 0.1199
vn -0.6774 0.7212 0.1446
vn -0.8294 0.5512 0.0911
vn -0.6872 0.6038 0.4039
vn -0.6387 0.6688 0.3806
vn -0.2993 0.3545 0.8859
vn -0.2461 0.5013 0.8295
vn -0.4942 0.6016 0.6275
vn -0.4854 0.5485 0.6808
vn -0.2598 0.8080 0.5289
vn -0.2726 0.7867 0.5538
vn -0.3212 0.8399 0.4374
vn -0.5234 0.6801 0.5134
vn -0.4643 0.6897 0.5556
vn -0.8752 0.0905 -0.4752
vn -0.8632 -0.0304 -0.5039
vn -0.9476 -0.0625 -0.3134
vn -0.9638 0.0479 -0.2623
vn -0.5475 -0.2443 -0.8004
vn -0.4820 -0.4904 -0.7261
vn -0.5669 -0.6102 -0.5534
vn -0.6285 -0.4865 -0.6069
vn -0.2867 -0.8824 -0.3730
vn -0.3342 -0.8937 -0.2992
vn -0.5156 -0.7679 -0.3801
vn -0.4854 -0.7791 -0.3967
vn -0.5579 0.2657 -0.7862
vn -0.6867 0.3060 -0.6594
vn -0.6679 0.3138 -0.6748
vn -0.6311 0.7158 -0.2988
vn -0.6541 0.7101 -0.2605
vn -0.6046 0.6690 -0.4323
vn -0.7539 0.3799 -0.5361
vn -0.7535 0.4604 -0.4694
vn 0.6591 -0.4045 0.6339
vn 0.5174 -0.3898 0.7618
vn 0.5340 -0.2034 0.8206
vn 0.7206 -0.2455 0.6484
vn 0.2640 -0.6864 0.6776
vn 0.1334 -0.4095 0.9025
vn 0.1113 -0.5527 0.8259
vn -0.0021 -0.3568 0.9342
vn 0.4344 0.7988 0.4162
vn 0.3041 0.8317 0.4644
vn 0.3795 0.6760 0.6317
vn 0.4236 0.6770 0.6018
vn -0.0942 0.7621 0.6406
vn -0.1157 0.6220 0.7744
vn 0.2250 0.6535 0.7227
vn 0.2412 0.6905 0.6819
vn 0.0634 -0.3713 -0.9263
vn 0.1911 -0.3814 -0.9044
vn 0.1185 -0.5653 -0.8163
vn 0.2166 -0.1737 -0.9607
vn 0.0329 -0.1818 -0.9828
vn 0.1826 -0.8375 -0.5150
vn 0.0873 -0.8370 -0.5402
vn -0.0043 -0.7851 -0.6194
vn -0.0134 -0.6814 -0.7318
vn 0.0818 -0.7793 -0.6213
vn 0.0190 0.7893 -0.6138
vn 0.1506 0.7864 -0.5991
vn 0.1702 0.6273 -0.7599
vn 0.1350 0.6481 -0.7495
vn -0.1580 0.3236 -0.9329
vn -0.1393 0.5027 -0.8531
vn 0.0752 0.5722 -0.8167
vn 0.0737 0.5414 -0.8375
vn 0.4022 -0.9129 -0.0692
vn 0.6358 -0.7709 -0.0387
vn 0.2683 -0.9415 -0.2039
vn 0.1939 -0.8315 0.5206
vn 0.1291 -0.9363 0.3265
vn -0.0332 -0.8193 0.5723
vn 0.8149 0.5216 0.2528
vn 0.6393 0.7191 0.2725
vn 0.6515 0.6126 0.4475
vn 0.7511 0.5016 0.4293
vn 0.1281 0.8724 0.4718
vn 0.1071 0.8409 0.5304
vn 0.5264 0.6734 0.5191
vn 0.5186 0.6594 0.5442
vn 0.1370 0.8225 -0.5521
vn 0.1350 0.9219 -0.3632
vn -0.0356 0.7812 -0.6233
vn 0.0842 -0.3268 0.9413
vn -0.0094 -0.3092 0.9509
vn 0.0069 -0.1381 0.9904
vn 0.0414 -0.7097 0.7033
vn 0.0605 -0.6848 0.7263
vn -0.0029 0.7969 0.6041
vn -0.5710 -0.0664 -0.8183
vn -0.4312 -0.0483 -0.9010
vn -0.3983 -0.2712 -0.8762
vn -0.3830 -0.5580 -0.7361
vn -0.0765 -0.8417 -0.5346
vn -0.2155 -0.8473 -0.4854
vn -0.2259 -0.9080 -0.3529
vn -0.3308 -0.5962 -0.7315
vn -0.4533 0.6801 -0.5762
vn -0.3081 0.7330 -0.6064
vn -0.3793 0.5010 -0.7779
vn -0.4650 0.4881 -0.7386
vn -0.3402 -0.9320 -0.1247
vn 0.0504 0.8261 0.5613
vn -0.0289 0.8677 0.4963
vn -0.2296 0.9217 -0.3125
vn -0.2534 0.9083 -0.3327
vn -0.3758 -0.8691 -0.3217
vn -0.2322 0.7601 -0.6069
vn -0.2855 0.7272 -0.6243
vn -0.2638 -0.8451 -0.4650
vn -0.1745 -0.8828 -0.4361
vn -0.4228 0.2508 -0.8709
vn -0.5268 0.2303 -0.8182
vn -0.1277 -0.8085 0.5744
vn -0.1072 -0.8659 0.4886
vn -0.2198 -0.8580 0.4643
vn 0.0521 0.3920 0.9185
vn -0.0309 0.3645 0.9307
vn 0.0682 0.5314 0.8444
vn -0.1828 0.8514 -0.4916
vn -0.1661 0.7935 -0.5855
vn 0.6524 0.7420 0.1541
vn 0.5244 0.8409 0.1337
vn 0.5127 0.8529 -0.0981
vn 0.5972 0.7984 -0.0766
vn -0.2372 0.4351 -0.8686
vn -0.2037 0.3088 -0.9291
vn 0.2424 0.7256 -0.6440
vn 0.3849 0.6967 -0.6053
vn -0.2190 -0.5979 -0.7711
vn -0.3689 -0.6544 -0.6601
vn 0.1817 0.4886 -0.8534
vn 0.1142 0.4668 -0.8770
vn 0.7849 0.3884 0.4829
vn 0.5916 0.5131 0.6219
vn 0.6509 0.5820 0.4875
vn 0.7289 0.5038 0.4635
vn 0.4349 -0.6871 0.5820
vn 0.6727 -0.5578 0.4862
vn 0.5256 0.5317 0.6641
vn 0.4372 0.5266 0.7291
vn -0.5755 0.7824 -0.2381
vn -0.5772 0.7068 -0.4090
vn -0.2866 0.8191 -0.4970
vn -0.3536 0.8530 -0.3839
vn -0.4983 0.3929 -0.7729
vn -0.5385 0.4573 -0.7078
vn -0.3619 -0.8494 -0.3842
vn -0.4097 -0.5953 -0.6912
vn -0.3456 -0.4993 -0.7945
vn -0.8133 0.2277 -0.5355
vn -0.8550 0.1996 -0.4787
vn 0.0872 0.7862 0.6119
vn 0.0417 0.7844 0.6189
vn -0.0676 0.4968 0.8652
vn -0.8013 0.5870 -0.1153
vn -0.8549 0.3886 -0.3437
vn -0.7339 -0.6761 -0.0652
vn -0.6561 -0.6726 -0.3422
vn -0.7993 -0.5186 -0.3035
vn -0.6084 0.4006 0.6851
vn -0.8257 0.1096 0.5533
vn 0.5611 0.4190 -0.7139
vn 0.5318 0.5526 -0.6417
vn 0.2662 0.5917 -0.7609
vn 0.3141 0.5298 -0.7878
vn 0.4397 -0.8749 -0.2030
vn 0.2673 -0.7852 -0.5586
vn 0.3187 -0.6898 -0.6501
vn 0.9038 0.3543 -0.2398
vn 0.9494 0.3100 0.0506
vn 0.8717 0.3881 0.2992
vn 0.8668 0.3359 0.3687
vn 0.7242 0.5150 0.4586
vn 0.7345 0.4769 0.4827
vn 0.7473 0.4648 0.4749
vn 0.5110 0.6347 0.5796
vn 0.8455 -0.4415 0.3002
vn 0.7073 -0.5878 0.3928
vn 0.8997 0.1562 0.4076
vn 0.8509 0.3316 0.4074
vn 0.8630 0.1375 0.4861
vn 0.8636 -0.1311 0.4868
vn 0.9028 -0.1550 0.4012
vn 0.8460 -0.3501 0.4022
vn -0.9817 -0.1649 -0.0954
vn -0.9742 -0.2129 -0.0743
vn -0.9816 -0.1298 -0.1400
vn -0.9827 -0.1021 -0.1546
vn -0.9839 -0.0568 -0.1692
vn -0.9949 -0.0645 -0.0780
vn -0.9999 -0.0031 -0.0108
vn 0.9245 -0.1012 0.3676
vn 0.9273 -0.2448 0.2831
vn 0.8856 -0.0916 0.4553
vn 0.8453 -0.1960 0.4970
vn 0.8778 0.0936 0.4698
vn 0.8254 0.2006 0.5278
vn 0.9181 0.1110 0.3804
vn 0.7475 0.0885 -0.6583
vn 0.7879 0.1631 -0.5937
vn 0.6472 0.0926 -0.7566
vn 0.5822 0.1804 -0.7928
vn 0.6503 -0.0763 -0.7558
vn 0.5954 -0.1643 -0.7864
vn 0.7464 -0.0747 -0.6613
vn 0.7839 -0.1595 -0.6001
vn 0.7899 -0.5425 0.2858
vn 0.7590 -0.5848 0.2863
vn 0.7205 -0.6109 0.3281
vn 0.7839 -0.5730 0.2390
vn 0.8131 -0.5643 0.1430
vn 0.8170 -0.3934 0.4216
vn 0.6200 0.7057 0.3428
vn 0.2754 -0.8518 -0.4457
vn 0.3619 -0.8624 -0.3539
vn 0.4658 -0.8445 -0.2643
vn 0.5537 0.7344 -0.3925
vn 0.4872 0.7497 -0.4480
vn 0.5354 0.6891 -0.4883
vn 0.7593 0.5045 0.4109
vn 0.7799 0.5081 0.3656
vn 0.7161 0.5519 0.4273
vn -0.3262 0.0707 0.9427
vn -0.3720 0.1314 0.9189
vn -0.2354 0.0810 0.9685
vn -0.1985 0.1701 0.9652
vn -0.2300 -0.0685 0.9708
vn -0.1519 -0.2079 0.9663
vn -0.3208 -0.0667 0.9448
vn -0.3659 -0.1274 0.9219
vn 0.0582 -0.7077 0.7041
vn 0.0614 -0.0988 0.9932
vn 0.0656 -0.2286 0.9713
vn 0.1171 -0.1109 0.9869
vn 0.1511 -0.2656 0.9522
vn 0.1057 0.1344 0.9853
vn 0.1105 0.3113 0.9439
vn 0.0567 0.1121 0.9921
vn 0.0094 0.1584 0.9873
vn -0.1139 0.0656 -0.9913
vn -0.1046 0.1638 -0.9809
vn -0.1259 -0.0701 -0.9896
vn -0.1520 -0.1676 -0.9741
vn -0.1169 -0.0891 -0.9891
vn -0.0717 -0.2254 -0.9716
vn -0.6635 -0.0435 -0.7469
vn -0.6286 -0.0345 -0.7770
vn -0.6505 -0.0689 -0.7563
vn -0.6277 -0.1360 -0.7665
vn -0.6657 0.0143 -0.7461
vn -0.6801 0.0245 -0.7327
vn -0.6636 0.0291 -0.7475
vn -0.0251 0.6988 -0.7149
vn 0.0076 0.6730 -0.7396
vn -0.1023 0.6848 -0.7215
vn -0.0188 0.6872 -0.7262
vn 0.0045 0.6848 -0.7287
vn -0.0444 0.7266 -0.6856
vn -0.2243 -0.8711 0.4369
vn -0.1491 -0.8212 0.5508
vn 0.0284 -0.9672 -0.2524
vn 0.1047 -0.9532 -0.2838
vn -0.0407 -0.9778 -0.2056
vn -0.1137 -0.9844 -0.1344
vn -0.0081 0.7659 0.6429
vn -0.1329 0.7500 0.6479
vn 0.0263 0.7718 0.6353
vn 0.0532 0.7886 0.6126
vn -0.0044 0.8264 0.5630
vn -0.0116 0.7858 0.6184
vn 0.1229 0.7710 0.6248
vn -0.5880 0.8076 0.0442
vn -0.6349 0.7717 -0.0374
vn -0.5283 0.8460 0.0713
vn -0.5145 0.8575 -0.0004
vn -0.4513 0.8585 0.2435
vn -0.3133 0.8706 0.3794
vn -0.5319 0.8250 0.1911
vn -0.5392 0.8085 0.2357
vn -0.4164 -0.7861 -0.4569
vn -0.3799 -0.8060 -0.4540
vn -0.4425 -0.7262 -0.5261
vn -0.4167 -0.8013 -0.4293
vn -0.0243 -0.8405 -0.5413
vn 0.0062 -0.8559 -0.5171
vn 0.0143 -0.8439 -0.5364
vn 0.0623 -0.8652 -0.4976
vn -0.4565 -0.8681 -0.1950
vn -0.4386 -0.8896 -0.1271
vn -0.4253 -0.8886 -0.1720
vn -0.5114 -0.8394 -0.1839
vn -0.5262 0.4851 -0.6985
vn -0.5239 0.5184 -0.6758
vn -0.4659 0.5633 -0.6824
vn -0.5204 0.4738 -0.7104
vn -0.5425 0.5808 -0.6069
vn 0.2234 0.9036 0.3654
vn 0.1687 0.9146 0.3674
vn 0.1043 0.8782 0.4669
vn 0.1699 0.9674 0.1877
vn 0.1178 0.9901 0.0758
vn 0.1913 0.9564 0.2209
vn 0.1340 0.9684 0.2102
vn 0.9080 0.0002 0.4190
vn 0.7009 0.0092 -0.7132
vn 0.6740 0.6554 0.3409
vn -0.2754 0.0032 0.9613
vn 0.0553 -0.7209 0.6908
vn -0.1067 0.0604 -0.9925
vn 0.0018 0.6845 -0.7290
vn 0.0391 -0.9753 -0.2173
vn 0.0124 -0.9801 -0.1983
vn -0.5312 0.8363 0.1360
vn 0.0005 -0.8431 -0.5377
vn -0.4644 -0.8687 -0.1721
vn 0.1949 0.9390 0.2832
vn 0.8595 0.1930 0.4733
vn 0.9116 0.2531 0.3240
vn 0.9179 -0.2486 0.3091
vn 0.8526 -0.1923 0.4859
vn 0.8246 -0.4798 0.2997
vn 0.8517 -0.4131 0.3226
vn -0.8175 -0.5626 0.1227
vn -0.9515 -0.2344 0.1991
vn -0.9824 -0.1305 0.1334
vn -0.9668 -0.1244 -0.2233
vn -0.8931 0.2872 -0.3462
vn -0.9752 0.0150 -0.2210
vn -0.9284 0.1381 0.3450
vn -0.9548 0.1859 0.2319
vn -0.9944 0.0816 0.0669
vn -0.9750 -0.0038 0.2221
vn -0.9163 0.3816 0.1211
vn -0.9616 0.2721 0.0362
vn 0.8468 -0.5198 0.1131
vn 0.9064 -0.3497 0.2369
vn 0.7713 -0.3191 0.5506
vn 0.6963 -0.4800 0.5336
vn 0.5338 0.5570 0.6362
vn 0.7695 0.3011 0.5632
vn 0.5332 0.5908 0.6055
vn 0.7614 0.4058 0.5055
vn 0.8718 0.4255 0.2428
vn 0.8153 0.5498 0.1816
vn 0.8317 0.5003 0.2408
vn 0.8267 0.2824 -0.4867
vn 0.3148 0.4782 -0.8199
vn 0.5277 0.2598 -0.8087
vn 0.2372 0.4737 -0.8481
vn 0.4226 0.1545 -0.8931
vn 0.3773 -0.5467 -0.7475
vn 0.3227 -0.3866 -0.8640
vn 0.5030 -0.2935 -0.8129
vn 0.5139 -0.4558 -0.7267
vn 0.4012 -0.1994 -0.8940
vn 0.7715 -0.5268 -0.3567
vn 0.8229 -0.2865 -0.4906
vn 0.7222 -0.4651 -0.5119
vn 0.8103 -0.5736 0.1199
vn 0.8080 -0.5693 0.1518
vn 0.5825 -0.5771 0.5725
vn 0.6085 -0.6135 0.5033
vn 0.6755 -0.5535 0.4871
vn 0.5315 -0.8410 -0.1014
vn 0.8044 -0.5751 0.1486
vn 0.7812 -0.6219 0.0539
vn 0.8221 -0.4641 0.3299
vn 0.8086 -0.4714 0.3522
vn 0.4828 0.6902 0.5390
vn 0.5594 0.7274 0.3976
vn 0.7956 0.4635 0.3900
vn 0.7298 0.5460 0.4113
vn 0.8088 0.5614 0.1752
vn 0.8023 0.5665 0.1881
vn 0.7119 0.6456 -0.2764
vn 0.6341 0.7100 -0.3062
vn 0.6518 0.6477 -0.3945
vn 0.2486 0.6650 -0.7043
vn 0.3895 0.7338 -0.5566
vn 0.4810 0.6568 -0.5807
vn 0.2753 0.6223 -0.7328
vn 0.7591 0.4790 0.4409
vn 0.7161 0.6980 0.0029
vn 0.7637 0.5839 0.2754
vn 0.7909 0.5965 0.1368
vn -0.5468 0.4353 0.7152
vn -0.3959 0.1792 0.9006
vn -0.1314 0.2829 0.9501
vn -0.0762 0.2161 0.9734
vn -0.0329 -0.4144 0.9095
vn -0.0901 -0.1392 0.9862
vn -0.5071 -0.2992 0.8083
vn -0.4057 -0.1957 0.8928
vn -0.4860 -0.6434 0.5915
vn -0.2908 -0.3644 0.8847
vn 0.1407 -0.7522 0.6437
vn -0.0480 -0.7815 0.6220
vn 0.3189 -0.3582 0.8775
vn 0.1115 0.4650 0.8782
vn 0.3222 0.4972 0.8056
vn 0.2466 0.4951 0.8331
vn 0.2109 0.5841 0.7838
vn -0.0900 0.3679 0.9255
vn 0.1023 0.4752 -0.8739
vn -0.2412 0.2387 -0.9407
vn -0.0420 0.0155 -0.9990
vn -0.1995 -0.0970 -0.9751
vn -0.3173 0.2444 -0.9163
vn -0.2678 -0.4479 -0.8530
vn -0.1235 -0.1756 -0.9767
vn -0.0371 -0.3401 -0.9397
vn -0.3836 -0.4968 -0.7785
vn -0.0054 -0.5121 -0.8589
vn -0.0946 -0.4372 -0.8944
vn -0.6704 -0.1026 -0.7349
vn -0.7776 -0.0175 -0.6286
vn -0.7318 0.0971 -0.6745
vn -0.3921 -0.4790 -0.7854
vn -0.6446 -0.1418 -0.7513
vn -0.7460 0.1253 -0.6540
vn -0.5615 0.2844 -0.7771
vn -0.5362 0.2586 -0.8035
vn -0.7252 0.1935 -0.6608
vn -0.6335 -0.0073 -0.7737
vn -0.7588 0.1970 -0.6209
vn 0.0770 0.7152 -0.6947
vn -0.1745 0.7721 -0.6111
vn -0.0908 0.6206 -0.7789
vn -0.2249 0.7600 -0.6098
vn 0.1045 0.6088 -0.7864
vn -0.2148 0.5221 -0.8254
vn -0.2501 0.5301 -0.8102
vn -0.1242 0.7529 -0.6463
vn 0.0820 0.6507 -0.7549
vn -0.3714 -0.8243 0.4274
vn -0.1467 -0.8426 0.5181
vn -0.1976 -0.9792 0.0471
vn -0.2176 -0.9690 -0.1175
vn -0.0733 -0.9972 0.0174
vn 0.1260 -0.9808 -0.1492
vn 0.1613 -0.9850 0.0612
vn -0.0444 -0.9987 -0.0237
vn -0.4388 0.6725 0.5960
vn -0.2054 0.7423 0.6379
vn 0.2607 0.7184 0.6449
vn 0.4951 0.7020 0.5119
vn 0.1895 0.7424 0.6426
vn 0.3779 0.6402 0.6688
vn 0.5209 0.6690 0.5302
vn -0.7823 0.4994 -0.3723
vn -0.6772 0.7267 -0.1157
vn -0.3319 0.8807 -0.3379
vn -0.5004 0.8628 -0.0718
vn -0.3087 0.8992 -0.3099
vn -0.3974 0.9171 0.0327
vn 0.0051 0.8094 0.5873
vn -0.1155 0.8540 0.5073
vn -0.5625 0.7218 0.4032
vn -0.5271 0.8153 0.2397
vn -0.4281 -0.7901 -0.4387
vn -0.2782 -0.8216 -0.4975
vn -0.3614 -0.7075 -0.6074
vn -0.3383 -0.6831 -0.6473
vn -0.3794 -0.8113 -0.4448
vn -0.5217 -0.6963 -0.4929
vn -0.2802 -0.6512 -0.7052
vn -0.0041 -0.8333 -0.5527
vn -0.3510 -0.6319 -0.6910
vn -0.5620 -0.8257 0.0496
vn -0.4386 -0.8799 -0.1829
vn -0.5118 -0.7949 -0.3259
vn -0.5333 -0.8382 -0.1140
vn -0.5664 -0.7733 -0.2849
vn -0.3403 -0.9123 -0.2277
vn -0.5073 0.5189 -0.6881
vn -0.5739 0.5950 -0.5627
vn -0.3087 0.7276 -0.6126
vn -0.4516 0.5640 -0.6913
vn -0.5423 0.6152 -0.5722
vn -0.3367 0.7591 -0.5572
vn -0.6457 0.4188 -0.6385
vn 0.4779 0.7026 0.5273
vn 0.2084 0.8978 0.3879
vn 0.1299 0.9495 -0.2856
vn -0.1534 0.8981 -0.4122
vn -0.1685 0.9329 -0.3184
vn 0.0578 0.9978 -0.0329
vn 0.0914 0.9731 -0.2116
vn 0.1776 0.9722 0.1524
vn 0.2939 0.9116 0.2875
vn 0.3651 0.9244 0.1099
vn 0.1938 0.9778 -0.0801
vn 0.0277 0.9992 -0.0286
vn 0.8762 -0.4819 -0.0040
vn 0.8088 -0.5195 0.2756
vn -0.6901 -0.6598 0.2974
vn -0.6295 -0.6464 0.4312
vn -0.5977 -0.8015 0.0211
vn -0.6919 0.4270 -0.5821
vn -0.7216 -0.5109 -0.4671
vn -0.7354 -0.5051 -0.4517
vn -0.4023 -0.6295 -0.6648
vn 0.0277 -0.7639 -0.6447
vn -0.6417 -0.6196 -0.4520
vn -0.3399 -0.5455 -0.7661
vn 0.6915 -0.7075 0.1458
vn 0.7073 -0.7069 0.0081
vn 0.8198 -0.5684 0.0701
vn 0.8050 -0.3086 0.5067
vn 0.7696 -0.4217 0.4795
vn 0.6987 -0.5672 0.4360
vn 0.7626 -0.6414 -0.0840
vn 0.8502 -0.5234 -0.0563
vn 0.9138 -0.4006 0.0675
vn 0.8656 -0.2795 0.4155
vn 0.3938 0.5049 0.7682
vn 0.5311 0.4724 0.7034
vn 0.5668 0.5326 0.6286
vn 0.5436 0.6433 0.5391
vn 0.2315 0.4385 -0.8684
vn 0.1076 0.4682 -0.8770
vn 0.2553 0.7138 -0.6521
vn 0.0394 0.6548 -0.7548
vn -0.3865 0.2968 -0.8732
vn -0.4976 -0.8424 0.2067
vn -0.5528 -0.7658 0.3287
vn -0.6188 -0.7446 0.2504
vn -0.5450 -0.8052 0.2336
vn -0.6507 -0.6949 0.3060
vn -0.6699 0.5429 0.5064
vn -0.5613 0.6858 0.4633
vn 0.5443 0.5121 0.6645
vn 0.6692 0.4192 0.6135
vn 0.7544 0.4257 0.4995
vn 0.7852 0.4909 0.3774
vn 0.7374 0.6134 0.2828
vn 0.6088 0.7272 0.3173
vn -0.8007 0.1935 -0.5670
vn -0.8284 0.2235 -0.5137
vn -0.6865 0.4807 -0.5456
vn -0.6561 -0.6837 -0.3195
vn -0.6365 -0.6920 -0.3405
vn -0.6619 -0.5922 -0.4596
vn -0.6792 -0.6336 -0.3706
vn -0.5732 -0.6515 -0.4970
vn -0.6035 -0.6013 -0.5237
vn -0.5795 -0.3547 -0.7337
vn -0.2386 -0.3551 -0.9039
vn -0.4243 0.8132 -0.3983
vn -0.3216 0.8690 -0.3761
vn 0.8416 -0.4501 0.2986
vn 0.7707 0.5654 0.2939
vn -0.5293 -0.8178 0.2258
vn 0.2382 -0.5781 -0.7804
vn 0.1602 -0.8868 -0.4336
vn 0.3929 0.9130 -0.1100
vn 0.0546 -0.6497 0.7582
vn 0.0009 0.7573 0.6531
vn -0.4615 0.3087 -0.8317
vn -0.1375 -0.9668 -0.2155
vn -0.3574 -0.8174 -0.4517
vn -0.0132 -0.8802 -0.4744
vn -0.0900 0.7873 0.6100
vn 0.1063 -0.8811 -0.4608
vn -0.4547 -0.8489 -0.2697
vn 0.7258 0.5304 0.4381
vn 0.7377 -0.5187 0.4321
vn 0.8174 -0.3204 0.4787
vn 0.7983 -0.4650 0.3828
vn 0.8233 -0.4801 0.3028
vn 0.2782 0.7677 -0.5773
vn 0.7551 0.4410 0.4851
vn 0.7194 0.6305 0.2914
vn -0.2502 -0.0946 -0.9636
vn -0.5907 0.1170 -0.7984
vn -0.1189 0.6529 -0.7481
vn -0.2147 -0.9162 0.3383
vn -0.2094 0.6509 0.7298
vn 0.1305 0.8520 0.5071
vn 0.1105 0.7927 0.5996
vn -0.4096 0.8442 0.3457
vn 0.0947 -0.9260 -0.3655
vn -0.5595 -0.7975 -0.2259
vn -0.5604 0.5929 -0.5784
vn 0.3899 0.8622 0.3233
vn 0.1152 -0.6593 0.7430
vn 0.5207 0.6617 -0.5395
vn -0.8109 0.4362 -0.3901
vn -0.6468 0.5195 0.5584
vn 0.0154 -0.9729 -0.2309
vn 0.0008 -0.8480 -0.5300
vn 0.8119 -0.4951 0.3095
vn 0.8467 -0.5185 0.1193
vn 0.8313 -0.5434 0.1170
vn 0.8465 -0.4493 0.2854
vn 0.2271 0.6388 -0.7351
vn -0.6928 0.2665 -0.6701
vn -0.2908 0.5342 -0.7937
vn 0.0735 0.6348 -0.7691
vn -0.4400 -0.8298 0.3432
vn -0.4523 0.6361 0.6251
vn 0.3074 0.6994 0.6453
vn 0.5260 0.7022 0.4799
vn -0.5414 0.7059 0.4567
vn -0.4851 -0.7089 -0.5121
vn -0.5211 -0.7754 -0.3567
vn 0.5208 0.7063 0.4794
vn 0.2739 0.7439 0.6096
vn -0.3439 0.5182 -0.7830
vn -0.7200 -0.6657 0.1961
vn -0.5859 -0.6606 0.4694
vn -0.6896 0.5623 0.4563
vn -0.6941 0.5198 0.4980
vn -0.6829 0.5166 0.5166
vn -0.8455 0.2945 -0.4454
vn -0.7000 -0.4879 -0.5214
vn -0.6676 -0.5092 -0.5432
vn -0.7521 -0.4955 -0.4346
vn -0.1431 0.8925 -0.4276
vn 0.4064 0.7629 0.5028
vn -0.4515 0.6925 0.5627
vn -0.7291 0.4999 -0.4674
vn -0.4218 0.7442 -0.5179
s 1
f 2/1/1 3/2/2 1/3/3
f 2/1/1 1/3/3 4/4/4
f 7/5/5 6/6/6 8/7/7
f 8/7/7 454/8/8 7/5/5
f 9/9/9 10/10/10 11/11/11
f 11/11/11 12/12/12 9/9/9
f 10/10/10 13/13/13 11/11/11
f 15/14/14 16/15/15 17/16/16
f 17/17/16 16/18/15 18/19/17
f 21/20/18 22/21/19 20/22/20
f 23/23/21 24/24/22 25/25/23
f 25/25/23 26/26/24 23/23/21
f 27/27/25 24/24/22 28/28/26
f 29/29/27 30/30/28 31/31/29
f 32/32/30 33/33/31 34/34/32
f 34/34/32 35/35/33 32/32/30
f 34/34/32 33/33/31 36/36/34
f 36/36/34 37/37/35 34/34/32
f 39/38/36 40/39/37 38/40/38
f 41/41/39 38/42/38 42/43/40
f 43/44/41 44/45/42 45/46/43
f 48/47/44 47/48/45 49/49/46
f 51/50/47 52/51/48 50/52/49
f 51/50/47 50/52/49 53/53/50
f 53/53/50 50/52/49 54/54/51
f 55/55/52 56/56/53 57/57/54
f 57/57/54 58/58/55 55/55/52
f 57/57/54 56/56/53 59/59/56
f 59/59/56 60/60/57 57/57/54
f 59/59/56 56/56/53 61/61/58
f 61/61/58 62/62/59 59/59/56
f 63/63/60 64/64/61 65/65/62
f 65/65/62 66/66/63 63/63/60
f 67/67/64 228/68/65 68/69/66
f 69/70/67 70/71/68 71/72/69
f 71/72/69 72/73/70 69/70/67
f 71/72/69 70/71/68 73/74/71
f 73/74/71 74/75/72 71/72/69
f 76/76/73 259/77/74 75/78/75
f 77/79/76 76/76/73 78/80/77
f 78/80/77 79/81/78 77/79/76
f 80/82/79 81/83/80 243/84/81
f 243/84/81 246/85/82 80/82/79
f 82/86/83 81/83/80 83/87/84
f 86/88/85 84/89/86 87/90/87
f 87/90/87 88/91/88 86/88/85
f 89/92/89 90/93/90 91/94/91
f 91/94/91 1089/95/92 89/92/89
f 92/96/93 90/93/90 93/97/94
f 96/98/95 95/99/96 97/100/97
f 98/101/98 99/102/99 100/103/100
f 100/103/100 101/104/101 98/101/98
f 99/102/99 103/105/102 102/106/103
f 104/107/104 105/108/105 106/109/106
f 110/110/107 109/111/108 111/112/109
f 111/112/109 112/113/110 110/110/107
f 113/114/111 114/115/112 115/116/113
f 115/116/113 116/117/114 113/114/111
f 117/118/115 114/115/112 118/119/116
f 118/119/116 119/120/117 117/118/115
f 115/116/113 114/115/112 120/121/118
f 120/121/118 121/122/119 115/116/113
f 122/123/120 123/124/121 124/125/122
f 124/125/122 125/126/123 122/123/120
f 126/127/124 123/124/121 127/128/125
f 124/125/122 123/124/121 128/129/126
f 129/130/127 130/131/128 131/132/129
f 131/132/129 132/133/130 129/130/127
f 131/132/129 130/131/128 135/134/131
f 137/135/132 138/136/133 136/137/134
f 139/138/135 136/137/134 140/139/136
f 137/135/132 136/137/134 141/140/137
f 142/141/138 143/142/139 144/143/140
f 144/143/140 145/144/141 142/141/138
f 146/145/142 143/146/139 147/147/143
f 144/143/140 143/142/139 148/148/144
f 149/149/145 150/150/146 102/106/103
f 151/151/147 149/149/145 152/152/148
f 154/153/149 155/154/150 156/155/151
f 157/156/152 155/154/150 158/157/153
f 156/155/151 155/154/150 159/158/154
f 159/158/154 160/159/155 156/155/151
f 161/160/156 162/161/157 163/162/158
f 164/163/159 162/161/157 165/164/160
f 163/162/158 162/161/157 166/165/161
f 166/165/161 167/166/162 163/162/158
f 168/167/163 169/168/164 170/169/165
f 170/169/165 171/170/166 168/167/163
f 170/169/165 169/168/164 172/171/167
f 173/172/168 169/168/164 174/173/169
f 175/174/170 176/175/171 177/176/172
f 177/176/172 178/177/173 175/174/170
f 180/178/174 181/179/175 182/180/176
f 183/181/177 181/179/175 184/182/178
f 182/183/176 181/184/175 185/185/179
f 186/186/180 187/187/181 188/188/182
f 188/188/182 189/189/183 186/186/180
f 188/188/182 187/187/181 190/190/184
f 191/191/185 187/192/181 192/193/186
f 193/194/187 194/195/188 195/196/189
f 195/196/189 194/195/188 196/197/190
f 197/198/191 194/199/188 198/200/192
f 199/201/193 200/202/194 201/203/195
f 201/203/195 202/204/196 199/201/193
f 203/205/197 200/202/194 204/206/198
f 204/206/198 205/207/199 203/205/197
f 206/208/200 207/209/201 208/210/202
f 208/210/202 209/211/203 206/208/200
f 208/210/202 207/209/201 210/212/204
f 211/213/205 207/209/201 212/214/206
f 213/215/207 214/216/208 215/217/209
f 215/217/209 216/218/210 213/215/207
f 217/219/211 214/216/208 218/220/212
f 218/220/212 219/221/213 217/219/211
f 215/217/209 214/216/208 220/222/214
f 221/223/215 222/224/216 223/225/217
f 223/225/217 224/226/218 221/223/215
f 225/227/219 222/228/216 226/229/220
f 223/225/217 222/224/216 227/230/221
f 228/68/65 229/231/222 230/232/223
f 230/232/223 229/231/222 231/233/224
f 231/233/224 232/234/225 230/232/223
f 233/235/226 229/231/222 234/236/227
f 235/237/228 236/238/229 237/239/230
f 237/239/230 238/240/231 235/237/228
f 239/241/232 236/238/229 240/242/233
f 240/242/233 241/243/234 239/241/232
f 237/239/230 236/238/229 242/244/235
f 243/84/81 244/245/236 245/246/237
f 245/246/237 246/85/82 243/84/81
f 247/247/238 244/245/236 248/248/239
f 249/249/240 250/250/241 251/251/242
f 251/251/242 252/252/243 249/249/240
f 251/251/242 250/250/241 253/253/244
f 254/254/245 250/255/241 255/256/246
f 256/257/247 257/258/248 258/259/249
f 258/259/249 259/77/74 256/257/247
f 260/260/250 257/258/248 261/261/251
f 258/259/249 257/258/248 262/262/252
f 263/263/253 264/264/254 265/265/255
f 265/265/255 266/266/256 263/263/253
f 267/267/257 264/268/254 268/269/258
f 265/265/255 264/264/254 269/270/259
f 270/271/260 271/272/261 272/273/262
f 272/273/262 273/274/263 270/271/260
f 272/273/262 271/272/261 274/275/264
f 274/275/264 275/276/265 272/273/262
f 276/277/266 271/278/261 277/279/267
f 277/279/267 278/280/268 276/277/266
f 279/281/269 280/282/270 281/283/271
f 281/283/271 282/284/272 279/281/269
f 281/283/271 280/282/270 283/285/273
f 283/285/273 284/286/274 281/283/271
f 286/287/275 287/288/276 288/289/277
f 288/289/277 289/290/278 286/287/275
f 290/291/279 287/288/276 291/292/280
f 288/289/277 287/288/276 540/293/281
f 292/294/282 293/295/283 294/296/284
f 294/296/284 295/297/285 292/294/282
f 294/296/284 293/295/283 296/298/286
f 297/299/287 293/295/283 298/300/288
f 299/301/289 300/302/290 301/303/291
f 301/303/291 302/304/292 299/301/289
f 301/303/291 300/302/290 303/305/293
f 305/306/294 306/307/295 307/308/296
f 307/308/296 308/309/297 305/306/294
f 307/308/296 306/307/295 309/310/298
f 309/310/298 310/311/299 307/308/296
f 311/312/300 306/307/295 312/313/301
f 313/314/302 314/315/303 315/316/304
f 315/316/304 314/315/303 316/317/305
f 317/318/306 314/315/303 318/319/307
f 319/320/308 320/321/309 321/322/310
f 321/322/310 322/323/311 319/320/308
f 321/322/310 320/321/309 323/324/312
f 323/324/312 324/325/313 321/322/310
f 325/326/314 320/321/309 326/327/315
f 327/328/316 328/329/317 329/330/318
f 329/330/318 330/331/319 327/328/316
f 331/332/320 328/329/317 332/333/321
f 332/333/321 333/334/322 331/332/320
f 329/330/318 328/329/317 334/335/323
f 334/335/323 335/336/324 329/330/318
f 336/337/325 337/338/326 338/339/327
f 338/339/327 339/340/328 336/337/325
f 338/339/327 337/338/326 342/341/329
f 343/342/330 344/343/331 345/344/332
f 346/345/333 344/343/331 347/346/334
f 347/346/334 348/347/335 346/345/333
f 345/344/332 344/343/331 349/348/336
f 350/349/337 351/350/338 352/351/339
f 352/351/339 353/352/340 350/349/337
f 352/351/339 351/350/338 354/353/341
f 356/354/342 357/355/343 358/356/344
f 358/356/344 359/357/345 356/354/342
f 360/358/346 357/355/343 361/359/347
f 361/359/347 362/360/348 360/358/346
f 358/356/344 357/355/343 363/361/349
f 363/361/349 364/362/350 358/356/344
f 365/363/351 366/364/352 367/365/353
f 367/365/353 368/366/354 365/363/351
f 367/365/353 366/364/352 369/367/355
f 370/368/356 366/369/352 371/370/357
f 372/371/358 373/372/359 374/373/360
f 374/373/360 375/374/361 372/371/358
f 374/373/360 373/372/359 376/375/362
f 376/375/362 377/376/363 374/373/360
f 378/377/364 373/372/359 379/378/365
f 380/379/366 381/380/367 382/381/368
f 382/381/368 383/382/369 380/379/366
f 382/381/368 381/380/367 384/383/370
f 384/383/370 385/384/371 382/381/368
f 386/385/372 381/380/367 387/386/373
f 387/386/373 388/387/374 386/385/372
f 389/388/375 390/389/376 391/390/377
f 392/391/378 390/392/376 393/393/379
f 393/393/379 394/394/380 392/391/378
f 391/390/377 390/389/376 395/395/381
f 396/396/382 397/397/383 398/398/384
f 398/398/384 399/399/385 396/396/382
f 400/400/386 397/401/383 401/402/387
f 401/402/387 402/403/388 400/400/386
f 398/398/384 397/397/383 403/404/389
f 403/404/389 404/405/390 398/398/384
f 405/406/391 406/407/392 407/408/393
f 407/408/393 408/409/394 405/406/391
f 409/410/395 406/407/392 410/411/396
f 411/412/397 412/413/398 413/414/399
f 413/414/399 414/415/400 411/412/397
f 415/416/401 412/413/398 416/417/402
f 416/417/402 417/418/403 415/416/401
f 413/414/399 412/413/398 418/419/404
f 418/419/404 419/420/405 413/414/399
f 420/421/406 421/422/407 422/423/408
f 422/423/408 423/424/409 420/421/406
f 422/423/408 421/422/407 424/425/410
f 425/426/411 421/422/407 426/427/412
f 426/427/412 427/428/413 425/426/411
f 428/429/414 429/430/415 430/431/416
f 430/431/416 429/430/415 431/432/417
f 431/432/417 432/433/418 430/431/416
f 433/434/419 429/430/415 434/435/420
f 434/435/420 435/436/421 433/434/419
f 436/437/422 437/438/423 438/439/424
f 438/439/424 437/438/423 439/440/425
f 439/440/425 440/441/426 438/439/424
f 441/442/427 437/438/423 442/443/428
f 442/443/428 443/444/429 441/442/427
f 444/445/430 445/446/431 446/447/432
f 447/448/433 445/446/431 448/449/434
f 446/447/432 445/446/431 449/450/435
f 449/450/435 450/451/436 446/447/432
f 451/452/437 452/453/438 453/454/439
f 453/454/439 454/8/8 451/452/437
f 453/454/439 452/453/438 455/455/440
f 455/455/440 456/456/441 453/454/439
f 457/457/442 452/453/438 458/458/443
f 458/458/443 459/459/444 457/457/442
f 460/460/445 461/461/446 462/462/447
f 462/462/447 463/463/448 460/460/445
f 462/462/447 461/461/446 464/464/449
f 464/464/449 465/465/450 462/462/447
f 467/466/451 449/450/435 466/467/452
f 467/466/451 466/467/452 468/468/453
f 469/469/454 470/470/455 471/471/456
f 471/471/456 470/470/455 472/472/457
f 472/472/457 473/473/458 471/471/456
f 475/474/459 431/432/417 474/475/460
f 475/474/459 474/475/460 476/476/461
f 476/476/461 477/477/462 475/474/459
f 478/478/463 479/479/464 7/5/5
f 7/5/5 454/8/8 478/478/463
f 482/480/465 483/481/466 6/6/6
f 6/6/6 7/5/5 482/480/465
f 484/482/467 485/483/468 9/9/9
f 9/9/9 12/12/12 484/482/467
f 486/484/469 485/483/468 484/482/467
f 484/482/467 487/485/470 486/484/469
f 488/486/471 489/487/472 11/11/11
f 11/11/11 13/13/13 488/486/471
f 490/488/473 489/487/472 488/486/471
f 488/486/471 491/489/474 490/488/473
f 492/490/475 493/491/476 10/10/10
f 10/10/10 14/492/477 492/490/475
f 492/490/475 384/383/370 493/491/476
f 494/493/478 496/494/479 495/495/480
f 497/496/481 498/497/482 16/15/15
f 497/496/481 499/498/483 498/497/482
f 501/499/484 502/500/485 500/501/486
f 504/502/487 503/503/488 505/504/489
f 505/504/489 506/505/490 504/502/487
f 507/506/491 509/507/492 508/508/493
f 511/509/494 510/510/495 512/511/496
f 512/511/496 513/512/497 511/509/494
f 515/513/498 334/335/323 514/514/499
f 515/513/498 514/514/499 516/515/500
f 516/515/500 517/516/501 515/513/498
f 519/517/502 518/518/503 520/519/504
f 520/519/504 521/520/505 519/517/502
f 523/521/506 524/522/507 522/523/508
f 523/521/506 522/523/508 525/524/509
f 525/524/509 526/525/510 523/521/506
f 527/526/511 528/527/512 529/528/513
f 529/528/513 530/529/514 527/526/511
f 532/530/515 531/531/516 533/532/517
f 533/532/517 534/533/518 532/530/515
f 536/534/519 296/298/286 535/535/520
f 536/534/519 535/535/520 537/536/521
f 537/536/521 538/537/522 536/534/519
f 540/293/281 539/538/523 541/539/524
f 541/539/524 542/540/525 540/293/281
f 544/541/526 545/542/527 543/543/528
f 544/541/526 543/543/528 546/544/529
f 546/544/529 547/545/530 544/541/526
f 548/546/531 549/547/532 41/41/39
f 41/41/39 42/43/40 548/546/531
f 550/548/533 549/547/532 548/546/531
f 548/546/531 551/549/534 550/548/533
f 38/40/38 40/39/37 552/550/535
f 553/551/536 554/552/537 39/38/36
f 553/551/536 555/553/538 554/552/537
f 557/554/539 556/555/540 558/556/541
f 558/556/541 559/557/542 557/554/539
f 561/558/543 560/559/544 562/560/545
f 562/560/545 563/561/546 561/558/543
f 564/562/547 565/563/548 46/564/549
f 566/565/550 565/563/548 564/562/547
f 564/562/547 567/566/551 566/565/550
f 568/567/552 569/568/553 48/47/44
f 229/231/222 569/568/553 568/567/552
f 568/567/552 231/233/224 229/231/222
f 570/569/554 571/570/555 47/48/45
f 47/48/45 572/571/556 570/569/554
f 574/572/557 220/222/214 573/573/558
f 574/572/557 573/573/558 575/574/559
f 575/574/559 576/575/560 574/572/557
f 578/576/561 577/577/562 579/578/563
f 579/578/563 580/579/564 578/576/561
f 581/580/565 582/581/566 55/55/52
f 55/55/52 58/58/55 581/580/565
f 581/580/565 583/582/567 582/581/566
f 584/583/568 585/584/569 57/585/54
f 57/585/54 60/586/57 584/583/568
f 584/583/568 586/587/570 585/584/569
f 588/588/571 190/190/184 587/589/572
f 588/588/571 587/589/572 589/590/573
f 589/590/573 590/591/574 588/588/571
f 592/592/575 591/593/576 593/594/577
f 593/594/577 594/595/578 592/592/575
f 596/596/579 597/597/580 69/70/67
f 69/70/67 72/73/70 596/596/579
f 596/596/579 598/598/581 597/597/580
f 599/599/582 600/600/583 75/78/75
f 75/78/75 259/77/74 599/599/582
f 601/601/584 600/600/583 599/599/582
f 599/599/582 166/165/161 601/601/584
f 602/602/585 603/603/586 77/79/76
f 77/79/76 79/81/78 602/602/585
f 246/85/82 153/604/587 80/82/79
f 605/605/588 604/606/589 606/607/590
f 606/607/590 607/608/591 605/605/588
f 609/609/592 608/610/593 610/611/594
f 610/611/594 611/612/595 609/609/592
f 613/613/596 612/614/597 614/615/598
f 614/615/598 615/616/599 613/613/596
f 96/98/95 128/129/126 616/617/600
f 98/101/98 101/104/101 617/618/601
f 618/619/602 98/101/98 617/618/601
f 619/620/603 620/621/604 113/114/111
f 113/114/111 116/117/114 619/620/603
f 104/107/104 122/123/120 125/126/123
f 125/126/123 621/622/605 104/107/104
f 1063/623/606 129/130/127 132/133/130
f 132/133/130 622/624/607 1063/623/606
f 138/136/133 623/625/608 136/137/134
f 105/108/105 623/625/608 138/136/133
f 138/136/133 624/626/609 105/108/105
f 625/627/610 142/141/138 145/144/141
f 145/144/141 626/628/611 625/627/610
f 154/153/149 156/155/151 766/629/612
f 94/630/613 154/153/149 766/629/612
f 766/629/612 627/631/614 94/630/613
f 628/632/615 629/633/616 161/160/156
f 82/86/83 629/633/616 628/632/615
f 628/632/615 630/634/617 82/86/83
f 631/635/618 168/167/163 171/170/166
f 171/170/166 1064/636/619 631/635/618
f 106/109/106 175/174/170 178/177/173
f 101/104/101 100/103/100 180/178/174
f 632/637/620 633/638/621 186/186/180
f 186/186/180 189/189/183 632/637/620
f 634/639/622 633/640/621 632/641/620
f 632/641/620 635/642/623 634/639/622
f 94/630/613 95/643/96 193/194/187
f 193/194/187 195/196/189 94/630/613
f 67/67/64 199/201/193 202/204/196
f 636/644/624 206/208/200 209/211/203
f 209/211/203 637/645/625 636/644/624
f 638/646/626 639/647/627 213/215/207
f 213/215/207 216/218/210 638/646/626
f 71/72/69 639/647/627 638/646/626
f 638/646/626 72/73/70 71/72/69
f 640/648/628 221/223/215 224/226/218
f 224/226/218 641/649/629 640/648/628
f 238/240/231 642/650/630 235/237/228
f 238/240/231 643/651/631 642/650/630
f 644/652/632 645/653/633 249/249/240
f 249/249/240 252/252/243 644/652/632
f 646/654/634 645/653/633 644/652/632
f 644/652/632 647/655/635 646/654/634
f 76/76/73 256/257/247 259/77/74
f 648/656/636 649/657/637 263/263/253
f 263/263/253 266/266/256 648/656/636
f 59/59/56 649/658/637 648/659/636
f 648/659/636 60/60/57 59/59/56
f 650/660/638 651/661/639 270/271/260
f 270/271/260 273/274/263 650/660/638
f 652/662/640 653/663/641 279/281/269
f 279/281/269 282/284/272 652/662/640
f 654/664/642 653/663/641 652/662/640
f 652/662/640 655/665/643 654/664/642
f 656/666/644 286/287/275 289/290/278
f 289/290/278 1026/667/645 656/666/644
f 107/668/646 292/294/282 295/297/285
f 657/669/647 299/301/289 302/304/292
f 302/304/292 1060/670/648 657/669/647
f 308/309/297 658/671/649 305/306/294
f 308/309/297 659/672/650 658/671/649
f 660/673/651 661/674/652 313/314/302
f 99/102/99 661/674/652 660/673/651
f 660/673/651 103/105/102 99/102/99
f 662/675/653 83/87/84 319/320/308
f 319/320/308 322/323/311 662/675/653
f 662/675/653 82/86/83 83/87/84
f 663/676/654 664/677/655 327/328/316
f 327/328/316 330/331/319 663/676/654
f 339/340/328 97/100/97 336/337/325
f 339/340/328 96/98/95 97/100/97
f 79/81/78 78/80/77 343/342/330
f 343/342/330 345/344/332 79/81/78
f 353/352/340 665/678/656 350/349/337
f 666/679/657 665/678/656 353/352/340
f 353/352/340 667/680/658 666/679/657
f 668/681/659 669/682/660 356/354/342
f 356/354/342 359/357/345 668/681/659
f 73/74/71 365/363/351 368/366/354
f 368/366/354 74/75/72 73/74/71
f 670/683/661 671/684/662 372/371/358
f 372/371/358 375/374/361 670/683/661
f 1022/685/663 671/684/662 670/683/661
f 670/683/661 672/686/664 1022/685/663
f 673/687/665 68/69/66 380/379/366
f 380/379/366 383/382/369 673/687/665
f 674/688/666 675/689/667 389/388/375
f 389/388/375 391/390/377 674/688/666
f 49/49/46 675/689/667 674/688/666
f 674/688/666 48/47/44 49/49/46
f 676/690/668 677/691/669 396/396/382
f 396/396/382 399/399/385 676/690/668
f 17/16/16 677/691/669 676/690/668
f 676/690/668 15/14/14 17/16/16
f 678/692/670 679/693/671 405/406/391
f 405/406/391 408/409/394 678/692/670
f 680/694/672 679/693/671 678/692/670
f 678/692/670 681/695/673 680/694/672
f 414/415/400 682/696/674 411/412/397
f 1018/697/675 682/696/674 414/415/400
f 18/19/17 420/421/406 423/424/409
f 683/698/676 61/61/58 428/429/414
f 683/698/676 62/62/59 61/61/58
f 444/445/430 446/447/432 685/699/677
f 14/492/477 444/445/430 685/699/677
f 454/8/8 8/7/7 451/452/437
f 686/700/678 687/701/679 453/454/439
f 453/454/439 456/456/441 686/700/678
f 424/425/410 687/701/679 686/700/678
f 686/700/678 422/423/408 424/425/410
f 688/702/680 402/403/388 401/402/387
f 400/400/386 402/403/388 689/703/681
f 690/704/682 691/705/683 447/448/433
f 447/448/433 448/449/434 690/704/682
f 455/455/440 691/705/683 690/704/682
f 690/704/682 456/456/441 455/455/440
f 692/706/684 693/707/685 360/358/346
f 360/358/346 362/360/348 692/706/684
f 354/353/341 693/707/685 692/706/684
f 692/706/684 352/351/339 354/353/341
f 694/708/686 695/709/687 352/351/339
f 309/310/298 695/709/687 694/708/686
f 694/708/686 310/311/299 309/310/298
f 310/311/299 696/710/688 307/308/296
f 332/333/321 696/710/688 310/311/299
f 310/311/299 333/334/322 332/333/321
f 697/711/689 698/712/690 331/332/320
f 331/332/320 333/334/322 697/711/689
f 361/359/347 698/712/690 697/711/689
f 697/711/689 362/360/348 361/359/347
f 699/713/691 700/714/692 457/457/442
f 457/457/442 459/459/444 699/713/691
f 439/440/425 700/714/692 699/713/691
f 699/713/691 440/441/426 439/440/425
f 701/715/693 702/716/694 438/439/424
f 438/439/424 440/441/426 701/715/693
f 274/275/264 702/716/694 701/715/693
f 701/715/693 275/276/265 274/275/264
f 703/717/695 704/718/696 272/273/262
f 272/273/262 275/276/265 703/717/695
f 416/417/402 704/718/696 703/717/695
f 703/717/695 417/418/403 416/417/402
f 705/719/697 458/458/443 415/416/401
f 415/416/401 417/418/403 705/719/697
f 705/719/697 459/459/444 458/458/443
f 706/720/698 707/721/699 398/398/384
f 398/398/384 404/405/390 706/720/698
f 376/375/362 707/721/699 706/720/698
f 706/720/698 377/376/363 376/375/362
f 708/722/700 709/723/701 374/373/360
f 374/373/360 377/376/363 708/722/700
f 240/242/233 709/723/701 708/722/700
f 708/722/700 241/243/234 240/242/233
f 710/724/702 711/725/703 239/241/232
f 239/241/232 241/243/234 710/724/702
f 393/393/379 711/725/703 710/724/702
f 710/724/702 394/394/380 393/393/379
f 712/726/704 713/727/705 392/391/378
f 392/391/378 394/394/380 712/726/704
f 403/404/389 713/727/705 712/726/704
f 712/726/704 404/405/390 403/404/389
f 441/442/427 443/444/429 432/433/418
f 431/432/417 441/442/427 432/433/418
f 430/431/416 432/433/418 714/728/706
f 267/267/257 268/269/258 443/444/429
f 442/443/428 267/267/257 443/444/429
f 715/729/707 716/730/708 446/447/432
f 446/447/432 450/451/436 715/729/707
f 384/383/370 716/730/708 715/729/707
f 715/729/707 385/384/371 384/383/370
f 205/207/199 204/206/198 382/381/368
f 382/381/368 385/384/371 205/207/199
f 717/731/709 718/732/710 203/205/197
f 203/205/197 205/207/199 717/731/709
f 434/435/420 718/732/710 717/731/709
f 717/731/709 435/436/421 434/435/420
f 435/436/421 719/733/711 433/434/419
f 449/450/435 719/733/711 435/436/421
f 435/436/421 450/451/436 449/450/435
f 720/734/712 253/253/244 413/414/399
f 413/414/399 419/420/405 720/734/712
f 720/734/712 251/251/242 253/253/244
f 409/410/395 410/411/396 419/420/405
f 418/419/404 409/410/395 419/420/405
f 232/234/225 722/735/713 391/390/377
f 391/390/377 395/395/381 232/234/225
f 231/233/224 722/735/713 232/234/225
f 388/387/374 723/736/714 230/232/223
f 230/232/223 232/234/225 388/387/374
f 387/386/373 723/736/714 388/387/374
f 388/387/374 724/737/715 386/385/372
f 395/395/381 724/737/715 388/387/374
f 725/738/716 367/365/353 369/367/355
f 726/739/717 727/740/718 367/365/353
f 218/220/212 727/740/718 726/739/717
f 726/739/717 219/221/213 218/220/212
f 379/378/365 217/219/211 219/221/213
f 219/221/213 378/377/364 379/378/365
f 407/408/393 425/426/411 427/428/413
f 729/741/719 408/409/394 407/408/393
f 190/190/184 408/409/394 729/741/719
f 188/188/182 190/190/184 728/742/720
f 728/742/720 370/368/356 371/370/357
f 729/741/719 730/743/721 370/368/356
f 426/427/412 730/743/721 729/741/719
f 729/741/719 427/428/413 426/427/412
f 731/744/722 732/745/723 358/356/344
f 358/356/344 364/362/350 731/744/722
f 323/324/312 732/745/723 731/744/722
f 731/744/722 324/325/313 323/324/312
f 733/746/724 734/747/725 321/322/310
f 321/322/310 324/325/313 733/746/724
f 165/164/160 734/747/725 733/746/724
f 733/746/724 164/163/159 165/164/160
f 735/748/726 736/749/727 164/163/159
f 347/346/334 736/749/727 735/748/726
f 735/748/726 348/347/335 347/346/334
f 737/750/728 738/751/729 346/345/333
f 346/345/333 348/347/335 737/750/728
f 363/361/349 738/751/729 737/750/728
f 737/750/728 364/362/350 363/361/349
f 195/196/189 196/197/190 158/157/153
f 261/261/251 157/156/152 740/752/730
f 740/752/730 260/260/250 261/261/251
f 740/752/730 265/265/255 269/270/259
f 741/753/731 742/754/732 276/277/266
f 276/277/266 278/280/268 741/753/731
f 262/262/252 742/754/732 741/753/731
f 743/755/733 744/756/734 258/259/249
f 258/259/249 262/262/252 743/755/733
f 166/165/161 744/756/734 743/755/733
f 743/755/733 167/166/162 166/165/161
f 745/757/735 746/758/736 163/162/158
f 163/162/158 167/166/162 745/757/735
f 248/248/239 746/758/736 745/757/735
f 745/757/735 247/247/238 248/248/239
f 747/759/737 748/760/738 247/247/238
f 277/279/267 748/760/738 747/759/737
f 747/759/737 278/280/268 277/279/267
f 749/761/739 750/762/740 237/239/230
f 237/239/230 242/244/235 749/761/739
f 210/212/204 750/762/740 749/761/739
f 749/761/739 208/210/202 210/212/204
f 752/763/741 753/764/742 146/145/142
f 146/145/142 147/147/143 752/763/741
f 226/229/220 753/764/742 752/763/741
f 752/763/741 225/227/219 226/229/220
f 754/765/743 755/766/744 225/227/219
f 242/244/235 755/766/744 754/765/743
f 756/767/745 757/768/746 311/312/300
f 303/305/293 757/768/746 756/767/745
f 758/769/747 759/770/748 301/303/291
f 301/303/291 303/305/293 758/769/747
f 148/148/144 759/770/748 758/769/747
f 758/769/747 144/143/140 148/148/144
f 760/771/749 761/772/750 144/143/140
f 291/292/280 761/772/750 760/771/749
f 290/291/279 291/292/280 762/773/751
f 762/773/751 311/312/300 312/313/301
f 134/774/752 928/775/753 170/169/165
f 170/169/165 172/171/167 134/774/752
f 133/776/754 928/775/753 134/774/752
f 133/776/754 134/774/752 764/777/755
f 764/777/755 211/213/205 212/214/206
f 765/778/756 936/779/757 211/213/205
f 220/222/214 936/779/757 765/778/756
f 765/778/756 215/217/209 220/222/214
f 160/159/155 159/158/154 345/344/332
f 345/344/332 349/348/336 160/159/155
f 160/159/155 766/629/612 156/155/151
f 340/780/758 766/629/612 160/159/155
f 160/159/155 341/781/759 340/780/758
f 767/782/760 768/783/761 201/203/195
f 177/176/172 768/783/761 767/782/760
f 770/784/762 771/785/763 126/127/124
f 126/127/124 127/128/125 770/784/762
f 198/200/192 771/785/763 770/784/762
f 770/784/762 197/198/191 198/200/192
f 773/786/764 774/787/765 325/326/314
f 325/326/314 326/327/315 773/786/764
f 316/317/305 774/787/765 773/786/764
f 773/786/764 315/316/304 316/317/305
f 773/786/764 775/788/766 151/151/147
f 326/327/315 775/788/766 773/786/764
f 776/789/767 953/790/768 254/254/245
f 245/246/237 953/790/768 776/789/767
f 777/791/769 184/182/178 149/149/145
f 149/149/145 153/604/587 777/791/769
f 777/791/769 183/181/177 184/182/178
f 778/792/770 254/254/245 255/256/246
f 779/793/771 780/794/772 329/330/318
f 329/330/318 335/336/324 779/793/771
f 283/285/273 780/794/772 779/793/771
f 779/793/771 284/286/274 283/285/273
f 781/795/773 782/796/774 281/283/271
f 281/283/271 284/286/274 781/795/773
f 118/119/116 782/796/774 781/795/773
f 781/795/773 119/120/117 118/119/116
f 783/797/775 784/798/776 117/118/115
f 117/118/115 119/120/117 783/797/775
f 318/319/307 784/798/776 783/797/775
f 783/797/775 317/318/306 318/319/307
f 785/799/777 786/800/778 317/318/306
f 334/335/323 786/800/778 785/799/777
f 785/799/777 335/336/324 334/335/323
f 787/801/779 788/802/780 304/803/781
f 296/298/286 788/802/780 787/801/779
f 787/801/779 294/296/284 296/298/286
f 787/801/779 789/804/782 294/296/284
f 140/139/136 789/804/782 787/801/779
f 139/138/135 140/139/136 787/801/779
f 304/803/781 139/138/135 787/801/779
f 791/805/783 141/140/137 223/225/217
f 223/225/217 227/230/221 791/805/783
f 791/805/783 137/135/132 141/140/137
f 792/806/784 793/807/785 137/135/132
f 179/808/786 793/807/785 792/806/784
f 792/806/784 234/236/227 179/808/786
f 792/806/784 233/235/226 234/236/227
f 795/809/787 796/810/788 338/339/327
f 338/339/327 342/341/329 795/809/787
f 128/129/126 796/810/788 795/809/787
f 795/809/787 124/125/122 128/129/126
f 795/809/787 988/811/789 297/299/287
f 355/812/790 988/811/789 795/809/787
f 797/813/791 798/814/792 288/289/277
f 135/134/131 798/814/792 797/813/791
f 131/132/129 135/134/131 799/815/793
f 797/813/791 997/816/794 285/817/795
f 540/293/281 997/816/794 797/813/791
f 797/813/791 288/289/277 540/293/281
f 191/191/185 192/193/186 800/818/796
f 801/819/797 802/820/798 182/183/176
f 182/183/176 185/185/179 801/819/797
f 120/121/118 802/820/798 801/819/797
f 801/819/797 121/122/119 120/121/118
f 803/821/799 804/822/800 115/116/113
f 115/116/113 121/122/119 803/821/799
f 174/173/169 804/822/800 803/821/799
f 803/821/799 173/172/168 174/173/169
f 805/823/801 806/824/802 173/172/168
f 192/193/186 806/824/802 805/823/801
f 689/703/681 402/403/388 690/704/682
f 690/704/682 448/449/434 689/703/681
f 690/704/682 402/403/388 686/700/678
f 686/700/678 456/456/441 690/704/682
f 686/700/678 402/403/388 688/702/680
f 688/702/680 422/423/408 686/700/678
f 310/311/299 694/708/686 697/711/689
f 697/711/689 333/334/322 310/311/299
f 697/711/689 694/708/686 692/706/684
f 692/706/684 362/360/348 697/711/689
f 694/708/686 352/351/339 692/706/684
f 703/717/695 807/825/803 705/719/697
f 705/719/697 417/418/403 703/717/695
f 705/719/697 807/825/803 699/713/691
f 699/713/691 459/459/444 705/719/697
f 699/713/691 807/825/803 701/715/693
f 701/715/693 440/441/426 699/713/691
f 710/724/702 808/826/804 712/726/704
f 712/726/704 394/394/380 710/724/702
f 712/726/704 808/826/804 706/720/698
f 706/720/698 404/405/390 712/726/704
f 706/720/698 808/826/804 708/722/700
f 708/722/700 377/376/363 706/720/698
f 714/728/706 432/433/418 443/444/429
f 443/444/429 268/269/258 714/728/706
f 435/436/421 717/731/709 715/729/707
f 715/729/707 450/451/436 435/436/421
f 715/729/707 717/731/709 205/207/199
f 205/207/199 385/384/371 715/729/707
f 419/420/405 410/411/396 721/827/805
f 419/420/405 721/827/805 720/734/712
f 232/234/225 395/395/381 388/387/374
f 219/221/213 726/739/717 725/738/716
f 725/738/716 378/377/364 219/221/213
f 729/741/719 370/368/356 728/742/720
f 729/741/719 407/408/393 427/428/413
f 735/748/726 809/828/806 737/750/728
f 737/750/728 348/347/335 735/748/726
f 737/750/728 809/828/806 731/744/722
f 731/744/722 364/362/350 737/750/728
f 731/744/722 809/828/806 733/746/724
f 733/746/724 324/325/313 731/744/722
f 739/829/807 265/265/255 740/752/730
f 739/829/807 740/752/730 158/157/153
f 158/157/153 196/197/190 739/829/807
f 745/757/735 167/166/162 747/759/737
f 747/759/737 247/247/238 745/757/735
f 747/759/737 167/166/162 741/753/731
f 741/753/731 278/280/268 747/759/737
f 741/753/731 167/166/162 743/755/733
f 743/755/733 262/262/252 741/753/731
f 754/765/743 225/227/219 752/763/741
f 754/765/743 752/763/741 749/761/739
f 749/761/739 242/244/235 754/765/743
f 749/761/739 752/763/741 751/830/808
f 751/830/808 208/210/202 749/761/739
f 762/773/751 291/292/280 760/771/749
f 762/773/751 760/771/749 756/767/745
f 756/767/745 311/312/300 762/773/751
f 756/767/745 760/771/749 758/769/747
f 758/769/747 303/305/293 756/767/745
f 765/778/756 211/213/205 764/777/755
f 763/831/809 215/217/209 765/778/756
f 763/831/809 765/778/756 134/774/752
f 134/774/752 172/171/167 763/831/809
f 160/159/155 349/348/336 341/781/759
f 770/784/762 767/782/760 772/832/810
f 772/832/810 197/198/191 770/784/762
f 767/782/760 201/203/195 772/832/810
f 769/833/811 177/176/172 767/782/760
f 773/786/764 151/151/147 152/152/148
f 778/792/770 183/181/177 777/791/769
f 778/792/770 777/791/769 776/789/767
f 776/789/767 254/254/245 778/792/770
f 776/789/767 777/791/769 153/604/587
f 153/604/587 245/246/237 776/789/767
f 783/797/775 810/834/812 785/799/777
f 785/799/777 317/318/306 783/797/775
f 785/799/777 810/834/812 779/793/771
f 779/793/771 335/336/324 785/799/777
f 779/793/771 810/834/812 781/795/773
f 781/795/773 284/286/274 779/793/771
f 790/835/813 233/235/226 792/806/784
f 790/835/813 792/806/784 791/805/783
f 791/805/783 227/230/221 790/835/813
f 795/809/787 297/299/287 298/300/288
f 794/836/814 355/812/790 795/809/787
f 795/809/787 342/341/329 794/836/814
f 797/813/791 285/817/795 799/815/793
f 803/821/799 811/837/815 805/823/801
f 805/823/801 173/172/168 803/821/799
f 805/823/801 811/837/815 800/818/796
f 800/818/796 192/193/186 805/823/801
f 800/818/796 811/837/815 801/819/797
f 801/819/797 185/185/179 800/818/796
f 813/838/816 401/402/387 812/839/817
f 816/840/818 400/400/386 815/841/819
f 817/842/820 818/843/821 462/462/447
f 462/462/447 465/465/450 817/842/820
f 818/843/821 463/463/448 462/462/447
f 504/502/487 506/505/490 820/844/822
f 504/502/487 820/844/822 693/707/685
f 693/707/685 820/844/822 821/845/823
f 821/845/823 822/846/824 693/707/685
f 529/528/513 823/847/825 695/709/687
f 695/709/687 530/529/514 529/528/513
f 695/709/687 823/847/825 353/352/340
f 825/848/826 824/849/827 696/710/688
f 696/710/688 332/333/321 825/848/826
f 696/710/688 824/849/827 308/309/297
f 827/850/828 826/851/829 828/852/830
f 828/852/830 829/853/831 827/850/828
f 828/852/830 826/851/829 830/854/832
f 830/854/832 831/855/833 828/852/830
f 832/856/834 833/857/835 471/471/456
f 471/471/456 473/473/458 832/856/834
f 833/857/835 469/469/454 471/471/456
f 461/461/446 460/460/445 833/857/835
f 834/858/836 551/549/534 548/546/531
f 834/858/836 548/546/531 684/859/837
f 684/859/837 436/437/422 834/858/836
f 835/860/838 836/861/839 682/696/674
f 682/696/674 837/862/840 835/860/838
f 836/861/839 838/863/841 682/696/674
f 650/660/638 273/274/263 836/861/839
f 840/864/842 451/452/437 839/865/843
f 839/865/843 481/866/844 840/864/842
f 494/493/478 676/690/668 841/867/845
f 841/867/845 496/494/479 494/493/478
f 676/690/668 399/399/385 841/867/845
f 842/868/846 843/869/847 844/870/848
f 843/869/847 845/871/849 844/870/848
f 670/683/661 375/374/361 843/869/847
f 846/872/850 847/873/851 848/874/852
f 848/874/852 849/875/853 846/872/850
f 847/873/851 850/876/854 848/874/852
f 484/482/467 851/877/855 852/878/856
f 852/878/856 487/485/470 484/482/467
f 851/877/855 853/879/857 852/878/856
f 854/880/858 855/881/859 475/474/459
f 475/474/459 477/477/462 854/880/858
f 855/881/859 431/432/417 475/474/459
f 683/698/676 268/269/258 62/62/59
f 858/882/860 859/883/861 856/884/862
f 685/699/677 384/383/370 492/490/475
f 383/382/369 860/885/863 673/687/665
f 718/732/710 434/435/420 861/886/864
f 718/732/710 861/886/864 862/887/865
f 862/887/865 203/205/197 718/732/710
f 863/888/866 864/889/867 467/466/451
f 467/466/451 468/468/453 863/888/866
f 864/889/867 449/450/435 467/466/451
f 1019/890/868 866/891/869 557/554/539
f 557/554/539 559/557/542 1019/890/868
f 867/892/870 644/652/632 679/693/671
f 679/693/671 868/893/871 867/892/870
f 679/693/671 644/652/632 252/252/243
f 252/252/243 405/406/391 679/693/671
f 5/894/872 409/410/395 480/895/873
f 722/735/713 231/233/224 568/567/552
f 722/735/713 568/567/552 674/688/666
f 674/688/666 391/390/377 722/735/713
f 723/736/714 387/386/373 68/69/66
f 228/68/65 230/232/223 723/736/714
f 724/737/715 491/489/474 488/486/471
f 724/737/715 488/486/471 13/13/13
f 13/13/13 386/385/372 724/737/715
f 497/496/481 869/896/874 870/897/875
f 870/897/875 499/498/483 497/496/481
f 869/896/874 871/898/876 870/897/875
f 1023/899/877 873/900/878 874/901/879
f 874/901/879 875/902/880 1023/899/877
f 873/900/878 379/378/365 874/901/879
f 878/903/881 678/692/670 588/588/571
f 588/588/571 590/591/574 878/903/881
f 588/588/571 678/692/670 408/409/394
f 408/409/394 190/190/184 588/588/571
f 879/904/882 632/637/620 880/905/883
f 880/905/883 881/906/884 879/904/882
f 632/637/620 189/189/183 880/905/883
f 519/517/502 521/520/505 884/907/885
f 519/517/502 884/907/885 885/908/886
f 885/908/886 884/907/885 668/681/659
f 668/681/659 359/357/345 885/908/886
f 629/633/616 662/675/653 886/909/887
f 886/909/887 887/910/888 629/633/616
f 662/675/653 322/323/311 886/909/887
f 736/749/727 347/346/334 888/911/889
f 736/749/727 888/911/889 600/600/583
f 600/600/583 889/912/890 736/749/727
f 501/499/484 890/913/891 891/914/892
f 891/914/892 502/500/485 501/499/484
f 891/914/892 890/913/891 1033/915/893
f 1033/915/893 892/916/894 891/914/892
f 893/917/895 586/587/570 584/583/568
f 648/656/636 266/266/256 893/917/895
f 154/153/149 94/630/613 894/918/896
f 94/630/613 195/196/189 894/918/896
f 742/754/732 555/553/538 553/551/536
f 742/754/732 553/551/536 897/919/897
f 897/919/897 276/277/266 742/754/732
f 744/756/734 166/165/161 599/599/582
f 744/756/734 599/599/582 259/77/74
f 630/634/617 628/632/615 746/758/736
f 746/758/736 898/920/898 630/634/617
f 628/632/615 161/160/156 746/758/736
f 900/921/899 899/922/900 748/760/738
f 748/760/738 277/279/267 900/921/899
f 748/760/738 899/922/900 1020/923/901
f 1020/923/901 901/924/902 748/760/738
f 578/576/561 580/579/564 902/925/903
f 578/576/561 902/925/903 750/762/740
f 750/762/740 902/925/903 238/240/231
f 903/926/904 904/927/905 905/928/906
f 905/928/906 906/929/907 903/926/904
f 907/930/908 908/931/909 909/932/910
f 909/932/910 910/933/911 907/930/908
f 755/934/744 567/566/551 564/562/547
f 755/934/744 564/562/547 912/935/912
f 912/935/912 913/936/913 755/934/744
f 532/530/515 534/533/518 914/937/914
f 532/530/515 914/937/914 757/768/746
f 757/768/746 914/937/914 915/938/915
f 915/938/915 916/939/916 757/768/746
f 917/940/917 918/941/918 605/605/588
f 605/605/588 607/608/591 917/940/917
f 920/942/919 921/943/920 919/944/921
f 920/942/919 919/944/921 761/772/750
f 761/772/750 919/944/921 145/144/141
f 922/945/922 923/946/923 924/947/924
f 923/946/923 312/313/301 924/947/924
f 926/948/925 598/598/581 596/596/579
f 638/646/626 216/218/210 926/948/925
f 927/949/926 928/775/753 929/950/927
f 929/950/927 930/951/928 927/949/926
f 932/952/929 933/953/930 931/954/931
f 932/952/929 931/954/931 764/777/755
f 764/777/755 212/214/206 932/952/929
f 764/777/755 931/954/931 934/955/932
f 935/956/933 936/779/757 574/572/557
f 574/572/557 576/575/560 935/956/933
f 936/779/757 220/222/214 574/572/557
f 159/158/154 602/602/585 79/81/78
f 79/81/78 345/344/332 159/158/154
f 938/957/934 939/958/935 508/508/493
f 508/508/493 509/507/492 938/957/934
f 943/959/936 944/960/937 771/785/763
f 771/785/763 945/961/938 943/959/936
f 946/962/939 583/582/567 581/580/565
f 947/963/940 948/964/941 946/962/939
f 1041/965/942 949/966/943 523/521/506
f 523/521/506 526/525/510 1041/965/942
f 949/966/943 524/522/507 523/521/506
f 952/967/944 953/790/768 561/558/543
f 561/558/543 563/561/546 952/967/944
f 956/968/945 957/969/946 958/970/947
f 958/970/947 959/971/948 956/968/945
f 957/969/946 255/256/246 958/970/947
f 544/541/526 547/545/530 961/972/949
f 544/541/526 961/972/949 962/973/950
f 962/973/950 545/542/527 544/541/526
f 962/973/950 961/972/949 663/676/654
f 663/676/654 330/331/319 962/973/950
f 963/974/951 964/975/952 965/976/953
f 964/975/952 966/977/954 965/976/953
f 652/662/640 282/284/272 964/975/952
f 661/674/652 967/978/955 968/979/956
f 968/979/956 313/314/302 661/674/652
f 1043/980/957 969/981/958 515/513/498
f 515/513/498 517/516/501 1043/980/957
f 969/981/958 334/335/323 515/513/498
f 971/982/959 972/983/960 536/534/519
f 536/534/519 538/537/522 971/982/959
f 536/534/519 972/983/960 788/802/780
f 788/802/780 296/298/286 536/534/519
f 788/802/780 972/983/960 973/984/961
f 975/985/962 976/986/963 977/987/964
f 977/987/964 978/988/965 975/985/962
f 569/568/553 233/235/226 979/989/966
f 609/609/592 611/612/595 980/990/967
f 1035/991/968 985/992/969 511/509/494
f 511/509/494 513/512/497 1035/991/968
f 796/810/788 128/129/126 96/98/95
f 796/810/788 96/98/95 339/340/328
f 1055/993/970 988/811/789 989/994/971
f 989/994/971 990/995/972 1055/993/970
f 991/996/973 297/299/287 988/811/789
f 1027/997/974 992/998/975 613/613/596
f 613/613/596 615/616/599 1027/997/974
f 1065/999/976 993/1000/977 994/1001/978
f 994/1001/978 995/1002/979 1065/999/976
f 996/1003/980 997/816/794 540/293/281
f 540/293/281 542/540/525 996/1003/980
f 999/1004/981 1000/1005/982 592/592/575
f 592/592/575 594/595/578 999/1004/981
f 101/104/101 180/178/174 617/618/601
f 1003/1006/983 1004/1007/984 1002/1008/985
f 1003/1006/983 1002/1008/985 1005/1009/986
f 1005/1009/986 1006/1010/987 1003/1006/983
f 1005/1009/986 1002/1008/985 619/620/603
f 619/620/603 116/117/114 1005/1009/986
f 1008/1011/988 1009/1012/989 1007/1013/990
f 1010/1014/991 1011/1015/992 1008/1011/988
f 468/468/453 1012/1016/993 1013/1017/994
f 500/501/486 1029/1018/995 1030/1019/996
f 1030/1019/996 501/499/484 500/501/486
f 506/505/490 505/504/489 1036/1020/997
f 547/545/530 546/544/529 1049/1021/998
f 528/527/512 1051/1022/999 1052/1023/1000
f 1052/1023/1000 529/528/513 528/527/512
f 610/611/594 1059/1024/1001 611/612/595
f 910/1025/911 640/648/628 641/649/629
f 1115/1026/1002 917/940/917 607/608/591
f 1060/670/648 917/940/917 1115/1026/1002
f 1061/1027/1003 907/930/908 910/933/911
f 1062/1028/1004 907/930/908 1061/1027/1003
f 995/1002/979 654/664/642 655/665/643
f 3/2/2 1066/1029/1005 1/3/3
f 1/3/3 1066/1029/1005 1067/1030/1006
f 1067/1030/1006 1068/1031/1007 1/3/3
f 464/464/449 1066/1029/1005 3/2/2
f 3/2/2 465/465/450 464/464/449
f 1069/1032/1008 1070/1033/1009 2/1/1
f 2/1/1 1070/1033/1009 1071/1034/1010
f 1071/1034/1010 3/2/2 2/1/1
f 1012/1016/993 1070/1033/1009 1069/1032/1008
f 1069/1032/1008 1013/1017/994 1012/1016/993
f 1072/1035/1011 1073/1036/1012 1068/1031/1007
f 472/472/457 1073/1036/1012 1072/1035/1011
f 1072/1035/1011 473/473/458 472/472/457
f 1073/1036/1012 1074/1037/1013 1068/1031/1007
f 476/476/461 4/4/4 1074/1037/1013
f 1074/1037/1013 477/477/462 476/476/461
f 1075/1038/1014 2/1/1 4/4/4
f 1072/1035/1011 1068/1031/1007 1067/1030/1006
f 1073/1036/1012 854/880/858 1074/1037/1013
f 1069/1032/1008 2/1/1 1075/1038/1014
f 43/44/41 45/46/43 1076/1039/1015
f 1077/1040/1016 1078/1041/1017 43/1042/41
f 558/556/541 43/44/41 1076/1039/1015
f 1076/1039/1015 559/557/542 558/556/541
f 562/560/545 1079/1043/1018 1078/1041/1017
f 1078/1041/1017 563/561/546 562/560/545
f 50/52/49 52/51/48 1082/1044/1019
f 1082/1044/1019 576/575/560 575/574/559
f 50/52/49 1082/1044/1019 1083/1045/1020
f 1083/1045/1020 54/54/51 50/52/49
f 51/50/47 580/579/564 579/578/563
f 1084/1046/1021 51/50/47 53/53/50
f 1085/1047/1022 53/53/50 54/54/51
f 92/96/93 93/97/94 1086/1048/1023
f 614/615/598 92/96/93 1086/1048/1023
f 1086/1048/1023 615/616/599 614/615/598
f 19/1049/1024 1030/1019/996 1029/1018/995
f 1091/1050/1025 506/505/490 1036/1020/997
f 20/22/20 22/21/19 1093/1051/1026
f 20/22/20 1093/1051/1026 1094/1052/1027
f 1094/1052/1027 19/1049/1024 20/22/20
f 512/511/496 21/1053/18 1092/1054/1028
f 1092/1054/1028 513/512/497 512/511/496
f 516/515/500 23/23/21 26/26/24
f 26/26/24 517/516/501 516/515/500
f 525/524/509 25/25/23 1095/1055/1029
f 1095/1055/1029 526/525/510 525/524/509
f 1096/1056/1030 27/27/25 28/28/26
f 63/63/60 66/66/63 1098/1057/1031
f 1099/1058/1032 1100/1059/1033 63/1060/60
f 589/590/573 63/63/60 1098/1057/1031
f 1098/1057/1031 590/591/574 589/590/573
f 593/594/577 1101/1061/1034 1100/1059/1033
f 1100/1059/1033 594/595/578 593/594/577
f 64/64/61 1102/1062/1035 1103/1063/1036
f 1103/1063/1036 65/65/62 64/64/61
f 541/539/524 32/32/30 35/35/33
f 35/35/33 542/540/525 541/539/524
f 34/34/32 37/37/35 1104/1064/1037
f 1105/1065/1038 35/35/33 34/34/32
f 1049/1021/998 34/34/32 1104/1064/1037
f 1104/1064/1037 547/545/530 1049/1021/998
f 1106/1066/1039 36/36/34 33/33/31
f 29/29/27 1052/1023/1000 1051/1022/999
f 533/532/517 1109/1067/1040 1108/1068/1041
f 1108/1068/1041 534/533/518 533/532/517
f 538/537/522 1111/1069/1042 1110/1070/1043
f 1112/1071/1044 29/29/27 31/31/29
f 1113/1072/1045 31/31/29 1111/1069/1042
f 607/608/591 86/1073/85 88/1074/88
f 85/1075/1046 1114/1076/1047 84/89/86
f 611/612/595 1114/1076/1047 85/1075/1046
f 1114/1076/1047 87/90/87 84/89/86
f 84/89/86 1061/1077/1003 85/1078/1046
f 1115/1079/1002 88/91/88 87/90/87
f 1117/1080/1048 108/1081/1049 109/111/108
f 1/3/3 1068/1031/1007 1074/1037/1013
f 1074/1037/1013 4/4/4 1/3/3
f 6/6/6 5/894/872 839/865/843
f 839/865/843 8/7/7 6/6/6
f 10/10/10 9/9/9 1119/1082/1050
f 1119/1082/1050 14/492/477 10/10/10
f 16/15/15 15/14/14 497/496/481
f 1120/1083/1051 18/19/17 16/18/15
f 20/1084/20 19/1085/1024 1090/1086/1052
f 1090/1086/1052 1091/1050/1025 20/1084/20
f 20/1084/20 1091/1050/1025 1092/1054/1028
f 1092/1054/1028 21/1053/18 20/1084/20
f 23/23/21 28/28/26 24/24/22
f 24/24/22 27/27/25 1095/1055/1029
f 1095/1055/1029 25/25/23 24/24/22
f 30/30/28 29/29/27 1108/1068/1041
f 1108/1068/1041 1109/1067/1040 30/30/28
f 30/30/28 1109/1067/1040 1110/1070/1043
f 1110/1070/1043 1111/1069/1042 30/30/28
f 30/30/28 1111/1069/1042 31/31/29
f 38/40/38 41/1087/39 39/38/36
f 858/882/860 42/43/40 38/42/38
f 44/1088/42 43/1042/41 1078/1041/1017
f 1078/1041/1017 1079/1043/1018 44/1088/42
f 47/48/45 46/564/549 1121/1089/1053
f 1121/1089/1053 49/49/46 47/48/45
f 47/48/45 48/47/44 572/571/556
f 56/56/53 55/55/52 861/886/864
f 861/886/864 61/61/58 56/56/53
f 64/1090/61 63/1060/60 1100/1059/1033
f 1100/1059/1033 1101/1061/1034 64/1090/61
f 228/68/65 67/67/64 983/1091/1054
f 70/71/68 69/70/67 1122/1092/1055
f 1122/1092/1055 634/639/622 70/71/68
f 75/78/75 78/80/77 76/76/73
f 76/76/73 77/79/76 895/1093/1056
f 81/83/80 80/82/79 951/1094/1057
f 951/1094/1057 83/87/84 81/83/80
f 90/93/90 92/96/93 1087/1095/1058
f 1087/1095/1058 91/94/91 90/93/90
f 95/99/96 96/98/95 943/959/936
f 114/115/112 113/114/111 966/977/954
f 966/977/954 118/119/116 114/115/112
f 123/124/121 122/123/120 941/1096/1059
f 941/1096/1059 127/128/125 123/124/121
f 130/131/128 129/130/127 929/950/927
f 929/950/927 133/776/754 130/131/128
f 974/1097/1060 140/139/136 136/137/134
f 143/146/139 142/1098/138 905/928/906
f 905/928/906 147/147/143 143/146/139
f 149/149/145 102/106/103 103/105/102
f 103/105/102 152/152/148 149/149/145
f 155/154/150 154/153/149 894/918/896
f 894/918/896 158/157/153 155/154/150
f 162/161/157 161/160/156 887/910/888
f 887/910/888 165/164/160 162/161/157
f 169/168/164 168/167/163 1006/1010/987
f 1006/1010/987 174/173/169 169/168/164
f 176/175/171 175/174/170 981/1099/1061
f 981/1099/1061 179/808/786 176/175/171
f 181/179/175 180/178/174 955/1100/1062
f 955/1100/1062 184/182/178 181/179/175
f 187/192/181 186/1101/180 1009/1012/989
f 1009/1012/989 192/193/186 187/192/181
f 194/199/188 193/1102/187 945/961/938
f 945/961/938 198/200/192 194/199/188
f 200/202/194 199/201/193 860/885/863
f 860/885/863 204/206/198 200/202/194
f 207/209/201 206/208/200 212/214/206
f 214/216/208 213/215/207 218/220/212
f 222/228/216 221/1103/215 909/932/910
f 909/932/910 226/229/220 222/228/216
f 229/231/222 228/68/65 984/1104/1063
f 984/1104/1063 234/236/227 229/231/222
f 236/238/229 235/237/228 845/871/849
f 845/871/849 240/242/233 236/238/229
f 244/245/236 243/84/81 898/920/898
f 898/920/898 248/248/239 244/245/236
f 250/255/241 249/1105/240 255/256/246
f 257/258/248 256/257/247 895/1093/1056
f 895/1093/1056 261/261/251 257/258/248
f 264/268/254 263/1106/253 268/269/258
f 271/278/261 270/1107/260 277/279/267
f 280/282/270 279/281/269 994/1001/978
f 994/1001/978 285/817/795 280/282/270
f 287/288/276 286/287/275 920/942/919
f 920/942/919 291/292/280 287/288/276
f 293/295/283 292/294/282 987/1108/1064
f 987/1108/1064 298/300/288 293/295/283
f 300/302/290 299/301/289 977/987/964
f 977/987/964 304/803/781 300/302/290
f 306/307/295 305/306/294 312/313/301
f 313/314/302 318/319/307 314/315/303
f 320/321/309 319/320/308 326/327/315
f 328/329/317 327/328/316 332/333/321
f 337/1109/326 336/1110/325 627/631/614
f 627/631/614 340/780/758 337/1109/326
f 344/343/331 343/342/330 347/346/334
f 351/350/338 350/349/337 989/994/971
f 989/994/971 355/812/790 351/350/338
f 357/355/343 356/354/342 829/853/831
f 829/853/831 361/359/347 357/355/343
f 366/369/352 365/1111/351 881/906/884
f 881/906/884 371/370/357 366/369/352
f 373/372/359 372/371/358 379/378/365
f 381/380/367 380/379/366 387/386/373
f 390/392/376 389/1112/375 849/1113/853
f 849/1113/853 393/393/379 390/392/376
f 397/401/383 396/1114/382 401/402/387
f 405/406/391 410/411/396 406/407/392
f 412/413/398 411/412/397 838/863/841
f 838/863/841 416/417/402 412/413/398
f 421/422/407 420/421/406 882/1115/1065
f 882/1115/1065 426/427/412 421/422/407
f 429/430/415 428/429/414 434/435/420
f 437/438/423 436/437/422 857/1116/1066
f 857/1116/1066 442/443/428 437/438/423
f 445/446/431 444/445/430 814/1117/1067
f 814/1117/1067 448/449/434 445/446/431
f 451/452/437 458/458/443 452/453/438
f 400/400/386 486/484/469 397/401/383
f 445/446/431 447/448/433 819/1118/1068
f 819/1118/1068 466/467/452 445/446/431
f 357/355/343 360/358/346 822/846/824
f 822/846/824 500/1119/486 357/355/343
f 328/329/317 331/332/320 831/855/833
f 831/855/833 514/514/499 328/329/317
f 452/453/438 457/457/442 460/460/445
f 412/413/398 415/416/401 481/866/844
f 236/238/229 239/241/232 850/1120/854
f 850/1120/854 566/1121/550 236/238/229
f 390/389/376 392/1122/378 853/879/857
f 853/879/857 490/488/473 390/389/376
f 437/438/423 441/442/427 470/470/455
f 470/470/455 469/469/454 437/438/423
f 264/268/254 267/267/257 859/883/861
f 859/883/861 38/42/38 264/268/254
f 203/205/197 582/581/566 200/202/194
f 429/430/415 433/434/419 865/1123/1069
f 865/1123/1069 474/475/460 429/430/415
f 409/410/395 483/481/466 406/407/392
f 386/385/372 493/491/476 381/380/367
f 373/372/359 378/377/364 871/898/876
f 871/898/876 495/495/480 373/372/359
f 214/216/208 217/219/211 876/1124/1070
f 876/1124/1070 573/573/558 214/216/208
f 421/422/407 425/426/411 877/1125/1071
f 877/1125/1071 479/479/464 421/422/407
f 366/369/352 370/368/356 883/1126/1072
f 883/1126/1072 498/1127/482 366/369/352
f 162/161/157 164/163/159 889/912/890
f 889/912/890 601/601/584 162/161/157
f 344/343/331 346/345/333 892/916/894
f 892/916/894 507/506/491 344/343/331
f 157/156/152 602/602/585 155/154/150
f 260/260/250 554/552/537 257/258/248
f 276/277/266 550/1128/533 271/278/261
f 244/245/236 247/247/238 901/924/902
f 901/924/902 560/559/544 244/245/236
f 143/146/139 146/145/142 911/1129/1073
f 911/1129/1073 604/1130/589 143/146/139
f 222/228/216 225/227/219 913/1131/913
f 913/1131/913 571/1132/555 222/228/216
f 306/307/295 311/312/300 916/939/916
f 916/939/916 527/526/511 306/307/295
f 287/288/276 290/291/279 925/1133/1074
f 925/1133/1074 539/538/523 287/288/276
f 130/131/128 133/776/754 934/955/932
f 934/955/932 612/614/597 130/131/128
f 207/209/201 211/213/205 937/1134/1075
f 937/1134/1075 577/577/562 207/209/201
f 337/1109/326 340/780/758 940/1135/1076
f 940/1135/1076 510/1136/495 337/1109/326
f 123/124/121 126/127/124 944/960/937
f 944/960/937 616/617/600 123/124/121
f 194/199/188 197/198/191 948/964/941
f 948/964/941 585/1137/569 194/199/188
f 320/321/309 325/326/314 950/1138/1077
f 950/1138/1077 518/518/503 320/321/309
f 151/151/147 80/82/79 149/149/145
f 250/255/241 254/254/245 954/1139/1078
f 954/1139/1078 556/1140/540 250/255/241
f 181/179/175 183/181/177 960/1141/1079
f 960/1141/1079 591/1142/576 181/179/175
f 114/115/112 117/118/115 968/979/956
f 968/979/956 618/619/602 114/115/112
f 314/315/303 317/318/306 970/1143/1080
f 970/1143/1080 522/523/508 314/315/303
f 300/302/290 304/803/781 973/984/961
f 973/984/961 531/531/516 300/302/290
f 136/137/134 139/138/135 976/986/963
f 976/986/963 608/610/593 136/137/134
f 176/175/171 179/808/786 984/1104/1063
f 984/1104/1063 595/1144/1081 176/175/171
f 351/350/338 355/812/790 986/1145/1082
f 986/1145/1082 503/503/488 351/350/338
f 297/299/287 535/535/520 293/295/283
f 280/282/270 285/817/795 998/1146/1083
f 998/1146/1083 543/543/528 280/282/270
f 187/192/181 191/191/185 1001/1147/1084
f 1001/1147/1084 587/1148/572 187/192/181
f 169/168/164 173/172/168 1011/1015/992
f 1011/1015/992 597/597/580 169/168/164
f 452/453/438 460/460/445 463/463/448
f 463/463/448 455/455/440 452/453/438
f 445/446/431 466/467/452 449/450/435
f 469/469/454 439/440/425 437/438/423
f 429/430/415 474/475/460 431/432/417
f 421/422/407 479/479/464 478/478/463
f 478/478/463 424/425/410 421/422/407
f 481/866/844 839/865/843 480/895/873
f 412/413/398 481/866/844 480/895/873
f 480/895/873 418/419/404 412/413/398
f 409/410/395 5/894/872 483/481/466
f 406/407/392 483/481/466 482/480/465
f 482/480/465 407/408/393 406/407/392
f 485/483/468 486/484/469 400/400/386
f 400/400/386 816/840/818 485/483/468
f 397/401/383 486/484/469 487/485/470
f 487/485/470 403/1149/389 397/401/383
f 489/487/472 490/488/473 853/879/857
f 853/879/857 851/877/855 489/487/472
f 390/389/376 490/488/473 491/489/474
f 491/489/474 395/395/381 390/389/376
f 381/380/367 493/491/476 384/383/370
f 386/385/372 13/13/13 493/491/476
f 373/372/359 495/495/480 496/494/479
f 496/494/479 376/375/362 373/372/359
f 494/493/478 495/495/480 871/898/876
f 871/898/876 869/896/874 494/493/478
f 366/364/352 498/497/482 499/498/483
f 499/498/483 369/367/355 366/364/352
f 822/846/824 821/845/823 500/1119/486
f 357/355/343 500/501/486 502/500/485
f 502/500/485 363/361/349 357/355/343
f 351/350/338 503/503/488 504/502/487
f 504/502/487 354/353/341 351/350/338
f 892/916/894 1033/915/893 507/506/491
f 344/343/331 507/506/491 508/508/493
f 508/508/493 349/348/336 344/343/331
f 337/338/326 510/510/495 511/509/494
f 511/509/494 342/341/329 337/338/326
f 831/855/833 830/854/832 514/514/499
f 328/329/317 514/514/499 334/335/323
f 320/321/309 518/518/503 519/517/502
f 519/517/502 323/324/312 320/321/309
f 314/315/303 522/523/508 524/522/507
f 524/522/507 316/317/305 314/315/303
f 306/307/295 527/526/511 530/529/514
f 530/529/514 309/310/298 306/307/295
f 528/527/512 527/526/511 916/939/916
f 916/939/916 915/938/915 528/527/512
f 300/302/290 531/531/516 532/530/515
f 532/530/515 303/305/293 300/302/290
f 293/295/283 535/535/520 296/298/286
f 297/299/287 991/996/973 535/535/520
f 287/288/276 539/538/523 540/293/281
f 280/282/270 543/543/528 545/542/527
f 545/542/527 283/285/273 280/282/270
f 271/272/261 550/548/533 551/549/534
f 551/549/534 274/275/264 271/272/261
f 549/1150/532 550/1128/533 276/277/266
f 276/277/266 897/919/897 549/1150/532
f 859/883/861 858/882/860 38/42/38
f 264/264/254 38/40/38 552/550/535
f 552/550/535 269/270/259 264/264/254
f 260/260/250 896/1151/1085 554/552/537
f 257/258/248 554/552/537 555/553/538
f 555/553/538 262/262/252 257/258/248
f 250/250/241 556/555/540 557/554/539
f 557/554/539 253/253/244 250/250/241
f 901/924/902 1020/923/901 560/559/544
f 244/245/236 560/559/544 561/558/543
f 561/558/543 245/246/237 244/245/236
f 565/563/548 566/565/550 850/876/854
f 850/876/854 847/873/851 565/563/548
f 236/238/229 566/1152/550 567/1153/551
f 567/1153/551 242/244/235 236/238/229
f 569/568/553 229/231/222 233/235/226
f 913/936/913 912/935/912 571/570/555
f 222/224/216 571/570/555 570/569/554
f 570/569/554 227/230/221 222/224/216
f 214/216/208 573/573/558 220/222/214
f 207/209/201 577/577/562 578/576/561
f 578/576/561 210/212/204 207/209/201
f 203/205/197 862/887/865 582/581/566
f 200/202/194 582/581/566 583/582/567
f 583/582/567 201/203/195 200/202/194
f 194/195/188 585/584/569 586/587/570
f 586/587/570 196/197/190 194/195/188
f 948/964/941 947/963/940 585/1137/569
f 187/187/181 587/589/572 190/190/184
f 181/184/175 591/593/576 592/592/575
f 592/592/575 185/185/179 181/184/175
f 595/1144/1081 177/176/172 176/175/171
f 984/1104/1063 983/1091/1054 595/1144/1081
f 169/168/164 597/597/580 598/598/581
f 598/598/581 172/171/167 169/168/164
f 1011/1015/992 1010/1014/991 597/597/580
f 600/600/583 601/601/584 889/912/890
f 162/161/157 601/601/584 166/165/161
f 603/603/586 602/602/585 157/156/152
f 602/602/585 159/158/154 155/154/150
f 151/151/147 951/1094/1057 80/82/79
f 149/149/145 80/82/79 153/604/587
f 143/142/139 604/606/589 605/605/588
f 605/605/588 148/148/144 143/142/139
f 136/137/134 608/610/593 609/609/592
f 609/609/592 141/140/137 136/137/134
f 130/131/128 612/614/597 613/613/596
f 613/613/596 135/134/131 130/131/128
f 123/124/121 616/617/600 128/129/126
f 98/101/98 618/619/602 968/979/956
f 968/979/956 967/978/955 98/101/98
f 618/619/602 120/1154/118 114/115/112
f 122/123/120 104/107/104 106/109/106
f 106/109/106 941/1096/1059 122/123/120
f 105/108/105 104/107/104 621/622/605
f 621/622/605 107/668/646 105/108/105
f 129/130/127 1063/623/606 930/951/928
f 930/951/928 929/950/927 129/130/127
f 623/625/608 105/108/105 107/668/646
f 107/668/646 974/1097/1060 623/625/608
f 624/626/609 106/109/106 105/108/105
f 142/1098/138 625/1155/610 906/929/907
f 906/929/907 905/928/906 142/1098/138
f 99/102/99 102/106/103 150/150/146
f 150/150/146 100/103/100 99/102/99
f 95/643/96 94/630/613 627/631/614
f 627/631/614 97/1156/97 95/643/96
f 81/83/80 82/86/83 630/634/617
f 630/634/617 243/84/81 81/83/80
f 168/167/163 631/635/618 1004/1007/984
f 1004/1007/984 1003/1006/983 168/167/163
f 175/174/170 106/109/106 624/626/609
f 624/626/609 981/1099/1061 175/174/170
f 150/150/146 955/1100/1062 100/103/100
f 70/71/68 634/639/622 635/642/623
f 635/642/623 73/74/71 70/71/68
f 633/640/621 634/639/622 1122/1092/1055
f 1122/1092/1055 1007/1013/990 633/640/621
f 199/201/193 67/67/64 68/69/66
f 68/69/66 673/687/665 199/201/193
f 206/208/200 636/644/624 933/953/930
f 933/953/930 932/952/929 206/208/200
f 639/647/627 71/72/69 74/75/72
f 74/75/72 872/1157/1086 639/647/627
f 221/1103/215 640/1158/628 910/933/911
f 910/933/911 909/932/910 221/1103/215
f 645/1159/633 646/1160/634 959/971/948
f 959/971/948 958/970/947 645/1159/633
f 256/257/247 76/76/73 895/1093/1056
f 649/658/637 59/59/56 62/62/59
f 653/663/641 654/664/642 995/1002/979
f 995/1002/979 994/1001/978 653/663/641
f 286/287/275 656/666/644 921/943/920
f 921/943/920 920/942/919 286/287/275
f 292/294/282 107/668/646 621/622/605
f 621/622/605 987/1108/1064 292/294/282
f 299/301/289 657/669/647 978/988/965
f 978/988/965 977/987/964 299/301/289
f 661/674/652 99/102/99 98/101/98
f 663/676/654 1047/1161/1087 664/677/655
f 75/78/75 888/911/889 78/80/77
f 665/678/656 666/679/657 990/995/972
f 990/995/972 989/994/971 665/678/656
f 1037/1162/1088 669/682/660 668/681/659
f 365/363/351 73/74/71 635/642/623
f 635/642/623 879/1163/882 365/363/351
f 671/684/662 1022/685/663 875/902/880
f 875/902/880 874/901/879 671/684/662
f 675/689/667 49/49/46 1121/1089/1053
f 1121/1089/1053 846/872/850 675/689/667
f 677/1164/669 17/17/16 18/19/17
f 18/19/17 812/839/817 677/1164/669
f 679/693/671 680/694/672 868/893/871
f 682/696/674 1018/697/675 837/862/840
f 420/421/406 18/19/17 1120/1083/1051
f 1120/1083/1051 882/1115/1065 420/421/406
f 684/859/837 42/43/40 858/882/860
f 858/882/860 856/884/862 684/859/837
f 444/445/430 14/492/477 1119/1082/1050
f 1119/1082/1050 814/1117/1067 444/445/430
f 687/701/679 424/425/410 478/478/463
f 401/402/387 813/838/816 688/702/680
f 689/703/681 448/449/434 814/1117/1067
f 814/1117/1067 815/841/819 689/703/681
f 691/705/683 455/455/440 463/463/448
f 463/463/448 818/843/821 691/705/683
f 693/707/685 354/353/341 504/502/487
f 695/709/687 309/310/298 530/529/514
f 698/712/690 361/359/347 829/853/831
f 829/853/831 828/852/830 698/712/690
f 700/714/692 439/440/425 469/469/454
f 469/469/454 833/857/835 700/714/692
f 702/716/694 274/275/264 551/549/534
f 551/549/534 834/858/836 702/716/694
f 704/718/696 416/417/402 838/863/841
f 838/863/841 836/861/839 704/718/696
f 451/452/437 840/864/842 458/458/443
f 707/721/699 376/375/362 496/494/479
f 496/494/479 841/867/845 707/721/699
f 709/723/701 240/242/233 845/871/849
f 845/871/849 843/869/847 709/723/701
f 711/725/703 393/393/379 849/1113/853
f 849/1113/853 848/1165/852 711/725/703
f 713/1166/705 403/1149/389 487/485/470
f 487/485/470 852/878/856 713/1166/705
f 431/432/417 855/881/859 441/442/427
f 268/269/258 683/698/676 714/728/706
f 267/267/257 442/443/428 857/1116/1066
f 857/1116/1066 856/884/862 267/267/257
f 384/383/370 685/699/677 716/730/708
f 860/885/863 383/382/369 204/206/198
f 449/450/435 864/889/867 719/733/711
f 557/554/539 866/891/869 253/253/244
f 721/827/805 410/411/396 405/406/391
f 405/406/391 252/252/243 721/827/805
f 409/410/395 418/419/404 480/895/873
f 724/737/715 395/395/381 491/489/474
f 725/738/716 369/367/355 499/498/483
f 499/498/483 870/897/875 725/738/716
f 218/220/212 872/1157/1086 727/740/718
f 379/378/365 873/900/878 217/219/211
f 425/426/411 407/408/393 482/480/465
f 482/480/465 877/1125/1071 425/426/411
f 728/742/720 371/370/357 881/906/884
f 881/906/884 880/905/883 728/742/720
f 730/743/721 426/427/412 882/1115/1065
f 732/745/723 323/324/312 519/517/502
f 519/517/502 885/908/886 732/745/723
f 734/747/725 165/164/160 887/910/888
f 887/910/888 886/909/887 734/747/725
f 738/751/729 363/361/349 502/500/485
f 502/500/485 891/914/892 738/751/729
f 739/829/807 196/197/190 586/587/570
f 586/587/570 893/917/895 739/829/807
f 157/156/152 261/261/251 895/1093/1056
f 895/1093/1056 603/603/586 157/156/152
f 740/752/730 269/270/259 552/550/535
f 552/550/535 896/1151/1085 740/752/730
f 742/754/732 262/262/252 555/553/538
f 746/758/736 248/248/239 898/920/898
f 750/762/740 210/212/204 578/576/561
f 751/830/808 147/147/143 905/928/906
f 905/928/906 904/927/905 751/830/808
f 753/764/742 226/229/220 909/932/910
f 909/932/910 908/931/909 753/764/742
f 755/766/744 242/244/235 567/1153/551
f 757/768/746 303/305/293 532/530/515
f 759/770/748 148/148/144 605/605/588
f 605/605/588 918/941/918 759/770/748
f 761/772/750 291/292/280 920/942/919
f 312/313/301 923/946/923 762/773/751
f 763/831/809 172/171/167 598/598/581
f 598/598/581 926/948/925 763/831/809
f 928/775/753 133/776/754 929/950/927
f 766/629/612 340/780/758 627/631/614
f 341/781/759 349/348/336 508/508/493
f 508/508/493 939/958/935 341/781/759
f 768/783/761 177/176/172 595/1144/1081
f 769/833/811 127/128/125 941/1096/1059
f 941/1096/1059 942/1167/1089 769/833/811
f 771/785/763 198/200/192 945/961/938
f 772/832/810 201/203/195 583/582/567
f 583/582/567 946/962/939 772/832/810
f 774/787/765 316/317/305 524/522/507
f 524/522/507 949/966/943 774/787/765
f 103/105/102 660/673/651 152/152/148
f 326/327/315 951/1094/1057 775/788/766
f 953/790/768 245/246/237 561/558/543
f 255/256/246 957/969/946 778/792/770
f 780/794/772 283/285/273 545/542/527
f 545/542/527 962/973/950 780/794/772
f 782/796/774 118/119/116 966/977/954
f 966/977/954 964/975/952 782/796/774
f 784/798/776 318/319/307 313/314/302
f 313/314/302 968/979/956 784/798/776
f 334/335/323 969/981/958 786/800/778
f 789/804/782 140/139/136 974/1097/1060
f 139/138/135 304/803/781 977/987/964
f 977/987/964 976/986/963 139/138/135
f 790/835/813 227/230/221 570/569/554
f 570/569/554 979/989/966 790/835/813
f 793/807/785 179/808/786 981/1099/1061
f 981/1099/1061 982/1168/1090 793/807/785
f 794/836/814 342/341/329 511/509/494
f 511/509/494 985/992/969 794/836/814
f 988/811/789 355/812/790 989/994/971
f 798/814/792 135/134/131 613/613/596
f 613/613/596 992/998/975 798/814/792
f 799/815/793 285/817/795 994/1001/978
f 994/1001/978 993/1000/977 799/815/793
f 800/818/796 185/185/179 592/592/575
f 592/592/575 1000/1005/982 800/818/796
f 802/1169/798 120/1154/118 618/619/602
f 618/619/602 617/618/601 802/1169/798
f 804/822/800 174/173/169 1006/1010/987
f 1006/1010/987 1005/1009/986 804/822/800
f 806/824/802 192/193/186 1009/1012/989
f 1009/1012/989 1008/1011/988 806/824/802
f 807/825/803 703/717/695 275/276/265
f 275/276/265 701/715/693 807/825/803
f 808/826/804 710/724/702 241/243/234
f 241/243/234 708/722/700 808/826/804
f 251/251/242 720/734/712 721/827/805
f 367/365/353 725/738/716 726/739/717
f 729/741/719 728/742/720 190/190/184
f 809/828/806 735/748/726 164/163/159
f 164/163/159 733/746/724 809/828/806
f 157/156/152 158/157/153 740/752/730
f 147/147/143 751/830/808 752/763/741
f 144/143/140 758/769/747 760/771/749
f 765/778/756 764/777/755 134/774/752
f 767/782/760 770/784/762 127/128/125
f 127/128/125 769/833/811 767/782/760
f 773/786/764 152/152/148 315/316/304
f 810/834/812 783/797/775 119/120/117
f 119/120/117 781/795/773 810/834/812
f 137/135/132 791/805/783 792/806/784
f 795/809/787 298/300/288 124/125/122
f 797/813/791 799/815/793 135/134/131
f 811/837/815 803/821/799 121/122/119
f 121/122/119 801/819/797 811/837/815
f 687/701/679 478/478/463 454/8/8
f 454/8/8 453/454/439 687/701/679
f 677/1164/669 812/839/817 401/402/387
f 401/402/387 396/1114/382 677/1164/669
f 813/838/816 812/839/817 18/19/17
f 18/19/17 423/424/409 813/838/816
f 688/702/680 813/838/816 423/424/409
f 423/424/409 422/423/408 688/702/680
f 815/841/819 814/1117/1067 1119/1082/1050
f 1119/1082/1050 816/840/818 815/841/819
f 689/703/681 815/841/819 400/400/386
f 485/483/468 816/840/818 1119/1082/1050
f 1119/1082/1050 9/9/9 485/483/468
f 691/705/683 818/843/821 819/1118/1068
f 819/1118/1068 447/448/433 691/705/683
f 466/467/452 819/1118/1068 1014/1170/1091
f 1014/1170/1091 468/468/453 466/467/452
f 822/846/824 360/358/346 693/707/685
f 353/352/340 352/351/339 695/709/687
f 664/677/655 825/848/826 332/333/321
f 332/333/321 327/328/316 664/677/655
f 308/309/297 307/308/296 696/710/688
f 669/682/660 827/850/828 829/853/831
f 829/853/831 356/354/342 669/682/660
f 698/712/690 828/852/830 831/855/833
f 831/855/833 331/332/320 698/712/690
f 830/854/832 516/515/500 514/514/499
f 700/714/692 833/857/835 460/460/445
f 460/460/445 457/457/442 700/714/692
f 1017/1171/1092 464/464/449 461/461/446
f 42/43/40 684/859/837 548/546/531
f 702/716/694 834/858/836 436/437/422
f 436/437/422 438/439/424 702/716/694
f 838/863/841 411/412/397 682/696/674
f 704/718/696 836/861/839 273/274/263
f 273/274/263 272/273/262 704/718/696
f 8/7/7 839/865/843 451/452/437
f 458/458/443 840/864/842 481/866/844
f 481/866/844 415/416/401 458/458/443
f 839/865/843 5/894/872 480/895/873
f 676/690/668 494/493/478 15/14/14
f 707/721/699 841/867/845 399/399/385
f 399/399/385 398/398/384 707/721/699
f 642/650/630 844/870/848 845/871/849
f 845/871/849 235/237/228 642/650/630
f 709/723/701 843/869/847 375/374/361
f 375/374/361 374/373/360 709/723/701
f 675/689/667 846/872/850 849/875/853
f 849/875/853 389/388/375 675/689/667
f 847/873/851 846/872/850 1121/1089/1053
f 711/725/703 848/1165/852 850/1120/854
f 850/1120/854 239/241/232 711/725/703
f 565/563/548 847/873/851 1121/1089/1053
f 1121/1089/1053 46/564/549 565/563/548
f 851/877/855 484/482/467 12/12/12
f 713/1166/705 852/878/856 853/879/857
f 853/879/857 392/1122/378 713/1166/705
f 489/487/472 851/877/855 12/12/12
f 12/12/12 11/11/11 489/487/472
f 441/442/427 855/881/859 470/470/455
f 1016/1172/1093 472/472/457 470/470/455
f 649/658/637 62/62/59 268/269/258
f 268/269/258 263/1106/253 649/658/637
f 714/728/706 683/698/676 428/429/414
f 428/429/414 430/431/416 714/728/706
f 684/859/837 856/884/862 857/1116/1066
f 857/1116/1066 436/437/422 684/859/837
f 267/267/257 856/884/862 859/883/861
f 685/699/677 492/490/475 14/492/477
f 716/730/708 685/699/677 446/447/432
f 199/201/193 673/687/665 860/885/863
f 383/382/369 382/381/368 204/206/198
f 61/61/58 861/886/864 434/435/420
f 434/435/420 428/429/414 61/61/58
f 582/581/566 862/887/865 861/886/864
f 861/886/864 55/55/52 582/581/566
f 719/733/711 864/889/867 865/1123/1069
f 865/1123/1069 433/434/419 719/733/711
f 474/475/460 865/1123/1069 1015/1173/1094
f 1015/1173/1094 476/476/461 474/475/460
f 253/253/244 866/891/869 414/415/400
f 414/415/400 413/414/399 253/253/244
f 252/252/243 251/251/242 721/827/805
f 5/894/872 6/6/6 483/481/466
f 48/47/44 674/688/666 568/567/552
f 387/386/373 380/379/366 68/69/66
f 723/736/714 68/69/66 228/68/65
f 13/13/13 10/10/10 493/491/476
f 725/738/716 870/897/875 871/898/876
f 871/898/876 378/377/364 725/738/716
f 494/493/478 869/896/874 497/496/481
f 497/496/481 15/14/14 494/493/478
f 639/647/627 872/1157/1086 218/220/212
f 218/220/212 213/215/207 639/647/627
f 74/75/72 368/366/354 872/1157/1086
f 727/740/718 872/1157/1086 368/366/354
f 368/366/354 367/365/353 727/740/718
f 671/684/662 874/901/879 379/378/365
f 379/378/365 372/371/358 671/684/662
f 217/219/211 873/900/878 876/1124/1070
f 573/573/558 876/1124/1070 1024/1174/1095
f 1024/1174/1095 575/574/559 573/573/558
f 877/1125/1071 482/480/465 7/5/5
f 479/479/464 877/1125/1071 7/5/5
f 365/1111/351 879/904/882 881/906/884
f 632/637/620 879/904/882 635/1175/623
f 728/742/720 880/905/883 189/189/183
f 189/189/183 188/188/182 728/742/720
f 1120/1083/1051 883/1126/1072 882/1115/1065
f 730/743/721 882/1115/1065 883/1126/1072
f 883/1126/1072 370/368/356 730/743/721
f 498/1127/482 883/1126/1072 1120/1083/1051
f 1120/1083/1051 16/18/15 498/1127/482
f 732/745/723 885/908/886 359/357/345
f 359/357/345 358/356/344 732/745/723
f 887/910/888 161/160/156 629/633/616
f 662/675/653 629/633/616 82/86/83
f 734/747/725 886/909/887 322/323/311
f 322/323/311 321/322/310 734/747/725
f 78/80/77 888/911/889 347/346/334
f 347/346/334 343/342/330 78/80/77
f 75/78/75 600/600/583 888/911/889
f 889/912/890 164/163/159 736/749/727
f 738/751/729 891/914/892 892/916/894
f 892/916/894 346/345/333 738/751/729
f 893/917/895 584/583/568 60/586/57
f 60/586/57 648/656/636 893/917/895
f 739/829/807 893/917/895 266/266/256
f 266/266/256 265/265/255 739/829/807
f 158/157/153 894/918/896 195/196/189
f 895/1093/1056 77/79/76 603/603/586
f 896/1151/1085 552/550/535 40/39/37
f 740/752/730 896/1151/1085 260/260/250
f 554/552/537 896/1151/1085 40/39/37
f 40/39/37 39/38/36 554/552/537
f 39/38/36 897/919/897 553/551/536
f 549/1150/532 897/919/897 39/38/36
f 39/38/36 41/1087/39 549/1150/532
f 259/77/74 258/259/249 744/756/734
f 243/84/81 630/634/617 898/920/898
f 161/160/156 163/162/158 746/758/736
f 651/1176/639 900/921/899 277/279/267
f 277/279/267 270/1107/260 651/1176/639
f 901/924/902 247/247/238 748/760/738
f 1020/923/901 562/560/545 560/559/544
f 238/240/231 237/239/230 750/762/740
f 751/830/808 904/927/905 209/211/203
f 209/211/203 208/210/202 751/830/808
f 753/764/742 908/931/909 911/1129/1073
f 911/1129/1073 146/145/142 753/764/742
f 604/1130/589 911/1129/1073 1062/1028/1004
f 1062/1028/1004 606/1177/590 604/1130/589
f 46/564/549 912/935/912 564/562/547
f 913/1131/913 225/227/219 755/766/744
f 571/570/555 912/935/912 46/564/549
f 46/564/549 47/48/45 571/570/555
f 916/939/916 311/312/300 757/768/746
f 759/770/748 918/941/918 302/304/292
f 302/304/292 301/303/291 759/770/748
f 145/144/141 144/143/140 761/772/750
f 658/671/649 924/947/924 312/313/301
f 312/313/301 305/306/294 658/671/649
f 762/773/751 923/946/923 925/1133/1074
f 925/1133/1074 290/291/279 762/773/751
f 539/538/523 925/1133/1074 1050/1178/1096
f 1050/1178/1096 541/539/524 539/538/523
f 926/948/925 596/596/579 72/73/70
f 72/73/70 638/646/626 926/948/925
f 763/831/809 926/948/925 216/218/210
f 216/218/210 215/217/209 763/831/809
f 171/170/166 170/169/165 928/775/753
f 206/208/200 932/952/929 212/214/206
f 934/955/932 133/776/754 764/777/755
f 612/614/597 934/955/932 1028/1179/1097
f 1028/1179/1097 614/615/598 612/614/597
f 937/1134/1075 211/213/205 936/779/757
f 577/577/562 937/1134/1075 1025/1180/1098
f 1025/1180/1098 579/578/563 577/577/562
f 627/631/614 336/1110/325 97/1156/97
f 341/781/759 939/958/935 940/1135/1076
f 940/1135/1076 340/780/758 341/781/759
f 510/1136/495 940/1135/1076 1031/1181/1099
f 1031/1181/1099 512/1182/496 510/1136/495
f 768/783/761 595/1144/1081 67/67/64
f 67/67/64 202/204/196 768/783/761
f 202/204/196 201/203/195 768/783/761
f 942/1167/1089 941/1096/1059 106/109/106
f 106/109/106 178/177/173 942/1167/1089
f 769/833/811 942/1167/1089 178/177/173
f 178/177/173 177/176/172 769/833/811
f 95/99/96 943/959/936 945/961/938
f 945/961/938 193/1102/187 95/99/96
f 944/960/937 126/127/124 771/785/763
f 616/617/600 944/960/937 943/959/936
f 943/959/936 96/98/95 616/617/600
f 946/962/939 581/580/565 58/58/55
f 58/58/55 947/963/940 946/962/939
f 772/832/810 946/962/939 948/964/941
f 948/964/941 197/198/191 772/832/810
f 585/1137/569 947/963/940 58/58/55
f 58/58/55 57/1183/54 585/1137/569
f 774/787/765 949/966/943 950/1138/1077
f 950/1138/1077 325/326/314 774/787/765
f 518/518/503 950/1138/1077 1042/1184/1100
f 1042/1184/1100 520/519/504 518/518/503
f 152/152/148 660/673/651 313/314/302
f 313/314/302 315/316/304 152/152/148
f 83/87/84 951/1094/1057 326/327/315
f 326/327/315 319/320/308 83/87/84
f 775/788/766 951/1094/1057 151/151/147
f 954/1139/1078 254/254/245 953/790/768
f 556/1140/540 954/1139/1078 1021/1185/1101
f 1021/1185/1101 558/1186/541 556/1140/540
f 246/85/82 245/246/237 153/604/587
f 955/1100/1062 180/178/174 100/103/100
f 184/182/178 955/1100/1062 150/150/146
f 150/150/146 149/149/145 184/182/178
f 645/1159/633 958/970/947 255/256/246
f 255/256/246 249/1105/240 645/1159/633
f 778/792/770 957/969/946 960/1141/1079
f 960/1141/1079 183/181/177 778/792/770
f 591/1142/576 960/1141/1079 1046/1187/1102
f 1046/1187/1102 593/1188/577 591/1142/576
f 780/794/772 962/973/950 330/331/319
f 330/331/319 329/330/318 780/794/772
f 620/621/604 965/976/953 966/977/954
f 966/977/954 113/114/111 620/621/604
f 782/796/774 964/975/952 282/284/272
f 282/284/272 281/283/271 782/796/774
f 967/978/955 661/674/652 98/101/98
f 968/979/956 117/118/115 784/798/776
f 786/800/778 969/981/958 970/1143/1080
f 970/1143/1080 317/318/306 786/800/778
f 522/523/508 970/1143/1080 1044/1189/1103
f 1044/1189/1103 525/524/509 522/523/508
f 973/984/961 304/803/781 788/802/780
f 531/531/516 973/984/961 1057/1190/1104
f 1057/1190/1104 533/532/517 531/531/516
f 974/1097/1060 136/137/134 623/625/608
f 789/804/782 974/1097/1060 107/668/646
f 107/668/646 295/297/285 789/804/782
f 295/297/285 294/296/284 789/804/782
f 608/610/593 976/986/963 610/611/594
f 979/989/966 570/569/554 572/571/556
f 572/571/556 569/568/553 979/989/966
f 790/835/813 979/989/966 233/235/226
f 572/571/556 48/47/44 569/568/553
f 141/140/137 609/609/592 224/226/218
f 224/226/218 223/225/217 141/140/137
f 982/1168/1090 981/1099/1061 624/626/609
f 624/626/609 138/136/133 982/1168/1090
f 793/807/785 982/1168/1090 138/136/133
f 138/136/133 137/135/132 793/807/785
f 228/68/65 983/1091/1054 984/1104/1063
f 984/1104/1063 179/808/786 234/236/227
f 983/1091/1054 67/67/64 595/1144/1081
f 794/836/814 985/992/969 986/1145/1082
f 986/1145/1082 355/812/790 794/836/814
f 503/503/488 986/1145/1082 1036/1020/997
f 1036/1020/997 505/504/489 503/503/488
f 339/340/328 338/339/327 796/810/788
f 621/622/605 125/126/123 987/1108/1064
f 298/300/288 987/1108/1064 125/126/123
f 125/126/123 124/125/122 298/300/288
f 989/994/971 350/349/337 665/678/656
f 535/535/520 991/996/973 1056/1191/1105
f 1056/1191/1105 537/536/521 535/535/520
f 798/814/792 992/998/975 289/290/278
f 289/290/278 288/289/277 798/814/792
f 994/1001/978 279/281/269 653/663/641
f 799/815/793 993/1000/977 132/133/130
f 132/133/130 131/132/129 799/815/793
f 998/1146/1083 285/817/795 997/816/794
f 543/543/528 998/1146/1083 1049/1021/998
f 1049/1021/998 546/544/529 543/543/528
f 800/818/796 1000/1005/982 1001/1147/1084
f 1001/1147/1084 191/191/185 800/818/796
f 587/1148/572 1001/1147/1084 1045/1192/1106
f 1045/1192/1106 589/1193/573 587/1148/572
f 802/1169/798 617/618/601 180/178/174
f 180/178/174 182/180/176 802/1169/798
f 168/167/163 1003/1006/983 1006/1010/987
f 804/822/800 1005/1009/986 116/117/114
f 116/117/114 115/116/113 804/822/800
f 633/640/621 1007/1013/990 1009/1012/989
f 1009/1012/989 186/1101/180 633/640/621
f 1008/1011/988 1007/1013/990 1122/1092/1055
f 1122/1092/1055 1010/1014/991 1008/1011/988
f 806/824/802 1008/1011/988 1011/1015/992
f 1011/1015/992 173/172/168 806/824/802
f 597/597/580 1010/1014/991 1122/1092/1055
f 1122/1092/1055 69/70/67 597/597/580
f 1012/1016/993 468/468/453 1014/1170/1091
f 818/843/821 817/842/820 1014/1170/1091
f 1014/1170/1091 819/1118/1068 818/843/821
f 864/889/867 863/888/866 1015/1173/1094
f 1015/1173/1094 865/1123/1069 864/889/867
f 468/468/453 1013/1017/994 863/888/866
f 855/881/859 854/880/858 1016/1172/1093
f 1016/1172/1093 470/470/455 855/881/859
f 833/857/835 832/856/834 1017/1171/1092
f 1017/1171/1092 461/461/446 833/857/835
f 44/45/42 651/661/639 650/660/638
f 650/660/638 1080/1194/1107 44/45/42
f 836/861/839 835/860/838 650/660/638
f 866/891/869 1019/890/868 1018/697/675
f 1018/697/675 414/415/400 866/891/869
f 953/790/768 952/967/944 1021/1185/1101
f 1021/1185/1101 954/1139/1078 953/790/768
f 53/53/50 642/650/630 643/651/631
f 643/651/631 1084/1046/1021 53/53/50
f 54/54/51 1022/685/663 672/686/664
f 672/686/664 1085/1047/1022 54/54/51
f 873/900/878 1023/899/877 1024/1174/1095
f 1024/1174/1095 876/1124/1070 873/900/878
f 643/651/631 238/240/231 902/925/903
f 843/869/847 842/868/846 672/686/664
f 672/686/664 670/683/661 843/869/847
f 936/779/757 935/956/933 1025/1180/1098
f 1025/1180/1098 937/1134/1075 936/779/757
f 89/92/89 625/627/610 626/628/611
f 626/628/611 1088/1195/1108 89/92/89
f 636/644/624 637/645/625 933/953/930
f 656/666/644 1026/667/645 921/943/920
f 992/998/975 1027/997/974 1026/667/645
f 1026/667/645 289/290/278 992/998/975
f 626/628/611 145/144/141 919/944/921
f 1028/1179/1097 934/955/932 931/954/931
f 904/927/905 903/926/904 637/645/625
f 637/645/625 209/211/203 904/927/905
f 1029/1196/995 500/1119/486 821/845/823
f 821/845/823 1034/1197/1109 1029/1196/995
f 939/958/935 938/957/934 1031/1181/1099
f 1031/1181/1099 940/1135/1076 939/958/935
f 1032/1198/1110 890/913/891 501/499/484
f 501/499/484 1030/1019/996 1032/1198/1110
f 1033/915/893 890/913/891 1032/1198/1110
f 1033/915/893 509/507/492 507/506/491
f 820/844/822 1034/1197/1109 821/845/823
f 985/992/969 1035/991/968 1036/1020/997
f 1036/1020/997 986/1145/1082 985/992/969
f 830/854/832 1040/1199/1111 516/515/500
f 28/28/26 1037/1162/1088 668/681/659
f 668/681/659 1096/1056/1030 28/28/26
f 1038/1200/1112 826/851/829 827/850/828
f 827/850/828 1039/1201/1113 1038/1200/1112
f 1038/1200/1112 1040/1199/1111 830/854/832
f 830/854/832 826/851/829 1038/1200/1112
f 1037/1162/1088 1039/1201/1113 827/850/828
f 827/850/828 669/682/660 1037/1162/1088
f 949/966/943 1041/965/942 1042/1184/1100
f 1042/1184/1100 950/1138/1077 949/966/943
f 1042/1184/1100 521/520/505 520/519/504
f 969/981/958 1043/980/957 1044/1189/1103
f 1044/1189/1103 970/1143/1080 969/981/958
f 1102/1062/1035 646/654/634 647/655/635
f 647/655/635 1103/1063/1036 1102/1062/1035
f 65/65/62 680/694/672 681/695/673
f 681/695/673 66/66/63 65/65/62
f 1000/1005/982 999/1004/981 1045/1192/1106
f 1045/1192/1106 1001/1147/1084 1000/1005/982
f 957/969/946 956/968/945 1046/1187/1102
f 1046/1187/1102 960/1141/1079 957/969/946
f 678/692/670 878/903/881 681/695/673
f 644/652/632 867/892/870 647/655/635
f 33/33/31 658/671/649 659/672/650
f 659/672/650 1106/1066/1039 33/33/31
f 36/36/34 664/677/655 1047/1161/1087
f 1047/1161/1087 37/37/35 36/36/34
f 659/672/650 308/309/297 824/849/827
f 1048/1202/1114 824/849/827 825/848/826
f 659/672/650 824/849/827 1048/1202/1114
f 961/972/949 1047/1161/1087 663/676/654
f 997/816/794 996/1003/980 1049/1021/998
f 1049/1021/998 998/1146/1083 997/816/794
f 923/946/923 922/945/922 1050/1178/1096
f 1050/1178/1096 925/1133/1074 923/946/923
f 1051/1022/999 528/527/512 915/938/915
f 915/938/915 1054/1203/1115 1051/1022/999
f 667/680/658 1112/1071/1044 31/31/29
f 666/679/657 667/680/658 990/995/972
f 1053/1204/1116 914/937/914 534/533/518
f 1053/1204/1116 1054/1203/1115 915/938/915
f 915/938/915 914/937/914 1053/1204/1116
f 988/811/789 1055/993/970 1056/1191/1105
f 1056/1191/1105 991/996/973 988/811/789
f 1056/1191/1105 538/537/522 537/536/521
f 972/983/960 971/982/959 1057/1190/1104
f 1057/1190/1104 973/984/961 972/983/960
f 667/680/658 353/352/340 823/847/825
f 1058/1205/1117 823/847/825 529/528/513
f 529/528/513 1052/1023/1000 1058/1205/1117
f 667/680/658 823/847/825 1058/1205/1117
f 1061/1206/1003 910/1025/911 641/649/629
f 641/649/629 85/1075/1046 1061/1206/1003
f 1060/670/648 1115/1026/1002 87/1207/87
f 657/669/647 1060/1208/648 978/988/965
f 609/609/592 980/990/967 641/649/629
f 641/649/629 224/226/218 609/609/592
f 976/986/963 975/985/962 610/611/594
f 975/985/962 1059/1024/1001 610/611/594
f 918/941/918 917/940/917 1060/670/648
f 1060/670/648 302/304/292 918/941/918
f 908/931/909 907/930/908 1062/1028/1004
f 1062/1028/1004 911/1129/1073 908/931/909
f 1062/1028/1004 607/1209/591 606/1177/590
f 110/110/107 620/621/604 619/620/603
f 108/1081/1049 1063/623/606 622/624/607
f 622/624/607 1116/1210/1118 108/1081/1049
f 631/635/618 1064/636/619 1004/1007/984
f 1064/636/619 1117/1080/1048 109/111/108
f 111/112/109 995/1002/979 655/665/643
f 655/665/643 112/113/110 111/112/109
f 993/1000/977 1065/999/976 622/624/607
f 622/624/607 132/133/130 993/1000/977
f 964/975/952 963/974/951 655/665/643
f 655/665/643 652/662/640 964/975/952
f 928/775/753 927/949/926 1064/636/619
f 1064/636/619 171/170/166 928/775/753
f 1066/1029/1005 464/464/449 1017/1171/1092
f 1017/1171/1092 1067/1030/1006 1066/1029/1005
f 1070/1033/1009 1012/1016/993 1014/1170/1091
f 1014/1170/1091 1071/1034/1010 1070/1033/1009
f 1073/1036/1012 472/472/457 1016/1172/1093
f 4/4/4 476/476/461 1015/1173/1094
f 1015/1173/1094 1075/1038/1014 4/4/4
f 1072/1035/1011 832/856/834 473/473/458
f 1072/1035/1011 1067/1030/1006 1017/1171/1092
f 1017/1171/1092 832/856/834 1072/1035/1011
f 477/477/462 1074/1037/1013 854/880/858
f 854/880/858 1073/1036/1012 1016/1172/1093
f 1071/1034/1010 817/842/820 465/465/450
f 465/465/450 3/2/2 1071/1034/1010
f 1014/1170/1091 817/842/820 1071/1034/1010
f 1069/1032/1008 863/888/866 1013/1017/994
f 1069/1032/1008 1075/1038/1014 1015/1173/1094
f 1015/1173/1094 863/888/866 1069/1032/1008
f 43/1042/41 558/1186/541 1021/1185/1101
f 1021/1185/1101 1077/1040/1016 43/1042/41
f 1079/1043/1018 562/560/545 1020/923/901
f 1080/1194/1107 45/46/43 44/45/42
f 1079/1043/1018 1081/1211/1119 44/1088/42
f 1077/1040/1016 952/967/944 563/561/546
f 563/561/546 1078/1041/1017 1077/1040/1016
f 1021/1185/1101 952/967/944 1077/1040/1016
f 1076/1039/1015 1019/890/868 559/557/542
f 1076/1039/1015 45/46/43 1018/697/675
f 1018/697/675 1019/890/868 1076/1039/1015
f 1080/1194/1107 835/860/838 837/862/840
f 650/660/638 835/860/838 1080/1194/1107
f 45/46/43 1080/1194/1107 837/862/840
f 837/862/840 1018/697/675 45/46/43
f 1081/1211/1119 899/922/900 900/921/899
f 1081/1211/1119 1079/1043/1018 1020/923/901
f 1020/923/901 899/922/900 1081/1211/1119
f 44/1088/42 1081/1211/1119 900/921/899
f 900/921/899 651/1176/639 44/1088/42
f 1082/1044/1019 575/574/559 1024/1174/1095
f 1024/1174/1095 1083/1045/1020 1082/1044/1019
f 51/50/47 579/578/563 1025/1180/1098
f 1025/1180/1098 52/51/48 51/50/47
f 52/51/48 935/956/933 576/575/560
f 576/575/560 1082/1044/1019 52/51/48
f 1025/1180/1098 935/956/933 52/51/48
f 1084/1046/1021 902/925/903 580/579/564
f 580/579/564 51/50/47 1084/1046/1021
f 643/651/631 902/925/903 1084/1046/1021
f 1085/1047/1022 842/868/846 844/870/848
f 844/870/848 53/53/50 1085/1047/1022
f 672/686/664 842/868/846 1085/1047/1022
f 844/870/848 642/650/630 53/53/50
f 1083/1045/1020 1023/899/877 875/902/880
f 875/902/880 54/54/51 1083/1045/1020
f 1024/1174/1095 1023/899/877 1083/1045/1020
f 875/902/880 1022/685/663 54/54/51
f 92/96/93 614/615/598 1028/1179/1097
f 1028/1179/1097 1087/1095/1058 92/96/93
f 90/93/90 89/92/89 1088/1195/1108
f 1088/1195/1108 93/97/94 90/93/90
f 1089/95/92 903/926/904 906/929/907
f 1089/95/92 91/94/91 637/645/625
f 637/645/625 903/926/904 1089/95/92
f 89/92/89 1089/95/92 906/929/907
f 906/929/907 625/627/610 89/92/89
f 1086/1048/1023 1027/997/974 615/616/599
f 1086/1048/1023 93/97/94 1026/667/645
f 1026/667/645 1027/997/974 1086/1048/1023
f 1087/1095/1058 931/954/931 933/953/930
f 1028/1179/1097 931/954/931 1087/1095/1058
f 91/94/91 1087/1095/1058 933/953/930
f 933/953/930 637/645/625 91/94/91
f 1088/1195/1108 919/944/921 921/943/920
f 626/628/611 919/944/921 1088/1195/1108
f 93/97/94 1088/1195/1108 921/943/920
f 921/943/920 1026/667/645 93/97/94
f 19/1085/1024 1029/1196/995 1034/1197/1109
f 1034/1197/1109 1090/1086/1052 19/1085/1024
f 1036/1020/997 1092/1054/1028 1091/1050/1025
f 1093/1051/1026 509/507/492 1033/915/893
f 1033/915/893 1094/1052/1027 1093/1051/1026
f 21/20/18 512/1182/496 1031/1181/1099
f 1031/1181/1099 22/21/19 21/20/18
f 22/21/19 938/957/934 509/507/492
f 509/507/492 1093/1051/1026 22/21/19
f 1031/1181/1099 938/957/934 22/21/19
f 1092/1054/1028 1035/991/968 513/512/497
f 1036/1020/997 1035/991/968 1092/1054/1028
f 1090/1086/1052 820/844/822 506/505/490
f 506/505/490 1091/1050/1025 1090/1086/1052
f 1034/1197/1109 820/844/822 1090/1086/1052
f 1094/1052/1027 1032/1198/1110 1030/1019/996
f 1030/1019/996 19/1049/1024 1094/1052/1027
f 1033/915/893 1032/1198/1110 1094/1052/1027
f 23/23/21 516/515/500 1040/1199/1111
f 27/27/25 521/520/505 1042/1184/1100
f 1042/1184/1100 1095/1055/1029 27/27/25
f 25/25/23 525/524/509 1044/1189/1103
f 1044/1189/1103 26/26/24 25/25/23
f 23/23/21 1097/1212/1120 28/28/26
f 26/26/24 1043/980/957 517/516/501
f 1044/1189/1103 1043/980/957 26/26/24
f 1095/1055/1029 1041/965/942 526/525/510
f 1042/1184/1100 1041/965/942 1095/1055/1029
f 1097/1212/1120 1038/1200/1112 1039/1201/1113
f 1097/1212/1120 23/23/21 1040/1199/1111
f 1040/1199/1111 1038/1200/1112 1097/1212/1120
f 28/28/26 1097/1212/1120 1039/1201/1113
f 1039/1201/1113 1037/1162/1088 28/28/26
f 1096/1056/1030 884/907/885 521/520/505
f 521/520/505 27/27/25 1096/1056/1030
f 668/681/659 884/907/885 1096/1056/1030
f 63/1060/60 589/1193/573 1045/1192/1106
f 1045/1192/1106 1099/1058/1032 63/1060/60
f 1101/1213/1034 593/1188/577 1046/1187/1102
f 1102/1214/1035 64/1215/61 1101/1213/1034
f 1099/1058/1032 999/1004/981 594/595/578
f 594/595/578 1100/1059/1033 1099/1058/1032
f 1045/1192/1106 999/1004/981 1099/1058/1032
f 1098/1057/1031 878/903/881 590/591/574
f 1098/1057/1031 66/66/63 681/695/673
f 681/695/673 878/903/881 1098/1057/1031
f 1103/1063/1036 867/892/870 868/893/871
f 868/893/871 65/65/62 1103/1063/1036
f 647/655/635 867/892/870 1103/1063/1036
f 868/893/871 680/694/672 65/65/62
f 1102/1214/1035 956/968/945 959/971/948
f 1102/1214/1035 1101/1213/1034 1046/1187/1102
f 1046/1187/1102 956/968/945 1102/1214/1035
f 959/971/948 646/1160/634 1102/1214/1035
f 32/32/30 541/539/524 1050/1178/1096
f 1049/1021/998 1105/1065/1038 34/34/32
f 32/32/30 1107/1216/1121 33/33/31
f 1107/1216/1121 922/945/922 924/947/924
f 1107/1216/1121 32/32/30 1050/1178/1096
f 1050/1178/1096 922/945/922 1107/1216/1121
f 33/33/31 1107/1216/1121 924/947/924
f 924/947/924 658/671/649 33/33/31
f 1105/1065/1038 996/1003/980 542/540/525
f 542/540/525 35/35/33 1105/1065/1038
f 1049/1021/998 996/1003/980 1105/1065/1038
f 1106/1066/1039 1048/1202/1114 825/848/826
f 825/848/826 36/36/34 1106/1066/1039
f 659/672/650 1048/1202/1114 1106/1066/1039
f 825/848/826 664/677/655 36/36/34
f 1104/1064/1037 961/972/949 547/545/530
f 1104/1064/1037 37/37/35 1047/1161/1087
f 1047/1161/1087 961/972/949 1104/1064/1037
f 29/29/27 1051/1022/999 1054/1203/1115
f 1054/1203/1115 1108/1068/1041 29/29/27
f 1109/1067/1040 533/532/517 1057/1190/1104
f 1057/1190/1104 1110/1070/1043 1109/1067/1040
f 1111/1069/1042 538/537/522 1056/1191/1105
f 1108/1068/1041 1053/1204/1116 534/533/518
f 1054/1203/1115 1053/1204/1116 1108/1068/1041
f 1110/1070/1043 971/982/959 538/537/522
f 1057/1190/1104 971/982/959 1110/1070/1043
f 1112/1071/1044 1058/1205/1117 1052/1023/1000
f 1052/1023/1000 29/29/27 1112/1071/1044
f 667/680/658 1058/1205/1117 1112/1071/1044
f 1113/1072/1045 1055/993/970 990/995/972
f 1113/1072/1045 1111/1069/1042 1056/1191/1105
f 1056/1191/1105 1055/993/970 1113/1072/1045
f 31/31/29 1113/1072/1045 990/995/972
f 990/995/972 667/680/658 31/31/29
f 86/1217/85 607/1209/591 1062/1028/1004
f 1114/1076/1047 611/612/595 1059/1024/1001
f 1061/1077/1003 84/89/86 86/88/85
f 607/608/591 88/1074/88 1115/1026/1002
f 85/1075/1046 980/990/967 611/612/595
f 641/649/629 980/990/967 85/1075/1046
f 1114/1076/1047 975/985/962 978/988/965
f 978/988/965 87/1218/87 1114/1076/1047
f 1059/1024/1001 975/985/962 1114/1076/1047
f 978/988/965 1060/1208/648 87/1218/87
f 1061/1027/1003 86/1217/85 1062/1028/1004
f 109/111/108 108/1081/1049 1116/1210/1118
f 1116/1210/1118 111/112/109 109/111/108
f 110/110/107 1118/1219/1122 109/111/108
f 1116/1210/1118 1065/999/976 995/1002/979
f 622/624/607 1065/999/976 1116/1210/1118
f 111/112/109 1116/1210/1118 995/1002/979
f 112/113/110 963/974/951 965/976/953
f 655/665/643 963/974/951 112/113/110
f 110/110/107 112/113/110 965/976/953
f 965/976/953 620/621/604 110/110/107
f 1118/1219/1122 1002/1008/985 1004/1007/984
f 1118/1219/1122 110/110/107 619/620/603
f 619/620/603 1002/1008/985 1118/1219/1122
f 109/111/108 1118/1219/1122 1004/1007/984
f 1004/1007/984 1064/636/619 109/111/108
f 1117/1080/1048 927/949/926 930/951/928
f 930/951/928 108/1081/1049 1117/1080/1048
f 1064/636/619 927/949/926 1117/1080/1048
f 930/951/928 1063/623/606 108/1081/1049
