# File produced by Open Asset Import Library (http://www.assimp.sf.net)
# (assimp v3.1.151885474)

mtllib asteroid%204.mtl

# vertex positions
v 2.467181 -0.908763 0.281733
v 2.535535 -0.930061 0.065958
v 2.612282 -0.490159 0.075069
v 2.553236 -0.452325 0.269491
v 2.312822 -1.277247 0.262691
v 2.423648 -1.260126 -0.030329
v 2.475659 0.905322 0.239290
v 2.225350 1.390427 0.293592
v 2.080179 1.375207 0.477114
v 2.289835 0.939940 0.465278
v 2.529687 0.652206 0.303382
v 2.602883 0.648621 0.231086
v 2.582520 0.796335 0.169054
v 2.575928 0.880587 0.064740
v 2.485832 1.018601 0.088273
v 2.165423 -1.129215 -1.383085
v 1.853700 -1.480203 -1.330036
v 1.806227 -1.395989 -1.553733
v 2.014757 -1.165883 -1.634320
v 2.072140 -1.504592 -0.920583
v 1.840680 -1.678807 -1.003393
v 2.369390 -1.087749 -0.880507
v 2.267689 -1.402529 -0.670466
v 2.199807 -1.020409 -1.545866
v 2.269000 -0.882708 -1.480177
v 2.299738 -0.871788 -1.324956
v 2.175384 0.908878 -1.308021
v 2.119936 0.312313 -1.707710
v 1.949972 0.245159 -1.977228
v 1.892346 0.633976 -1.845140
v -2.388619 -0.222922 0.236348
v -2.292705 -0.224981 0.338049
v -2.338453 -0.093371 0.340954
v -2.450018 -0.086193 0.236021
v -2.286288 -0.315486 0.236892
v -2.216458 -0.313249 0.333207
v -2.298601 0.593242 0.231051
v -2.167592 0.830037 0.231701
v -2.243490 0.820666 0.078130
v -2.351089 0.623815 0.067942
v -2.401743 0.337633 0.232822
v -2.287674 0.310380 0.343895
v -2.172243 0.590425 0.341043
v -2.285629 -0.220685 -0.643848
v -2.407229 -0.214196 -0.336071
v -2.489982 -0.049608 -0.349614
v -2.360010 -0.075022 -0.662484
v -2.244761 0.646293 -0.598927
v -2.140200 0.806062 -0.648441
v -2.009089 0.744490 -0.949471
v -2.064348 0.574632 -1.000660
v -2.343723 0.583312 -0.444074
v -2.336839 0.682378 -0.433444
v -2.279838 0.740784 -0.502448
v -2.203628 0.844409 -0.537554
v 0.458218 -0.409967 2.178952
v 0.699413 -0.409370 2.087695
v 0.687757 -0.222466 2.126443
v 0.460379 -0.212031 2.221719
v 0.400212 -0.474935 2.196619
v 0.459202 -0.537213 2.151607
v 0.536451 -0.518566 2.116420
v 0.482979 0.385545 2.171352
v 0.727513 0.417169 2.081651
v 0.794534 0.609791 1.991621
v 0.547615 0.579425 2.060519
v 1.033958 -0.852371 -2.651241
v 0.761519 -0.741156 -2.685282
v 0.825118 -0.469954 -2.893666
v 1.067985 -0.640685 -2.800843
v 1.357730 -0.911302 -2.464706
v 1.275488 -1.169276 -2.258529
v 0.979528 -1.118995 -2.360923
v 1.002985 0.266214 -2.837586
v 0.735584 0.230954 -2.917354
v 0.674002 0.360000 -2.836388
v 0.905989 0.414245 -2.738075
v 1.059068 0.043620 -2.897957
v 0.768422 0.042759 -2.971040
v 1.534105 -2.036892 0.127380
v 1.235775 -1.997514 0.214569
v 1.132784 -2.013094 -0.020091
v 1.354966 -2.079242 -0.151238
v 1.772284 -1.961111 -0.201286
v 1.987095 -1.819721 -0.073806
v 1.836691 -1.843848 0.206771
v 1.459314 -1.913264 0.400937
v 1.247722 -1.928861 0.407380
v 1.292032 2.590276 0.292847
v 1.593591 2.271471 -0.041867
v 1.356562 2.317208 -0.095947
v 1.106810 2.591321 0.185271
v 1.188679 2.542679 0.478318
v 1.489770 2.254061 0.483534
v 1.663275 2.245895 0.295328
v 1.010052 -1.833927 -1.089092
v 1.086584 -1.960933 -0.754395
v 0.862003 -1.857327 -0.657795
v 0.769047 -1.726601 -0.998942
v 0.968841 -1.707845 -1.384220
v 1.220878 -1.645940 -1.600409
v 1.276969 -1.815545 -1.215304
v 0.158648 1.915561 -0.770774
v 0.154830 1.636570 -1.136089
v -0.025023 1.620539 -1.155255
v -0.024883 1.942163 -0.734922
v 0.180640 2.113436 -0.464321
v 0.382950 1.985677 -0.553827
v 0.374007 1.805695 -0.815893
v -0.255079 -0.284770 2.121089
v -0.091075 -0.311977 2.193574
v -0.115087 -0.169963 2.261693
v -0.270378 -0.150981 2.176541
v -0.375307 -0.276004 1.981702
v -0.340359 -0.392280 1.911598
v -0.238951 -0.375497 2.050586
v -0.263843 0.302799 2.100574
v -0.118917 0.311030 2.189232
v -0.076728 0.456258 2.055228
v -0.239983 0.415404 1.985165
v -0.279611 0.203077 2.160019
v -0.162560 0.156190 2.262249
v -1.326897 -0.217362 -2.096177
v -1.565252 -0.219454 -1.805439
v -1.606612 -0.071722 -1.844240
v -1.357602 -0.067234 -2.132906
v -1.173392 -0.217562 -2.242007
v -1.066424 -0.298826 -2.230047
v -1.248050 -0.310750 -2.040430
v -1.328439 0.555791 -1.983016
v -1.596500 0.574815 -1.678759
v -1.593247 0.844078 -1.459588
v -1.340157 0.887260 -1.665795
v -1.391433 0.415183 -2.031217
v -1.612771 0.416065 -1.769197
v -1.207510 0.624475 -2.015156
v -1.214069 0.524592 -2.133538
v -1.273310 0.487216 -2.129507
v -0.361165 -0.957995 0.394212
v -0.086187 -1.084074 0.419027
v -0.019283 -1.065907 0.652723
v -0.348902 -0.914736 0.612095
v -0.589256 -0.861623 0.374189
v -0.583494 -0.892406 0.176959
v -0.405614 -0.967371 0.175314
v -1.267938 1.906507 0.253332
v -1.051847 2.054345 0.259011
v -1.077249 2.090727 0.120773
v -1.309937 1.941288 0.109917
v -1.201850 1.841407 0.355750
v -1.010075 1.993604 0.356555
v -0.524338 -0.882579 -0.463205
v -0.537552 -0.788772 -0.819718
v -0.346608 -0.826946 -0.956413
v -0.316811 -0.934854 -0.583453
v -0.449137 -0.939086 -0.331168
v -0.527357 -0.938695 -0.307881
v -0.583074 -0.910675 -0.365650
v -0.659344 -0.829387 -0.493133
v -0.668511 -0.757351 -0.753260
v -1.325934 1.731710 -0.631887
v -1.307318 1.509898 -0.985460
v -1.554350 1.362457 -0.899309
v -1.597835 1.507979 -0.595896
v -1.104336 1.839803 -0.636871
v -1.091900 1.541210 -1.077666
v -1.338569 1.844846 -0.405661
v -1.136893 1.998213 -0.309820
v -0.279927 0.822741 1.387239
v -0.459437 0.685371 1.363212
v -0.412295 0.562923 1.563642
v -0.241494 0.664487 1.613398
v -0.056952 0.976432 1.406649
v -0.126980 1.227984 1.152625
v -0.361823 1.021184 1.156211
v -0.228513 -0.706568 1.366811
v 0.029002 -0.828751 1.408324
v 0.009291 -0.709023 1.661858
v -0.212911 -0.620142 1.609845
v -0.443081 -0.599664 1.327722
v -0.538777 -0.654352 1.077932
v -0.263451 -0.787657 1.112790
v 0.747098 1.157034 1.547656
v 0.978660 1.090765 1.570546
v 0.998288 1.204541 1.458096
v 0.760234 1.325579 1.395485
v 0.823455 -1.056407 1.555941
v 0.653441 -1.040320 1.530963
v 0.612972 -1.124395 1.319464
v 0.869052 -1.160376 1.356889
v 0.715194 -0.903987 1.757328
v 0.586495 -0.895417 1.744078
v 1.011175 -1.025053 1.573853
v 0.893797 -0.898998 1.751365
v -0.726556 0.284332 1.405440
v -0.911426 0.335253 1.182482
v -0.952840 0.237713 1.177816
v -0.786411 0.213562 1.360478
v -0.720291 0.237760 1.481162
v -0.682775 0.258476 1.545295
v -0.647122 0.303412 1.516636
v -0.754970 -0.277179 1.345474
v -0.698405 -0.391393 1.331261
v -0.575585 -0.359810 1.563141
v -0.647552 -0.267733 1.510985
v -0.941968 -0.287801 1.132252
v -0.878847 -0.413694 1.090287
v 1.367093 0.607897 1.619250
v 1.304123 0.718188 1.647538
v 1.153307 0.639891 1.782602
v 1.174186 0.509926 1.795409
v 1.454827 0.573328 1.534575
v 1.460335 0.684276 1.535956
v 1.418993 0.708274 1.578709
v 1.376691 0.762003 1.599815
v 1.356909 -0.570067 1.634931
v 1.398247 -0.393013 1.639361
v 1.239316 -0.266280 1.795544
v 1.175275 -0.499070 1.809552
v 1.494154 -0.593331 1.450067
v 1.530561 -0.435609 1.462672
v 1.804700 -0.640759 0.990575
v 1.883521 -0.486468 0.963171
v 1.846509 -0.463766 1.028322
v 1.814686 -0.557654 1.053919
v 1.779562 -0.606956 1.096496
v 1.721853 -0.688959 1.068797
v 1.740612 0.779998 0.973363
v 1.554376 0.919579 1.122658
v 1.586195 0.811812 1.171094
v 1.691874 0.672137 1.083380
v 1.076800 1.333245 -1.058621
v 1.009157 1.117320 -1.393777
v 0.791983 1.282923 -1.251643
v 0.838918 1.476436 -0.961155
v 0.059135 -0.444168 -2.339541
v 0.078846 -0.675099 -1.989320
v -0.091920 -0.596210 -1.937226
v -0.106877 -0.388360 -2.262427
v 0.200917 -0.506624 -2.427369
v 0.193017 -0.729515 -2.066909
v 0.089826 0.316161 -2.580406
v 0.077433 0.139049 -2.641917
v -0.100587 0.182703 -2.508344
v -0.083082 0.394172 -2.408391
v 0.446169 0.797265 -2.151319
v 0.278042 0.726508 -2.272988
v 0.131270 0.965116 -1.958225
v 0.298443 1.036519 -1.853811
v 0.628118 -1.533172 0.373301
v 0.709575 -1.537408 0.555565
v 0.512937 -1.377954 0.619498
v 0.424469 -1.374334 0.413647
v 1.123694 -1.481988 0.852955
v 0.947329 -1.525647 0.790596
v 1.081533 -1.676492 0.681488
v 1.242760 -1.626477 0.723060
v 1.026914 -1.358934 0.996614
v 0.809943 -1.387474 0.913477
v 1.321376 -1.363318 0.901137
v 1.258558 -1.246076 1.060596
v 0.546465 2.367163 0.017291
v 0.734980 2.154187 -0.187879
v 0.556870 2.138822 -0.243916
v 0.374824 2.312414 -0.076409
v 0.301269 2.459577 0.484505
v 0.281229 2.501801 0.384369
v 0.091459 2.376267 0.320439
v 0.110411 2.303455 0.469972
v 0.830549 2.079764 0.813550
v 1.087767 1.835623 0.867382
v 1.200602 2.008509 0.741604
v 0.944026 2.270660 0.704403
v 0.758026 1.865168 0.949525
v 1.031180 1.640805 1.024351
v 0.599339 2.217969 0.751539
v 0.484872 1.985326 0.861596
v 0.234542 -1.257716 -0.778653
v 0.305077 -1.346548 -0.415900
v 0.121480 -1.212490 -0.352934
v 0.073622 -1.138519 -0.672874
v 0.338135 -1.382720 -0.722338
v 0.419980 -1.456723 -0.439495
v -1.730390 -0.257398 0.597573
v -1.688733 -0.355018 0.567275
v -1.401475 -0.390524 0.695984
v -1.459107 -0.277218 0.736342
v -1.673868 -0.493478 0.286457
v -1.679893 -0.509989 0.139292
v -1.359236 -0.607020 0.149337
v -1.364634 -0.578634 0.322884
v -1.608123 0.451536 0.632056
v -1.694904 0.222632 0.637137
v -1.410221 0.195571 0.811130
v -1.366173 0.405556 0.786857
v -1.552267 -0.510924 -0.499955
v -1.435703 -0.499635 -0.779909
v -1.207920 -0.583800 -0.694965
v -1.276622 -0.605412 -0.451038
v -0.888200 -0.491692 -1.632572
v -0.742322 -0.482891 -1.830491
v -0.596889 -0.574160 -1.607836
v -0.740229 -0.582123 -1.408593
v -0.593662 -0.267451 -2.291496
v -0.602996 -0.376306 -2.158803
v -0.748816 -0.337568 -2.253586
v -0.752201 -0.241974 -2.336821
v -0.438491 -0.299916 -2.242101
v -0.449027 -0.435565 -2.035477
v -0.590104 -0.130584 -2.369004
v -0.432169 -0.150901 -2.366076
v -0.575960 0.537022 -2.125248
v -0.586824 0.336421 -2.263931
v -0.757048 0.375587 -2.247671
v -0.759891 0.553623 -2.112406
v -0.413397 0.500415 -2.176112
v -0.449743 0.238719 -2.331795
v -0.559506 0.851527 -1.846480
v -0.383499 0.825932 -1.907880
v -0.504093 2.108207 0.332283
v -0.506979 2.165302 0.172751
v -0.692644 2.161965 0.148301
v -0.688125 2.120213 0.293952
v -0.297525 2.120155 0.386926
v -0.306706 2.200397 0.205791
v -0.494630 2.016698 0.462516
v -0.271458 1.993523 0.551378
v -0.822461 1.522268 0.619375
v -0.644274 1.726594 0.600916
v -0.811175 1.825997 0.506856
v -0.977735 1.645347 0.518384
v -0.648602 1.384634 0.760923
v -0.441457 1.617758 0.736885
v -1.032226 1.272065 0.629123
v -0.861021 1.137138 0.774245
v -0.539483 1.888656 -0.635061
v -0.542547 1.584915 -1.047284
v -0.717859 1.608231 -1.019731
v -0.712930 1.896924 -0.622131
v -0.366001 1.902393 -0.665104
v -0.367057 1.573208 -1.104501
v -0.525707 2.076017 -0.299164
v -0.342367 2.110250 -0.304658
v 2.624365 0.012713 0.221154
v 2.664623 -0.112361 0.046672
v 2.687370 0.128280 0.148511
v 2.661290 0.284015 0.221513
v 2.593489 0.265831 0.296069
v 2.509369 -1.034494 -0.477855
v 2.395476 -1.333935 -0.343547
v 2.551392 -0.954882 -0.207998
v 2.150778 -0.826748 0.681316
v 2.326306 -0.860747 0.498578
v 2.399777 -0.429784 0.519215
v 2.223904 -0.554088 0.691259
v 2.030570 -0.544778 0.845030
v 1.961703 -0.744498 0.842868
v 2.089181 -1.594790 0.256958
v 2.165140 -1.225266 0.485789
v 1.946838 -1.526463 0.467419
v 1.701958 -1.767464 0.430043
v 2.524936 0.877848 -0.389809
v 2.566073 0.622226 -0.524646
v 2.428054 0.636552 -0.896994
v 2.367643 0.950304 -0.783934
v 2.515642 0.995088 -0.184082
v 2.593414 0.867238 -0.193377
v 2.612525 0.771061 -0.307478
v 2.635473 0.614268 -0.384455
v 2.106661 0.915752 0.667600
v 1.898136 1.336342 0.658241
v 1.720636 1.257151 0.802513
v 1.930087 0.826443 0.818766
v 1.952509 1.869245 0.322593
v 2.292233 1.398681 0.142137
v 2.068343 1.813101 0.147739
v 1.887373 2.054132 0.026484
v 2.298909 -0.239866 -1.496783
v 2.189165 -0.129535 -1.727249
v 2.214664 0.210353 -1.577312
v 2.304535 0.096761 -1.396390
v 2.342985 -0.465251 -1.368270
v 2.310549 -0.510920 -1.531133
v 2.274566 -0.351771 -1.638146
v 2.194795 -0.261779 -1.793279
v 1.689644 -0.941439 -2.218565
v 1.526609 -1.212055 -2.084366
v 1.815997 -1.076746 -1.994928
v 1.657593 -1.283377 -1.906170
v 1.568080 -1.714306 -1.265297
v 1.589146 -1.852480 -0.970368
v 1.333373 -1.952920 -0.872977
v 1.617451 0.449514 -2.261768
v 1.706319 0.123945 -2.315130
v 1.390525 0.063723 -2.650680
v 1.308969 0.332997 -2.605820
v 1.579860 1.206531 -1.246410
v 1.848720 1.127513 -1.298973
v 1.714718 0.840790 -1.749680
v 1.477166 0.943476 -1.657114
v 1.239765 1.019912 -1.533707
v 1.323167 1.259193 -1.159999
v -2.458416 0.099169 0.235113
v -2.341008 0.084207 0.342658
v -2.455616 -0.219937 -0.092075
v -2.446168 -0.222043 0.095852
v -2.516958 -0.082600 0.092163
v -2.532526 -0.073451 -0.099941
v -2.152863 -0.230442 0.419422
v -2.101385 -0.316172 0.408099
v -1.923757 -0.330165 0.478717
v -1.963533 -0.241527 0.498931
v -2.136208 -0.380216 0.242897
v -2.328186 -0.316971 0.101999
v -2.162027 -0.384674 0.111517
v -1.946710 -0.442443 0.125317
v -1.931563 -0.433443 0.259607
v -2.363356 0.673664 -0.118593
v -2.266617 0.853374 -0.065108
v -2.352463 0.763839 -0.180980
v -2.378186 0.693698 -0.257203
v -2.393313 0.594382 -0.241348
v -2.013004 0.547288 0.432002
v -2.127158 0.282721 0.431684
v -1.931725 0.252577 0.520043
v -1.824349 0.499886 0.521388
v -1.792748 1.346027 0.238850
v -1.718233 1.267320 0.346498
v -1.446958 1.585281 0.353660
v -1.534288 1.642695 0.245830
v -1.985167 1.099618 0.234735
v -1.988504 0.929617 0.330476
v -2.363308 0.111664 -0.691854
v -2.467607 0.117700 -0.452338
v -2.403083 0.361880 -0.467098
v -2.302264 0.365109 -0.686278
v -1.835697 -0.221905 -1.428674
v -2.085470 -0.222785 -1.024763
v -2.153421 -0.083706 -1.050744
v -1.894269 -0.080870 -1.462096
v -1.997477 -0.386760 -0.573586
v -2.164169 -0.318040 -0.613200
v -1.972220 -0.317645 -0.981461
v -1.821592 -0.384385 -0.924298
v -1.641507 -0.439106 -0.856734
v -1.787401 -0.446516 -0.528050
v -1.856217 0.557125 -1.370158
v -1.822652 0.732795 -1.275051
v -1.877157 1.251619 -0.536861
v -1.844351 1.365384 -0.397597
v -1.607151 1.591974 -0.419193
v -1.983015 1.075722 -0.610576
v -2.042661 1.104107 -0.513561
v -1.982390 1.217529 -0.461109
v -1.951883 1.290865 -0.388055
v 0.451335 -0.006667 2.251769
v 0.686854 -0.002672 2.146995
v 0.695863 0.211777 2.132754
v 0.445633 0.185361 2.238657
v 0.581036 -0.742119 1.947166
v 0.492262 -0.765199 1.914600
v 0.585756 -0.661662 2.020101
v 0.511238 -0.666059 2.057430
v 0.496383 -0.708985 2.021205
v 0.450869 -0.725178 1.998320
v 0.085098 -0.358892 2.227530
v 0.033659 -0.184114 2.296498
v 0.171979 -0.334303 2.255926
v 0.140570 -0.185197 2.303567
v 0.611005 0.770750 1.916014
v 0.820618 0.782686 1.885883
v 0.900715 0.946579 1.729333
v 0.687427 0.967688 1.733113
v 0.061343 0.332048 2.227749
v 0.260665 0.351038 2.222625
v 0.320635 0.541365 2.092235
v 0.112789 0.499135 2.089547
v 1.084382 -0.198806 -2.913434
v 0.791830 -0.194304 -2.971720
v 1.089074 -0.406330 -2.878264
v 0.938350 -1.372313 -2.022425
v 1.206564 -1.433915 -1.968186
v 0.944078 -1.544085 -1.728282
v 0.520496 -0.649237 -2.617320
v 0.714030 -1.025167 -2.323814
v 0.503221 -0.921233 -2.236205
v 0.371327 -0.840630 -2.187099
v 0.352489 -0.585018 -2.533878
v 0.773931 0.526184 -2.593488
v 0.576374 0.462729 -2.710852
v 0.435399 0.571972 -2.523458
v 0.612661 0.640505 -2.397890
v 0.498500 0.228135 -2.877674
v 0.511532 0.060276 -2.919942
v 0.281337 0.095307 -2.794676
v 0.283467 0.258676 -2.751096
v 1.200776 -2.054244 -0.426366
v 0.990832 -1.968674 -0.307310
v 1.014416 -1.877872 0.271238
v 1.059191 -1.848413 0.440941
v 0.885734 -1.706078 0.493191
v 0.814602 -1.711028 0.317440
v 0.926714 2.530900 0.124839
v 1.147038 2.269485 -0.135102
v 0.935774 2.206443 -0.158677
v 0.735181 2.448086 0.076609
v 0.703663 2.710307 0.467648
v 0.947446 2.720947 0.412963
v 0.876810 2.712038 0.345530
v 0.664887 2.713191 0.414420
v 0.469366 2.628610 0.421531
v 0.493645 2.609189 0.487613
v 0.547445 -1.566784 -0.944944
v 0.683397 -1.719897 -0.577490
v 0.574531 -1.626435 -0.507795
v 0.468936 -1.524283 -0.793521
v 0.449563 -1.506881 -1.017306
v 0.467130 -1.471043 -1.182623
v 0.555231 -1.507465 -1.198756
v -0.193972 1.924705 -0.701858
v -0.193759 1.582089 -1.153214
v -0.281436 -0.011438 2.204935
v -0.142328 -0.003443 2.295680
v -0.284842 0.096548 2.194265
v -0.211689 -0.536344 1.810532
v -0.350999 -0.476887 1.756382
v -0.382864 -0.543262 1.557814
v -0.219891 -0.463140 1.937512
v -0.226408 0.537198 1.820527
v -0.045382 0.605960 1.871945
v -0.034272 0.774221 1.651087
v -1.343296 0.108866 -2.181541
v -1.622959 0.084744 -1.854127
v -1.631264 0.207169 -1.832561
v -1.400823 0.225170 -2.107294
v -1.282304 0.171512 -2.269549
v -1.221588 0.124166 -2.315980
v -1.220201 0.056332 -2.290241
v -1.151555 -0.376096 -1.938719
v -0.988448 -0.368114 -2.126719
v -0.876628 -0.421839 -1.998492
v -1.028457 -0.429713 -1.806024
v -1.316664 1.231071 -1.341885
v -1.533790 1.144719 -1.222763
v -0.472430 -0.956460 -0.033020
v -0.618957 -0.901492 0.015647
v -0.557470 -0.952157 -0.095041
v -0.511649 -0.962469 -0.158864
v -0.424831 -0.971917 -0.150071
v -1.333438 1.942438 -0.053600
v -1.100769 2.079700 -0.066168
v -1.344029 1.906647 -0.216325
v -0.485332 1.221315 0.940659
v -0.252450 1.463538 0.919282
v -0.307116 -0.858637 0.857859
v -0.632569 -0.711584 0.816926
v -0.687073 -0.775621 0.553186
v 0.728327 1.657876 1.097490
v 1.008089 1.469978 1.175263
v 0.743323 1.488894 1.242608
v 0.995738 1.369066 1.282866
v 0.934672 -1.259585 1.159686
v 0.691211 -1.255785 1.079857
v -0.504405 0.258988 1.797692
v -0.487878 0.194793 1.865848
v -0.393302 0.208281 2.003767
v -0.389438 0.283119 1.955964
v -0.560299 0.289456 1.688126
v -0.598349 0.250293 1.706201
v -0.565287 0.223644 1.775567
v -0.547582 0.185604 1.818612
v -0.476859 -0.264669 1.823813
v -0.461625 -0.368578 1.754360
v -0.558827 -0.263576 1.680212
v 0.955996 0.443954 1.962784
v 0.968644 0.584597 1.924223
v 0.949243 -0.439291 1.967830
v 0.961429 -0.237496 1.984530
v 1.404643 0.031988 1.666201
v 1.521259 0.032390 1.534215
v 1.479596 0.313885 1.545292
v 1.379229 0.313115 1.654329
v 1.421637 -0.175262 1.644804
v 1.566433 -0.144713 1.467448
v 1.177188 -0.931848 1.592988
v 1.282081 -0.762383 1.621634
v 1.103714 -0.688655 1.807925
v 1.048054 -0.840529 1.757720
v 1.184778 1.003484 1.570012
v 1.180271 1.114007 1.476238
v 1.235735 0.888574 1.622449
v 1.302988 0.923084 1.579140
v 1.279131 1.009703 1.539978
v 1.269405 1.084588 1.484407
v -0.767892 0.019931 1.416994
v -0.984337 -0.002405 1.185111
v -0.973887 -0.139889 1.166438
v -0.777834 -0.132045 1.373434
v -0.804819 0.098300 1.365372
v -0.983048 0.092205 1.180540
v 0.277878 -0.934758 1.452051
v 0.223677 -0.789704 1.701781
v 0.466525 -0.993130 1.497784
v 0.370183 -0.841986 1.717542
v -0.603459 -0.497964 1.309669
v -0.754470 -0.531300 1.064271
v -0.591306 0.562994 1.339669
v -0.679396 0.424662 1.357542
v -0.600667 0.400908 1.478726
v -0.527646 0.503299 1.478687
v 0.201628 1.107018 1.435089
v 0.487957 1.175071 1.486208
v 0.502888 1.446506 1.253907
v 0.157382 1.390891 1.174594
v 1.951303 -1.791292 -0.539618
v 2.136363 -1.678233 -0.377586
v 1.821654 1.910413 -0.408273
v 2.024141 1.464468 -0.794713
v 1.782509 1.520411 -0.864300
v 1.592863 1.942603 -0.458884
v 1.615705 -0.586335 1.278115
v 1.630525 -0.435649 1.322284
v 1.649930 -0.666413 1.192231
v 1.715701 -0.591299 1.200753
v 1.696335 -0.530821 1.245912
v 1.692407 -0.434718 1.275005
v 1.536299 0.694046 1.316409
v 1.604460 0.666544 1.213415
v 1.500491 0.855378 1.271623
v 1.512649 0.786300 1.367563
v 1.514563 0.722684 1.421069
v 1.524399 0.604953 1.397233
v 0.605870 1.647630 -0.877085
v 0.579129 1.456593 -1.147410
v 0.361479 1.578198 -1.121183
v -0.278844 -0.340007 -2.221468
v -0.280728 -0.510486 -1.942116
v -0.246932 0.464869 -2.263982
v -0.270415 0.218511 -2.402217
v 0.193368 1.326783 -1.512893
v 0.021457 1.269293 -1.584028
v 0.190689 -1.227105 0.431287
v 0.276444 -1.222519 0.660161
v 1.362003 -1.775777 0.581023
v 1.189387 -1.818174 0.561850
v 0.244726 2.241838 -0.228833
v 0.430006 2.102076 -0.356121
v -0.086622 2.177942 0.439088
v -0.103376 2.269852 0.253120
v 1.072167 2.428188 0.600015
v 1.343374 2.150857 0.621995
v -0.112421 -1.029391 -0.622900
v -0.070377 -1.088900 -0.407038
v -0.278696 -0.993460 -0.382002
v 0.424708 2.303241 0.676830
v 0.337223 2.388583 0.584906
v 0.154724 2.188864 0.618737
v 0.265758 2.070239 0.753642
v 0.162196 0.629834 -2.368343
v 0.108769 0.486404 -2.480015
v -0.054592 0.629976 -2.242653
v 0.008864 0.837747 -2.072231
v 1.508966 -1.186825 0.921442
v 1.677161 -0.928570 0.950622
v 1.602900 -0.899101 1.041377
v 1.442027 -1.122952 1.032542
v 0.304340 2.508957 0.279563
v 0.397835 2.474749 0.165154
v 0.222560 2.393443 0.055864
v 0.121098 2.406523 0.179336
v 0.122040 -0.910371 -1.595419
v -0.070784 -0.776768 -1.589015
v 0.102152 -0.985731 -1.347807
v -0.046965 -0.885163 -1.329754
v 0.860292 0.958104 -1.706426
v 0.656441 0.862941 -1.960702
v 0.496201 1.076396 -1.712165
v 0.676673 1.140084 -1.516904
v 1.342152 1.521399 0.910420
v 1.271962 1.372130 1.077641
v 1.447996 1.119037 1.100959
v 1.564862 1.172945 0.940047
v 0.411541 -1.440599 -0.086680
v 0.527844 -1.509254 0.157676
v 0.333805 -1.355280 0.198623
v 0.234843 -1.306196 -0.049071
v 0.914710 1.882439 -0.442026
v 1.036984 1.598538 -0.736822
v 0.814261 1.692143 -0.690211
v 0.719686 1.917215 -0.448052
v 0.070887 -0.048690 -2.639914
v 0.069487 -0.250815 -2.549763
v -0.112157 -0.198085 -2.452659
v -0.109486 -0.012145 -2.527953
v 1.897846 -0.032979 0.999493
v 1.871864 0.357278 0.963804
v 1.772116 0.357119 1.063785
v 1.827803 0.048658 1.081526
v 1.879880 -0.128813 1.061303
v 1.882613 -0.227816 1.032364
v 1.925070 -0.219773 0.967738
v 0.805037 -1.531665 0.697114
v 0.630874 -1.378285 0.793625
v -1.184646 -0.290760 0.914736
v -1.114131 -0.416732 0.868951
v -1.062876 -0.673910 0.354344
v -1.062777 -0.705591 0.159246
v -0.868559 -0.777758 0.172812
v -0.827608 -0.764309 0.366296
v -1.135131 0.377806 0.965794
v -1.181771 0.242190 0.970410
v -1.007525 -0.714271 -0.389586
v -1.003881 -0.661978 -0.642707
v -0.869312 -0.704545 -0.663942
v -0.867053 -0.759317 -0.450911
v -0.951951 -0.776438 -0.322319
v -1.002568 -0.762949 -0.262547
v -1.086447 -0.704080 -0.276724
v -0.609455 -0.683393 -1.155775
v -0.458820 -0.690545 -1.319990
v -0.901460 -0.225512 -2.353749
v -0.899091 -0.313645 -2.287956
v -1.028790 -0.220094 -2.317949
v -0.946565 0.535809 -2.145137
v -0.905482 0.384173 -2.261432
v -1.012856 0.465515 -2.233520
v -1.072537 0.513066 -2.189250
v -1.048164 0.615060 -2.071351
v -0.865436 2.115737 0.270130
v -0.877976 2.150427 0.131342
v -1.106755 1.752262 0.437369
v -0.935371 1.915243 0.432729
v -0.897497 1.892279 -0.623629
v -0.898980 1.606036 -1.027854
v -1.656210 -0.424422 0.510696
v -1.658614 -0.467765 0.413674
v -1.352787 -0.538546 0.487461
v -1.354724 -0.478571 0.619638
v -0.525665 1.889814 0.554908
v -0.296703 1.824669 0.675810
v -1.271224 -0.491403 -1.091882
v -1.071630 -0.494623 -1.374873
v -0.899812 -0.586753 -1.170247
v -1.090585 -0.569616 -0.960657
v -1.249604 0.996547 0.632543
v -1.450630 0.716272 0.632023
v -1.241326 0.638314 0.780143
v -1.063626 0.885092 0.779701
v -1.748595 0.030196 0.627158
v -1.755383 -0.129404 0.615752
v -1.493686 -0.141465 0.760558
v -1.484346 0.016282 0.781272
v -0.545641 1.220603 -1.472276
v -0.366051 1.191464 -1.544782
v -0.643939 -0.450377 -1.996583
v -0.492314 -0.534696 -1.804592
v -0.589728 0.018621 -2.388887
v -0.434456 0.024354 -2.398830
v -0.589940 0.164493 -2.348704
v -1.671049 -0.518588 -0.012781
v -1.349874 -0.621160 -0.007132
v -1.641693 -0.520563 -0.154722
v -1.349834 -0.618510 -0.120476
v -0.511460 2.162924 -0.032318
v -0.315991 2.206384 -0.016560
v 2.638039 -0.006583 -0.471617
v 2.609315 0.211059 -0.563350
v 2.681158 0.246805 -0.409827
v 2.698291 0.098721 -0.351718
v 2.599810 -0.332272 -0.514741
v 2.472199 -0.360936 -0.952095
v 2.470473 -0.119740 -0.977124
v -2.546787 0.117852 -0.082740
v -2.525773 0.110541 0.086545
v -2.457834 0.366559 0.074609
v -2.473832 0.382133 -0.091948
v -2.525165 0.120632 -0.252437
v 1.695404 -0.026967 1.278210
v 1.745269 0.051401 1.206982
v 1.670176 0.354584 1.216768
v 1.619670 0.333988 1.295192
v 1.664457 -0.187306 1.326390
v 1.724219 -0.210615 1.278854
v 1.755090 -0.119751 1.253006
v 1.610080 0.013027 1.392130
v 1.774988 -0.243033 -2.329987
v 1.426153 -0.213820 -2.661605
v 1.692850 -0.437397 -2.417942
v 1.415101 -0.407886 -2.659077
v 1.955902 -0.121813 -2.092214
v 1.978441 -0.263090 -2.136368
v 1.879479 -0.340088 -2.268399
v 0.932605 -0.774923 1.851386
v 0.789646 -0.772504 1.893112
v 0.948450 -0.697545 1.896284
v 0.753645 -0.680352 1.966697
v 2.253598 -1.548325 -0.238338
v 2.208365 -1.592157 -0.008777
v 1.257343 1.223360 1.256711
v 1.380583 1.090272 1.239664
v 1.198588 1.216668 1.337945
v 1.290330 1.161346 1.371108
v 1.322832 1.145255 1.331213
v 1.397284 -1.391344 -1.948298
v 1.449207 -1.509204 -1.772395
v 0.547282 1.306408 -1.366865
v 0.388000 1.327121 -1.432380
v 0.582139 1.952274 -0.474519
v 0.598640 1.827485 -0.635483
v -1.235035 -0.004492 0.961899
v -1.225467 -0.146807 0.944459
v -1.211789 0.116567 0.970837
v 0.188384 -0.652306 1.939922
v -0.016558 -0.598705 1.868105
v 0.109193 -0.560910 2.035835
v -0.045795 -0.519663 1.984203
v 0.318197 -0.723325 1.908263
v 0.304816 -0.689505 1.999470
v 0.229092 -0.644365 2.027428
v 0.009173 -0.006460 2.337687
v 0.141369 -0.010350 2.338060
v 0.221861 0.143798 2.306994
v 0.025188 0.158276 2.310358
v -0.274127 0.010381 -2.446401
v -0.276790 -0.171088 -2.387857
v -1.914051 0.079185 -1.476141
v -2.161283 0.101741 -1.073591
v -1.898901 0.231216 -1.473841
v -0.160121 1.135929 -1.683263
v -0.215635 0.763089 -2.031614
v -0.982137 -0.556106 0.784190
v -1.018915 -0.638569 0.546915
v 0.037343 -1.188047 -0.004344
v 0.109332 -1.215902 0.207892
v -0.020305 -1.142678 -0.199738
v -0.433651 0.435264 1.708347
v -0.462831 0.360017 1.755489
v -0.369044 0.379240 1.875241
v -0.365528 0.478542 1.748749
v -0.472756 0.468822 1.613249
v -0.520263 0.369983 1.655943
v 0.039781 1.766497 0.859322
v -0.043726 2.033850 0.619841
v 0.436479 1.725703 1.020484
v -1.929253 1.327387 -0.101446
v -2.070808 1.147000 -0.057711
v -2.021500 1.150719 0.083772
v -1.858021 1.359874 0.079367
v -1.865796 1.399497 -0.210934
v -1.973203 1.315000 -0.227932
v -2.024975 1.259806 -0.163819
v -0.990783 -0.625682 -0.844657
v -0.879056 -0.644965 -0.929402
v -0.302072 -0.668861 -1.565003
v -0.222762 -0.810390 -1.225913
v -1.026058 -0.740384 -0.025526
v -1.096364 -0.714928 -0.123536
v -1.006503 -0.773361 -0.134197
v -0.955809 -0.797877 -0.082712
v -0.863127 -0.805434 0.018552
v -1.683910 1.089365 -1.091283
v -1.744726 0.938897 -1.189428
v -1.879176 1.018381 -0.871144
v -1.766976 1.173685 -0.850706
v -0.088642 2.294227 0.013418
v -0.162752 2.146759 -0.329368
v 0.082010 2.297544 -0.118994
v 0.005162 2.157475 -0.386046
v 0.953660 0.000187 2.001849
v 0.951425 0.238244 1.991630
v 1.210759 0.003421 1.825574
v 1.191193 0.279962 1.817631
v 1.329894 -1.040748 1.267509
v 1.265329 -0.994555 1.422155
v 1.086856 -1.115887 1.392973
v 1.157197 -1.185046 1.218596
v 1.388298 -1.082526 1.151337
v 1.529775 -0.859730 1.185487
v 1.481420 -0.824726 1.285030
v 0.948258 0.796065 1.836246
v 1.054030 0.889812 1.725375
v 0.961563 0.710360 1.886592
v 1.115278 0.810477 1.744234
v -0.520863 0.017185 1.836926
v -0.495143 -0.127603 1.846675
v -0.396927 -0.135403 2.018432
v -0.405272 -0.004990 2.033043
v -0.494541 0.088961 1.884233
v -0.552615 0.101509 1.830986
v -0.575815 0.067257 1.797222
v -0.587043 -0.013003 1.724184
v -0.565434 -0.131954 1.720581
v 0.398921 -1.200044 0.927666
v 0.028243 -1.019019 0.895867
v 0.341743 -1.061068 1.212105
v 0.039829 -0.936025 1.150364
v -0.440391 -0.437149 1.682547
v -0.502958 -0.461959 1.533126
v -0.881114 0.770273 0.956936
v -1.031026 0.559941 0.961485
v -0.697051 0.990479 0.951602
v -0.716401 0.657446 1.154672
v -0.558772 0.833890 1.153561
v 0.163782 0.674370 1.904804
v 0.387318 0.731972 1.920907
v 0.446263 0.940051 1.713720
v 0.198578 0.872588 1.682572
v 1.589740 -1.940234 -0.733688
v 1.752973 -1.895658 -0.655258
v 1.422406 -2.033974 -0.586035
v 2.180579 1.633589 -0.216297
v 2.341068 1.324090 -0.310593
v 2.220256 1.381580 -0.570885
v 2.041597 1.794737 -0.290021
v 2.139743 1.751760 -0.055058
v 2.356792 1.344337 -0.131611
v 0.710490 2.589304 0.577479
v 0.582134 2.496560 0.616705
v 0.731157 2.416224 0.664606
v 0.851427 2.571015 0.585009
v 0.709920 2.671489 0.526802
v 0.517099 2.563027 0.555189
v 0.453644 0.434433 -2.718466
v 0.321104 0.496419 -2.602515
v 0.471470 0.349366 -2.813822
v 0.283591 0.392183 -2.682718
v 1.792151 -1.416427 0.639662
v 1.635934 -1.293932 0.790742
v 1.435414 -1.497769 0.758655
v 1.571873 -1.636721 0.609505
v 1.995990 -1.130315 0.663858
v 1.820760 -1.018529 0.821793
v 0.628142 2.671422 0.353147
v 0.484394 2.617244 0.342356
v 0.745297 2.658187 0.288446
v 0.578860 2.571044 0.235501
v 0.468062 -1.173448 -1.791864
v 0.356236 -1.045770 -1.843382
v 0.523557 -1.333129 -1.578115
v 0.436797 -1.309460 -1.538640
v 0.391946 -1.214196 -1.665820
v 1.272130 0.751226 -2.040309
v 1.064745 0.842983 -1.883630
v 1.021784 0.617240 -2.361204
v 0.839077 0.723678 -2.178153
v 1.464543 0.639339 -2.168258
v 1.182235 0.502258 -2.506544
v 1.630285 1.774936 0.643791
v 1.469825 1.660447 0.774783
v 1.798835 1.850530 0.490502
v 0.808765 -1.834980 -0.224798
v 0.913750 -1.871064 0.048745
v 0.670766 -1.710880 -0.174763
v 1.360963 1.926108 -0.466127
v 1.131690 1.895728 -0.454279
v 1.523182 1.552933 -0.842989
v 1.273982 1.565555 -0.794122
v 0.517413 -0.148953 -2.909628
v 0.278412 -0.104721 -2.778710
v 0.522990 -0.394295 -2.815732
v 0.275903 -0.348201 -2.668453
v 2.295191 -0.009470 0.685770
v 2.270446 -0.271300 0.696454
v 2.462627 -0.032903 0.474408
v 2.277863 0.263158 0.677365
v 2.075230 0.396148 0.817516
v 2.091207 0.017916 0.849092
v 1.068737 -1.790201 0.541960
v 0.959826 -1.689223 0.612133
v -2.034871 -0.360412 0.395613
v -1.895531 -0.387372 0.438011
v -2.093175 -0.372847 0.338102
v -1.906319 -0.418442 0.364406
v -0.827550 1.982543 0.425709
v -0.706928 1.955061 0.473473
v -0.679399 2.052189 0.402424
v -0.844851 2.058367 0.368103
v -1.600488 -0.382314 -1.297039
v -1.443632 -0.434729 -1.203697
v -1.366355 -0.380190 -1.648669
v -1.228370 -0.432804 -1.530609
v -1.734473 -0.316879 -1.372843
v -1.481908 -0.315675 -1.740264
v -1.582934 1.190476 0.436560
v -1.424716 1.099280 0.525036
v -1.192207 1.393456 0.523865
v -1.333079 1.498724 0.438651
v -1.824909 0.863368 0.431079
v -1.645388 0.791772 0.523631
v -2.179898 0.066747 0.429847
v -1.981436 0.047880 0.517348
v -2.183750 -0.103555 0.426216
v -1.987399 -0.116166 0.511060
v -0.891907 1.270304 -1.427912
v -0.726301 1.251678 -1.438110
v -0.744977 0.872898 -1.822443
v -0.909399 0.891567 -1.811143
v -1.026335 1.262094 -1.427311
v -0.886824 -0.361262 -2.191959
v -0.780781 -0.395639 -2.137764
v -0.952708 0.085874 -2.378882
v -0.768776 0.043447 -2.382145
v -0.762403 -0.103201 -2.378332
v -0.919790 -0.083145 -2.378356
v -0.908284 0.193781 -2.354585
v -0.760671 0.162666 -2.352285
v -1.056369 0.046516 -2.364659
v -1.076303 0.113367 -2.380167
v -1.016219 0.150902 -2.386276
v -2.154115 -0.387454 -0.063105
v -1.926762 -0.449218 -0.044524
v -2.095954 -0.389794 -0.288038
v -1.846722 -0.457542 -0.255976
v -2.329939 -0.317816 -0.079376
v -2.279338 -0.318135 -0.315141
v -0.888067 2.139316 -0.057256
v -0.696891 2.153812 -0.045928
v -0.704797 2.072125 -0.300134
v -0.901303 2.059286 -0.304657
v -1.407659 0.321156 -2.064397
v -1.628783 0.312094 -1.798074
v -1.127705 0.633090 -2.037018
v -1.143765 0.532766 -2.154647
v -0.895347 0.287952 -2.312893
v -0.752094 0.268649 -2.302783
v -1.138400 0.038091 -2.333702
v -1.148415 0.104786 -2.354883
v -1.123304 0.290303 -2.195138
v -1.117912 0.218054 -2.231336
v -1.170401 0.231555 -2.204360
v -1.177959 0.301358 -2.169100
v 0.118752 -1.053617 -1.157823
v 0.154854 -1.140116 -0.979580
v 0.025879 -1.051308 -0.913699
v -0.016175 -0.962856 -1.118347
v 0.406317 -1.464841 -0.732304
v 0.498896 -1.548269 -0.458525
v 0.279671 -0.976964 -1.822281
v 0.208537 -0.930726 -1.749817
v 0.280532 -0.778383 -2.142124
v 0.549140 -1.429595 -1.394325
v 0.462792 -1.400547 -1.367294
v 0.362030 -1.210371 -1.260391
v 0.381245 -1.289364 -1.081420
v 0.335233 -1.240320 -1.061808
v 0.310667 -1.161826 -1.227952
v 0.413133 -1.258620 -1.292776
v 0.425506 -1.331090 -1.117648
v -0.602934 0.304229 1.601601
v -0.639825 0.262816 1.624712
v -0.802178 0.156279 1.350673
v -0.971916 0.165168 1.171763
v -0.484676 0.141405 1.887272
v -0.543826 0.142712 1.836648
v -0.638037 -0.020483 1.632336
v -0.687422 -0.012384 1.539033
v -0.676194 -0.134611 1.512387
v -0.621288 -0.137832 1.616901
v -0.590143 0.140087 1.603135
v -0.555429 0.135723 1.668624
v -0.555995 0.151893 1.663240
v -0.589427 0.159237 1.598992
v -0.591058 0.121437 1.606758
v -0.556117 0.121769 1.671070
v -0.421126 -0.961478 -0.241652
v -0.503046 -0.956821 -0.234125
v -0.763619 -0.792967 -0.483456
v -0.769194 -0.730127 -0.715262
v -1.107194 -0.703573 -0.198915
v -1.020714 -0.762102 -0.196888
v -0.740469 -0.854905 0.028523
v -0.725744 -0.835903 0.181546
v -0.736077 -0.794840 -0.208537
v -0.738064 -0.788606 -0.259540
v -0.650929 -0.821496 -0.262164
v -0.642573 -0.830210 -0.213569
v -0.829546 -0.759740 -0.201127
v -0.825452 -0.756828 -0.245701
v -0.732691 -0.801526 -0.158339
v -0.824493 -0.765963 -0.158526
v -2.059085 0.939425 -0.643150
v -2.120478 0.972450 -0.540634
v -2.381209 0.569121 -0.343831
v -2.370874 0.667309 -0.346407
v -2.171287 1.001571 -0.047776
v -2.133980 0.986504 0.088849
v -1.842438 1.402138 -0.303005
v -1.949400 1.323546 -0.306346
v -2.103303 0.957393 -0.311763
v -2.019339 1.088723 -0.302142
v -2.013998 1.073407 -0.365069
v -2.091115 0.948627 -0.381919
v 0.572773 -0.592767 2.067223
v 0.497991 -0.605702 2.102421
v 0.247229 -0.334785 2.252719
v 0.331028 -0.354590 2.233284
v 0.321377 -0.197030 2.270793
v 0.228769 -0.185430 2.291974
v 0.075520 -0.496587 2.099552
v 0.065087 -0.437409 2.161245
v -0.080534 -0.398092 2.124612
v -0.069946 -0.457568 2.054818
v 0.409509 -0.753949 1.903341
v 0.383934 -0.717673 1.990500
v 0.323430 -0.519191 2.066379
v 0.360091 -0.567420 2.028060
v 0.403751 -0.585720 2.018887
v 0.376659 -0.543977 2.050726
v 1.266813 0.798559 1.644498
v 1.336875 0.836571 1.599788
v 1.496491 0.575406 1.467428
v 1.494323 0.689312 1.480445
v 1.452476 0.965543 1.244191
v 1.182630 1.179360 1.405160
v 1.273306 1.138286 1.424194
v 1.330438 0.882963 1.419160
v 1.296184 0.964784 1.398755
v 1.293008 0.928419 1.438736
v 1.323537 0.851422 1.459306
v 2.337298 -0.671602 -1.320497
v 2.307206 -0.700731 -1.476918
v 1.912588 -1.146684 -1.810915
v 1.730209 -1.354326 -1.727955
v 1.659400 -0.587051 -2.418252
v 1.657763 -0.742792 -2.366449
v 1.383369 -0.719272 -2.579988
v 1.389971 -0.561896 -2.634677
v 2.084453 -0.082882 -1.895295
v 2.089874 -0.234400 -1.968647
v 1.985080 -0.638359 -1.872349
v 2.002632 -0.467546 -1.899248
v 2.107321 -0.493721 -1.725319
v 2.096938 -0.664290 -1.687682
v 1.683392 -0.694829 1.130170
v 1.745209 -0.616546 1.148094
v 1.909857 -0.353929 0.956681
v 1.870621 -0.346688 1.020780
v 1.789098 0.067168 1.144499
v 1.722661 0.366082 1.140445
v 1.641653 -0.312303 1.333200
v 1.702256 -0.321734 1.286498
v 1.728687 -0.325013 1.115294
v 1.706656 -0.321285 1.150175
v 1.695193 -0.419239 1.144165
v 1.714078 -0.427595 1.112693
v 2.496844 1.034208 -0.046547
v 2.580446 0.903510 -0.062517
v 2.560728 0.460141 0.320379
v 2.631109 0.467747 0.249138
v 2.672237 -0.148977 -0.106076
v 2.621989 -0.518749 -0.099168
v 2.627433 -0.513555 -0.288339
v 2.672131 -0.130365 -0.260190
v 2.588563 0.415456 -0.564658
v 2.659328 0.428852 -0.420006
v 2.576005 0.438458 -0.087818
v 2.581934 0.427481 -0.217535
v 2.557201 0.607786 -0.195344
v 2.548903 0.628200 -0.075708
v 2.574700 -0.816769 -0.080137
v 2.338623 0.343871 -1.241502
v 2.288543 0.538757 -1.311287
v 2.444485 0.382174 -0.948104
v 2.459929 0.129020 -0.975304
v 2.554112 -0.543949 -0.631246
v 2.460253 -0.596667 -0.928787
v -2.486860 0.187512 -0.351929
v -2.442834 0.353968 -0.348256
v 1.671943 0.588394 1.144146
v 1.457759 -0.290172 1.588120
v 1.544150 -0.296262 1.470521
v 1.559020 0.102590 1.462745
v 1.532002 0.306618 1.462557
v 1.173837 -0.537615 -2.791378
v 0.882960 -0.623864 1.951951
v 0.744938 -0.604061 2.006613
v 0.832095 1.379734 1.337344
v 0.992885 1.294958 1.369649
v 1.570631 -1.507172 -1.667283
v 1.525678 -1.608933 -1.516116
v -1.123977 0.174468 1.031394
v 0.536932 -0.974393 1.581997
v 0.480544 -0.874385 1.726017
v -0.183163 -0.430532 2.016806
v 0.216569 -0.066436 2.318499
v 0.288094 -0.013308 2.306928
v -1.809882 0.311664 -1.569150
v -0.106340 -1.085406 -0.289642
v -0.245818 -1.023882 -0.265629
v -0.523150 0.457183 1.548567
v -0.559991 0.389994 1.566917
v -2.099273 0.973737 0.192085
v -1.421363 1.810908 -0.309980
v -1.606862 1.633569 -0.306524
v -1.621534 1.651894 -0.195214
v -0.788617 -0.682263 -0.900159
v -0.134286 -0.899662 -1.079292
v -0.155130 -0.941848 -0.884113
v -1.540159 -0.545239 -0.226611
v -1.345059 -0.611000 -0.212934
v -0.714589 -0.822395 0.309463
v -1.839844 0.844701 -1.138948
v -1.942648 0.880624 -0.918205
v 1.465485 -1.041732 1.100123
v 1.564823 -0.889647 1.113263
v 1.020809 0.667750 1.866738
v 1.132393 0.722521 1.768959
v -0.319229 0.147830 2.136123
v -0.392875 0.144293 2.027696
v -0.400393 0.080722 2.036793
v -0.610384 -0.227799 1.604031
v 2.176102 1.668024 0.039741
v 2.322243 1.387481 0.005989
v 0.277278 -0.617973 -2.387891
v 0.876687 -1.603657 -1.533595
v 0.724060 -1.530189 -1.472997
v 0.702144 -1.425576 -1.681089
v 0.572003 -1.614974 -0.241177
v 2.189380 -0.404022 0.745235
v 2.060161 -0.381748 0.842842
v 2.304289 0.436689 0.620992
v 2.215593 0.593848 0.674119
v 2.420498 0.448549 0.488297
v 2.383834 0.656575 0.476900
v -1.099035 1.155026 -1.529476
v -1.164799 1.259038 -1.404016
v -1.109538 0.918087 -1.762462
v -1.197212 0.911375 -1.744248
v -0.638663 0.255698 -2.303325
v -1.110053 -0.182940 -2.293503
v -1.123887 -0.089463 -2.312238
v -1.032985 -0.084809 -2.353369
v -1.307765 0.341566 -2.197839
v -1.294503 0.417123 -2.168854
v -1.262886 0.397327 -2.154259
v -1.273977 0.331207 -2.179843
v -1.151894 0.515562 -2.175161
v -1.089430 0.497800 -2.205717
v -1.092894 0.463986 -2.184819
v -1.146272 0.479926 -2.158369
v -0.993215 0.305757 -2.334695
v -1.004693 0.230846 -2.367292
v -1.016474 0.225556 -2.329311
v -1.007090 0.290917 -2.300651
v -1.148774 0.132587 -2.357120
v -1.213199 0.150155 -2.322614
v -1.189674 0.159329 -2.291715
v -1.134319 0.143456 -2.321747
v -1.036615 0.171766 -2.383808
v -1.087277 0.139402 -2.378967
v -1.083783 0.148274 -2.340128
v -1.042892 0.175175 -2.343702
v -1.267581 0.192944 -2.280847
v -1.298946 0.261793 -2.237212
v -1.265580 0.259719 -2.215366
v -1.237533 0.197535 -2.254699
v -1.261655 0.476848 -2.153997
v -1.211711 0.509119 -2.157011
v -1.195259 0.475449 -2.143190
v -1.235561 0.448575 -2.141185
v -1.036151 0.454821 -2.245489
v -1.003890 0.385611 -2.291288
v -1.017306 0.362757 -2.261420
v -1.046210 0.425604 -2.220012
v 0.163913 -1.133948 -1.193053
v 0.153314 -1.073409 -1.364775
v 0.193073 -1.072056 -1.360909
v 0.203351 -1.130515 -1.196342
v 0.343583 -1.442654 -0.869893
v 0.291672 -1.378773 -0.864042
v 0.319964 -1.358065 -0.883387
v 0.363999 -1.412653 -0.888275
v 0.258673 -1.085867 -1.685325
v 0.316509 -1.142341 -1.696613
v 0.333436 -1.124797 -1.664915
v 0.284284 -1.077237 -1.655053
v 0.436667 -1.393022 -1.361268
v 0.440844 -1.460592 -1.183502
v 0.446805 -1.421928 -1.175150
v 0.442417 -1.356997 -1.345608
v 0.166119 -1.042064 -1.519178
v 0.204891 -1.049330 -1.626104
v 0.237847 -1.046044 -1.603755
v 0.204113 -1.041042 -1.507035
v 0.240358 -1.300498 -0.915406
v 0.195350 -1.214267 -1.034170
v 0.233572 -1.207849 -1.044304
v 0.275267 -1.288788 -0.931187
v 0.425124 -1.495745 -1.026150
v 0.390386 -1.485705 -0.922771
v 0.403709 -1.449525 -0.933222
v 0.433256 -1.456633 -1.026192
v 0.370241 -1.216430 -1.647593
v 0.411713 -1.305812 -1.525887
v 0.418151 -1.273429 -1.503080
v 0.379870 -1.189827 -1.619028
v -0.654613 0.240270 1.631775
v -0.693905 0.236431 1.559178
v -0.666792 0.207612 1.552763
v -0.631251 0.211107 1.618313
v -0.757547 0.157581 1.464730
v -0.757444 0.123244 1.475633
v -0.718455 0.129966 1.480716
v -0.718472 0.152708 1.473468
v -0.567717 0.143319 1.820256
v -0.570890 0.175608 1.806136
v -0.556278 0.159701 1.772497
v -0.553739 0.138331 1.782527
v -0.670616 0.063745 1.652410
v -0.627797 0.070594 1.728809
v -0.602152 0.091000 1.705675
v -0.640908 0.084670 1.636456
v -0.743614 0.093205 1.510259
v -0.711947 0.072327 1.574373
v -0.678401 0.092335 1.565593
v -0.706845 0.109073 1.508530
v -0.727343 0.219365 1.501656
v -0.748035 0.191351 1.471789
v -0.712137 0.174997 1.478104
v -0.696046 0.194182 1.502058
v -0.592489 0.088627 1.788579
v -0.573690 0.113597 1.816732
v -0.556842 0.120455 1.781151
v -0.571131 0.105028 1.758743
v -0.586131 0.205643 1.769847
v -0.616364 0.228602 1.706862
v -0.596297 0.200491 1.686804
v -0.568962 0.181457 1.743208
v -0.530812 -0.960567 -0.232473
v -0.537805 -0.965490 -0.168799
v -0.548920 -0.927578 -0.174389
v -0.543662 -0.923375 -0.226118
v -0.772059 -0.853274 -0.369622
v -0.679644 -0.887895 -0.370111
v -0.675300 -0.859717 -0.342026
v -0.759590 -0.828101 -0.341560
v -1.001758 -0.783377 -0.198824
v -0.986184 -0.784245 -0.254100
v -0.953620 -0.765048 -0.241273
v -0.966463 -0.764191 -0.196693
v -0.758520 -0.890938 -0.066331
v -0.861300 -0.849690 -0.075637
v -0.842084 -0.821928 -0.097141
v -0.747501 -0.859872 -0.088335
v -0.941224 -0.796403 -0.305544
v -0.864551 -0.821095 -0.346076
v -0.844604 -0.798484 -0.319895
v -0.914546 -0.775816 -0.284108
v -0.578423 -0.956085 -0.114669
v -0.658111 -0.928819 -0.079928
v -0.655914 -0.894414 -0.100489
v -0.584121 -0.919125 -0.130281
v -0.945527 -0.813940 -0.103806
v -0.990277 -0.792556 -0.146797
v -0.957713 -0.771256 -0.155670
v -0.919032 -0.789438 -0.121416
v -0.601544 -0.920055 -0.346026
v -0.551996 -0.944851 -0.295847
v -0.561693 -0.910118 -0.278773
v -0.604933 -0.888625 -0.321146
v -2.136477 0.980913 -0.519447
v -2.215297 0.859582 -0.516697
v -2.191130 0.851632 -0.485758
v -2.116731 0.966025 -0.488379
v -2.368115 0.695582 -0.347695
v -2.374598 0.718616 -0.269721
v -2.334902 0.720478 -0.273005
v -2.329217 0.700989 -0.339407
v -2.205914 1.022636 -0.140580
v -2.117259 1.150715 -0.151112
v -2.092391 1.124880 -0.168993
v -2.176217 1.003730 -0.158851
v -1.974333 1.309257 -0.308734
v -1.976826 1.280369 -0.380000
v -1.966260 1.245847 -0.362865
v -1.963818 1.270735 -0.302352
v -2.005107 1.213436 -0.444981
v -2.062369 1.106240 -0.493503
v -2.046396 1.084823 -0.463807
v -1.992211 1.185579 -0.419488
v -2.040837 1.251986 -0.186082
v -1.994432 1.302315 -0.241358
v -1.980161 1.265353 -0.246363
v -2.021086 1.219976 -0.200156
v -2.286600 0.762231 -0.484987
v -2.338161 0.708843 -0.424052
v -2.303419 0.712472 -0.404741
v -2.257419 0.760747 -0.457395
v -2.350577 0.782523 -0.202553
v -2.289018 0.891884 -0.158616
v -2.254707 0.880189 -0.175710
v -2.312667 0.777894 -0.215213
v 0.473187 -0.616805 2.108046
v 0.437297 -0.554752 2.152784
v 0.417111 -0.544840 2.119825
v 0.450955 -0.600019 2.079936
v 0.248806 -0.439094 2.240750
v 0.197766 -0.437692 2.242296
v 0.209734 -0.435440 2.204026
v 0.248394 -0.438163 2.201055
v 0.160430 -0.532174 2.148260
v 0.192296 -0.587708 2.096273
v 0.217709 -0.559131 2.084813
v 0.187844 -0.509711 2.130592
v 0.383730 -0.708560 2.016740
v 0.438365 -0.715644 2.022500
v 0.430800 -0.676886 2.014403
v 0.388806 -0.669611 2.011311
v 0.164578 -0.453684 2.227306
v 0.151661 -0.486338 2.193949
v 0.178884 -0.472165 2.167850
v 0.187342 -0.447178 2.193393
v 0.473514 -0.702615 2.040861
v 0.485191 -0.667881 2.070057
v 0.462716 -0.641465 2.049354
v 0.455096 -0.667611 2.027652
v 0.244329 -0.641711 2.050972
v 0.313596 -0.682955 2.025346
v 0.328096 -0.646106 2.020077
v 0.265464 -0.608553 2.043608
v 0.382875 -0.496948 2.194769
v 0.315277 -0.458621 2.224499
v 0.305658 -0.456561 2.185786
v 0.366805 -0.491748 2.158587
v 1.358029 0.846232 1.584317
v 1.393436 0.779400 1.584944
v 1.376783 0.778444 1.548437
v 1.345725 0.837219 1.547575
v 1.492015 0.716609 1.486883
v 1.508881 0.745304 1.436760
v 1.469589 0.749265 1.431405
v 1.456081 0.725570 1.472015
v 1.429266 0.988537 1.337510
v 1.378939 1.072742 1.337699
v 1.351085 1.044024 1.345034
v 1.395315 0.969654 1.345075
v 1.297708 1.124595 1.424874
v 1.295322 1.076013 1.477398
v 1.287655 1.048013 1.450006
v 1.288628 1.091144 1.405322
v 1.429892 0.732433 1.567401
v 1.464218 0.711911 1.532572
v 1.434575 0.721413 1.507560
v 1.407375 0.738478 1.534286
v 1.335521 1.129377 1.353938
v 1.309776 1.144522 1.383358
v 1.295739 1.107616 1.375702
v 1.314665 1.093289 1.356991
v 1.304432 1.007142 1.528221
v 1.326847 0.926347 1.564635
v 1.317124 0.910708 1.529261
v 1.296070 0.985457 1.495928
v 1.506296 0.801995 1.390460
v 1.475738 0.890680 1.356236
v 1.437674 0.880010 1.362359
v 1.466365 0.798684 1.392572
v 2.305099 -0.703305 -1.504445
v 2.269519 -0.873883 -1.507144
v 2.233243 -0.857401 -1.511569
v 2.266101 -0.698572 -1.509474
v 2.012514 -1.044116 -1.856918
v 1.914679 -0.978145 -2.031160
v 1.898839 -0.950580 -2.007041
v 1.992461 -1.014342 -1.840083
v 1.801931 -0.601158 -2.330528
v 1.833713 -0.469656 -2.323540
v 1.819306 -0.474502 -2.286664
v 1.790312 -0.595610 -2.292645
v 2.097441 -0.260754 -1.973310
v 2.197607 -0.286879 -1.805904
v 2.163652 -0.305330 -1.795625
v 2.068395 -0.280457 -1.954825
v 2.204720 -1.002378 -1.568815
v 2.114122 -1.055658 -1.694104
v 2.088286 -1.025829 -1.686338
v 2.172989 -0.976397 -1.569077
v 1.838610 -0.872261 -2.184389
v 1.802296 -0.740979 -2.284161
v 1.790916 -0.725860 -2.249025
v 1.825597 -0.849450 -2.154319
v 2.273745 -0.372546 -1.657917
v 2.308042 -0.523773 -1.556066
v 2.268614 -0.529639 -1.558448
v 2.236043 -0.386570 -1.654997
v 1.896977 -0.360610 -2.259176
v 1.991059 -0.288153 -2.133416
v 1.967225 -0.306486 -2.107087
v 1.878182 -0.374230 -2.226378
v 1.760443 -0.593246 1.154784
v 1.788345 -0.585748 1.112742
v 1.760520 -0.557987 1.105805
v 1.739261 -0.563380 1.137992
v 1.868503 -0.346777 1.048508
v 1.879632 -0.236051 1.059312
v 1.839848 -0.238620 1.063148
v 1.829553 -0.340948 1.053238
v 1.835950 -0.078898 1.164287
v 1.805587 -0.091833 1.207078
v 1.783259 -0.111103 1.180162
v 1.807042 -0.100757 1.146762
v 1.726383 -0.325033 1.272970
v 1.717203 -0.430354 1.262202
v 1.705911 -0.420097 1.225243
v 1.714461 -0.322677 1.235174
v 1.774560 -0.137880 1.243213
v 1.746830 -0.221577 1.265909
v 1.733403 -0.227134 1.228622
v 1.757937 -0.150823 1.209110
v 1.877891 -0.144878 1.084745
v 1.861691 -0.094537 1.121623
v 1.826957 -0.112570 1.113892
v 1.839170 -0.155528 1.084903
v 1.817635 -0.542343 1.077780
v 1.846096 -0.455781 1.055516
v 1.808850 -0.441616 1.059785
v 1.783813 -0.520628 1.078677
v 1.720166 -0.518914 1.236382
v 1.736148 -0.572090 1.198286
v 1.720328 -0.546488 1.172060
v 1.707839 -0.500874 1.202861
v 2.596927 0.880686 -0.061207
v 2.592668 0.860126 0.055203
v 2.566203 0.832707 0.043326
v 2.570164 0.851038 -0.061903
v 2.644922 0.470132 0.225130
v 2.673651 0.294919 0.198593
v 2.642670 0.299612 0.173787
v 2.615442 0.466064 0.198910
v 2.719537 0.019937 -0.108791
v 2.717839 0.039313 -0.232799
v 2.684118 0.058196 -0.222729
v 2.685686 0.040886 -0.110187
v 2.671716 0.429425 -0.395129
v 2.648864 0.606499 -0.360887
v 2.618855 0.592741 -0.338403
v 2.640666 0.424240 -0.371006
v 2.626952 0.756194 -0.288127
v 2.608997 0.846816 -0.181942
v 2.581282 0.819848 -0.172223
v 2.598023 0.735096 -0.270200
v 2.598858 0.781723 0.150568
v 2.618133 0.642063 0.208166
v 2.590148 0.628776 0.182774
v 2.571999 0.760179 0.129530
v 2.698439 0.146590 0.129714
v 2.713402 0.055313 0.019649
v 2.680071 0.073585 0.007610
v 2.666117 0.158944 0.109367
v 2.708695 0.117028 -0.331935
v 2.692491 0.256667 -0.385762
v 2.660345 0.261048 -0.362182
v 2.675594 0.130067 -0.312550
v -1.229313 0.314234 -2.158827
v -1.221910 0.375655 -2.133744
v -1.176991 0.367848 -2.138697
v -1.135597 0.428185 -2.140808
v -1.087317 0.413659 -2.164970
v -1.077089 0.348855 -2.184587
v -1.128570 0.362662 -2.159013
v -1.026066 0.275953 -2.254425
v -1.031998 0.215255 -2.281888
v -1.068794 0.212688 -2.253204
v -1.068738 0.278791 -2.221417
v -1.119286 0.163308 -2.272056
v -1.169309 0.177769 -2.245044
v -1.209650 0.204459 -2.228547
v -1.221284 0.247380 -2.192348
v -1.047688 0.181477 -2.304222
v -1.074671 0.164523 -2.289569
v -1.054375 0.394949 -2.197855
v -1.035638 0.343271 -2.217897
v -1.212280 0.418328 -2.129656
v -1.178942 0.427164 -2.125833
v 0.258092 -1.129652 -1.203816
v 0.246831 -1.069514 -1.366734
v 0.296183 -1.092799 -1.400639
v 0.386756 -1.359878 -0.943791
v 0.346219 -1.311370 -0.935767
v 0.319861 -1.079516 -1.583623
v 0.364365 -1.122107 -1.595736
v 0.391841 -1.177837 -1.461914
v 0.343673 -1.132158 -1.439931
v 0.445940 -1.307265 -1.322162
v 0.452523 -1.372833 -1.154290
v 0.391578 -1.175143 -1.571625
v 0.422673 -1.226155 -1.478871
v 0.440351 -1.410527 -1.047314
v 0.424014 -1.394855 -0.982480
v 0.304741 -1.268645 -0.965048
v 0.286373 -1.205851 -1.051779
v 0.242687 -1.047464 -1.476374
v 0.276877 -1.048963 -1.539397
v -0.599575 0.181904 1.601621
v -0.632764 0.179395 1.540371
v -0.623146 0.159159 1.536324
v -0.665952 0.146252 1.488907
v -0.666147 0.130946 1.493430
v -0.625708 0.126300 1.541495
v -0.625080 0.142821 1.537680
v -0.537705 0.133786 1.729853
v -0.539421 0.148317 1.723073
v -0.604027 0.103045 1.615865
v -0.568284 0.107654 1.680209
v -0.669431 0.116609 1.513356
v -0.638868 0.109502 1.550042
v -0.554626 0.166415 1.711711
v -0.566667 0.172681 1.665704
v -0.555286 0.112125 1.724438
v -0.538756 0.122905 1.730508
v -0.662496 0.177493 1.507316
v -0.662324 0.161224 1.490830
v -0.571085 -0.871253 -0.218628
v -0.574053 -0.875422 -0.174023
v -0.642260 -0.835708 -0.166089
v -0.744090 -0.795476 -0.305748
v -0.663210 -0.825890 -0.306705
v -0.910502 -0.743370 -0.195719
v -0.901252 -0.743271 -0.234871
v -0.734350 -0.819568 -0.115941
v -0.824077 -0.783894 -0.122372
v -0.882571 -0.758049 -0.268575
v -0.825906 -0.766613 -0.287031
v -0.884924 -0.770091 -0.133708
v -0.904041 -0.749160 -0.159889
v -0.613902 -0.856470 -0.298637
v -0.585116 -0.860373 -0.264824
v -0.597301 -0.881089 -0.142351
v -0.647527 -0.852330 -0.126228
v -2.091517 0.948394 -0.443759
v -2.164894 0.835492 -0.442505
v -2.170350 0.826094 -0.384709
v -2.265348 0.729266 -0.327895
v -2.271561 0.745124 -0.267603
v -2.197041 0.838393 -0.254063
v -2.187675 0.826155 -0.319514
v -2.137318 0.978741 -0.186722
v -2.056060 1.097520 -0.194082
v -2.032535 1.091114 -0.241806
v -2.115859 0.965364 -0.242195
v -1.963579 1.199913 -0.296916
v -1.964034 1.179469 -0.352578
v -2.012497 1.175290 -0.211364
v -1.977243 1.197244 -0.245620
v -2.222157 0.771410 -0.430531
v -2.243764 0.736983 -0.387598
v -1.987099 1.146400 -0.398220
v -2.021390 1.065372 -0.421865
v -2.267430 0.787226 -0.226136
v -2.214151 0.858006 -0.201686
v 0.421909 -0.570643 2.050145
v 0.387992 -0.520397 2.087058
v 0.339287 -0.494343 2.088809
v 0.258152 -0.438936 2.148861
v 0.224954 -0.432101 2.154826
v 0.244364 -0.455306 2.116786
v 0.286307 -0.471154 2.105308
v 0.223359 -0.487414 2.101655
v 0.253768 -0.533211 2.060534
v 0.305663 -0.542946 2.041779
v 0.270442 -0.495455 2.081803
v 0.385486 -0.617131 2.004866
v 0.421489 -0.627410 2.003407
v 0.283348 -0.577349 2.036691
v 0.331167 -0.594317 2.015081
v 0.206148 -0.440881 2.160039
v 0.209782 -0.453432 2.134035
v 0.355069 -0.487252 2.124753
v 0.309623 -0.458108 2.133655
v 0.439955 -0.633896 2.014867
v 0.437630 -0.607262 2.023053
v 1.325662 0.831595 1.501819
v 1.354785 0.774815 1.504763
v 1.355495 0.784194 1.468391
v 1.407299 0.744963 1.449794
v 1.417937 0.766736 1.414855
v 1.375178 0.829887 1.396964
v 1.366447 0.803558 1.434174
v 1.355457 0.941026 1.352690
v 1.316208 1.010738 1.349557
v 1.300913 0.988274 1.368247
v 1.337455 0.912480 1.380503
v 1.277607 1.037888 1.388847
v 1.276763 0.999258 1.428397
v 1.425913 0.803535 1.390535
v 1.394612 0.857324 1.368958
v 1.287211 0.962453 1.468244
v 1.297837 0.902590 1.483726
v 1.300259 1.054825 1.355260
v 1.281643 1.054307 1.365033
v 1.383133 0.746492 1.505692
v 1.391602 0.737327 1.479855
v 2.195089 -0.685808 -1.550915
v 2.166040 -0.840262 -1.548235
v 2.073775 -0.829468 -1.671925
v 1.967561 -0.946180 -1.826517
v 1.873486 -0.888213 -1.992509
v 1.865252 -0.764351 -2.020576
v 1.969246 -0.809378 -1.842688
v 1.796149 -0.595153 -2.208971
v 1.822082 -0.472906 -2.208007
v 1.895372 -0.465597 -2.069506
v 1.872945 -0.612358 -2.057492
v 2.028278 -0.335418 -1.925902
v 2.123400 -0.359992 -1.767184
v 2.188397 -0.416104 -1.665800
v 2.199346 -0.521846 -1.595719
v 1.824506 -0.823753 -2.109369
v 1.794805 -0.725980 -2.168414
v 1.870231 -0.395216 -2.176557
v 1.928232 -0.353747 -2.078683
v 2.134591 -0.932571 -1.587988
v 2.062625 -0.959800 -1.673119
v 1.713271 -0.512859 1.117401
v 1.730700 -0.509965 1.090679
v 1.733498 -0.427973 1.082358
v 1.781105 -0.333472 1.056741
v 1.791609 -0.235961 1.064980
v 1.763263 -0.228509 1.085916
v 1.750493 -0.328618 1.080787
v 1.767742 -0.140882 1.124510
v 1.748071 -0.147786 1.152583
v 1.723409 -0.224323 1.147784
v 1.744099 -0.222538 1.116627
v 1.697536 -0.319737 1.188959
v 1.688563 -0.413281 1.180454
v 1.803457 -0.175931 1.080575
v 1.784515 -0.149281 1.097149
v 1.694716 -0.474656 1.175103
v 1.697067 -0.500277 1.146034
v 1.755990 -0.490345 1.075200
v 1.762180 -0.429578 1.061831
v 1.738299 -0.171479 1.180549
v 1.715182 -0.227857 1.183684
v 2.540656 0.778798 -0.066204
v 2.536594 0.765545 0.036211
v 2.543901 0.625853 0.040961
v 2.578555 0.458095 0.145991
v 2.605012 0.292869 0.123289
v 2.597343 0.269466 0.023295
v 2.570144 0.448778 0.041886
v 2.637233 0.101993 -0.108561
v 2.636741 0.114332 -0.217202
v 2.605564 0.250212 -0.220146
v 2.603060 0.248786 -0.099937
v 2.599598 0.421017 -0.320765
v 2.577587 0.588126 -0.291668
v 2.632432 0.187301 0.082970
v 2.631863 0.130280 0.005199
v 2.549918 0.721604 0.103548
v 2.553785 0.619719 0.134008
v 2.571936 0.697707 -0.248421
v 2.550579 0.751712 -0.173572
v 2.642016 0.160531 -0.285996
v 2.619707 0.259160 -0.315004
v 2.429781 -0.829034 -0.935769
v 2.103501 -1.077391 -1.678938
v -2.094271 0.335704 -1.107490
v 0.722667 -0.525151 2.047348
v 0.326364 -0.433209 2.229092
v 1.576382 -2.034616 -0.367083
v 0.931254 2.673264 0.496959
v 0.734714 -1.624043 -1.258145
v -1.214393 -0.078376 -2.263828
v -0.155907 -1.080901 0.192873
v -1.595514 1.660534 0.092098
v 1.403419 -0.800008 1.438874
v -0.745468 0.201157 1.445525
v -0.833283 0.483199 1.169540
v 0.190227 -1.193063 -1.016166
v 0.238720 -1.284718 -0.892043
v 0.701779 -1.688044 0.077660
v -1.321495 -0.610556 -0.306741
v -1.608118 -0.516877 -0.313018
v 2.458148 0.239299 0.475784
v 2.569041 -0.720828 -0.520827
v -2.467624 0.369328 -0.228054
v -1.879128 0.397667 -1.435986
v 0.691342 -1.270478 -1.944127
v 0.409841 -1.493999 -0.904025
v -1.317039 0.246828 -2.221683
v -0.231729 -1.047237 -0.147907
v -0.210427 -1.065563 -0.003513
v -1.626105 1.657399 -0.068071
v 0.938278 -0.575628 1.944486
v 1.576153 0.315659 1.378155
v 0.541417 -1.567342 -0.126767
v 2.083279 -0.217782 0.850865
v -0.868749 -0.803103 -0.367351
v -0.735548 -0.672163 -1.027556
v -1.022260 0.909057 -1.787955
v 2.703292 0.031397 0.030434
v 1.859817 -0.071344 1.105820
v 1.777658 -0.748325 -2.295571
v 1.815569 -0.887076 -2.190863
v 1.480175 0.882068 1.329664
v 0.128107 -0.470789 2.188053
v 0.144624 -0.430848 2.228802
v -2.287390 0.880030 -0.132886
v -0.644810 -0.922404 -0.055599
v -0.707147 0.047008 1.562607
v -0.741956 0.071782 1.491659
v 0.203808 -1.024110 -1.638836
v 0.160201 -1.014647 -1.522198
v -0.977189 0.390132 -2.283631
v -1.311348 0.419305 -2.146137
v -1.326489 0.334598 -2.178505
v -0.979127 0.218381 -2.367653
v -0.965844 0.302545 -2.331152
v 0.145960 -1.046557 -1.359944
v 0.157247 -1.109482 -1.181469
v 0.296547 -1.371864 -0.837106
v 0.356118 -1.444843 -0.843664
v 0.331036 -1.131169 -1.717994
v 0.264760 -1.065951 -1.705541
v -0.757925 0.110668 1.450460
v -0.758085 0.156260 1.436064
v -0.615296 0.045220 1.730952
v -0.662069 0.037702 1.647605
v -0.668691 -0.875343 -0.392949
v -0.768988 -0.837790 -0.392582
v -0.864511 -0.836801 -0.050669
v -0.753785 -0.881266 -0.040740
v -2.106396 1.152543 -0.125012
v -2.199768 1.017766 -0.113904
v 0.188113 -0.411224 2.247549
v 0.251163 -0.411987 2.246808
v 0.172341 -0.585946 2.076569
v 0.137650 -0.524628 2.134306
v 1.373168 1.081499 1.310577
v 1.429546 0.987848 1.309845
v 1.894379 -0.997602 -2.031857
v 1.996289 -1.065755 -1.850549
v 1.811974 -0.457637 -2.336698
v 1.777507 -0.599222 -2.344632
v 1.791664 -0.067535 1.209885
v 1.828415 -0.052041 1.157990
v 2.708055 0.015192 -0.243481
v 2.709903 -0.006383 -0.108352

# UV coordinates
vt 0.219284 0.472503
vt 0.232270 0.463020
vt 0.249808 0.489574
vt 0.238848 0.500182
vt 0.203514 0.446902
vt 0.223854 0.438248
vt 0.304963 0.575132
vt 0.327753 0.606782
vt 0.316711 0.619719
vt 0.293638 0.592127
vt 0.288301 0.564049
vt 0.292647 0.558685
vt 0.303438 0.563825
vt 0.313507 0.563790
vt 0.319376 0.573589
vt 0.308051 0.389567
vt 0.291271 0.361755
vt 0.308417 0.357323
vt 0.321830 0.374298
vt 0.265529 0.382109
vt 0.263394 0.361383
vt 0.280328 0.414622
vt 0.254608 0.402528
vt 0.322126 0.391086
vt 0.323714 0.402331
vt 0.315057 0.408909
vt 0.398737 0.503844
vt 0.394859 0.452682
vt 0.410479 0.433956
vt 0.423479 0.461194
vt 0.832485 0.599104
vt 0.834284 0.608937
vt 0.825091 0.609487
vt 0.822571 0.598791
vt 0.841190 0.601948
vt 0.841696 0.610603
vt 0.778482 0.620971
vt 0.762031 0.632280
vt 0.759260 0.620413
vt 0.772570 0.610421
vt 0.795239 0.610309
vt 0.799242 0.621105
vt 0.780781 0.632923
vt 0.801523 0.528457
vt 0.814911 0.550208
vt 0.803778 0.558059
vt 0.791641 0.536265
vt 0.745921 0.568756
vt 0.731512 0.571738
vt 0.720981 0.551168
vt 0.731057 0.541260
vt 0.757901 0.575999
vt 0.752257 0.580768
vt 0.744808 0.578614
vt 0.735171 0.580121
vt 0.910022 0.872457
vt 0.905349 0.890406
vt 0.892727 0.885717
vt 0.896140 0.868700
vt 0.915706 0.869166
vt 0.918805 0.875448
vt 0.916027 0.881134
vt 0.853086 0.862312
vt 0.846933 0.879330
vt 0.831591 0.882244
vt 0.837023 0.864813
vt 0.403251 0.312439
vt 0.414669 0.294968
vt 0.440841 0.307761
vt 0.422036 0.320113
vt 0.386485 0.332369
vt 0.363437 0.321969
vt 0.374538 0.303287
vt 0.485064 0.369870
vt 0.503567 0.359167
vt 0.511810 0.376354
vt 0.495588 0.386137
vt 0.471539 0.351900
vt 0.490101 0.332421
vt 0.164761 0.355612
vt 0.162519 0.318570
vt 0.181932 0.311466
vt 0.188774 0.332417
vt 0.197808 0.366933
vt 0.197943 0.390519
vt 0.173148 0.393535
vt 0.141253 0.328052
vt 0.147499 0.311118
vt 0.408046 0.696892
vt 0.405679 0.649910
vt 0.424773 0.655135
vt 0.432621 0.690309
vt 0.386370 0.710265
vt 0.370766 0.681822
vt 0.380169 0.664163
vt 0.264632 0.300062
vt 0.237712 0.306974
vt 0.233860 0.288178
vt 0.262408 0.280519
vt 0.288922 0.297053
vt 0.304417 0.314116
vt 0.273309 0.318636
vt 0.536594 0.603854
vt 0.541516 0.566282
vt 0.555135 0.565397
vt 0.549740 0.609520
vt 0.530082 0.633317
vt 0.516059 0.619506
vt 0.521136 0.593881
vt 0.907935 0.813339
vt 0.910468 0.827537
vt 0.899042 0.826492
vt 0.897573 0.813718
vt 0.059032 0.112119
vt 0.070426 0.107257
vt 0.076192 0.115392
vt 0.064637 0.118088
vt 0.863832 0.810651
vt 0.864091 0.822191
vt 0.849888 0.821349
vt 0.852339 0.808705
vt 0.872125 0.811534
vt 0.876143 0.821675
vt 0.722694 0.428587
vt 0.737371 0.450587
vt 0.727275 0.457047
vt 0.712271 0.434042
vt 0.408907 0.119507
vt 0.416097 0.133341
vt 0.411728 0.141882
vt 0.400913 0.126223
vt 0.672889 0.471484
vt 0.692145 0.495876
vt 0.683814 0.521514
vt 0.664081 0.507525
vt 0.683286 0.463117
vt 0.699263 0.483471
vt 0.661760 0.470866
vt 0.665445 0.457666
vt 0.671208 0.457202
vt 0.185381 0.158966
vt 0.178728 0.181867
vt 0.159653 0.183396
vt 0.168691 0.156675
vt 0.189029 0.140424
vt 0.204487 0.141736
vt 0.203068 0.156930
vt 0.671086 0.694158
vt 0.651555 0.708668
vt 0.642944 0.692172
vt 0.664253 0.681071
vt 0.679408 0.704893
vt 0.665138 0.719980
vt 0.260220 0.153143
vt 0.290199 0.158701
vt 0.297142 0.175559
vt 0.264573 0.171991
vt 0.246414 0.157087
vt 0.245954 0.150187
vt 0.252768 0.146755
vt 0.266987 0.142951
vt 0.288190 0.147405
vt 0.650655 0.613972
vt 0.650241 0.580036
vt 0.671501 0.579767
vt 0.674968 0.606256
vt 0.633046 0.618140
vt 0.634130 0.573894
vt 0.652703 0.635123
vt 0.636960 0.649476
vt 0.799920 0.791640
vt 0.809900 0.776820
vt 0.827050 0.784800
vt 0.820304 0.798872
vt 0.789209 0.809838
vt 0.762210 0.801785
vt 0.776724 0.782379
vt 0.111755 0.145162
vt 0.103907 0.163925
vt 0.086623 0.152616
vt 0.094745 0.137632
vt 0.117920 0.129217
vt 0.136672 0.129987
vt 0.130313 0.151012
vt 0.782100 0.874443
vt 0.786534 0.892655
vt 0.775138 0.893199
vt 0.765844 0.874196
vt 0.072080 0.214281
vt 0.079896 0.205059
vt 0.094989 0.212305
vt 0.082729 0.227678
vt 0.062094 0.197124
vt 0.067200 0.190051
vt 0.062175 0.222929
vt 0.055204 0.206798
vt 0.843672 0.754351
vt 0.829473 0.735697
vt 0.836779 0.730696
vt 0.847560 0.747326
vt 0.851174 0.757724
vt 0.851564 0.763545
vt 0.846193 0.764472
vt 0.884535 0.729077
vt 0.894004 0.725627
vt 0.901799 0.740965
vt 0.892189 0.740588
vt 0.876106 0.711081
vt 0.886739 0.707087
vt 0.819687 0.930865
vt 0.812629 0.923358
vt 0.822161 0.910786
vt 0.831298 0.914226
vt 0.820700 0.940425
vt 0.812150 0.938661
vt 0.810991 0.933621
vt 0.807706 0.928698
vt 0.904354 0.947350
vt 0.891281 0.946963
vt 0.885580 0.930156
vt 0.903091 0.929485
vt 0.903467 0.962946
vt 0.891812 0.962395
vt 0.163598 0.523349
vt 0.176341 0.534856
vt 0.173316 0.540386
vt 0.166033 0.534783
vt 0.009839 0.276479
vt 0.005267 0.270764
vt 0.009966 0.268525
vt 0.017239 0.271082
vt 0.249350 0.626078
vt 0.248301 0.646464
vt 0.239079 0.640983
vt 0.235999 0.625834
vt 0.473499 0.550068
vt 0.483034 0.518644
vt 0.496476 0.537344
vt 0.488803 0.565078
vt 0.413153 0.230447
vt 0.377348 0.225592
vt 0.377781 0.211151
vt 0.410843 0.215119
vt 0.415363 0.244658
vt 0.380086 0.236823
vt 0.563026 0.398111
vt 0.567873 0.383401
vt 0.582875 0.397578
vt 0.576955 0.415899
vt 0.530854 0.452655
vt 0.544070 0.440910
vt 0.552943 0.476175
vt 0.539540 0.486591
vt 0.163307 0.249613
vt 0.146993 0.253370
vt 0.147898 0.232049
vt 0.166137 0.228210
vt 0.104831 0.274155
vt 0.119912 0.265371
vt 0.126757 0.282987
vt 0.116410 0.292212
vt 0.097661 0.258613
vt 0.115268 0.247423
vt 0.081407 0.280314
vt 0.075263 0.265825
vt 0.489709 0.672447
vt 0.479901 0.647658
vt 0.495697 0.645085
vt 0.506385 0.665943
vt 0.506988 0.715747
vt 0.506742 0.706979
vt 0.526146 0.702138
vt 0.526879 0.715335
vt 0.331175 0.724045
vt 0.317051 0.701741
vt 0.336413 0.697649
vt 0.350705 0.721213
vt 0.310982 0.724631
vt 0.296540 0.703484
vt 0.336026 0.742955
vt 0.315463 0.744402
vt 0.263348 0.223845
vt 0.232975 0.226921
vt 0.233676 0.208199
vt 0.260362 0.206977
vt 0.254726 0.235502
vt 0.230788 0.239937
vt 0.849875 0.649065
vt 0.858106 0.647042
vt 0.868722 0.666246
vt 0.858506 0.668658
vt 0.875556 0.628836
vt 0.881777 0.619322
vt 0.900465 0.633021
vt 0.892559 0.643279
vt 0.798837 0.676060
vt 0.815406 0.665916
vt 0.824314 0.688517
vt 0.807950 0.695261
vt 0.296546 0.076468
vt 0.312550 0.091710
vt 0.299948 0.106088
vt 0.284824 0.094960
vt 0.363467 0.147465
vt 0.377113 0.161325
vt 0.357046 0.168561
vt 0.343005 0.154534
vt 0.418380 0.176655
vt 0.404479 0.175426
vt 0.411772 0.164943
vt 0.421352 0.164593
vt 0.414145 0.188563
vt 0.393427 0.185801
vt 0.430893 0.176230
vt 0.430381 0.189053
vt 0.613787 0.449578
vt 0.618447 0.430255
vt 0.630878 0.436540
vt 0.628001 0.454393
vt 0.601799 0.441513
vt 0.610133 0.417795
vt 0.606594 0.483694
vt 0.593870 0.475943
vt 0.582838 0.706915
vt 0.583988 0.693176
vt 0.601982 0.692558
vt 0.600744 0.704774
vt 0.564449 0.710749
vt 0.565102 0.694758
vt 0.665275 0.771579
vt 0.677770 0.771399
vt 0.685743 0.790100
vt 0.669772 0.789740
vt 0.716919 0.741642
vt 0.702258 0.757034
vt 0.689222 0.742336
vt 0.702413 0.728048
vt 0.733533 0.756612
vt 0.717041 0.774184
vt 0.736132 0.724626
vt 0.752264 0.739269
vt 0.589771 0.618966
vt 0.593417 0.575425
vt 0.605994 0.580035
vt 0.603037 0.621945
vt 0.576272 0.616297
vt 0.580854 0.569270
vt 0.587090 0.652182
vt 0.571487 0.651421
vt 0.262828 0.524215
vt 0.267821 0.509309
vt 0.273235 0.526842
vt 0.276142 0.538583
vt 0.269815 0.542028
vt 0.259656 0.435491
vt 0.239138 0.421819
vt 0.247405 0.451058
vt 0.188220 0.493843
vt 0.204112 0.484197
vt 0.221731 0.513057
vt 0.201424 0.513348
vt 0.185606 0.522747
vt 0.174170 0.507270
vt 0.186948 0.421247
vt 0.187215 0.457376
vt 0.170859 0.431899
vt 0.155781 0.408698
vt 0.340356 0.543780
vt 0.336284 0.523857
vt 0.359334 0.508452
vt 0.368187 0.530858
vt 0.333874 0.559380
vt 0.327555 0.551286
vt 0.329524 0.541001
vt 0.326834 0.529239
vt 0.279820 0.605834
vt 0.303641 0.633240
vt 0.288505 0.643883
vt 0.263176 0.614438
vt 0.353986 0.637858
vt 0.336393 0.598181
vt 0.359340 0.623144
vt 0.381678 0.634070
vt 0.353920 0.435745
vt 0.373725 0.430265
vt 0.380677 0.454459
vt 0.363910 0.457256
vt 0.335551 0.429822
vt 0.343003 0.420710
vt 0.356824 0.423890
vt 0.370804 0.420727
vt 0.367743 0.353370
vt 0.349376 0.337892
vt 0.347641 0.359310
vt 0.334822 0.345932
vt 0.279145 0.339265
vt 0.255335 0.341809
vt 0.246054 0.324041
vt 0.444460 0.425843
vt 0.428446 0.405857
vt 0.450344 0.377411
vt 0.465483 0.394621
vt 0.440895 0.527252
vt 0.422840 0.517713
vt 0.437386 0.477326
vt 0.453350 0.489389
vt 0.468671 0.502925
vt 0.457728 0.537782
vt 0.810554 0.602203
vt 0.813603 0.613116
vt 0.832868 0.573615
vt 0.831897 0.587862
vt 0.820512 0.587201
vt 0.816737 0.572841
vt 0.825756 0.564661
vt 0.837581 0.619726
vt 0.844408 0.619777
vt 0.849927 0.631680
vt 0.842825 0.632916
vt 0.850725 0.607513
vt 0.842422 0.591390
vt 0.853728 0.597857
vt 0.866722 0.607161
vt 0.862039 0.616541
vt 0.764071 0.600453
vt 0.753402 0.612295
vt 0.756660 0.600100
vt 0.758714 0.592261
vt 0.765352 0.589187
vt 0.785628 0.645531
vt 0.803445 0.633639
vt 0.808668 0.648153
vt 0.791527 0.659725
vt 0.721905 0.659223
vt 0.729931 0.668297
vt 0.703027 0.687397
vt 0.696553 0.676438
vt 0.741586 0.646210
vt 0.756441 0.648252
vt 0.778523 0.542648
vt 0.788915 0.558141
vt 0.771880 0.566162
vt 0.761377 0.552585
vt 0.758717 0.475666
vt 0.781543 0.502329
vt 0.772533 0.510264
vt 0.749552 0.483253
vt 0.313769 0.046919
vt 0.321181 0.035812
vt 0.340993 0.057164
vt 0.332850 0.067163
vt 0.323444 0.078656
vt 0.305028 0.060571
vt 0.712874 0.517008
vt 0.704749 0.530243
vt 0.701029 0.598508
vt 0.698685 0.613029
vt 0.676968 0.622462
vt 0.711923 0.585482
vt 0.716052 0.592434
vt 0.709695 0.601078
vt 0.707367 0.609477
vt 0.881921 0.864733
vt 0.877573 0.881841
vt 0.862223 0.879535
vt 0.868396 0.861975
vt 0.051836 0.179919
vt 0.057308 0.176228
vt 0.044560 0.176731
vt 0.045227 0.171944
vt 0.049478 0.172379
vt 0.052594 0.170508
vt 0.912892 0.842672
vt 0.899528 0.837553
vt 0.909618 0.849310
vt 0.898726 0.845206
vt 0.819970 0.867495
vt 0.817353 0.882743
vt 0.801525 0.887620
vt 0.800892 0.871366
vt 0.861775 0.834499
vt 0.858509 0.847617
vt 0.841962 0.849245
vt 0.846254 0.834918
vt 0.454669 0.338283
vt 0.465860 0.315780
vt 0.439716 0.329308
vt 0.343516 0.296748
vt 0.335430 0.314247
vt 0.317957 0.295800
vt 0.417516 0.275768
vt 0.379388 0.284003
vt 0.380203 0.266065
vt 0.381742 0.254540
vt 0.417131 0.260560
vt 0.506854 0.403948
vt 0.520781 0.392873
vt 0.532410 0.413735
vt 0.519254 0.425700
vt 0.526032 0.367531
vt 0.525937 0.351903
vt 0.549166 0.367314
vt 0.545963 0.381076
vt 0.211661 0.317561
vt 0.205144 0.299818
vt 0.162370 0.294444
vt 0.148693 0.293146
vt 0.147655 0.273977
vt 0.162807 0.271535
vt 0.452138 0.684181
vt 0.443401 0.653106
vt 0.462233 0.650379
vt 0.471391 0.678285
vt 0.467713 0.716034
vt 0.446952 0.711439
vt 0.453337 0.706225
vt 0.470829 0.711640
vt 0.488121 0.710959
vt 0.487163 0.716732
vt 0.264632 0.260298
vt 0.232735 0.270100
vt 0.230781 0.258309
vt 0.255306 0.251462
vt 0.272872 0.253573
vt 0.285522 0.256563
vt 0.284525 0.263251
vt 0.562804 0.612568
vt 0.568144 0.564422
vt 0.887501 0.813274
vt 0.887113 0.824415
vt 0.879909 0.812447
vt 0.081071 0.130331
vt 0.087365 0.120791
vt 0.101336 0.125782
vt 0.072398 0.124605
vt 0.837596 0.805143
vt 0.832802 0.819209
vt 0.812611 0.815448
vt 0.698786 0.438985
vt 0.717359 0.463877
vt 0.710720 0.470879
vt 0.694477 0.450344
vt 0.432711 0.112952
vt 0.439823 0.117868
vt 0.439260 0.124189
vt 0.434223 0.125255
vt 0.391017 0.132467
vt 0.402429 0.146638
vt 0.391600 0.153619
vt 0.379000 0.139803
vt 0.654695 0.543896
vt 0.672499 0.549510
vt 0.220943 0.151707
vt 0.217531 0.138501
vt 0.227069 0.144227
vt 0.232156 0.148993
vt 0.230047 0.156880
vt 0.659153 0.666633
vt 0.638152 0.673380
vt 0.655938 0.652147
vt 0.753532 0.770801
vt 0.736295 0.790213
vt 0.149591 0.154785
vt 0.156433 0.129497
vt 0.176146 0.130151
vt 0.733627 0.870439
vt 0.747243 0.892735
vt 0.730974 0.894086
vt 0.715160 0.872702
vt 0.749759 0.872118
vt 0.757833 0.892146
vt 0.091814 0.242787
vt 0.108306 0.229498
vt 0.860293 0.784411
vt 0.867950 0.787219
vt 0.869471 0.798658
vt 0.862513 0.797629
vt 0.853760 0.777291
vt 0.858135 0.775638
vt 0.863014 0.779824
vt 0.867827 0.781892
vt 0.082446 0.102411
vt 0.088708 0.109242
vt 0.909349 0.758857
vt 0.900925 0.750838
vt 0.912728 0.751540
vt 0.840799 0.896450
vt 0.830401 0.895772
vt 0.902836 0.909794
vt 0.888678 0.906907
vt 0.861382 0.940394
vt 0.859198 0.952741
vt 0.839498 0.945570
vt 0.841448 0.935132
vt 0.875657 0.945173
vt 0.870839 0.960896
vt 0.050107 0.228059
vt 0.035961 0.227786
vt 0.034822 0.209849
vt 0.046311 0.212936
vt 0.791300 0.909470
vt 0.780767 0.907970
vt 0.800428 0.914936
vt 0.796286 0.919755
vt 0.789393 0.916672
vt 0.782618 0.915024
vt 0.865875 0.744748
vt 0.854892 0.722154
vt 0.864936 0.716759
vt 0.874738 0.735557
vt 0.857059 0.743223
vt 0.847678 0.725033
vt 0.095591 0.181507
vt 0.079222 0.166875
vt 0.087710 0.193592
vt 0.074750 0.176787
vt 0.904679 0.722535
vt 0.899687 0.706021
vt 0.121294 0.116021
vt 0.139384 0.112544
vt 0.818073 0.765312
vt 0.829901 0.757993
vt 0.836602 0.767095
vt 0.828283 0.773380
vt 0.781106 0.830916
vt 0.778772 0.854025
vt 0.752816 0.853439
vt 0.752544 0.825257
vt 0.229594 0.374828
vt 0.225365 0.393906
vt 0.404268 0.606443
vt 0.400747 0.560120
vt 0.419356 0.562735
vt 0.421589 0.610041
vt 0.901633 0.976862
vt 0.890618 0.974140
vt 0.016874 0.253740
vt 0.019839 0.261453
vt 0.012676 0.260465
vt 0.010991 0.255110
vt 0.896761 0.981621
vt 0.889990 0.979433
vt 0.223907 0.642995
vt 0.227866 0.634011
vt 0.236160 0.650790
vt 0.809716 0.955780
vt 0.804223 0.951793
vt 0.808595 0.947942
vt 0.816812 0.951294
vt 0.504619 0.580538
vt 0.510542 0.553899
vt 0.526087 0.563157
vt 0.410606 0.200787
vt 0.382955 0.196960
vt 0.589314 0.431323
vt 0.596351 0.409246
vt 0.543509 0.525346
vt 0.557041 0.518209
vt 0.171307 0.206012
vt 0.151835 0.208998
vt 0.127254 0.310196
vt 0.135950 0.298743
vt 0.520442 0.654120
vt 0.508475 0.637316
vt 0.546008 0.714253
vt 0.545742 0.697700
vt 0.368998 0.716591
vt 0.354707 0.691006
vt 0.262037 0.189774
vt 0.243258 0.191050
vt 0.246461 0.172442
vt 0.337828 0.757600
vt 0.342279 0.767449
vt 0.324008 0.773877
vt 0.317336 0.761401
vt 0.553523 0.429644
vt 0.559040 0.414456
vt 0.571100 0.439625
vt 0.563662 0.462114
vt 0.058534 0.283964
vt 0.033257 0.282871
vt 0.035368 0.274339
vt 0.057716 0.273569
vt 0.505057 0.698686
vt 0.498934 0.688359
vt 0.516242 0.680180
vt 0.523514 0.690777
vt 0.338347 0.223038
vt 0.344745 0.207433
vt 0.316838 0.217038
vt 0.320680 0.204902
vt 0.497141 0.490837
vt 0.514085 0.469075
vt 0.523515 0.497860
vt 0.508098 0.513612
vt 0.295720 0.677847
vt 0.275818 0.681021
vt 0.260455 0.660831
vt 0.273649 0.652565
vt 0.204571 0.234659
vt 0.182575 0.243607
vt 0.185145 0.223152
vt 0.206980 0.216335
vt 0.472938 0.616810
vt 0.470593 0.583414
vt 0.485790 0.592977
vt 0.487776 0.620028
vt 0.455708 0.234936
vt 0.437747 0.235413
vt 0.434057 0.217204
vt 0.450500 0.216250
vt 0.464600 0.210606
vt 0.469085 0.229572
vt 0.201188 0.571969
vt 0.225873 0.596604
vt 0.218969 0.604170
vt 0.201205 0.583548
vt 0.191737 0.568138
vt 0.187222 0.558969
vt 0.192223 0.555888
vt 0.132959 0.257629
vt 0.131053 0.237431
vt 0.867529 0.689883
vt 0.879101 0.686833
vt 0.910725 0.656346
vt 0.918849 0.644928
vt 0.189569 0.102583
vt 0.202206 0.102585
vt 0.203401 0.118209
vt 0.189785 0.120988
vt 0.817107 0.715078
vt 0.827418 0.709214
vt 0.271374 0.112902
vt 0.289740 0.119687
vt 0.287253 0.130285
vt 0.270940 0.125497
vt 0.263596 0.115906
vt 0.261265 0.109916
vt 0.266176 0.103532
vt 0.319610 0.159517
vt 0.330490 0.173606
vt 0.422144 0.153710
vt 0.414368 0.154261
vt 0.420224 0.144489
vt 0.643485 0.454180
vt 0.642553 0.438609
vt 0.650523 0.446014
vt 0.654505 0.451834
vt 0.649834 0.464321
vt 0.620699 0.704567
vt 0.620975 0.692752
vt 0.689886 0.715749
vt 0.677132 0.730025
vt 0.617212 0.621803
vt 0.619402 0.580131
vt 0.864914 0.643975
vt 0.870312 0.637505
vt 0.885398 0.653831
vt 0.877891 0.662192
vt 0.690124 0.768008
vt 0.702021 0.787209
vt 0.330505 0.110146
vt 0.347044 0.129793
vt 0.327274 0.138520
vt 0.316025 0.120484
vt 0.757738 0.707224
vt 0.779284 0.690530
vt 0.790367 0.707311
vt 0.771561 0.722561
vt 0.828849 0.657482
vt 0.840244 0.652103
vt 0.847724 0.672017
vt 0.836322 0.678136
vt 0.598989 0.527629
vt 0.586512 0.519381
vt 0.390081 0.170849
vt 0.372715 0.179460
vt 0.442377 0.174362
vt 0.444632 0.186759
vt 0.453531 0.172015
vt 0.460995 0.180809
vt 0.888829 0.610445
vt 0.907622 0.624106
vt 0.267559 0.053855
vt 0.276007 0.060338
vt 0.264968 0.079574
vt 0.257557 0.075690
vt 0.584982 0.676102
vt 0.566852 0.676498
vt 0.303539 0.492540
vt 0.319228 0.499971
vt 0.311453 0.508758
vt 0.301100 0.503532
vt 0.291753 0.473331
vt 0.315963 0.453055
vt 0.328569 0.464778
vt 0.802433 0.580843
vt 0.807106 0.591426
vt 0.789703 0.600093
vt 0.784019 0.590118
vt 0.796866 0.570556
vt 0.185019 0.592522
vt 0.194050 0.592293
vt 0.209560 0.613500
vt 0.203405 0.617268
vt 0.860022 0.975957
vt 0.872300 0.973883
vt 0.873470 0.979809
vt 0.866567 0.981887
vt 0.858636 0.965038
vt 0.407976 0.387930
vt 0.433786 0.363086
vt 0.403880 0.371407
vt 0.422544 0.352793
vt 0.398481 0.409732
vt 0.392393 0.401214
vt 0.396903 0.388893
vt 0.044382 0.202232
vt 0.048047 0.193533
vt 0.038246 0.199587
vt 0.042007 0.187252
vt 0.222934 0.409744
vt 0.206667 0.414523
vt 0.763334 0.913800
vt 0.747191 0.914824
vt 0.255506 0.679630
vt 0.250276 0.666775
vt 0.768226 0.908713
vt 0.772547 0.916071
vt 0.770316 0.919369
vt 0.334830 0.327250
vt 0.319123 0.329842
vt 0.515591 0.532534
vt 0.528150 0.530095
vt 0.498961 0.621350
vt 0.500925 0.604866
vt 0.845312 0.698805
vt 0.855990 0.693921
vt 0.836753 0.704125
vt 0.062942 0.154374
vt 0.072812 0.142547
vt 0.057902 0.144409
vt 0.065290 0.135494
vt 0.062233 0.164980
vt 0.056110 0.160852
vt 0.055874 0.154378
vt 0.886886 0.834838
vt 0.886216 0.843622
vt 0.874454 0.847334
vt 0.875337 0.834378
vt 0.446669 0.200628
vt 0.462313 0.195025
vt 0.430979 0.202156
vt 0.739408 0.490569
vt 0.760082 0.517737
vt 0.729844 0.497195
vt 0.572360 0.505181
vt 0.582072 0.462374
vt 0.895100 0.684306
vt 0.904877 0.669190
vt 0.160188 0.102387
vt 0.208579 0.197457
vt 0.190437 0.201921
vt 0.225388 0.193667
vt 0.842659 0.787144
vt 0.850323 0.786340
vt 0.852392 0.796687
vt 0.840337 0.793330
vt 0.836635 0.781564
vt 0.845980 0.779088
vt 0.715843 0.815281
vt 0.688869 0.809122
vt 0.694220 0.834864
vt 0.681694 0.826614
vt 0.726230 0.847541
vt 0.704139 0.852015
vt 0.714717 0.631539
vt 0.731324 0.626320
vt 0.734218 0.636754
vt 0.716898 0.646754
vt 0.704490 0.627362
vt 0.712821 0.621251
vt 0.720000 0.623020
vt 0.304432 0.125227
vt 0.307922 0.135224
vt 0.348868 0.189470
vt 0.317289 0.189488
vt 0.928607 0.635579
vt 0.247458 0.097605
vt 0.256286 0.097103
vt 0.252736 0.104243
vt 0.247030 0.104706
vt 0.214625 0.103994
vt 0.214443 0.117564
vt 0.685477 0.556257
vt 0.693145 0.543793
vt 0.703485 0.567081
vt 0.691339 0.575279
vt 0.545286 0.678334
vt 0.556204 0.648871
vt 0.531756 0.666270
vt 0.542699 0.642840
vt 0.872380 0.902266
vt 0.855543 0.898786
vt 0.867148 0.923483
vt 0.847688 0.918367
vt 0.055845 0.253857
vt 0.053363 0.241622
vt 0.068749 0.237287
vt 0.073878 0.251142
vt 0.057023 0.263651
vt 0.036519 0.262747
vt 0.036055 0.254661
vt 0.814339 0.892275
vt 0.804455 0.899886
vt 0.821307 0.893786
vt 0.809980 0.905602
vt 0.885455 0.782501
vt 0.898585 0.785539
vt 0.896705 0.799480
vt 0.886782 0.798475
vt 0.878230 0.786483
vt 0.876281 0.781033
vt 0.878946 0.777883
vt 0.895576 0.771416
vt 0.889068 0.763668
vt 0.895296 0.758264
vt 0.903106 0.765442
vt 0.128810 0.211899
vt 0.140534 0.181480
vt 0.110587 0.196344
vt 0.121883 0.174185
vt 0.093846 0.115120
vt 0.105025 0.115946
vt 0.787133 0.738233
vt 0.803234 0.725105
vt 0.770667 0.753454
vt 0.803597 0.753034
vt 0.790659 0.766192
vt 0.827820 0.834881
vt 0.823497 0.851299
vt 0.802322 0.852977
vt 0.806150 0.833746
vt 0.236649 0.343633
vt 0.232815 0.356807
vt 0.223948 0.332522
vt 0.369702 0.594605
vt 0.358323 0.572217
vt 0.378270 0.564609
vt 0.384440 0.601816
vt 0.366511 0.608792
vt 0.348570 0.581457
vt 0.366451 0.747092
vt 0.355720 0.752708
vt 0.354444 0.739949
vt 0.370117 0.736694
vt 0.372646 0.750320
vt 0.359054 0.760100
vt 0.530396 0.392299
vt 0.541162 0.404983
vt 0.528325 0.380539
vt 0.544490 0.393952
vt 0.157034 0.445639
vt 0.144024 0.459648
vt 0.129982 0.441291
vt 0.141954 0.425454
vt 0.172652 0.469834
vt 0.158906 0.484070
vt 0.474763 0.706226
vt 0.487495 0.704670
vt 0.465424 0.700771
vt 0.481335 0.694900
vt 0.339539 0.258231
vt 0.349326 0.249222
vt 0.317919 0.262463
vt 0.316148 0.256038
vt 0.329060 0.252571
vt 0.470818 0.455304
vt 0.484422 0.471701
vt 0.489514 0.426078
vt 0.502272 0.445564
vt 0.457478 0.440867
vt 0.477401 0.409704
vt 0.330236 0.662988
vt 0.313782 0.671655
vt 0.344166 0.651434
vt 0.203268 0.280819
vt 0.180857 0.288384
vt 0.203412 0.265400
vt 0.438925 0.612662
vt 0.456427 0.614620
vt 0.437220 0.569239
vt 0.454423 0.575847
vt 0.467120 0.286858
vt 0.461449 0.258454
vt 0.476218 0.254171
vt 0.483139 0.285143
vt 0.445099 0.282437
vt 0.439122 0.257204
vt 0.229747 0.548440
vt 0.215639 0.532565
vt 0.243549 0.534712
vt 0.244196 0.564995
vt 0.240279 0.585216
vt 0.217254 0.562894
vt 0.140118 0.289317
vt 0.136330 0.276399
vt 0.849519 0.621409
vt 0.855211 0.629643
vt 0.849322 0.615317
vt 0.858681 0.624337
vt 0.674056 0.740842
vt 0.679950 0.752231
vt 0.670449 0.755059
vt 0.665766 0.739074
vt 0.353304 0.090276
vt 0.342737 0.099988
vt 0.373608 0.112842
vt 0.361997 0.121077
vt 0.362276 0.081391
vt 0.383144 0.105284
vt 0.737284 0.680224
vt 0.746424 0.693184
vt 0.722650 0.711121
vt 0.711673 0.698661
vt 0.762799 0.661647
vt 0.770279 0.675540
vt 0.817474 0.625606
vt 0.822504 0.640226
vt 0.828705 0.621412
vt 0.833762 0.635524
vt 0.623511 0.536582
vt 0.611642 0.533344
vt 0.620070 0.489136
vt 0.632315 0.492612
vt 0.633559 0.537083
vt 0.406566 0.154658
vt 0.401887 0.162093
vt 0.443352 0.145082
vt 0.442813 0.159903
vt 0.432068 0.162667
vt 0.432005 0.150603
vt 0.452080 0.146225
vt 0.451854 0.158539
vt 0.438514 0.138187
vt 0.442926 0.135358
vt 0.446775 0.138940
vt 0.860320 0.586140
vt 0.874742 0.597253
vt 0.284517 0.022653
vt 0.297572 0.032854
vt 0.288625 0.049183
vt 0.276982 0.037545
vt 0.290824 0.010781
vt 0.304689 0.020640
vt 0.619341 0.676034
vt 0.601962 0.676234
vt 0.602109 0.653310
vt 0.618198 0.652931
vt 0.689289 0.457284
vt 0.705233 0.477374
vt 0.655543 0.468601
vt 0.659752 0.455792
vt 0.642853 0.429967
vt 0.632376 0.427009
vt 0.635033 0.418165
vt 0.645173 0.422123
vt 0.435699 0.132116
vt 0.440399 0.130252
vt 0.674677 0.433427
vt 0.679647 0.430055
vt 0.679806 0.434303
vt 0.675342 0.438123
vt 0.299809 0.215660
vt 0.282978 0.217334
vt 0.282153 0.204992
vt 0.301396 0.203906
vt 0.252711 0.243972
vt 0.229597 0.249461
vt 0.351546 0.241883
vt 0.348535 0.233802
vt 0.382220 0.246042
vt 0.301174 0.263812
vt 0.300751 0.257334
vt 0.300283 0.239181
vt 0.285635 0.239598
vt 0.286096 0.234802
vt 0.299938 0.233849
vt 0.300605 0.244483
vt 0.286617 0.244282
vt 0.849227 0.771161
vt 0.853902 0.770008
vt 0.851757 0.744385
vt 0.842057 0.727397
vt 0.873230 0.787647
vt 0.872288 0.782231
vt 0.882948 0.757995
vt 0.876141 0.752488
vt 0.882822 0.745664
vt 0.889075 0.752026
vt 0.873693 0.770853
vt 0.878848 0.773705
vt 0.878208 0.774684
vt 0.872918 0.772005
vt 0.874462 0.769736
vt 0.879255 0.772798
vt 0.237920 0.158201
vt 0.238674 0.150869
vt 0.269855 0.134484
vt 0.288054 0.139005
vt 0.261730 0.099202
vt 0.257503 0.105967
vt 0.215629 0.127974
vt 0.204015 0.129881
vt 0.246426 0.126621
vt 0.250023 0.128210
vt 0.246878 0.134577
vt 0.243051 0.133665
vt 0.249440 0.119652
vt 0.252241 0.121554
vt 0.242892 0.125082
vt 0.246434 0.118492
vt 0.721215 0.577487
vt 0.725015 0.585063
vt 0.763192 0.581699
vt 0.757069 0.585576
vt 0.743001 0.620399
vt 0.747235 0.629400
vt 0.700107 0.621290
vt 0.708554 0.616513
vt 0.732703 0.600620
vt 0.723892 0.606406
vt 0.722570 0.602149
vt 0.730636 0.596218
vt 0.920698 0.886221
vt 0.922810 0.880756
vt 0.927072 0.884121
vt 0.925739 0.889590
vt 0.908496 0.855029
vt 0.908490 0.861687
vt 0.897371 0.858307
vt 0.897818 0.851492
vt 0.053998 0.138625
vt 0.049543 0.134304
vt 0.055743 0.125929
vt 0.060666 0.130306
vt 0.060351 0.171371
vt 0.054861 0.166528
vt 0.928445 0.866739
vt 0.931046 0.871103
vt 0.930758 0.874399
vt 0.928472 0.870945
vt 0.807092 0.918910
vt 0.802661 0.923941
vt 0.819692 0.946170
vt 0.811215 0.943524
vt 0.243777 0.657444
vt 0.773723 0.907583
vt 0.776707 0.914802
vt 0.227760 0.667225
vt 0.232065 0.671524
vt 0.228298 0.671337
vt 0.224330 0.667285
vt 0.323411 0.420585
vt 0.331283 0.412880
vt 0.333384 0.365695
vt 0.320950 0.351069
vt 0.396712 0.362608
vt 0.385858 0.356770
vt 0.402265 0.339267
vt 0.413315 0.345083
vt 0.387197 0.423364
vt 0.383201 0.412477
vt 0.360851 0.392065
vt 0.369580 0.399600
vt 0.358219 0.407347
vt 0.348977 0.400366
vt 0.019711 0.266626
vt 0.012380 0.264905
vt 0.184681 0.545024
vt 0.180680 0.549161
vt 0.198768 0.588971
vt 0.214885 0.609362
vt 0.881586 0.973391
vt 0.881716 0.978876
vt 0.883186 0.992703
vt 0.882666 0.989869
vt 0.889510 0.989635
vt 0.890341 0.992060
vt 0.327836 0.567967
vt 0.321875 0.559177
vt 0.277765 0.554133
vt 0.283050 0.549734
vt 0.275257 0.500597
vt 0.259044 0.480652
vt 0.270449 0.473192
vt 0.285337 0.495044
vt 0.328972 0.510852
vt 0.320453 0.517905
vt 0.301696 0.533811
vt 0.308042 0.527962
vt 0.314586 0.537939
vt 0.309252 0.543886
vt 0.245759 0.464239
vt 0.366189 0.477037
vt 0.379587 0.484127
vt 0.350427 0.492427
vt 0.340211 0.477854
vt 0.289233 0.456869
vt 0.304319 0.441184
vt 0.788324 0.566998
vt 0.777192 0.573233
vt 0.227372 0.624104
vt 0.882946 0.951174
vt 0.881796 0.961395
vt 0.853200 0.957284
vt 0.838734 0.952651
vt 0.425814 0.330652
vt 0.916904 0.909195
vt 0.918260 0.898824
vt 0.923626 0.901839
vt 0.920813 0.916127
vt 0.760087 0.879376
vt 0.766046 0.892168
vt 0.312176 0.338606
vt 0.299016 0.335473
vt 0.835249 0.713230
vt 0.079860 0.194568
vt 0.071271 0.183887
vt 0.065957 0.123902
vt 0.889437 0.849222
vt 0.884738 0.853476
vt 0.718951 0.493644
vt 0.234758 0.186445
vt 0.236092 0.173826
vt 0.834873 0.775731
vt 0.840996 0.773223
vt 0.750578 0.636471
vt 0.661342 0.640254
vt 0.678616 0.632119
vt 0.682141 0.640697
vt 0.302987 0.141340
vt 0.301668 0.193856
vt 0.285281 0.189489
vt 0.277741 0.069587
vt 0.270864 0.082858
vt 0.194321 0.130591
vt 0.703415 0.543391
vt 0.711965 0.558513
vt 0.051076 0.268762
vt 0.036741 0.268656
vt 0.823157 0.899121
vt 0.816333 0.908028
vt 0.875860 0.808101
vt 0.874872 0.799289
vt 0.880002 0.798987
vt 0.894162 0.747727
vt 0.356668 0.608485
vt 0.343194 0.590637
vt 0.406364 0.250927
vt 0.303152 0.290452
vt 0.302577 0.278327
vt 0.320905 0.277420
vt 0.211311 0.254998
vt 0.203789 0.526877
vt 0.194695 0.534876
vt 0.257228 0.572043
vt 0.262289 0.585695
vt 0.266651 0.564035
vt 0.278084 0.575534
vt 0.641045 0.525690
vt 0.643393 0.539451
vt 0.646745 0.499569
vt 0.653210 0.501682
vt 0.624029 0.424149
vt 0.622644 0.415298
vt 0.420762 0.137895
vt 0.427132 0.135455
vt 0.429755 0.142262
vt 0.681216 0.447480
vt 0.675982 0.451876
vt 0.674509 0.448877
vt 0.679082 0.445308
vt 0.660892 0.453595
vt 0.656197 0.450148
vt 0.658523 0.447698
vt 0.662450 0.450431
vt 0.650472 0.431122
vt 0.651818 0.424904
vt 0.654309 0.425913
vt 0.653418 0.431309
vt 0.442267 0.129505
vt 0.441228 0.124077
vt 0.444010 0.123785
vt 0.444861 0.128379
vt 0.447884 0.136922
vt 0.444473 0.133923
vt 0.446594 0.131911
vt 0.449340 0.134207
vt 0.453510 0.135009
vt 0.452841 0.138011
vt 0.688577 0.435549
vt 0.685830 0.441891
vt 0.683230 0.440583
vt 0.685942 0.435164
vt 0.441609 0.118324
vt 0.444209 0.118690
vt 0.670754 0.454662
vt 0.665794 0.455106
vt 0.666279 0.451382
vt 0.670140 0.451066
vt 0.652598 0.444918
vt 0.650743 0.438187
vt 0.653864 0.437450
vt 0.655507 0.443285
vt 0.299500 0.222767
vt 0.314262 0.223987
vt 0.313209 0.226649
vt 0.299529 0.225551
vt 0.265013 0.241539
vt 0.266797 0.235119
vt 0.269779 0.236008
vt 0.268206 0.241033
vt 0.336394 0.240422
vt 0.334357 0.246201
vt 0.331391 0.244899
vt 0.333040 0.240315
vt 0.300774 0.255385
vt 0.286243 0.254658
vt 0.287209 0.251952
vt 0.300857 0.252651
vt 0.326674 0.228166
vt 0.333929 0.234073
vt 0.330953 0.235199
vt 0.324602 0.230273
vt 0.273240 0.228959
vt 0.284982 0.224381
vt 0.286088 0.227050
vt 0.275368 0.231031
vt 0.274229 0.251901
vt 0.267381 0.247292
vt 0.270095 0.245649
vt 0.276057 0.249504
vt 0.327577 0.251051
vt 0.315379 0.254216
vt 0.314469 0.251611
vt 0.325579 0.248830
vt 0.855967 0.769389
vt 0.853906 0.763512
vt 0.857073 0.763584
vt 0.858795 0.768477
vt 0.858038 0.753454
vt 0.861678 0.753162
vt 0.862666 0.756535
vt 0.860340 0.756366
vt 0.871941 0.780173
vt 0.868434 0.779938
vt 0.869274 0.777150
vt 0.871326 0.777332
vt 0.878515 0.762949
vt 0.883997 0.767429
vt 0.881912 0.769120
vt 0.876957 0.765324
vt 0.866390 0.754894
vt 0.872357 0.758561
vt 0.871389 0.761493
vt 0.866132 0.758413
vt 0.853822 0.758338
vt 0.855334 0.755091
vt 0.858630 0.757179
vt 0.857411 0.759317
vt 0.876923 0.776786
vt 0.874765 0.779324
vt 0.872852 0.776917
vt 0.874366 0.775130
vt 0.887755 0.771604
vt 0.885391 0.772485
vt 0.864427 0.778212
vt 0.859898 0.774492
vt 0.862365 0.772840
vt 0.866359 0.775899
vt 0.238978 0.148366
vt 0.233392 0.146620
vt 0.235093 0.143279
vt 0.239449 0.144856
vt 0.259842 0.131813
vt 0.256336 0.139148
vt 0.253740 0.137286
vt 0.256887 0.130872
vt 0.256352 0.107910
vt 0.259543 0.111306
vt 0.257056 0.113128
vt 0.254645 0.110480
vt 0.223456 0.125812
vt 0.221882 0.116990
vt 0.224759 0.116616
vt 0.226364 0.124667
vt 0.261500 0.116608
vt 0.261635 0.123883
vt 0.258553 0.123885
vt 0.258558 0.117489
vt 0.228960 0.142291
vt 0.225810 0.134749
vt 0.228708 0.132775
vt 0.231595 0.139574
vt 0.247364 0.106569
vt 0.252340 0.106346
vt 0.251601 0.109270
vt 0.247597 0.109246
vt 0.221520 0.109734
vt 0.224011 0.110115
vt 0.251336 0.144862
vt 0.245275 0.147873
vt 0.244409 0.144605
vt 0.249402 0.142188
vt 0.725927 0.586798
vt 0.735382 0.582118
vt 0.735776 0.584908
vt 0.727227 0.589193
vt 0.755321 0.586682
vt 0.756788 0.592559
vt 0.754082 0.592928
vt 0.752924 0.588188
vt 0.739817 0.614090
vt 0.729790 0.619002
vt 0.729293 0.616193
vt 0.738505 0.611732
vt 0.710341 0.615353
vt 0.709314 0.609209
vt 0.712047 0.608916
vt 0.712792 0.613833
vt 0.711494 0.601705
vt 0.717500 0.593676
vt 0.719472 0.595475
vt 0.714001 0.602637
vt 0.720387 0.620959
vt 0.713968 0.619464
vt 0.715583 0.616983
vt 0.720872 0.618057
vt 0.744347 0.580592
vt 0.751082 0.582440
vt 0.749454 0.584791
vt 0.743763 0.583382
vt 0.754836 0.599580
vt 0.748701 0.607277
vt 0.746696 0.605567
vt 0.752317 0.598758
vt 0.924126 0.879295
vt 0.920555 0.874371
vt 0.922973 0.872907
vt 0.926028 0.877317
vt 0.916054 0.857031
vt 0.916811 0.853165
vt 0.919391 0.854788
vt 0.918964 0.857630
vt 0.048810 0.143589
vt 0.051742 0.148660
vt 0.049058 0.149653
vt 0.046603 0.145233
vt 0.052934 0.165576
vt 0.051156 0.168891
vt 0.049084 0.166792
vt 0.050244 0.164289
vt 0.042682 0.138537
vt 0.045698 0.140151
vt 0.044264 0.142378
vt 0.042143 0.140955
vt 0.918699 0.850791
vt 0.920666 0.853176
vt 0.048706 0.170435
vt 0.045266 0.170347
vt 0.044940 0.168131
vt 0.047498 0.167945
vt 0.053777 0.154577
vt 0.053999 0.160522
vt 0.051094 0.160022
vt 0.050845 0.154842
vt 0.917673 0.868465
vt 0.916270 0.862417
vt 0.919192 0.862185
vt 0.920421 0.867546
vt 0.801318 0.925571
vt 0.805867 0.929873
vt 0.803388 0.931628
vt 0.799499 0.927914
vt 0.809014 0.942699
vt 0.806880 0.946650
vt 0.804322 0.945081
vt 0.805872 0.941730
vt 0.239302 0.662996
vt 0.243179 0.669237
vt 0.240297 0.669947
vt 0.237018 0.664617
vt 0.777367 0.916881
vt 0.782680 0.917219
vt 0.782604 0.920262
vt 0.778079 0.919822
vt 0.808762 0.934248
vt 0.809781 0.938555
vt 0.806469 0.938504
vt 0.805708 0.935226
vt 0.772144 0.920415
vt 0.773921 0.917790
vt 0.775630 0.920276
vt 0.774448 0.922142
vt 0.244659 0.674385
vt 0.241669 0.674188
vt 0.788965 0.918793
vt 0.795405 0.921726
vt 0.794164 0.924445
vt 0.788270 0.921743
vt 0.226766 0.653462
vt 0.233340 0.657091
vt 0.231779 0.659393
vt 0.225912 0.656136
vt 0.803221 0.950347
vt 0.801475 0.948644
vt 0.332789 0.411688
vt 0.325700 0.401918
vt 0.328471 0.401243
vt 0.334929 0.409933
vt 0.339719 0.373455
vt 0.352877 0.367391
vt 0.353742 0.369873
vt 0.341377 0.375557
vt 0.388200 0.370841
vt 0.393899 0.378728
vt 0.391249 0.379700
vt 0.386168 0.372809
vt 0.381863 0.411066
vt 0.370156 0.418920
vt 0.369194 0.416379
vt 0.379953 0.409100
vt 0.324219 0.391436
vt 0.329605 0.381790
vt 0.331988 0.383185
vt 0.327092 0.391908
vt 0.366737 0.364436
vt 0.378809 0.365811
vt 0.377738 0.368317
vt 0.366697 0.367092
vt 0.356887 0.421985
vt 0.343775 0.419009
vt 0.344931 0.416605
vt 0.356979 0.419315
vt 0.394889 0.388829
vt 0.390576 0.400414
vt 0.388006 0.399253
vt 0.392048 0.388692
vt 0.010380 0.264129
vt 0.008429 0.267124
vt 0.006260 0.265180
vt 0.007693 0.263018
vt 0.179068 0.550551
vt 0.185117 0.559689
vt 0.182177 0.560740
vt 0.176695 0.552369
vt 0.189524 0.578711
vt 0.186526 0.581569
vt 0.184622 0.578910
vt 0.186751 0.576554
vt 0.881781 0.980870
vt 0.889466 0.981296
vt 0.888918 0.983938
vt 0.881953 0.983683
vt 0.867785 0.983817
vt 0.874113 0.981869
vt 0.874962 0.984771
vt 0.869298 0.986703
vt 0.181834 0.582949
vt 0.180924 0.580435
vt 0.189368 0.568154
vt 0.190617 0.574308
vt 0.187364 0.573260
vt 0.186097 0.568431
vt 0.165935 0.537574
vt 0.172370 0.542548
vt 0.170784 0.545249
vt 0.165303 0.540900
vt 0.004412 0.269080
vt 0.003016 0.266739
vt 0.009343 0.255645
vt 0.010730 0.260322
vt 0.007974 0.260133
vt 0.006875 0.256268
vt 0.895775 0.983086
vt 0.894691 0.985332
vt 0.320548 0.557760
vt 0.312944 0.561963
vt 0.312130 0.559410
vt 0.318665 0.555767
vt 0.284602 0.548588
vt 0.278050 0.538037
vt 0.280721 0.537233
vt 0.286806 0.546989
vt 0.283158 0.509681
vt 0.291333 0.505442
vt 0.292036 0.507968
vt 0.284984 0.511710
vt 0.318868 0.519019
vt 0.324933 0.529772
vt 0.322267 0.530556
vt 0.316599 0.520572
vt 0.327536 0.540918
vt 0.325760 0.550498
vt 0.323215 0.549414
vt 0.324744 0.540829
vt 0.303676 0.561938
vt 0.293597 0.557055
vt 0.295033 0.554795
vt 0.304069 0.559281
vt 0.275260 0.526947
vt 0.277336 0.517167
vt 0.279894 0.518306
vt 0.278095 0.527069
vt 0.300772 0.505406
vt 0.310436 0.510370
vt 0.308901 0.512595
vt 0.300257 0.508035
vt 0.676738 0.442043
vt 0.672626 0.445125
vt 0.670742 0.441654
vt 0.665214 0.440385
vt 0.665262 0.435342
vt 0.669585 0.432410
vt 0.669682 0.437206
vt 0.657241 0.431643
vt 0.657661 0.426746
vt 0.660918 0.427255
vt 0.661082 0.432569
vt 0.684018 0.427909
vt 0.683911 0.431744
vt 0.683438 0.434922
vt 0.680652 0.438024
vt 0.450902 0.131669
vt 0.449582 0.129512
vt 0.453461 0.127860
vt 0.453968 0.131193
vt 0.658151 0.441384
vt 0.657831 0.437143
vt 0.661527 0.438552
vt 0.660835 0.443734
vt 0.669800 0.447336
vt 0.667283 0.445849
vt 0.299645 0.229319
vt 0.312834 0.230343
vt 0.313958 0.234551
vt 0.274222 0.240357
vt 0.275457 0.236079
vt 0.326766 0.239946
vt 0.325592 0.244010
vt 0.314629 0.244094
vt 0.315068 0.239387
vt 0.300839 0.248939
vt 0.287595 0.248301
vt 0.322162 0.246958
vt 0.314037 0.248062
vt 0.279362 0.247370
vt 0.275728 0.244397
vt 0.278749 0.232638
vt 0.286677 0.230688
vt 0.321194 0.232084
vt 0.324991 0.235573
vt 0.861875 0.767469
vt 0.860406 0.763576
vt 0.861955 0.763320
vt 0.863458 0.766878
vt 0.865164 0.763734
vt 0.865281 0.762383
vt 0.869417 0.766030
vt 0.868599 0.766820
vt 0.883391 0.774871
vt 0.882784 0.775749
vt 0.875359 0.768237
vt 0.879954 0.771519
vt 0.867065 0.762007
vt 0.870327 0.764742
vt 0.867228 0.773350
vt 0.865202 0.770824
vt 0.866822 0.769920
vt 0.869434 0.773281
vt 0.882969 0.772844
vt 0.883522 0.774151
vt 0.859906 0.761063
vt 0.861694 0.760614
vt 0.240355 0.139805
vt 0.236892 0.137980
vt 0.239768 0.131971
vt 0.253324 0.129590
vt 0.250330 0.135410
vt 0.252052 0.114124
vt 0.254241 0.116258
vt 0.239789 0.123554
vt 0.243655 0.117374
vt 0.255873 0.118835
vt 0.254917 0.123179
vt 0.246496 0.113502
vt 0.249339 0.112998
vt 0.248007 0.139299
vt 0.244479 0.140021
vt 0.235425 0.134671
vt 0.237014 0.130174
vt 0.728874 0.592424
vt 0.736966 0.588282
vt 0.739159 0.591400
vt 0.748799 0.590689
vt 0.749848 0.594690
vt 0.743234 0.599188
vt 0.741629 0.595029
vt 0.736778 0.608569
vt 0.728096 0.612841
vt 0.726087 0.609907
vt 0.734870 0.604928
vt 0.716870 0.611112
vt 0.716245 0.607018
vt 0.722414 0.615026
vt 0.719128 0.613845
vt 0.742441 0.586339
vt 0.745937 0.587753
vt 0.717023 0.602846
vt 0.721494 0.598364
vt 0.749170 0.598593
vt 0.744594 0.602799
vt 0.928016 0.874486
vt 0.925365 0.870377
vt 0.925795 0.866619
vt 0.922605 0.859146
vt 0.922788 0.856665
vt 0.925541 0.859128
vt 0.925612 0.862427
vt 0.044084 0.147663
vt 0.046213 0.151676
vt 0.045141 0.155124
vt 0.042918 0.150921
vt 0.047047 0.162203
vt 0.046151 0.164383
vt 0.044186 0.161955
vt 0.044694 0.158902
vt 0.048154 0.155053
vt 0.047655 0.158499
vt 0.041483 0.143214
vt 0.042307 0.144954
vt 0.041081 0.147226
vt 0.040193 0.143914
vt 0.922959 0.866948
vt 0.922863 0.863135
vt 0.046014 0.165814
vt 0.044141 0.165320
vt 0.043099 0.162737
vt 0.796831 0.930440
vt 0.800495 0.933753
vt 0.798214 0.935324
vt 0.793615 0.931648
vt 0.221651 0.661381
vt 0.222905 0.660295
vt 0.226598 0.662561
vt 0.223889 0.663237
vt 0.234010 0.666306
vt 0.237021 0.670937
vt 0.234760 0.671334
vt 0.231067 0.666930
vt 0.235767 0.675247
vt 0.231839 0.674916
vt 0.225492 0.659021
vt 0.229385 0.661737
vt 0.787839 0.924506
vt 0.791802 0.927194
vt 0.788075 0.927993
vt 0.783685 0.924309
vt 0.238827 0.673651
vt 0.237865 0.674907
vt 0.802804 0.935941
vt 0.802147 0.938267
vt 0.339570 0.406722
vt 0.333097 0.398744
vt 0.341239 0.392596
vt 0.344907 0.378962
vt 0.356795 0.373232
vt 0.364006 0.377609
vt 0.351945 0.384752
vt 0.381775 0.376474
vt 0.386859 0.382995
vt 0.379499 0.390484
vt 0.372622 0.383471
vt 0.376370 0.405713
vt 0.365863 0.412762
vt 0.357206 0.415515
vt 0.348971 0.413013
vt 0.365927 0.370419
vt 0.373711 0.372020
vt 0.388245 0.389217
vt 0.384438 0.396400
vt 0.331340 0.392287
vt 0.335595 0.386258
vt 0.896237 0.991335
vt 0.896209 0.993557
vt 0.890573 0.994496
vt 0.884279 0.998186
vt 0.877676 0.998547
vt 0.876903 0.996125
vt 0.883758 0.995503
vt 0.870297 0.995194
vt 0.870234 0.992454
vt 0.875840 0.990926
vt 0.876059 0.993620
vt 0.882261 0.987114
vt 0.888805 0.987206
vt 0.873463 0.999000
vt 0.871389 0.997387
vt 0.893111 0.987319
vt 0.895155 0.989132
vt 0.895031 0.995724
vt 0.890827 0.996900
vt 0.871397 0.989333
vt 0.875784 0.988264
vt 0.315317 0.551807
vt 0.309377 0.555284
vt 0.303100 0.548534
vt 0.290148 0.544270
vt 0.284259 0.534867
vt 0.288610 0.529746
vt 0.295335 0.539632
vt 0.288242 0.515733
vt 0.294602 0.512111
vt 0.300594 0.518950
vt 0.294194 0.523710
vt 0.313209 0.523294
vt 0.318765 0.532890
vt 0.281590 0.527740
vt 0.283494 0.521799
vt 0.303909 0.555888
vt 0.297928 0.551921
vt 0.321362 0.540082
vt 0.319634 0.545946
vt 0.300181 0.511459
vt 0.305930 0.515459
vt 0.294420 0.427956
vt 0.327874 0.380854
vt 0.348259 0.048476
vt 0.327832 0.026517
vt 0.311055 0.010726
vt 0.742606 0.524992
vt 0.912953 0.894923
vt 0.914160 0.862675
vt 0.207842 0.346918
vt 0.389607 0.736858
vt 0.382125 0.735186
vt 0.284153 0.278636
vt 0.907218 0.800340
vt 0.050137 0.120450
vt 0.419886 0.115036
vt 0.425001 0.128128
vt 0.391432 0.098287
vt 0.197537 0.178512
vt 0.691263 0.663395
vt 0.021069 0.208787
vt 0.021569 0.226515
vt 0.036336 0.242747
vt 0.020477 0.241188
vt 0.852951 0.753653
vt 0.817223 0.743024
vt 0.116303 0.430776
vt 0.119612 0.455192
vt 0.106290 0.444508
vt 0.332450 0.784117
vt 0.347567 0.774873
vt 0.362863 0.765078
vt 0.147204 0.495336
vt 0.284087 0.222503
vt 0.271656 0.227552
vt 0.183636 0.264670
vt 0.276371 0.087481
vt 0.285597 0.067352
vt 0.660115 0.754768
vt 0.256792 0.550935
vt 0.275074 0.451916
vt 0.139880 0.391894
vt 0.296540 0.001000
vt 0.780688 0.581113
vt 0.370143 0.073428
vt 0.720713 0.506303
vt 0.043082 0.130608
vt 0.344706 0.277914
vt 0.376957 0.753458
vt 0.265396 0.248406
vt 0.687832 0.442566
vt 0.690562 0.435618
vt 0.226189 0.174314
vt 0.214204 0.175168
vt 0.686578 0.650406
vt 0.909091 0.787800
vt 0.912457 0.912018
vt 0.836811 0.959191
vt 0.834172 0.965561
vt 0.127006 0.413818
vt 0.671443 0.807774
vt 0.132686 0.471073
vt 0.203434 0.249695
vt 0.203700 0.546965
vt 0.176905 0.103994
vt 0.263844 0.123812
vt 0.311836 0.147777
vt 0.640372 0.496535
vt 0.656032 0.736981
vt 0.275528 0.516347
vt 0.192911 0.575252
vt 0.379563 0.364052
vt 0.366780 0.362564
vt 0.917548 0.928232
vt 0.234429 0.655361
vt 0.227065 0.651446
vt 0.046586 0.138442
vt 0.042787 0.136670
vt 0.668621 0.825072
vt 0.750198 0.608425
vt 0.223727 0.136104
vt 0.873198 0.756558
vt 0.866688 0.752528
vt 0.910045 0.736377
vt 0.915129 0.745353
vt 0.336108 0.233378
vt 0.328179 0.226723
vt 0.648554 0.438653
vt 0.846501 0.578318
vt 0.677041 0.453952
vt 0.682822 0.448901
vt 0.650124 0.423970
vt 0.648371 0.430941
vt 0.315013 0.222112
vt 0.299427 0.220759
vt 0.264665 0.234528
vt 0.262645 0.241895
vt 0.336469 0.247121
vt 0.338889 0.240614
vt 0.861062 0.750812
vt 0.856421 0.751326
vt 0.885713 0.766470
vt 0.879838 0.761430
vt 0.258198 0.140482
vt 0.261995 0.132453
vt 0.219828 0.116967
vt 0.221347 0.126466
vt 0.730099 0.621009
vt 0.740767 0.615783
vt 0.914967 0.851955
vt 0.913982 0.856663
vt 0.053672 0.147973
vt 0.050340 0.142383
vt 0.245373 0.668976
vt 0.240988 0.661899
vt 0.352278 0.365635
vt 0.338523 0.371991
vt 0.395789 0.378024
vt 0.389639 0.369452
vt 0.187782 0.583596
vt 0.191508 0.580454
vt 0.290864 0.503638
vt 0.281883 0.508237
vt 0.663829 0.445832
vt 0.447570 0.122292
vt 0.448315 0.126393
vt 0.452395 0.140178
vt 0.863112 0.760677
vt 0.870783 0.773325
vt 0.889621 0.771265
vt 0.228130 0.115173
vt 0.229886 0.122805
vt 0.219834 0.109107
vt 0.928651 0.879924
vt 0.927611 0.882296
vt 0.917331 0.848861
vt 0.800049 0.944615
vt 0.801459 0.941311
vt 0.779661 0.923753
vt 0.246844 0.674955
vt 0.002718 0.262996
vt 0.003811 0.261243
vt 0.179090 0.562584
vt 0.173863 0.554622
vt 0.181036 0.576505
vt 0.182478 0.574397
vt 0.182196 0.584836
vt 0.674437 0.428729
vt 0.679220 0.426255
vt 0.683258 0.424713
vt 0.446834 0.118741
vt 0.868032 0.767994
vt 0.865240 0.765261
vt 0.871660 0.773180
vt 0.873168 0.772778
vt 0.246599 0.111787
vt 0.226541 0.110898
vt 0.232220 0.130670
vt 0.233695 0.136312
vt 0.930154 0.877046
vt 0.928384 0.862513
vt 0.931209 0.866852
vt 0.922717 0.855136
vt 0.222386 0.664039
vt 0.221028 0.662611
vt 0.798963 0.947884
vt 0.777612 0.923831
vt 0.776263 0.924373
vt 0.182908 0.571662
vt 0.182749 0.567963
vt 0.004087 0.258930
vt 0.004135 0.256248
vt 0.168343 0.547862
vt 0.165171 0.544123
vt 0.001000 0.264658
vt 0.179125 0.578375

# vertex normals
vn 0.857077 -0.266789 0.440731
vn 0.943470 -0.259888 0.205723
vn 0.968620 -0.144653 0.202118
vn 0.895679 -0.128006 0.425881
vn 0.777351 -0.443191 0.446439
vn 0.888278 -0.433786 0.150972
vn 0.772979 0.367014 0.517498
vn 0.778513 0.384463 0.496091
vn 0.670718 0.344431 0.656890
vn 0.713756 0.299073 0.633330
vn 0.727661 0.242818 0.641521
vn 0.773594 0.251389 0.581684
vn 0.788711 0.405666 0.461920
vn 0.814491 0.524034 0.248984
vn 0.849577 0.459835 0.258401
vn 0.773870 -0.561130 -0.293699
vn 0.585928 -0.711337 -0.388186
vn 0.579904 -0.716799 -0.387182
vn 0.618237 -0.701172 -0.355163
vn 0.689562 -0.644159 -0.331005
vn 0.561148 -0.739567 -0.371690
vn 0.875515 -0.389834 -0.285487
vn 0.789554 -0.557006 -0.257585
vn 0.821018 -0.533705 -0.202703
vn 0.944883 -0.306791 -0.114351
vn 0.935764 -0.275134 -0.220563
vn 0.716506 0.470726 -0.514817
vn 0.819534 0.222594 -0.528030
vn 0.764025 0.248862 -0.595259
vn 0.617228 0.502951 -0.605037
vn -0.716544 -0.524585 0.459755
vn -0.580940 -0.383188 0.718106
vn -0.592897 -0.124604 0.795580
vn -0.804097 -0.189352 0.563538
vn -0.521367 -0.801726 0.292251
vn -0.485367 -0.683428 0.545293
vn -0.748607 0.360996 0.556120
vn -0.728713 0.433208 0.530385
vn -0.830258 0.472334 0.295927
vn -0.873810 0.405633 0.268176
vn -0.782225 0.261115 0.565635
vn -0.556848 0.181912 0.810450
vn -0.531747 0.266224 0.803971
vn -0.705952 -0.634177 -0.315358
vn -0.740964 -0.634735 -0.219280
vn -0.936716 -0.222114 -0.270606
vn -0.872074 -0.280071 -0.401306
vn -0.828636 0.297734 -0.474043
vn -0.760398 0.414377 -0.500087
vn -0.784725 0.432240 -0.444269
vn -0.817557 0.354406 -0.453869
vn -0.897120 0.205315 -0.391180
vn -0.889956 0.124471 -0.438732
vn -0.787113 0.242349 -0.567203
vn -0.703008 0.373327 -0.605316
vn 0.365825 -0.182109 0.912693
vn 0.381599 -0.196040 0.903300
vn 0.414652 -0.119294 0.902127
vn 0.345886 -0.153406 0.925651
vn 0.351421 -0.218931 0.910260
vn 0.400845 -0.313717 0.860758
vn 0.386518 -0.296032 0.873481
vn 0.214773 0.357589 0.908847
vn 0.363341 0.243293 0.899329
vn 0.290034 0.392702 0.872735
vn 0.100388 0.525905 0.844598
vn 0.043465 -0.658670 -0.751175
vn -0.316652 -0.637542 -0.702332
vn -0.086158 -0.410871 -0.907613
vn 0.246159 -0.466323 -0.849676
vn 0.370969 -0.592571 -0.715012
vn 0.227802 -0.713663 -0.662413
vn -0.118541 -0.753093 -0.647147
vn 0.332905 0.486261 -0.807914
vn 0.024500 0.413354 -0.910241
vn -0.004095 0.664976 -0.746854
vn 0.190060 0.742572 -0.642234
vn 0.406612 0.202515 -0.890873
vn 0.018503 0.145379 -0.989203
vn 0.220799 -0.940746 0.257379
vn -0.233559 -0.932586 0.275197
vn -0.359784 -0.922317 0.141019
vn -0.023167 -0.998999 0.038258
vn 0.465560 -0.884925 -0.012731
vn 0.618410 -0.779883 0.096708
vn 0.524113 -0.762507 0.379326
vn 0.214430 -0.802460 0.556846
vn -0.131013 -0.876995 0.462294
vn 0.491843 0.870679 0.003018
vn 0.464918 0.792093 -0.395525
vn 0.129758 0.750446 -0.648069
vn 0.115689 0.813706 -0.569648
vn 0.445686 0.605895 0.658981
vn 0.536691 0.505894 0.675303
vn 0.680947 0.656810 0.323902
vn -0.296418 -0.903447 -0.309709
vn -0.284828 -0.930325 -0.231016
vn -0.538498 -0.834447 -0.117125
vn -0.539805 -0.816351 -0.205380
vn -0.317112 -0.880676 -0.351924
vn 0.045243 -0.891939 -0.449886
vn 0.055580 -0.917713 -0.393337
vn 0.134504 0.808456 -0.572981
vn 0.129194 0.780752 -0.611339
vn -0.096511 0.777544 -0.621378
vn -0.100949 0.821582 -0.561081
vn 0.135525 0.841330 -0.523256
vn 0.312439 0.782168 -0.539069
vn 0.314413 0.766681 -0.559772
vn -0.576942 -0.472209 0.666451
vn -0.363044 -0.515864 0.775940
vn -0.372722 -0.336179 0.864906
vn -0.637449 -0.281573 0.717200
vn -0.754616 -0.385301 0.531128
vn -0.616628 -0.631655 0.469875
vn -0.488373 -0.655252 0.576313
vn -0.566627 0.558431 0.605879
vn -0.346351 0.587705 0.731194
vn -0.351300 0.715887 0.603402
vn -0.510277 0.679188 0.527561
vn -0.657123 0.366151 0.658880
vn -0.430594 0.306139 0.849039
vn -0.616558 -0.534489 -0.578081
vn -0.648947 -0.567524 -0.506739
vn -0.755260 -0.245994 -0.607511
vn -0.706184 -0.227481 -0.670490
vn -0.523211 -0.470244 -0.710718
vn -0.345625 -0.752660 -0.560399
vn -0.416292 -0.822839 -0.386829
vn -0.600431 0.556899 -0.573887
vn -0.674751 0.451800 -0.583599
vn -0.639428 0.523000 -0.563562
vn -0.519839 0.591463 -0.616392
vn -0.727687 0.399540 -0.557530
vn -0.721739 0.357146 -0.592908
vn -0.372709 0.685855 -0.625053
vn -0.379484 0.738077 -0.557883
vn -0.599779 0.603798 -0.525065
vn -0.409683 -0.897867 0.161227
vn -0.441480 -0.883074 0.158983
vn -0.442594 -0.866981 0.229030
vn -0.419430 -0.876591 0.235940
vn -0.381867 -0.908592 0.169230
vn -0.365260 -0.922825 0.122390
vn -0.393115 -0.914011 0.100222
vn -0.558854 0.655039 0.508534
vn -0.410904 0.786987 0.460228
vn -0.416958 0.895272 0.156953
vn -0.613592 0.760920 0.210961
vn -0.438150 0.480126 0.759937
vn -0.356823 0.594459 0.720621
vn -0.278439 -0.917140 -0.285177
vn -0.330077 -0.915998 -0.228027
vn -0.383163 -0.892730 -0.237104
vn -0.395077 -0.895835 -0.203456
vn -0.221208 -0.948758 -0.225665
vn -0.018456 -0.947285 -0.319859
vn -0.132022 -0.889751 -0.436937
vn -0.309910 -0.891656 -0.330010
vn -0.325990 -0.918407 -0.224185
vn -0.499786 0.744118 -0.443286
vn -0.469912 0.721258 -0.508891
vn -0.613260 0.652369 -0.445339
vn -0.635999 0.665412 -0.390811
vn -0.282808 0.821777 -0.494674
vn -0.215919 0.776843 -0.591519
vn -0.557892 0.755491 -0.343497
vn -0.379294 0.864382 -0.330121
vn -0.508192 0.608773 0.609210
vn -0.575114 0.570044 0.586766
vn -0.606736 0.633415 0.480268
vn -0.508526 0.685963 0.520438
vn -0.434591 0.628893 0.644689
vn -0.421388 0.550815 0.720441
vn -0.482199 0.529879 0.697647
vn -0.451408 -0.827758 0.333239
vn -0.425990 -0.836101 0.345640
vn -0.403778 -0.833594 0.376942
vn -0.445111 -0.825812 0.346281
vn -0.493159 -0.796439 0.349971
vn -0.455148 -0.815196 0.358183
vn -0.444934 -0.835028 0.323669
vn -0.000557 0.687045 0.726615
vn 0.193221 0.665654 0.720812
vn 0.213004 0.667631 0.713371
vn 0.035022 0.672289 0.739460
vn -0.037772 -0.856159 0.515330
vn -0.214032 -0.860526 0.462262
vn -0.266091 -0.880881 0.391465
vn -0.024761 -0.895900 0.443566
vn -0.024000 -0.791489 0.610713
vn -0.172253 -0.828710 0.532512
vn 0.212645 -0.791539 0.572930
vn 0.152777 -0.724387 0.672253
vn -0.741580 0.429567 0.515297
vn -0.655774 0.317790 0.684814
vn -0.690531 0.173975 0.702068
vn -0.802093 0.223960 0.553615
vn -0.806235 0.520519 0.281150
vn -0.711429 0.625427 0.320483
vn -0.710866 0.584771 0.390784
vn -0.745427 -0.338078 0.574493
vn -0.677643 -0.545323 0.493379
vn -0.755113 -0.484997 0.441114
vn -0.825730 -0.286546 0.485861
vn -0.649106 -0.397070 0.648842
vn -0.584701 -0.597506 0.548736
vn 0.640538 0.082511 0.763481
vn 0.533846 0.189079 0.824171
vn 0.574882 0.213211 0.789970
vn 0.599525 0.141324 0.787780
vn 0.784401 0.027091 0.619662
vn 0.783451 -0.039814 0.620176
vn 0.627334 0.037733 0.777836
vn 0.502297 0.176106 0.846572
vn 0.699009 -0.243781 0.672278
vn 0.722277 -0.144861 0.676263
vn 0.617635 -0.080191 0.782366
vn 0.590899 -0.179797 0.786455
vn 0.771793 -0.296759 0.562379
vn 0.789386 -0.172700 0.589105
vn 0.707976 -0.360688 0.607185
vn 0.738362 -0.182207 0.649325
vn 0.929107 -0.236681 0.284152
vn 0.879692 -0.397656 0.260790
vn 0.773364 -0.549582 0.316019
vn 0.734887 -0.515313 0.440902
vn 0.678950 0.284042 0.677013
vn 0.752335 0.408703 0.516676
vn 0.788312 0.329162 0.519823
vn 0.791396 0.238967 0.562660
vn 0.109323 0.798097 -0.592529
vn 0.150274 0.832017 -0.534008
vn 0.294432 0.777497 -0.555705
vn 0.284434 0.768710 -0.572872
vn -0.543115 -0.661952 -0.516571
vn -0.560872 -0.719743 -0.409137
vn -0.435008 -0.789153 -0.433596
vn -0.422204 -0.713384 -0.559309
vn -0.633498 -0.608057 -0.478485
vn -0.660418 -0.644192 -0.385830
vn -0.542751 0.394216 -0.741630
vn -0.567764 0.167097 -0.806054
vn -0.507187 0.257663 -0.822418
vn -0.477841 0.474867 -0.739033
vn 0.113537 0.839684 -0.531075
vn -0.057704 0.808889 -0.585123
vn -0.060739 0.773086 -0.631386
vn 0.145450 0.792916 -0.591717
vn -0.604073 -0.764203 0.226028
vn -0.560406 -0.764571 0.318397
vn -0.516951 -0.810702 0.274814
vn -0.546285 -0.815414 0.191501
vn 0.066198 -0.686462 0.724146
vn -0.213611 -0.732126 0.646809
vn -0.157084 -0.696200 0.700450
vn 0.113458 -0.620531 0.775931
vn 0.042633 -0.798301 0.600747
vn -0.241247 -0.810175 0.534244
vn 0.326590 -0.605779 0.725514
vn 0.393188 -0.712251 0.581465
vn -0.012154 0.751307 -0.659842
vn 0.036405 0.705633 -0.707642
vn 0.204159 0.760893 -0.615923
vn 0.097988 0.821475 -0.561762
vn -0.549949 0.657973 0.514420
vn -0.567079 0.802535 0.185361
vn -0.552523 0.800496 0.232219
vn -0.541445 0.662917 0.517086
vn 0.138373 0.459982 0.877080
vn 0.339220 0.461511 0.819718
vn 0.330959 0.390984 0.858835
vn 0.191262 0.407068 0.893149
vn 0.101912 0.539737 0.835642
vn 0.352901 0.559635 0.749846
vn -0.068537 0.451102 0.889837
vn -0.131668 0.506519 0.852116
vn -0.750657 -0.660640 -0.008258
vn -0.663090 -0.748198 -0.022597
vn -0.552111 -0.830008 -0.079124
vn -0.577906 -0.803947 -0.140337
vn -0.769073 -0.629385 0.111366
vn -0.735640 -0.676586 0.032647
vn -0.418498 -0.321842 0.849280
vn -0.370810 -0.562630 0.738883
vn -0.419618 -0.604761 0.676893
vn -0.480358 -0.381321 0.789842
vn -0.260993 -0.950077 0.170989
vn -0.270386 -0.959515 0.078878
vn -0.306543 -0.945908 0.106254
vn -0.298774 -0.935138 0.190399
vn -0.449582 0.226353 0.864084
vn -0.463403 0.137009 0.875492
vn -0.556841 0.148183 0.817294
vn -0.529316 0.258389 0.808121
vn -0.273467 -0.953054 -0.130012
vn -0.260588 -0.953182 -0.153424
vn -0.301362 -0.936908 -0.177155
vn -0.315918 -0.936057 -0.154896
vn -0.232378 -0.952983 -0.194483
vn -0.181738 -0.954181 -0.237719
vn -0.239480 -0.937142 -0.253800
vn -0.275339 -0.936425 -0.217478
vn 0.094669 -0.638838 -0.763495
vn 0.070962 -0.847584 -0.525895
vn 0.053510 -0.803638 -0.592707
vn 0.083065 -0.505438 -0.858855
vn -0.029895 -0.735759 -0.676584
vn -0.048913 -0.874301 -0.482913
vn 0.023923 -0.309567 -0.950577
vn -0.091523 -0.425568 -0.900286
vn -0.049610 0.613628 -0.788035
vn -0.032444 0.505362 -0.862297
vn 0.065981 0.529719 -0.845603
vn 0.039748 0.636540 -0.770218
vn -0.199222 0.582050 -0.788371
vn -0.167598 0.407067 -0.897890
vn -0.074565 0.685294 -0.724439
vn -0.207507 0.665323 -0.717138
vn -0.110700 0.878181 0.465342
vn -0.112919 0.978785 0.170967
vn -0.050285 0.990721 0.126264
vn -0.057897 0.906545 0.418119
vn -0.266217 0.818512 0.509084
vn -0.278538 0.934839 0.220210
vn -0.150146 0.713880 0.683982
vn -0.267389 0.674194 0.688452
vn -0.350377 0.357768 0.865585
vn -0.304134 0.406405 0.861590
vn -0.267543 0.381036 0.885004
vn -0.314593 0.319636 0.893792
vn -0.402901 0.416008 0.815235
vn -0.358271 0.451912 0.816956
vn -0.383450 0.335736 0.860376
vn -0.439280 0.395290 0.806709
vn -0.079550 0.838935 -0.538387
vn -0.073655 0.780349 -0.620992
vn 0.010125 0.786400 -0.617635
vn -0.008478 0.846233 -0.532746
vn -0.189797 0.822771 -0.535747
vn -0.185546 0.765873 -0.615639
vn -0.094534 0.914000 -0.394547
vn -0.213186 0.894372 -0.393256
vn 0.872760 -0.112175 0.475087
vn 0.959631 -0.183414 0.213230
vn 0.884729 -0.162424 0.436891
vn 0.823440 -0.020161 0.567045
vn 0.782370 -0.007581 0.622767
vn 0.936040 -0.315809 -0.155221
vn 0.866942 -0.489526 -0.093678
vn 0.965019 -0.262180 -0.000905
vn 0.619021 -0.257790 0.741861
vn 0.735284 -0.253571 0.628537
vn 0.782188 -0.118513 0.611667
vn 0.661824 -0.158061 0.732807
vn 0.595978 -0.149675 0.788928
vn 0.556265 -0.260619 0.789080
vn 0.667814 -0.602284 0.437354
vn 0.642327 -0.401527 0.652834
vn 0.541248 -0.530453 0.652434
vn 0.424546 -0.661561 0.618141
vn 0.870871 0.397536 -0.289049
vn 0.891508 0.245468 -0.380735
vn 0.914705 0.214274 -0.342638
vn 0.862286 0.380677 -0.333989
vn 0.875570 0.471134 -0.106818
vn 0.834519 0.525673 -0.165063
vn 0.846643 0.412997 -0.335601
vn 0.867875 0.262639 -0.421680
vn 0.616745 0.265300 0.741109
vn 0.564062 0.323534 0.759710
vn 0.508563 0.321293 0.798833
vn 0.555224 0.240349 0.796215
vn 0.733454 0.494607 0.466272
vn 0.859889 0.428215 0.277889
vn 0.814143 0.532638 0.231231
vn 0.724995 0.686345 -0.057564
vn 0.943604 0.089974 -0.318617
vn 0.887506 0.184295 -0.422338
vn 0.884982 0.150773 -0.440539
vn 0.926645 0.091999 -0.364506
vn 0.969160 -0.022143 -0.245437
vn 0.987236 0.019479 -0.158069
vn 0.951237 0.166976 -0.259358
vn 0.880510 0.265593 -0.392635
vn 0.441887 -0.575551 -0.688096
vn 0.389936 -0.672088 -0.629482
vn 0.474234 -0.665568 -0.576300
vn 0.475357 -0.680574 -0.557544
vn 0.371431 -0.830063 -0.415973
vn 0.356168 -0.852402 -0.382824
vn 0.061181 -0.939279 -0.337655
vn 0.580746 0.496721 -0.644982
vn 0.710446 0.236149 -0.662948
vn 0.627716 0.219554 -0.746839
vn 0.507466 0.498623 -0.702747
vn 0.029175 0.796584 -0.603824
vn 0.267481 0.747707 -0.607774
vn 0.306126 0.763757 -0.568297
vn 0.082260 0.850610 -0.519323
vn 0.033826 0.860807 -0.507806
vn -0.025031 0.802949 -0.595522
vn -0.807766 0.086813 0.583077
vn -0.578085 0.058085 0.813906
vn -0.766970 -0.638186 -0.066900
vn -0.771312 -0.613601 0.169032
vn -0.939519 -0.246145 0.238155
vn -0.960468 -0.273555 -0.051654
vn -0.440338 -0.279728 0.853144
vn -0.400146 -0.555757 0.728710
vn -0.352455 -0.525618 0.774275
vn -0.388337 -0.271737 0.880542
vn -0.330815 -0.927809 0.172432
vn -0.512169 -0.853755 0.093730
vn -0.321824 -0.945237 0.054364
vn -0.255162 -0.965279 0.055934
vn -0.250393 -0.956537 0.149464
vn -0.925752 0.339825 0.165839
vn -0.840079 0.437879 0.320200
vn -0.930812 0.289662 0.222902
vn -0.987900 0.155007 0.005172
vn -0.970537 0.233245 -0.060457
vn -0.408689 0.209568 0.888287
vn -0.424113 0.137362 0.895131
vn -0.407456 0.127854 0.904231
vn -0.394513 0.200888 0.896662
vn -0.654034 0.527099 0.542592
vn -0.484077 0.374357 0.790902
vn -0.468580 0.412440 0.781234
vn -0.626996 0.570104 0.530902
vn -0.686481 0.501276 0.526751
vn -0.533581 0.350257 0.769812
vn -0.900508 0.059124 -0.430802
vn -0.933034 0.093092 -0.347537
vn -0.899428 0.254361 -0.355430
vn -0.868503 0.254216 -0.425531
vn -0.658207 -0.607564 -0.444555
vn -0.674244 -0.630399 -0.384697
vn -0.832050 -0.284088 -0.476431
vn -0.791973 -0.277254 -0.543975
vn -0.296237 -0.945685 -0.133880
vn -0.460706 -0.863232 -0.206352
vn -0.444283 -0.859763 -0.251834
vn -0.288760 -0.943190 -0.164350
vn -0.236997 -0.961655 -0.138031
vn -0.248422 -0.961847 -0.114616
vn -0.759564 0.387318 -0.522540
vn -0.737404 0.449713 -0.503978
vn -0.638803 0.634568 -0.435033
vn -0.616416 0.709089 -0.342381
vn -0.657411 0.683325 -0.317611
vn -0.683678 0.545976 -0.484246
vn -0.601986 0.536940 -0.591023
vn -0.544254 0.644837 -0.536631
vn -0.512039 0.760448 -0.399418
vn 0.351992 -0.017664 0.935837
vn 0.434678 -0.016290 0.900439
vn 0.418798 0.110375 0.901347
vn 0.307485 0.169817 0.936277
vn 0.110411 -0.752851 0.648864
vn -0.097865 -0.870047 0.483157
vn 0.294179 -0.560011 0.774497
vn 0.389955 -0.571563 0.721977
vn 0.229507 -0.794122 0.562759
vn -0.032228 -0.920679 0.388989
vn -0.315469 -0.416580 0.852608
vn -0.170861 -0.316555 0.933059
vn -0.073392 -0.229650 0.970502
vn 0.011013 -0.261604 0.965112
vn 0.008338 0.645605 0.763626
vn 0.173722 0.580517 0.795500
vn 0.172404 0.657533 0.733435
vn -0.017509 0.698177 0.715711
vn -0.141389 0.547259 0.824934
vn 0.050457 0.465626 0.883542
vn -0.064580 0.628559 0.775076
vn -0.212359 0.693620 0.688328
vn 0.396251 -0.034830 -0.917481
vn -0.033284 -0.133229 -0.990526
vn 0.380168 -0.211226 -0.900475
vn -0.239354 -0.805421 -0.542223
vn 0.094111 -0.809902 -0.578966
vn -0.312427 -0.842806 -0.438256
vn -0.483418 -0.613812 -0.624133
vn -0.436532 -0.709140 -0.553678
vn -0.545995 -0.683986 -0.483791
vn -0.601580 -0.665215 -0.442256
vn -0.586669 -0.608109 -0.534811
vn 0.083635 0.857743 -0.507230
vn -0.043306 0.807501 -0.588274
vn -0.064835 0.835519 -0.545623
vn 0.066246 0.875322 -0.478982
vn -0.309543 0.325185 -0.893553
vn -0.338291 0.089482 -0.936778
vn -0.529668 0.098905 -0.842419
vn -0.509276 0.322007 -0.798091
vn -0.197687 -0.974786 -0.103497
vn -0.478951 -0.877833 0.003755
vn -0.501784 -0.826557 0.254981
vn -0.423641 -0.822470 0.379568
vn -0.552368 -0.757110 0.348818
vn -0.609756 -0.752951 0.247513
vn -0.074346 0.709939 -0.700328
vn -0.064540 0.674061 -0.735851
vn -0.088206 0.657093 -0.748631
vn -0.104919 0.691379 -0.714834
vn -0.170112 0.910825 0.376113
vn 0.193319 0.967250 0.164483
vn -0.001084 0.920355 -0.391082
vn -0.243593 0.963169 -0.113875
vn -0.475649 0.874347 0.096309
vn -0.443618 0.746301 0.496224
vn -0.547696 -0.826461 -0.130352
vn -0.631911 -0.773141 -0.054235
vn -0.677412 -0.735554 -0.008593
vn -0.608911 -0.793177 0.009951
vn -0.401257 -0.906426 -0.131856
vn -0.368631 -0.886770 -0.278838
vn -0.495882 -0.826568 -0.266246
vn -0.209201 0.814851 -0.540605
vn -0.205210 0.761660 -0.614624
vn -0.678080 -0.068114 0.731825
vn -0.397571 -0.053758 0.915995
vn -0.704356 0.134805 0.696929
vn -0.443510 -0.802954 0.398201
vn -0.555344 -0.738041 0.383260
vn -0.521020 -0.781845 0.342427
vn -0.442648 -0.765036 0.467741
vn -0.496219 0.713249 0.495018
vn -0.386526 0.740388 0.549931
vn -0.423315 0.704756 0.569318
vn -0.747096 -0.100902 -0.657014
vn -0.777616 -0.033729 -0.627834
vn -0.774516 0.132454 -0.618531
vn -0.788906 0.111030 -0.604400
vn -0.717061 -0.039955 -0.695864
vn -0.583744 -0.166324 -0.794720
vn -0.599076 -0.234349 -0.765629
vn -0.264584 -0.933193 -0.243202
vn -0.218458 -0.924473 -0.312452
vn -0.164255 -0.957559 -0.236857
vn -0.209590 -0.960091 -0.185195
vn -0.477507 0.663951 -0.575462
vn -0.600508 0.609907 -0.517111
vn -0.297536 -0.949500 0.099614
vn -0.308133 -0.923209 0.229649
vn -0.118664 -0.965797 0.230553
vn -0.008415 -0.999606 0.026763
vn -0.233402 -0.971078 -0.050305
vn -0.607333 0.793868 -0.030330
vn -0.389393 0.913724 -0.116110
vn -0.599005 0.778394 -0.187872
vn -0.446612 0.471119 0.760648
vn -0.397098 0.495975 0.772219
vn -0.431914 -0.853060 0.292812
vn -0.418197 -0.847014 0.328145
vn -0.390049 -0.885456 0.252644
vn 0.082881 0.618579 0.781339
vn 0.343078 0.646415 0.681502
vn 0.094292 0.689673 0.717955
vn 0.325708 0.712381 0.621633
vn 0.008651 -0.875099 0.483866
vn -0.255173 -0.865336 0.431370
vn -0.671162 0.524100 0.524273
vn -0.710802 0.333238 0.619445
vn -0.782247 0.305561 0.542883
vn -0.718102 0.475236 0.508410
vn -0.636362 0.621599 0.456790
vn -0.609576 0.643412 0.463075
vn -0.584212 0.566646 0.581041
vn -0.581496 0.389862 0.714052
vn -0.813460 -0.328633 0.479879
vn -0.722188 -0.539570 0.432791
vn -0.836200 -0.287690 0.466909
vn 0.504397 0.164468 0.847664
vn 0.486256 0.234256 0.841831
vn 0.479944 -0.159308 0.862714
vn 0.505364 -0.082896 0.858915
vn 0.698492 0.030659 0.714961
vn 0.801811 0.052059 0.595306
vn 0.789696 0.101072 0.605115
vn 0.685572 0.097937 0.721388
vn 0.721346 -0.054962 0.690390
vn 0.806490 -0.029667 0.590503
vn 0.486972 -0.619839 0.615351
vn 0.654035 -0.397320 0.643719
vn 0.525637 -0.336244 0.781438
vn 0.375417 -0.575603 0.726460
vn 0.279082 0.586964 0.759991
vn 0.225807 0.672328 0.704973
vn 0.401062 0.425849 0.811050
vn 0.372023 0.416762 0.829402
vn 0.310008 0.542292 0.780906
vn 0.282204 0.656628 0.699429
vn -0.816992 -0.122433 0.563502
vn -0.695705 -0.039638 0.717233
vn -0.678648 -0.219373 0.700937
vn -0.764703 -0.193807 0.614547
vn -0.815093 0.090474 0.572222
vn -0.690727 0.133915 0.710607
vn -0.381308 -0.846332 0.371923
vn -0.370227 -0.834322 0.408459
vn -0.322662 -0.853064 0.410087
vn -0.317734 -0.840178 0.439485
vn -0.572858 -0.711404 0.407110
vn -0.503749 -0.745813 0.435890
vn -0.629280 0.511420 0.585198
vn -0.667596 0.463074 0.582991
vn -0.729066 0.505671 0.461259
vn -0.684433 0.556221 0.471349
vn -0.333896 0.652437 0.680323
vn -0.199180 0.675535 0.709916
vn -0.153511 0.639625 0.753202
vn -0.326194 0.584257 0.743129
vn 0.600854 -0.769766 -0.215487
vn 0.706098 -0.694981 -0.135746
vn 0.462294 0.724339 -0.511486
vn 0.545611 0.653121 -0.525111
vn 0.193919 0.725507 -0.660330
vn 0.135684 0.723940 -0.676388
vn 0.681242 -0.359910 0.637474
vn 0.697137 -0.188015 0.691845
vn 0.629195 -0.482088 0.609676
vn 0.548525 -0.502576 0.668235
vn 0.513049 -0.343845 0.786481
vn 0.523702 -0.189239 0.830617
vn 0.914328 0.202728 0.350579
vn 0.810142 0.218353 0.544052
vn 0.876510 0.370907 0.306853
vn 0.969420 0.218370 0.111981
vn 0.966051 0.063455 0.250439
vn 0.933277 0.092597 0.347014
vn 0.350635 0.752388 -0.557645
vn 0.344107 0.750667 -0.563995
vn 0.303094 0.756150 -0.579975
vn -0.238908 -0.752361 -0.613902
vn -0.255628 -0.851674 -0.457499
vn -0.359599 0.537923 -0.762448
vn -0.379429 0.339555 -0.860661
vn 0.135787 0.775344 -0.616769
vn -0.083878 0.762329 -0.641731
vn -0.487429 -0.856804 0.168227
vn -0.474590 -0.846258 0.242099
vn 0.180262 -0.668746 0.721307
vn -0.103374 -0.762913 0.638183
vn 0.131901 0.850624 -0.508961
vn 0.286756 0.783458 -0.551330
vn -0.432944 0.733282 0.524269
vn -0.447408 0.860253 0.244521
vn 0.291788 0.441320 0.848585
vn 0.397645 0.402497 0.824545
vn -0.482851 -0.857999 -0.175196
vn -0.470829 -0.873291 -0.125228
vn -0.387329 -0.909147 -0.153063
vn -0.257335 0.473484 0.842373
vn -0.436026 0.555423 0.708087
vn -0.448530 0.563863 0.693455
vn -0.306736 0.503680 0.807601
vn -0.277666 0.721660 -0.634120
vn -0.462407 0.565845 -0.682641
vn -0.411718 0.603380 -0.682950
vn -0.265993 0.707936 -0.654274
vn 0.492310 -0.493441 0.717040
vn 0.574413 -0.407660 0.709833
vn 0.699781 -0.480201 0.528880
vn 0.607363 -0.571504 0.551810
vn -0.398444 0.879735 -0.259440
vn -0.157927 0.828290 -0.537583
vn -0.118502 0.894136 -0.431831
vn -0.391508 0.907299 -0.153395
vn -0.692407 -0.647101 -0.319113
vn -0.484587 -0.809014 -0.332675
vn -0.715769 -0.665649 -0.211156
vn -0.524931 -0.814024 -0.248622
vn 0.183194 0.847722 -0.497803
vn 0.191379 0.848748 -0.492950
vn 0.271712 0.789111 -0.550887
vn 0.298450 0.784543 -0.543525
vn 0.489709 0.438467 0.753612
vn 0.563235 0.537235 0.627810
vn 0.697188 0.465869 0.544880
vn 0.593747 0.384318 0.706940
vn -0.646833 -0.761333 0.044482
vn -0.629420 -0.762679 0.148831
vn -0.556905 -0.822955 0.112256
vn -0.559720 -0.828645 0.007810
vn 0.041729 0.714458 -0.698433
vn 0.064509 0.752924 -0.654939
vn 0.260075 0.760084 -0.595511
vn 0.234980 0.750418 -0.617783
vn -0.572415 -0.157344 -0.804726
vn -0.560313 -0.470359 -0.681771
vn -0.461868 -0.488949 -0.740005
vn -0.506392 -0.107333 -0.855597
vn 0.769234 0.088559 0.632801
vn 0.670814 0.152828 0.725708
vn 0.799704 0.174854 0.574368
vn 0.843228 0.217133 0.491752
vn 0.953826 0.101299 0.282762
vn 0.954645 -0.063095 0.290986
vn 0.751797 -0.074352 0.655189
vn -0.438405 -0.757051 0.484433
vn -0.427984 -0.807802 0.405322
vn -0.559529 -0.415297 0.717256
vn -0.493145 -0.622556 0.607645
vn -0.339664 -0.920474 0.193276
vn -0.343673 -0.930510 0.126650
vn -0.374848 -0.916558 0.139321
vn -0.372634 -0.909546 0.184040
vn -0.599003 0.290541 0.746178
vn -0.626295 0.178672 0.758835
vn -0.402728 -0.880970 -0.248399
vn -0.325296 -0.925544 -0.193779
vn -0.339216 -0.917241 -0.208809
vn -0.391343 -0.862616 -0.320537
vn -0.531349 -0.746493 -0.400520
vn -0.621244 -0.739898 -0.258082
vn -0.449565 -0.877217 -0.168469
vn -0.306546 -0.925113 -0.224044
vn -0.305280 -0.918591 -0.250987
vn -0.115077 -0.440584 -0.890305
vn -0.127260 -0.779142 -0.613793
vn -0.332227 -0.418237 -0.845401
vn 0.102283 0.674163 -0.731466
vn 0.201658 0.551529 -0.809413
vn 0.141126 0.671716 -0.727242
vn -0.011751 0.750727 -0.660509
vn -0.040310 0.725699 -0.686831
vn -0.196283 0.888633 0.414494
vn -0.182431 0.976245 0.116892
vn -0.340065 0.350722 0.872554
vn -0.289437 0.430594 0.854878
vn -0.097227 0.848835 -0.519641
vn -0.048269 0.791485 -0.609280
vn -0.310612 -0.789983 0.528628
vn -0.268508 -0.911568 0.311365
vn -0.307566 -0.899441 0.310497
vn -0.351141 -0.797337 0.490870
vn -0.231960 0.526450 0.817952
vn -0.304812 0.536517 0.786918
vn -0.253782 -0.953425 -0.163020
vn -0.247752 -0.952827 -0.175326
vn -0.292877 -0.935171 -0.199193
vn -0.293795 -0.937748 -0.185240
vn -0.410110 0.313959 0.856294
vn -0.431227 0.281374 0.857247
vn -0.501888 0.329299 0.799794
vn -0.472394 0.369635 0.800133
vn -0.463859 0.017345 0.885740
vn -0.448662 -0.131274 0.884007
vn -0.522132 -0.177379 0.834215
vn -0.544887 0.001007 0.838509
vn -0.077478 0.733652 -0.675094
vn -0.197523 0.719446 -0.665870
vn -0.061531 -0.937419 -0.342725
vn -0.148571 -0.927413 -0.343267
vn -0.020403 0.075962 -0.996902
vn -0.159019 0.030287 -0.986811
vn -0.028629 0.356297 -0.933934
vn -0.281117 -0.959666 -0.003736
vn -0.321771 -0.946506 0.024265
vn -0.286504 -0.955687 -0.067660
vn -0.330949 -0.941761 -0.059658
vn -0.109930 0.981663 -0.155734
vn -0.256022 0.957158 -0.135282
vn 0.949868 -0.080179 -0.302194
vn 0.921893 0.035227 -0.385840
vn 0.902672 0.014285 -0.430091
vn 0.927812 -0.143313 -0.344422
vn 0.966998 -0.071268 -0.244615
vn 0.955805 -0.051734 -0.289414
vn 0.948755 0.005955 -0.315958
vn -0.995630 0.093059 -0.007849
vn -0.959392 0.103108 0.262557
vn -0.915529 0.310545 0.255671
vn -0.951216 0.306585 0.034559
vn -0.976409 0.106026 -0.188107
vn 0.736330 0.131423 0.663736
vn 0.735871 0.219568 0.640534
vn 0.797692 0.168546 0.579033
vn 0.836577 0.154843 0.525513
vn 0.712274 -0.012442 0.701792
vn 0.547521 0.015044 0.836657
vn 0.578430 0.156955 0.800490
vn 0.845195 0.080602 0.528346
vn 0.680616 0.153981 -0.716276
vn 0.638434 0.041717 -0.768546
vn 0.607522 -0.039207 -0.793334
vn 0.607864 -0.117027 -0.785370
vn 0.752901 0.247805 -0.609699
vn 0.725053 0.300915 -0.619474
vn 0.632694 0.213286 -0.744451
vn 0.294376 -0.553696 0.778951
vn 0.161378 -0.641142 0.750263
vn 0.354715 -0.429099 0.830693
vn 0.225426 -0.515081 0.826967
vn 0.792277 -0.609364 -0.031199
vn 0.760870 -0.626345 0.169612
vn 0.587355 0.685826 0.429717
vn 0.780543 0.548977 0.298959
vn 0.401833 0.774636 0.488334
vn 0.455509 0.811842 0.365273
vn 0.672259 0.726310 0.143323
vn 0.279059 -0.763068 -0.582969
vn 0.328170 -0.793312 -0.512797
vn 0.336291 0.755800 -0.561850
vn 0.294531 0.761391 -0.577526
vn 0.321462 0.760243 -0.564529
vn 0.342263 0.758751 -0.554213
vn -0.626228 -0.024534 0.779254
vn -0.602722 -0.215239 0.768374
vn -0.628347 0.124976 0.767829
vn -0.408820 -0.830171 0.379056
vn -0.383557 -0.820852 0.423186
vn -0.460731 -0.770471 0.440569
vn -0.377296 -0.784305 0.492456
vn -0.332970 -0.869957 0.363739
vn -0.344545 -0.887129 0.307068
vn -0.449530 -0.828516 0.333892
vn -0.134297 -0.027034 0.990572
vn 0.078826 -0.047540 0.995754
vn 0.148345 0.208548 0.966696
vn -0.114344 0.308093 0.944460
vn -0.366963 -0.040665 -0.929346
vn -0.295393 -0.483541 -0.823973
vn -0.825301 -0.012003 -0.564566
vn -0.869400 0.031720 -0.493090
vn -0.813638 0.153907 -0.560630
vn -0.239724 0.715972 -0.655680
vn -0.326031 0.636301 -0.699160
vn -0.414633 -0.801643 0.430636
vn -0.352766 -0.888732 0.292765
vn -0.478832 -0.877856 -0.009424
vn -0.486116 -0.869119 0.091235
vn -0.470870 -0.877312 -0.092770
vn -0.668466 0.584168 0.460327
vn -0.700215 0.539795 0.467248
vn -0.649123 0.594201 0.474936
vn -0.605308 0.646086 0.464945
vn -0.676336 0.582462 0.450897
vn -0.709830 0.532608 0.460944
vn -0.326416 0.538601 0.776764
vn -0.382460 0.615513 0.689107
vn -0.160859 0.572979 0.803629
vn -0.713342 0.678157 0.176766
vn -0.740028 0.588224 0.326115
vn -0.761451 0.575294 0.298713
vn -0.739345 0.616707 0.270263
vn -0.668412 0.742569 -0.042623
vn -0.585808 0.809422 0.040802
vn -0.661987 0.707761 0.246672
vn -0.309357 -0.931376 -0.191929
vn -0.314969 -0.928440 -0.196962
vn -0.328740 -0.887668 -0.322451
vn -0.439902 -0.862376 -0.250587
vn -0.410213 -0.900838 0.142186
vn -0.453297 -0.891346 0.005034
vn -0.622380 -0.774637 0.112166
vn -0.520669 -0.804042 0.287090
vn -0.395065 -0.882969 0.253552
vn -0.659050 0.584085 -0.473812
vn -0.694663 0.530351 -0.485974
vn -0.727571 0.539320 -0.423998
vn -0.678644 0.601467 -0.421521
vn -0.332155 0.926901 -0.174721
vn -0.236771 0.879146 -0.413573
vn -0.119070 0.906023 -0.406133
vn -0.112960 0.875499 -0.469831
vn 0.521419 -0.001909 0.853299
vn 0.522790 0.084064 0.848307
vn 0.603922 0.018333 0.796833
vn 0.606346 0.090489 0.790035
vn 0.589530 -0.636147 0.497766
vn 0.570773 -0.651525 0.499733
vn 0.281512 -0.829013 0.483207
vn 0.323474 -0.802707 0.501025
vn 0.599495 -0.600517 0.529135
vn 0.686725 -0.472728 0.552212
vn 0.720195 -0.468238 0.511930
vn 0.291604 0.536376 0.792002
vn 0.330823 0.572382 0.750290
vn 0.393473 0.405624 0.825015
vn 0.468195 0.426695 0.773773
vn -0.810087 -0.174720 0.559672
vn -0.852289 -0.169207 0.494947
vn -0.813889 -0.199316 0.545763
vn -0.833807 -0.059476 0.548844
vn -0.772836 0.001639 0.634603
vn -0.649969 -0.102351 0.753037
vn -0.714078 -0.305765 0.629762
vn -0.811889 -0.290680 0.506303
vn -0.855110 -0.173879 0.488419
vn -0.413944 -0.846722 0.334234
vn -0.439029 -0.851886 0.285561
vn -0.386265 -0.857125 0.340788
vn -0.434727 -0.842095 0.319200
vn -0.641641 -0.664756 0.382617
vn -0.623192 -0.685207 0.376991
vn -0.522933 0.421236 0.741014
vn -0.560118 0.375888 0.738225
vn -0.485210 0.450637 0.749331
vn -0.569123 0.467414 0.676478
vn -0.528396 0.504844 0.682590
vn -0.280986 0.733956 0.618349
vn -0.156553 0.703436 0.693303
vn -0.196773 0.712652 0.673355
vn -0.323083 0.712223 0.623182
vn 0.345416 -0.887233 -0.305786
vn 0.482193 -0.835485 -0.263543
vn 0.137909 -0.963911 -0.227722
vn 0.808860 0.551007 -0.205272
vn 0.859746 0.462606 -0.216408
vn 0.779116 0.523279 -0.345192
vn 0.706414 0.634661 -0.313344
vn 0.833662 0.550814 -0.040143
vn 0.893295 0.447316 -0.043958
vn -0.037250 0.527606 0.848672
vn -0.159011 0.481895 0.861680
vn 0.019143 0.427037 0.904032
vn 0.129311 0.490488 0.861800
vn -0.088174 0.703562 0.705143
vn -0.332927 0.612958 0.716549
vn -0.189910 0.735395 -0.650483
vn -0.255121 0.735714 -0.627406
vn -0.259890 0.568722 -0.780393
vn -0.433504 0.536992 -0.723681
vn 0.449213 -0.465407 0.762630
vn 0.422014 -0.445896 0.789355
vn 0.305244 -0.537702 0.785940
vn 0.346942 -0.564299 0.749132
vn 0.534003 -0.369551 0.760443
vn 0.491485 -0.362031 0.792071
vn -0.255561 0.856855 -0.447758
vn -0.352649 0.853810 -0.382944
vn -0.145231 0.787111 -0.599471
vn -0.192212 0.763376 -0.616694
vn -0.528726 -0.713028 -0.460478
vn -0.599975 -0.643531 -0.475287
vn -0.492141 -0.776916 -0.392681
vn -0.368926 -0.821527 -0.434727
vn -0.413498 -0.742676 -0.526736
vn 0.113657 0.872736 -0.474778
vn 0.081287 0.886025 -0.456457
vn 0.124819 0.875295 -0.467202
vn 0.107794 0.889314 -0.444410
vn 0.308701 0.768698 -0.560185
vn 0.280229 0.767793 -0.576165
vn 0.485823 0.363939 0.794685
vn 0.433272 0.365779 0.823699
vn 0.601510 0.411321 0.684837
vn -0.612765 -0.788313 0.055508
vn -0.558726 -0.810084 0.177734
vn -0.681487 -0.728021 0.074579
vn -0.063923 0.681243 -0.729261
vn -0.096452 0.673001 -0.733326
vn -0.030983 0.725942 -0.687058
vn -0.078385 0.727202 -0.681933
vn -0.382574 -0.190724 -0.904025
vn -0.548374 -0.188637 -0.814679
vn -0.427186 -0.437060 -0.791512
vn -0.579483 -0.469404 -0.666228
vn 0.703051 0.011392 0.711049
vn 0.687061 -0.077415 0.722463
vn 0.807307 -0.028423 0.589447
vn 0.693744 0.086058 0.715062
vn 0.594854 0.136480 0.792163
vn 0.609255 0.033004 0.792287
vn -0.340205 -0.781277 0.523322
vn -0.408792 -0.742460 0.530700
vn -0.333244 -0.758864 0.559530
vn -0.299418 -0.776752 0.554081
vn -0.337464 -0.864997 0.371346
vn -0.260574 -0.913770 0.311649
vn -0.220207 0.521366 0.824431
vn -0.192059 0.516176 0.834671
vn -0.106370 0.730853 0.674195
vn -0.210107 0.699410 0.683141
vn -0.281671 -0.941827 -0.183369
vn -0.229095 -0.961884 -0.149311
vn -0.275641 -0.939225 -0.204642
vn -0.223023 -0.961187 -0.162418
vn -0.437073 -0.852220 -0.287556
vn -0.433839 -0.839127 -0.328101
vn -0.378199 0.283429 0.881268
vn -0.362636 0.273200 0.890987
vn -0.342076 0.293589 0.892631
vn -0.361893 0.309741 0.879258
vn -0.393318 0.255949 0.883058
vn -0.379204 0.246667 0.891829
vn -0.436533 0.041339 0.898738
vn -0.412026 0.030259 0.910670
vn -0.443900 -0.090021 0.891543
vn -0.406201 -0.097053 0.908615
vn -0.012356 0.739856 -0.672652
vn 0.015202 0.737137 -0.675572
vn 0.016481 0.692197 -0.721520
vn 0.006023 0.697812 -0.716255
vn -0.084609 0.736375 -0.671263
vn -0.136119 -0.911664 -0.387738
vn -0.064122 -0.932299 -0.355959
vn 0.014132 0.015073 -0.999787
vn 0.009488 0.096450 -0.995293
vn 0.024911 -0.180806 -0.983203
vn -0.099112 -0.135156 -0.985855
vn 0.172129 0.277951 -0.945048
vn 0.047681 0.331119 -0.942383
vn -0.217747 -0.188399 -0.957649
vn -0.191270 -0.147908 -0.970329
vn 0.049408 0.041416 -0.997920
vn -0.312387 -0.949416 -0.031997
vn -0.258697 -0.965744 -0.020376
vn -0.303320 -0.948523 -0.091110
vn -0.258725 -0.962877 -0.077005
vn -0.495371 -0.867298 -0.049006
vn -0.479198 -0.865993 -0.142921
vn -0.161637 0.972350 -0.168551
vn -0.043540 0.983993 -0.172806
vn -0.028828 0.919156 -0.392837
vn -0.134444 0.915353 -0.379544
vn -0.771901 0.263344 -0.578636
vn -0.755016 0.252792 -0.605018
vn -0.183119 0.723097 -0.666032
vn -0.176172 0.773229 -0.609164
vn 0.206862 0.426918 -0.880312
vn 0.070153 0.438645 -0.895918
vn -0.416469 -0.251550 -0.873657
vn -0.406706 -0.201053 -0.891161
vn -0.326068 0.403518 -0.854899
vn -0.302138 0.496285 -0.813888
vn -0.153403 0.520953 -0.839688
vn -0.197598 0.414560 -0.888310
vn -0.726666 -0.666034 -0.168394
vn -0.755989 -0.644504 -0.114432
vn -0.577166 -0.790439 -0.205146
vn -0.553215 -0.801718 -0.226278
vn -0.706485 -0.700508 0.100833
vn -0.731156 -0.681203 0.037053
vn -0.698630 -0.570480 -0.431821
vn -0.743025 -0.552543 -0.377637
vn -0.666945 -0.628703 -0.399897
vn -0.491898 -0.805302 -0.330944
vn -0.368102 -0.857529 -0.359367
vn -0.737527 -0.643513 -0.204804
vn -0.757387 -0.609037 -0.235454
vn -0.666231 -0.689181 -0.284897
vn -0.662457 -0.711722 -0.233673
vn -0.805269 -0.566917 -0.173629
vn -0.835868 -0.509382 -0.204583
vn -0.670402 0.630501 0.391190
vn -0.652394 0.656455 0.378747
vn -0.804782 0.155456 0.572852
vn -0.689192 0.154135 0.707995
vn -0.743536 0.165582 0.647871
vn -0.601491 0.155483 0.783603
vn -0.837118 -0.309218 0.451240
vn -0.847613 -0.271584 0.455844
vn -0.845943 -0.179942 0.501998
vn -0.866930 -0.181681 0.464138
vn -0.871872 0.134277 0.470966
vn -0.921121 0.100640 0.376043
vn -0.917797 -0.206390 0.339192
vn -0.876378 -0.156635 0.455442
vn -0.792686 0.425225 0.436844
vn -0.832226 0.447205 0.327730
vn -0.215322 -0.965152 -0.148723
vn 0.022234 -0.986118 -0.164550
vn -0.356658 -0.872628 -0.333639
vn -0.337522 -0.915386 -0.219424
vn -0.457911 -0.884328 -0.091000
vn -0.656029 -0.750193 -0.082687
vn -0.351624 -0.897462 0.266314
vn -0.370256 -0.918310 0.140063
vn -0.356661 -0.928916 -0.099541
vn -0.341271 -0.938815 0.046482
vn -0.434705 -0.897490 0.074446
vn -0.432315 -0.896981 -0.092346
vn -0.278676 -0.955681 -0.094945
vn -0.239699 -0.967296 0.082964
vn -0.353738 -0.901543 -0.249178
vn -0.262013 -0.922997 -0.281827
vn -0.722894 0.484630 -0.492502
vn -0.651936 0.460064 -0.602761
vn -0.949896 0.193320 -0.245613
vn -0.967372 0.094903 -0.234915
vn -0.782561 0.514012 0.351269
vn -0.792063 0.526791 0.308426
vn -0.636221 0.742075 -0.211065
vn -0.528732 0.825730 -0.196503
vn -0.816947 0.537519 -0.208975
vn -0.848040 0.491843 -0.197277
vn -0.876978 0.476718 -0.060407
vn -0.837946 0.536784 -0.098540
vn 0.357049 -0.419227 0.834724
vn 0.413677 -0.421208 0.807128
vn 0.127223 -0.161352 0.978662
vn 0.267781 -0.141591 0.953019
vn 0.260934 -0.179138 0.948590
vn 0.154555 -0.212824 0.964790
vn -0.468911 -0.710189 0.525123
vn -0.457180 -0.609728 0.647471
vn -0.365669 -0.664730 0.651476
vn -0.370357 -0.743332 0.557039
vn -0.237178 -0.884167 0.402488
vn -0.221946 -0.921385 0.319045
vn -0.084117 -0.661975 0.744791
vn -0.055359 -0.549028 0.833969
vn -0.263244 -0.555081 0.789042
vn -0.251734 -0.686613 0.682050
vn 0.476388 0.302538 0.825545
vn 0.432249 0.302702 0.849431
vn 0.885715 0.042630 0.462267
vn 0.902604 -0.024697 0.429764
vn 0.829399 0.466685 0.307086
vn 0.283780 0.745493 0.603083
vn 0.316843 0.756466 0.572162
vn 0.764924 0.436809 0.473382
vn 0.845268 0.357079 0.397513
vn 0.917824 0.329959 0.220743
vn 0.844975 0.434330 0.312049
vn 0.966306 -0.120617 -0.227385
vn 0.985107 -0.125254 -0.117798
vn 0.537225 -0.704964 -0.463049
vn 0.540376 -0.707307 -0.455754
vn 0.557298 -0.209442 -0.803463
vn 0.497708 -0.383658 -0.777878
vn 0.490194 -0.417013 -0.765382
vn 0.564170 -0.252988 -0.785945
vn 0.822698 0.227194 -0.521104
vn 0.806100 0.299963 -0.510122
vn 0.832405 -0.168675 -0.527873
vn 0.823770 -0.217902 -0.523375
vn 0.792428 -0.228482 -0.565557
vn 0.809724 -0.169952 -0.561662
vn 0.683327 -0.541150 0.490124
vn 0.649299 -0.587770 0.482636
vn 0.727038 -0.125460 0.675038
vn 0.938635 -0.149632 0.310765
vn 0.811627 0.250187 0.527890
vn 0.818375 0.180896 0.545471
vn 0.710440 -0.106449 0.695660
vn 0.541512 -0.090282 0.835831
vn 0.831649 -0.132073 0.539367
vn 0.912690 -0.139274 0.384187
vn 0.936439 -0.044151 0.348043
vn 0.845842 -0.053923 0.530701
vn 0.875170 0.479078 0.067546
vn 0.828651 0.558801 0.032857
vn 0.739032 0.113496 0.664041
vn 0.788432 0.113446 0.604570
vn 0.981273 -0.188639 0.038969
vn 0.987956 -0.146024 0.051177
vn 0.986965 -0.129901 -0.095006
vn 0.977012 -0.171095 -0.127180
vn 0.908876 0.128810 -0.396677
vn 0.886413 0.138410 -0.441718
vn 0.989704 0.139123 0.033614
vn 0.986913 0.126456 0.100061
vn 0.988911 0.067498 0.132287
vn 0.994438 0.093393 0.048693
vn 0.974525 -0.213837 0.067644
vn 0.927019 0.107558 -0.359260
vn 0.898520 0.189222 -0.396052
vn 0.929552 0.114220 -0.350553
vn 0.936734 0.067311 -0.343511
vn 0.962855 -0.082601 -0.257073
vn 0.953751 -0.099565 -0.283631
vn -0.948668 0.164616 -0.270056
vn -0.930592 0.259783 -0.257898
vn 0.811702 0.198661 0.549248
vn 0.753549 -0.100949 0.649595
vn 0.795661 -0.109475 0.595768
vn 0.854514 0.086876 0.512111
vn 0.861625 0.111814 0.495077
vn 0.424998 -0.296549 -0.855240
vn 0.359072 -0.343303 0.867877
vn 0.287831 -0.401359 0.869520
vn 0.126813 0.700583 0.702212
vn 0.270434 0.708550 0.651783
vn 0.431299 -0.788518 -0.438431
vn 0.393375 -0.823446 -0.408892
vn -0.640308 0.151544 0.753021
vn -0.281111 -0.847423 0.450389
vn -0.261402 -0.840413 0.474736
vn -0.415140 -0.743770 0.523894
vn 0.187478 -0.105026 0.976638
vn 0.265176 -0.036380 0.963513
vn -0.787118 0.232091 -0.571470
vn -0.452717 -0.884023 -0.116406
vn -0.387448 -0.912752 -0.129488
vn -0.707855 0.562092 0.427779
vn -0.734149 0.530129 0.424250
vn -0.741258 0.494127 0.454286
vn -0.622327 0.741096 -0.251964
vn -0.677401 0.699299 -0.228274
vn -0.698032 0.705929 -0.120068
vn -0.321723 -0.925099 -0.201708
vn -0.488883 -0.839790 -0.236105
vn -0.485493 -0.845148 -0.223654
vn -0.295364 -0.951608 -0.084866
vn -0.333017 -0.938634 -0.089805
vn -0.374654 -0.912852 0.162284
vn -0.737623 0.481561 -0.473299
vn -0.759276 0.485624 -0.433208
vn 0.658836 -0.569227 0.491850
vn 0.712313 -0.496013 0.496570
vn 0.495496 0.285176 0.820462
vn 0.542599 0.299493 0.784787
vn -0.744085 0.225463 0.628891
vn -0.814545 0.184432 0.550001
vn -0.829931 0.081336 0.551905
vn -0.856191 -0.241307 0.456845
vn 0.854401 0.504338 0.125071
vn 0.890235 0.440308 0.116664
vn -0.653347 -0.607012 -0.452409
vn -0.390624 -0.843010 -0.369793
vn -0.532004 -0.781925 -0.324908
vn -0.527753 -0.758865 -0.381578
vn -0.726849 -0.683001 0.072114
vn 0.643570 -0.118804 0.756111
vn 0.597788 -0.110207 0.794043
vn 0.703818 0.132804 0.697857
vn 0.658900 0.188599 0.728204
vn 0.751604 0.130581 0.646559
vn 0.733348 0.223122 0.642197
vn -0.143425 0.719359 -0.679671
vn -0.279672 0.715374 -0.640331
vn -0.169036 0.693337 -0.700508
vn -0.336298 0.660519 -0.671281
vn -0.013187 0.441866 -0.896984
vn -0.431680 -0.356068 -0.828775
vn -0.435626 -0.216992 -0.873581
vn -0.292029 -0.177276 -0.939836
vn -0.141995 0.402916 -0.904155
vn -0.150004 0.351484 -0.924099
vn 0.478301 0.118138 -0.870214
vn 0.517161 0.336480 -0.786973
vn -0.344554 0.224896 -0.911430
vn -0.408276 0.244128 -0.879609
vn -0.618902 -0.352101 -0.702129
vn -0.374532 -0.410727 -0.831282
vn -0.498428 0.383241 -0.777622
vn -0.490751 0.435076 -0.754899
vn -0.897962 0.377024 -0.226976
vn -0.935614 0.156148 -0.316613
vn -0.293244 0.568061 -0.768970
vn -0.233107 0.550205 -0.801833
vn 0.186215 0.886102 -0.424438
vn -0.052639 0.949262 -0.310049
vn -0.450468 0.499716 -0.739840
vn -0.372640 0.553505 -0.744830
vn -0.373899 0.902734 -0.212769
vn -0.718332 0.673553 -0.174141
vn -0.181819 0.505516 -0.843442
vn -0.150322 0.451277 -0.879632
vn 0.493298 0.527747 -0.691477
vn 0.386856 0.730424 -0.562870
vn -0.187635 0.291482 -0.937993
vn -0.263273 0.240071 -0.934373
vn -0.047123 -0.360246 -0.931666
vn 0.298242 -0.150049 -0.942622
vn -0.460331 0.288974 -0.839398
vn -0.490010 0.338862 -0.803158
vn -0.910981 -0.023305 -0.411790
vn -0.812347 -0.208318 -0.544698
vn -0.593337 -0.764985 -0.250498
vn -0.584326 -0.779889 -0.224358
vn 0.032855 -0.962334 -0.269877
vn 0.010732 -0.918399 -0.395511
vn -0.775057 -0.526549 -0.349333
vn -0.695935 -0.618690 -0.364551
vn -0.365121 -0.506867 -0.780879
vn -0.659751 -0.213758 -0.720442
vn -0.662292 -0.746889 -0.059377
vn -0.751986 -0.657964 -0.040009
vn -0.731203 -0.496322 0.467981
vn -0.439150 -0.811977 0.384501
vn -0.854190 -0.497213 -0.152113
vn -0.859510 -0.479910 -0.175867
vn -0.991632 0.129013 0.004668
vn -0.990589 0.068818 0.118314
vn -0.582634 -0.790511 -0.188759
vn -0.603994 -0.786835 -0.126815
vn -0.171359 -0.970965 0.166924
vn -0.000155 -0.996369 -0.085139
vn -0.633498 -0.702809 -0.323635
vn -0.606243 -0.744599 -0.279358
vn -0.018913 -0.856698 -0.515472
vn -0.115078 -0.737704 -0.665245
vn -0.859020 -0.466879 -0.210018
vn -0.834914 -0.474761 -0.278427
vn -0.877870 0.032657 -0.477784
vn -0.971769 0.150012 -0.182104
vn -0.820979 -0.565307 -0.080135
vn -0.845234 -0.519599 -0.124888
vn -0.972666 -0.000589 0.232209
vn -0.912731 -0.160604 0.375672
vn -0.885153 -0.057973 0.461675
vn -0.869231 -0.055214 0.491313
vn -0.547898 -0.723048 0.420726
vn -0.619279 -0.730322 0.288313
vn -0.767962 0.141011 0.624780
vn -0.773263 0.249398 0.582980
vn -0.217692 0.535613 0.815922
vn -0.235297 0.091524 0.967605
vn -0.948237 0.088832 0.304886
vn -0.937431 -0.002371 0.348163
vn -0.887063 -0.421714 -0.187819
vn -0.946739 -0.029350 -0.320662
vn -0.830148 0.321270 0.455675
vn -0.844475 0.318523 0.430588
vn -0.459732 0.881351 0.108937
vn -0.400203 0.887827 0.227158
vn -0.796182 0.312706 0.517986
vn -0.815128 0.322014 0.481533
vn -0.332354 0.876709 0.347739
vn -0.258813 0.809290 0.527318
vn -0.844420 -0.040011 0.534186
vn -0.801814 0.030208 0.596809
vn -0.335685 -0.358663 0.871020
vn -0.453817 -0.651078 0.608398
vn -0.864521 0.309485 0.396009
vn -0.916274 0.222356 0.333166
vn -0.823960 0.505391 -0.256262
vn -0.558453 0.828441 -0.042615
vn -0.914586 -0.048397 0.401485
vn -0.898863 -0.057482 0.434444
vn -0.678643 -0.716640 0.160843
vn -0.758810 -0.651266 0.007764
vn -0.524969 -0.847568 -0.077694
vn -0.506592 -0.844244 -0.174978
vn -0.861811 -0.373821 -0.342841
vn -0.916968 -0.397217 0.037273
vn -0.327772 -0.940399 0.090634
vn -0.373423 -0.923448 0.088311
vn -0.348429 -0.626852 0.696889
vn -0.161364 -0.691962 0.703669
vn -0.176576 -0.980870 -0.081950
vn -0.202004 -0.979367 0.005937
vn 0.351650 -0.885300 0.304280
vn 0.419802 -0.905838 -0.056774
vn -0.352544 -0.890577 -0.287376
vn -0.317140 -0.905133 -0.283118
vn -0.062145 -0.557411 -0.827908
vn -0.213431 -0.502777 -0.837653
vn -0.248791 -0.966601 0.061524
vn -0.289924 -0.953395 0.083563
vn 0.005033 -0.740848 0.671653
vn 0.185547 -0.805153 0.563295
vn -0.447539 -0.857369 -0.254217
vn -0.391545 -0.875357 -0.283625
vn -0.381579 -0.443215 -0.811146
vn -0.625642 -0.388978 -0.676217
vn -0.268101 -0.927138 -0.261796
vn -0.204647 -0.960675 -0.187679
vn 0.336081 -0.821107 -0.461339
vn 0.127602 -0.656145 -0.743769
vn -0.435712 -0.897943 0.062075
vn -0.496735 -0.867899 0.002461
vn -0.817550 -0.455073 0.352874
vn -0.592231 -0.540528 0.597572
vn -0.848999 0.528063 -0.018719
vn -0.826071 0.563105 -0.022771
vn -0.616845 0.523135 0.588075
vn -0.704588 0.382987 0.597392
vn -0.699874 0.683360 -0.207834
vn -0.695486 0.650554 -0.305089
vn -0.199565 0.850536 -0.486582
vn -0.245608 0.961909 -0.120035
vn -0.761362 0.516503 -0.391857
vn -0.782642 0.487377 -0.387215
vn -0.469805 0.162090 -0.867762
vn -0.390655 0.284181 -0.875574
vn -0.909350 0.377314 -0.175263
vn -0.906767 0.412679 -0.086428
vn -0.965384 -0.059773 0.253891
vn -0.983076 -0.150556 -0.104375
vn -0.886663 0.460898 -0.037441
vn -0.867171 0.497541 -0.021595
vn -0.774321 0.249721 0.581435
vn -0.863902 0.094408 0.494733
vn -0.817833 0.444218 -0.365815
vn -0.873820 0.391661 -0.288168
vn -0.848924 -0.125664 -0.513358
vn -0.613575 0.011609 -0.789551
vn -0.787995 0.613856 -0.047389
vn -0.736678 0.666681 -0.113320
vn -0.351707 0.906776 0.232510
vn -0.492224 0.716198 0.494749
vn -0.716281 0.591376 -0.370427
vn -0.740974 0.546409 -0.390379
vn -0.308621 0.411412 -0.857609
vn -0.226611 0.610280 -0.759082
vn -0.260059 -0.642778 0.720560
vn -0.228150 -0.679214 0.697578
vn -0.710513 -0.681705 0.174498
vn -0.794951 -0.549761 0.256547
vn -0.053503 -0.783763 0.618751
vn 0.035323 -0.777237 0.628216
vn 0.171888 -0.985008 0.014640
vn -0.204494 -0.978330 -0.032445
vn 0.100627 -0.666255 0.738904
vn 0.068996 -0.631049 0.772669
vn 0.614126 -0.187896 0.766514
vn 0.702722 -0.307761 0.641456
vn -0.109341 -0.516507 0.849273
vn -0.191062 -0.515902 0.835069
vn -0.268624 0.133070 0.954009
vn 0.081231 0.136577 0.987293
vn 0.102454 -0.743638 0.660686
vn 0.113845 -0.704786 0.700225
vn 0.737537 -0.487724 0.467081
vn 0.591722 -0.774355 0.224141
vn -0.258328 -0.546361 0.796716
vn -0.275050 -0.595873 0.754509
vn -0.835860 -0.348169 0.424401
vn -0.682995 -0.064196 0.727596
vn 0.012868 -0.586329 0.809971
vn -0.051489 -0.542264 0.838629
vn 0.278564 0.057640 0.958686
vn 0.468055 -0.057781 0.881809
vn -0.175449 -0.722758 0.668460
vn -0.113170 -0.762455 0.637068
vn -0.403916 -0.914623 0.017782
vn -0.580026 -0.809407 0.091811
vn 0.854568 0.427283 0.295200
vn 0.826235 0.476323 0.300752
vn 0.750104 0.537703 -0.384994
vn 0.854412 0.335008 -0.397177
vn 0.639940 0.581622 0.502188
vn 0.620416 0.537931 0.570713
vn 0.017181 0.743198 0.668851
vn 0.119504 0.914682 0.386103
vn 0.654713 0.413308 0.632872
vn 0.676225 0.380662 0.630727
vn 0.178610 0.009662 0.983873
vn 0.097503 0.153107 0.983388
vn 0.884042 0.310622 0.349261
vn 0.883091 0.340301 0.323025
vn 0.974752 -0.109091 -0.194827
vn 0.972812 -0.229344 -0.032233
vn 0.769979 0.541885 0.336887
vn 0.694095 0.587468 0.416070
vn 0.311475 0.948806 0.052444
vn 0.561525 0.787105 -0.255256
vn 0.727101 0.325394 0.604519
vn 0.828454 0.291012 0.478514
vn 0.825372 -0.323039 0.463041
vn 0.398754 -0.187986 0.897584
vn 0.878326 0.365547 0.308090
vn 0.869536 0.393584 0.298328
vn 0.911942 0.174252 -0.371481
vn 0.951655 0.023084 -0.306301
vn 0.623835 0.481507 0.615615
vn 0.637978 0.441670 0.630802
vn 0.034886 0.288377 0.956881
vn -0.009215 0.487599 0.873019
vn 0.714650 -0.173228 -0.677693
vn 0.733475 -0.098806 -0.672497
vn 0.355196 0.092410 -0.930213
vn 0.290660 -0.162496 -0.942927
vn 0.862362 0.019029 -0.505934
vn 0.884295 0.004076 -0.466911
vn 0.850203 0.490904 -0.190179
vn 0.779167 0.524270 -0.343569
vn 0.918950 -0.159128 -0.360846
vn 0.896900 -0.244718 -0.368353
vn 0.910721 -0.396512 0.115606
vn 0.987254 -0.098208 0.125243
vn 0.791927 -0.353553 -0.497847
vn 0.762420 -0.343066 -0.548654
vn 0.424906 -0.747232 -0.510979
vn 0.527095 -0.782521 -0.331409
vn 0.779149 -0.022428 -0.626437
vn 0.829275 0.018748 -0.558527
vn 0.670874 0.512898 -0.535597
vn 0.505702 0.367858 -0.780350
vn 0.904397 -0.028005 -0.425772
vn 0.919305 -0.084124 -0.384450
vn 0.982729 0.170484 0.071967
vn 0.922054 0.384997 -0.039934
vn 0.732990 -0.301608 -0.609720
vn 0.714627 -0.238388 -0.657632
vn 0.276263 -0.388188 -0.879198
vn 0.322345 -0.611886 -0.722281
vn 0.857711 -0.313799 -0.407261
vn 0.821028 -0.346137 -0.453984
vn 0.622330 -0.765470 -0.163588
vn 0.758665 -0.651439 0.007450
vn 0.856612 0.051286 0.513407
vn 0.793119 0.028395 0.608404
vn 0.460966 0.544533 0.700710
vn 0.718422 0.605582 0.342258
vn 0.713153 -0.120719 0.690535
vn 0.708208 -0.154764 0.688833
vn 0.066655 -0.179367 0.981522
vn 0.085903 -0.029641 0.995862
vn 0.789970 -0.312883 0.527305
vn 0.848898 -0.286583 0.444120
vn 0.698339 -0.715711 0.008974
vn 0.491940 -0.797609 0.349020
vn 0.919523 -0.137061 0.368365
vn 0.923482 -0.100918 0.370131
vn 0.946822 0.030676 -0.320292
vn 0.934671 -0.127636 -0.331813
vn 0.893036 -0.225208 0.389574
vn 0.911811 -0.174225 0.371815
vn 0.902817 -0.285724 -0.321377
vn 0.836957 -0.492063 -0.239536
vn 0.709720 -0.203460 0.674464
vn 0.737814 -0.273909 0.616931
vn 0.264036 -0.669718 0.694091
vn 0.096104 -0.394417 0.913892
vn 0.739814 -0.036333 0.671830
vn 0.720720 -0.086269 0.687838
vn 0.114477 0.118933 0.986281
vn 0.209341 0.319365 0.924220
vn 0.921476 -0.053230 0.384772
vn 0.901137 0.010415 0.433410
vn 0.880459 0.474107 0.003919
vn 0.941842 0.236536 -0.238713
vn 0.996261 -0.049468 0.070827
vn 0.999283 -0.029584 -0.023640
vn 0.843347 -0.481712 -0.238160
vn 0.838754 -0.537773 0.085394
vn 0.974355 0.160126 -0.158086
vn 0.966511 0.205543 -0.153652
vn 0.690790 0.311339 -0.652593
vn 0.725638 0.133530 -0.674996
vn 0.946341 0.323151 -0.003422
vn 0.948360 0.304720 0.088086
vn 0.661746 0.696032 0.278625
vn 0.660371 0.750185 -0.033651
vn 0.968962 0.104913 0.223842
vn 0.973905 0.061626 0.218431
vn 0.701797 -0.136290 0.699218
vn 0.690492 0.036826 0.722402
vn 0.980580 0.016231 0.195449
vn 0.988977 -0.027540 0.145483
vn 0.794840 -0.481373 0.369471
vn 0.734542 -0.327677 0.594202
vn 0.993433 0.037323 -0.108157
vn 0.982827 0.108896 -0.148975
vn 0.754493 -0.052316 -0.654220
vn 0.800566 -0.286681 -0.526221
vn 0.958182 0.255721 -0.128432
vn 0.950363 0.301667 -0.076210
vn 0.656245 0.688019 -0.309795
vn 0.661836 0.519316 -0.540634
vn 0.956053 0.236226 0.173668
vn 0.963357 0.158753 0.216196
vn 0.673062 0.230633 0.702706
vn 0.662183 0.487450 0.569128
vn 0.234428 0.400706 -0.885708
vn 0.230188 0.212133 -0.949744
vn -0.188642 0.297929 -0.935763
vn -0.393547 -0.088104 -0.915073
vn -0.593434 -0.092569 -0.799542
vn -0.487447 0.266021 -0.831642
vn -0.345644 0.306932 -0.886748
vn -0.785777 0.263214 -0.559708
vn -0.766975 0.440943 -0.466175
vn -0.448974 0.492335 -0.745673
vn -0.449940 0.382086 -0.807196
vn -0.172397 0.795230 -0.581282
vn 0.042057 0.771058 -0.635375
vn 0.282528 0.708355 -0.646848
vn 0.250285 0.554669 -0.793536
vn -0.687956 0.649409 -0.324014
vn -0.424315 0.767878 -0.479917
vn -0.773738 -0.109700 -0.623936
vn -0.788137 0.096248 -0.607928
vn 0.199980 -0.039829 -0.978990
vn -0.124719 -0.075051 -0.989350
vn -0.317207 -0.883916 -0.343616
vn -0.270725 -0.927944 -0.256180
vn -0.618893 -0.760009 -0.198387
vn -0.761278 -0.463567 -0.453389
vn -0.567937 -0.633019 -0.526056
vn -0.625626 -0.778243 0.054119
vn -0.801230 -0.583038 0.134530
vn -0.798114 -0.589541 -0.124315
vn -0.713937 -0.678132 -0.174445
vn -0.971830 -0.235127 -0.016170
vn -0.982936 -0.160910 -0.089130
vn -0.926912 -0.305944 0.217332
vn -0.958230 -0.275990 0.075005
vn -0.981013 -0.052343 -0.186748
vn -0.898732 -0.278122 -0.339012
vn -0.300221 -0.767302 -0.566671
vn -0.324501 -0.838801 -0.437164
vn -0.194583 -0.971546 -0.135037
vn -0.435067 -0.899661 -0.036413
vn -0.705715 -0.621758 0.339683
vn -0.623739 -0.632044 0.459859
vn -0.809295 -0.176341 0.560309
vn -0.531203 0.133142 0.836718
vn -0.445678 0.529652 0.721693
vn -0.719368 0.449894 0.529250
vn -0.814919 0.147133 0.560588
vn -0.999900 0.012506 -0.006679
vn -0.933225 -0.358363 0.025836
vn -0.501182 0.817266 0.284417
vn -0.528697 0.833836 0.158739
vn -0.308075 0.807793 0.502553
vn -0.423483 0.817176 0.391006
vn -0.764652 -0.642349 0.051906
vn -0.745340 -0.634162 0.205684
vn -0.547752 0.836592 0.009037
vn -0.863199 0.504823 -0.006449
vn -0.503578 -0.636360 0.584341
vn -0.558508 -0.294236 0.775560
vn -0.725082 -0.688053 -0.028964
vn -0.699510 -0.639320 -0.319305
vn -0.442227 -0.857770 -0.262041
vn -0.251585 -0.845325 0.471307
vn -0.403119 -0.777627 0.482484
vn 0.081328 -0.993502 -0.079620
vn 0.088445 -0.973212 0.212219
vn -0.288514 -0.705592 -0.647224
vn -0.150444 -0.729094 -0.667675
vn 0.092670 -0.867205 0.489253
vn -0.096540 -0.870463 0.482675
vn 0.032213 -0.732630 -0.679865
vn 0.057086 -0.916108 -0.396847
vn -0.571530 -0.651484 0.498921
vn -0.679366 -0.696488 0.231010
vn -0.593098 -0.523969 -0.611303
vn -0.425183 -0.640969 -0.639045
vn -0.818938 0.484100 0.308201
vn -0.744942 0.587367 0.316326
vn -0.799858 0.594577 -0.081889
vn -0.577563 0.794861 -0.186058
vn -0.514440 0.741829 -0.430164
vn -0.741311 0.577507 -0.341971
vn -0.784622 0.581850 -0.214053
vn -0.606549 0.421153 -0.674335
vn -0.653471 0.315895 -0.687885
vn -0.817089 0.467607 -0.337208
vn -0.787722 0.527081 -0.318874
vn -0.962687 0.217866 -0.160523
vn -0.969095 0.227205 0.096086
vn -0.696496 0.158973 -0.699730
vn -0.876481 0.201752 -0.437123
vn -0.618520 0.707082 0.342736
vn -0.618758 0.783058 0.062911
vn -0.905745 0.215277 0.365079
vn -0.867457 0.371456 0.330965
vn -0.402188 0.620508 -0.673212
vn -0.529658 0.511402 -0.676706
vn -0.632935 -0.651687 0.417967
vn -0.585851 -0.747403 0.313316
vn -0.273778 -0.773429 0.571711
vn -0.206845 -0.946697 0.246941
vn 0.131160 -0.948872 0.287123
vn 0.104968 -0.739043 0.665430
vn -0.114226 -0.760313 0.639435
vn 0.502211 -0.431074 0.749640
vn 0.451488 -0.305817 0.838233
vn 0.102044 -0.507851 0.855380
vn 0.083363 -0.623546 0.777330
vn 0.054337 -0.146513 0.987715
vn -0.258063 -0.144361 0.955282
vn 0.423048 -0.128470 0.896954
vn 0.229577 -0.160139 0.960026
vn 0.528807 -0.778928 0.337097
vn 0.556148 -0.583615 0.591686
vn -0.551871 -0.818716 0.158567
vn -0.379749 -0.896572 0.227925
vn -0.628855 -0.179971 0.756407
vn -0.678330 -0.469115 0.565508
vn 0.909689 0.389191 -0.144902
vn 0.812002 0.565942 -0.142696
vn 0.774185 0.545746 0.320624
vn 0.406104 0.770105 0.491953
vn 0.275944 0.654721 0.703701
vn 0.577648 0.484821 0.656712
vn 0.694886 0.510789 0.506190
vn 0.312003 0.270234 0.910839
vn 0.357204 0.133575 0.924426
vn 0.715293 0.320980 0.620748
vn 0.657913 0.414880 0.628510
vn 0.988376 0.036339 0.147625
vn 0.997313 0.060566 -0.041202
vn 0.107261 0.489366 0.865457
vn 0.234475 0.374439 0.897116
vn 0.968478 0.069689 -0.239153
vn 0.955178 0.234039 -0.181274
vn 0.436052 -0.066305 0.897476
vn 0.824751 -0.020299 0.565132
vn 0.637483 0.756843 -0.144236
vn 0.537711 0.818464 0.202443
vn 0.638236 -0.176807 -0.749262
vn 0.661002 -0.036096 -0.749516
vn 0.815258 -0.109886 -0.568576
vn 0.864114 0.169338 -0.473954
vn 0.910114 0.185340 -0.370597
vn 0.871568 -0.099198 -0.480135
vn 0.842717 -0.118459 -0.525163
vn 0.953774 -0.146072 -0.262638
vn 0.917806 -0.311597 -0.246047
vn 0.846813 -0.234032 -0.477637
vn 0.853578 -0.167177 -0.493414
vn 0.737181 -0.486520 -0.468895
vn 0.669552 -0.477273 -0.569131
vn 0.551144 -0.470877 -0.688851
vn 0.609280 -0.305230 -0.731856
vn 0.951427 0.210694 -0.224489
vn 0.966161 0.013319 -0.257594
vn 0.835703 -0.509140 -0.205856
vn 0.785591 -0.502342 -0.361247
vn 0.677225 0.161654 -0.717799
vn 0.796868 0.164812 -0.581238
vn 0.835505 0.296094 0.462881
vn 0.613249 0.289096 0.735084
vn 0.715994 -0.024575 0.697674
vn 0.337398 -0.066511 0.939010
vn 0.292338 -0.193850 0.936462
vn 0.682688 -0.208184 0.700426
vn 0.722180 -0.119620 0.681284
vn 0.696334 -0.538873 0.474062
vn 0.834645 -0.519830 0.182053
vn 0.904436 -0.236029 0.355367
vn 0.816125 -0.209790 0.538450
vn 0.987366 -0.140626 -0.073025
vn 0.995391 0.000350 -0.095895
vn 0.215134 -0.351588 0.911100
vn 0.485353 -0.475132 0.733950
vn 0.975193 0.174249 -0.136516
vn 0.953307 0.248109 0.172188
vn 0.310154 0.242815 0.919155
vn 0.334861 0.067998 0.939811
vn 0.886409 -0.443363 -0.133075
vn 0.955757 -0.279108 -0.092883
vn 0.981538 -0.176674 0.073273
vn 0.979295 -0.162746 -0.120395
vn 0.995095 0.091986 -0.036390
vn 0.920866 0.154178 -0.358100
vn 0.888489 0.271023 -0.370316
vn 0.976451 0.206459 -0.062594
vn 0.988253 0.149274 -0.032763
vn 0.897322 0.441295 -0.008462
vn 0.888057 0.424272 0.177051
vn 0.977744 0.183666 0.101406
vn 0.982641 0.184557 0.018830
vn 0.903111 0.087311 0.420436
vn 0.898945 -0.032304 0.436868
vn 0.819972 0.422472 -0.386216
vn 0.879647 0.440402 -0.179630
vn 0.922083 -0.143254 -0.359501
vn 0.933141 0.031039 -0.358169
vn 0.869928 -0.192143 0.454209
vn 0.950519 -0.184829 0.249705
vn 0.828674 0.382640 0.408517
vn 0.884826 0.212193 0.414797
vn 0.934953 -0.207640 -0.287660
vn 0.658238 -0.665394 -0.352100
vn -0.844215 0.236252 -0.481130
vn 0.339908 -0.297550 0.892147
vn 0.249443 -0.163526 0.954483
vn 0.297027 -0.948227 -0.112426
vn 0.229662 0.701323 0.674834
vn -0.532254 -0.800433 -0.275706
vn -0.585083 -0.229692 -0.777766
vn -0.432962 -0.897089 0.088175
vn -0.709322 0.661903 0.242375
vn 0.726689 -0.449876 0.519168
vn -0.910096 0.333056 0.246575
vn -0.606276 0.420525 0.674973
vn -0.913273 -0.406235 0.030103
vn -0.884374 -0.443474 0.145648
vn -0.656645 -0.734803 0.169944
vn -0.329447 -0.937767 -0.109805
vn -0.284839 -0.953898 -0.094584
vn 0.780763 0.047295 0.623035
vn 0.964799 -0.154519 -0.212807
vn -0.950265 0.279282 -0.137834
vn -0.784549 0.300129 -0.542591
vn -0.506388 -0.729781 -0.459337
vn -0.505885 -0.860299 0.062974
vn -0.771053 0.131972 -0.622945
vn -0.398013 -0.912259 -0.096794
vn -0.415486 -0.909597 -0.002217
vn -0.716952 0.695956 0.040303
vn 0.431583 -0.255326 0.865185
vn 0.874772 0.133976 0.465645
vn -0.712442 -0.697028 0.081102
vn 0.607448 -0.070254 0.791247
vn -0.435379 -0.765962 -0.473020
vn -0.313250 -0.926260 -0.209562
vn -0.073917 0.701193 -0.709129
vn 0.935876 -0.265902 0.231156
vn 0.898210 0.265561 0.350281
vn 0.463769 -0.373183 -0.803525
vn 0.461089 -0.536864 -0.706522
vn 0.925697 0.372486 0.065869
vn -0.549922 -0.562246 0.617629
vn -0.413541 -0.367392 0.833071
vn -0.843448 0.420080 0.334856
vn -0.239153 -0.904793 0.352358
vn -0.850354 -0.359068 0.384666
vn -0.910054 -0.240879 0.337311
vn -0.834323 -0.364510 -0.413567
vn -0.900016 -0.355608 -0.252020
vn 0.223713 0.549419 -0.805041
vn -0.729076 0.423969 -0.537307
vn -0.769071 0.276768 -0.576133
vn 0.198657 0.268000 -0.942715
vn 0.233084 0.423259 -0.875513
vn -0.913962 -0.386463 -0.123775
vn -0.912329 -0.406299 -0.050771
vn -0.797672 -0.556171 0.233224
vn -0.660105 -0.722075 0.207051
vn -0.541871 -0.606073 -0.582282
vn -0.708039 -0.456104 -0.539119
vn -0.960637 -0.038138 0.275177
vn -0.959078 0.149799 0.240268
vn -0.767098 -0.382711 0.514872
vn -0.808801 -0.393195 0.437310
vn -0.259261 -0.833273 -0.488303
vn -0.353549 -0.794785 -0.493275
vn -0.414298 -0.830428 0.372486
vn -0.329081 -0.862143 0.385248
vn -0.727061 0.594438 0.343549
vn -0.781947 0.509902 0.358550
vn -0.127964 -0.194580 0.972504
vn 0.104818 -0.149246 0.983229
vn -0.518773 -0.755093 0.400886
vn -0.549483 -0.679066 0.486763
vn 0.817839 0.572645 0.056717
vn 0.878444 0.472948 0.068234
vn 0.498913 -0.632444 -0.592537
vn 0.561304 -0.673613 -0.480816
vn 0.549005 0.023234 -0.835496
vn 0.496470 -0.182442 -0.848665
vn 0.669656 0.279631 0.688017
vn 0.796094 0.328008 0.508572
vn 0.950294 -0.264666 -0.163993
vn 0.954615 -0.295795 0.034878

# Mesh
g octotoad1
usemtl default
f 4/4/4 1/1/1 2/2/2
f 2/2/2 3/3/3 4/4/4
f 2/2/2 1/1/1 5/5/5
f 5/5/5 6/6/6 2/2/2
f 10/10/10 7/7/7 8/8/8
f 8/8/8 9/9/9 10/10/10
f 13/13/13 7/7/7 11/11/11
f 11/11/11 12/12/12 13/13/13
f 15/15/15 7/7/7 13/13/13
f 13/13/13 14/14/14 15/15/15
f 19/19/19 16/16/16 17/17/17
f 17/17/17 18/18/18 19/19/19
f 17/17/17 16/16/16 20/20/20
f 20/20/20 21/21/21 17/17/17
f 20/20/20 16/16/16 22/22/22
f 22/22/22 23/23/23 20/20/20
f 26/26/26 16/16/16 24/24/24
f 24/24/24 25/25/25 26/26/26
f 30/30/30 27/27/27 28/28/28
f 28/28/28 29/29/29 30/30/30
f 34/34/34 31/31/31 32/32/32
f 32/32/32 33/33/33 34/34/34
f 32/32/32 31/31/31 35/35/35
f 35/35/35 36/36/36 32/32/32
f 40/40/40 37/37/37 38/38/38
f 38/38/38 39/39/39 40/40/40
f 43/43/43 37/37/37 41/41/41
f 41/41/41 42/42/42 43/43/43
f 47/47/47 44/44/44 45/45/45
f 45/45/45 46/46/46 47/47/47
f 51/51/51 48/48/48 49/49/49
f 49/49/49 50/50/50 51/51/51
f 54/54/54 48/48/48 52/52/52
f 52/52/52 53/53/53 54/54/54
f 49/49/49 48/48/48 54/54/54
f 54/54/54 55/55/55 49/49/49
f 59/59/59 56/56/56 57/57/57
f 57/57/57 58/58/58 59/59/59
f 62/62/62 56/56/56 60/60/60
f 60/60/60 61/61/61 62/62/62
f 66/66/66 63/63/63 64/64/64
f 64/64/64 65/65/65 66/66/66
f 70/70/70 67/67/67 68/68/68
f 68/68/68 69/69/69 70/70/70
f 73/73/73 67/67/67 71/71/71
f 71/71/71 72/72/72 73/73/73
f 77/77/77 74/74/74 75/75/75
f 75/75/75 76/76/76 77/77/77
f 75/75/75 74/74/74 78/78/78
f 78/78/78 79/79/79 75/75/75
f 83/83/83 80/80/80 81/81/81
f 81/81/81 82/82/82 83/83/83
f 86/86/86 80/80/80 84/84/84
f 84/84/84 85/85/85 86/86/86
f 81/81/81 80/80/80 87/87/87
f 87/87/87 88/88/88 81/81/81
f 92/92/92 89/89/89 90/90/90
f 90/90/90 91/91/91 92/92/92
f 95/95/95 89/89/89 93/93/93
f 93/93/93 94/94/94 95/95/95
f 99/99/99 96/96/96 97/97/97
f 97/97/97 98/98/98 99/99/99
f 102/102/102 96/96/96 100/100/100
f 100/100/100 101/101/101 102/102/102
f 106/106/106 103/103/103 104/104/104
f 104/104/104 105/105/105 106/106/106
f 109/109/109 103/103/103 107/107/107
f 107/107/107 108/108/108 109/109/109
f 113/113/113 110/110/110 111/111/111
f 111/111/111 112/112/112 113/113/113
f 116/117/116 110/114/110 114/115/114
f 114/115/114 115/116/115 116/117/116
f 120/121/120 117/118/117 118/119/118
f 118/119/118 119/120/119 120/121/120
f 118/119/118 117/118/117 121/122/121
f 121/122/121 122/123/122 118/119/118
f 126/127/126 123/124/123 124/125/124
f 124/125/124 125/126/125 126/127/126
f 129/131/129 123/128/123 127/129/127
f 127/129/127 128/130/128 129/131/129
f 133/135/133 130/132/130 131/133/131
f 131/133/131 132/134/132 133/135/133
f 131/133/131 130/132/130 134/136/134
f 134/136/134 135/137/135 131/133/131
f 138/140/138 130/132/130 136/138/136
f 136/138/136 137/139/137 138/140/138
f 142/144/142 139/141/139 140/142/140
f 140/142/140 141/143/141 142/144/142
f 145/147/145 139/141/139 143/145/143
f 143/145/143 144/146/144 145/147/145
f 149/151/149 146/148/146 147/149/147
f 147/149/147 148/150/148 149/151/149
f 147/149/147 146/148/146 150/152/150
f 150/152/150 151/153/151 147/149/147
f 155/157/155 152/154/152 153/155/153
f 153/155/153 154/156/154 155/157/155
f 158/160/158 152/154/152 156/158/156
f 156/158/156 157/159/157 158/160/158
f 153/155/153 152/154/152 159/161/159
f 159/161/159 160/162/160 153/155/153
f 164/166/164 161/163/161 162/164/162
f 162/164/162 163/165/163 164/166/164
f 162/164/162 161/163/161 165/167/165
f 165/167/165 166/168/166 162/164/162
f 165/167/165 161/163/161 167/169/167
f 167/169/167 168/170/168 165/167/165
f 172/174/172 169/171/169 170/172/170
f 170/172/170 171/173/171 172/174/172
f 175/177/175 169/171/169 173/175/173
f 173/175/173 174/176/174 175/177/175
f 179/181/179 176/178/176 177/179/177
f 177/179/177 178/180/178 179/181/179
f 182/184/182 176/178/176 180/182/180
f 180/182/180 181/183/181 182/184/182
f 186/188/186 183/185/183 184/186/184
f 184/186/184 185/187/185 186/188/186
f 190/192/190 187/189/187 188/190/188
f 188/190/188 189/191/189 190/192/190
f 188/190/188 187/189/187 191/193/191
f 191/193/191 192/194/192 188/190/188
f 191/193/191 187/189/187 193/195/193
f 193/195/193 194/196/194 191/193/191
f 198/200/198 195/197/195 196/198/196
f 196/198/196 197/199/197 198/200/198
f 201/203/201 195/197/195 199/201/199
f 199/201/199 200/202/200 201/203/201
f 205/207/205 202/204/202 203/205/203
f 203/205/203 204/206/204 205/207/205
f 203/205/203 202/204/202 206/208/206
f 206/208/206 207/209/207 203/205/203
f 211/213/211 208/210/208 209/211/209
f 209/211/209 210/212/210 211/213/211
f 214/216/214 208/210/208 212/214/212
f 212/214/212 213/215/213 214/216/214
f 209/211/209 208/210/208 214/216/214
f 214/216/214 215/217/215 209/211/209
f 219/221/219 216/218/216 217/219/217
f 217/219/217 218/220/218 219/221/219
f 217/219/217 216/218/216 220/222/220
f 220/222/220 221/223/221 217/219/217
f 225/227/225 222/224/222 223/225/223
f 223/225/223 224/226/224 225/227/225
f 227/231/227 222/228/222 225/229/225
f 225/229/225 226/230/226 227/231/227
f 231/235/231 228/232/228 229/233/229
f 229/233/229 230/234/230 231/235/231
f 235/239/235 232/236/232 233/237/233
f 233/237/233 234/238/234 235/239/235
f 239/243/239 236/240/236 237/241/237
f 237/241/237 238/242/238 239/243/239
f 237/241/237 236/240/236 240/244/240
f 240/244/240 241/245/241 237/241/237
f 245/249/245 242/246/242 243/247/243
f 243/247/243 244/248/244 245/249/245
f 249/253/249 246/250/246 247/251/247
f 247/251/247 248/252/248 249/253/249
f 253/257/253 250/254/250 251/255/251
f 251/255/251 252/256/252 253/257/253
f 257/261/257 254/258/254 255/259/255
f 255/259/255 256/260/256 257/261/257
f 255/259/255 254/258/254 258/262/258
f 258/262/258 259/263/259 255/259/255
f 258/262/258 254/258/254 260/264/260
f 260/264/260 261/265/261 258/262/258
f 265/269/265 262/266/262 263/267/263
f 263/267/263 264/268/264 265/269/265
f 269/273/269 266/270/266 267/271/267
f 267/271/267 268/272/268 269/273/269
f 273/277/273 270/274/270 271/275/271
f 271/275/271 272/276/272 273/277/273
f 271/275/271 270/274/270 274/278/274
f 274/278/274 275/279/275 271/275/271
f 274/278/274 270/274/270 276/280/276
f 276/280/276 277/281/277 274/278/274
f 281/285/281 278/282/278 279/283/279
f 279/283/279 280/284/280 281/285/281
f 279/283/279 278/282/278 282/286/282
f 282/286/282 283/287/283 279/283/279
f 287/291/287 284/288/284 285/289/285
f 285/289/285 286/290/286 287/291/287
f 291/295/291 288/292/288 289/293/289
f 289/293/289 290/294/290 291/295/291
f 295/299/295 292/296/292 293/297/293
f 293/297/293 294/298/294 295/299/295
f 299/303/299 296/300/296 297/301/297
f 297/301/297 298/302/298 299/303/299
f 303/307/303 300/304/300 301/305/301
f 301/305/301 302/306/302 303/307/303
f 307/311/307 304/308/304 305/309/305
f 305/309/305 306/310/306 307/311/307
f 305/309/305 304/308/304 308/312/308
f 308/312/308 309/313/309 305/309/305
f 308/312/308 304/308/304 310/314/310
f 310/314/310 311/315/311 308/312/308
f 315/319/315 312/316/312 313/317/313
f 313/317/313 314/318/314 315/319/315
f 313/317/313 312/316/312 316/320/316
f 316/320/316 317/321/317 313/317/313
f 316/320/316 312/316/312 318/322/318
f 318/322/318 319/323/319 316/320/316
f 323/327/323 320/324/320 321/325/321
f 321/325/321 322/326/322 323/327/323
f 321/325/321 320/324/320 324/328/324
f 324/328/324 325/329/325 321/325/321
f 324/333/324 320/330/320 326/331/326
f 326/331/326 327/332/327 324/333/324
f 331/337/331 328/334/328 329/335/329
f 329/335/329 330/336/330 331/337/331
f 329/335/329 328/334/328 332/338/332
f 332/338/332 333/339/333 329/335/329
f 332/338/332 328/334/328 334/340/334
f 334/340/334 335/341/335 332/338/332
f 339/345/339 336/342/336 337/343/337
f 337/343/337 338/344/338 339/345/339
f 337/343/337 336/342/336 340/346/340
f 340/346/340 341/347/341 337/343/337
f 340/346/340 336/342/336 342/348/342
f 342/348/342 343/349/343 340/346/340
f 345/351/345 344/350/344 4/4/4
f 4/4/4 3/3/3 345/351/345
f 348/354/348 344/350/344 346/352/346
f 346/352/346 347/353/347 348/354/348
f 22/22/22 349/355/349 350/356/350
f 350/356/350 23/23/23 22/22/22
f 350/356/350 349/355/349 351/357/351
f 351/357/351 6/6/6 350/356/350
f 355/361/355 352/358/352 353/359/353
f 353/359/353 354/360/354 355/361/355
f 357/363/357 352/358/352 355/361/355
f 355/361/355 356/362/356 357/363/357
f 360/366/360 358/364/358 5/5/5
f 5/5/5 359/365/359 360/366/360
f 86/86/86 358/364/358 360/366/360
f 360/366/360 361/367/361 86/86/86
f 365/371/365 362/368/362 363/369/363
f 363/369/363 364/370/364 365/371/365
f 368/374/368 362/368/362 366/372/366
f 366/372/366 367/373/367 368/374/368
f 363/369/363 362/368/362 368/374/368
f 368/374/368 369/375/369 363/369/363
f 371/377/371 370/376/370 10/10/10
f 10/10/10 9/9/9 371/377/371
f 373/379/373 370/376/370 371/377/371
f 371/377/371 372/378/372 373/379/373
f 376/382/376 374/380/374 8/8/8
f 8/8/8 375/381/375 376/382/376
f 95/95/95 374/380/374 376/382/376
f 376/382/376 377/383/377 95/95/95
f 381/387/381 378/384/378 379/385/379
f 379/385/379 380/386/380 381/387/381
f 384/390/384 378/384/378 382/388/382
f 382/388/382 383/389/383 384/390/384
f 379/385/379 378/384/378 384/390/384
f 384/390/384 385/391/385 379/385/379
f 71/71/71 386/392/386 387/393/387
f 387/393/387 72/72/72 71/71/71
f 387/393/387 386/392/386 388/394/388
f 388/394/388 389/395/389 387/393/387
f 391/397/391 390/396/390 17/17/17
f 17/17/17 21/21/21 391/397/391
f 102/102/102 390/396/390 391/397/391
f 391/397/391 392/398/392 102/102/102
f 394/400/394 393/399/393 30/30/30
f 30/30/30 29/29/29 394/400/394
f 396/402/396 393/399/393 394/400/394
f 394/400/394 395/401/395 396/402/396
f 400/406/400 397/403/397 398/404/398
f 398/404/398 399/405/399 400/406/400
f 402/408/402 397/403/397 400/406/400
f 400/406/400 401/407/401 402/408/402
f 404/410/404 403/409/403 34/34/34
f 34/34/34 33/33/33 404/410/404
f 41/41/41 403/409/403 404/410/404
f 404/410/404 42/42/42 41/41/41
f 408/414/408 405/411/405 406/412/406
f 406/412/406 407/413/407 408/414/408
f 45/45/45 405/415/405 408/414/408
f 408/414/408 46/46/46 45/45/45
f 410/417/410 409/416/409 32/32/32
f 32/32/32 36/36/36 410/417/410
f 412/419/412 409/416/409 410/417/410
f 410/417/410 411/418/411 412/419/412
f 415/422/415 413/420/413 35/35/35
f 35/35/35 414/421/414 415/422/415
f 417/424/417 413/420/413 415/422/415
f 415/422/415 416/423/416 417/424/417
f 419/426/419 418/425/418 40/40/40
f 40/40/40 39/39/39 419/426/419
f 422/429/422 418/425/418 420/427/420
f 420/427/420 421/428/421 422/429/422
f 424/431/424 423/430/423 43/43/43
f 43/43/43 42/42/42 424/431/424
f 426/433/426 423/430/423 424/431/424
f 424/431/424 425/432/425 426/433/426
f 430/437/430 427/434/427 428/435/428
f 428/435/428 429/436/429 430/437/430
f 428/435/428 427/434/427 431/438/431
f 431/438/431 432/439/432 428/435/428
f 434/441/434 433/440/433 47/47/47
f 47/47/47 46/46/46 434/441/434
f 436/443/436 433/440/433 434/441/434
f 434/441/434 435/442/435 436/443/436
f 440/447/440 437/444/437 438/445/438
f 438/445/438 439/446/439 440/447/440
f 124/125/124 437/444/437 440/447/440
f 440/447/440 125/126/125 124/125/124
f 444/451/444 441/448/441 442/449/442
f 442/449/442 443/450/443 444/451/444
f 446/453/446 441/448/441 444/451/444
f 444/451/444 445/452/445 446/453/446
f 448/455/448 447/454/447 51/51/51
f 51/51/51 50/50/50 448/455/448
f 131/133/131 447/454/447 448/455/448
f 448/455/448 132/134/132 131/133/131
f 164/166/164 449/456/449 450/457/450
f 450/457/450 451/458/451 164/166/164
f 454/461/454 449/456/449 452/459/452
f 452/459/452 453/460/453 454/461/454
f 450/457/450 449/456/449 454/461/454
f 454/461/454 455/462/455 450/457/450
f 457/464/457 456/463/456 59/59/59
f 59/59/59 58/58/58 457/464/457
f 459/466/459 456/463/456 457/464/457
f 457/464/457 458/465/458 459/466/459
f 191/193/191 460/467/460 461/468/461
f 461/468/461 192/194/192 191/193/191
f 464/471/464 460/467/460 462/469/462
f 462/469/462 463/470/463 464/471/464
f 461/468/461 460/467/460 464/471/464
f 464/471/464 465/472/465 461/468/461
f 111/111/111 466/473/466 467/474/467
f 467/474/467 112/112/112 111/111/111
f 467/474/467 466/473/466 468/475/468
f 468/475/468 469/476/469 467/474/467
f 471/478/471 470/477/470 66/66/66
f 66/66/66 65/65/65 471/478/471
f 473/480/473 470/477/470 471/478/471
f 471/478/471 472/479/472 473/480/473
f 477/484/477 474/481/474 475/482/475
f 475/482/475 476/483/476 477/484/477
f 118/119/118 474/481/474 477/484/477
f 477/484/477 119/120/119 118/119/118
f 78/78/78 478/485/478 479/486/479
f 479/486/479 79/79/79 78/78/78
f 479/486/479 478/485/478 480/487/480
f 480/487/480 69/69/69 479/486/479
f 482/489/482 481/488/481 73/73/73
f 73/73/73 72/72/72 482/489/482
f 483/490/483 481/488/481 482/489/482
f 482/489/482 101/101/101 483/490/483
f 486/493/486 484/491/484 68/68/68
f 68/68/68 485/492/485 486/493/486
f 488/495/488 484/491/484 486/493/486
f 486/493/486 487/494/487 488/495/488
f 490/497/490 489/496/489 77/77/77
f 77/77/77 76/76/76 490/497/490
f 492/499/492 489/496/489 490/497/490
f 490/497/490 491/498/491 492/499/492
f 494/501/494 493/500/493 75/75/75
f 75/75/75 79/79/79 494/501/494
f 496/503/496 493/500/493 494/501/494
f 494/501/494 495/502/495 496/503/496
f 498/505/498 497/504/497 83/83/83
f 83/83/83 82/82/82 498/505/498
f 97/97/97 497/504/497 498/505/498
f 498/505/498 98/98/98 97/97/97
f 500/507/500 499/506/499 81/81/81
f 81/81/81 88/88/88 500/507/500
f 502/509/502 499/506/499 500/507/500
f 500/507/500 501/508/501 502/509/502
f 504/511/504 503/510/503 92/92/92
f 92/92/92 91/91/91 504/511/504
f 506/513/506 503/510/503 504/511/504
f 504/511/504 505/512/505 506/513/506
f 510/517/510 507/514/507 508/515/508
f 508/515/508 509/516/509 510/517/510
f 512/519/512 507/514/507 510/517/510
f 510/517/510 511/518/511 512/519/512
f 514/521/514 513/520/513 99/99/99
f 99/99/99 98/98/98 514/521/514
f 516/523/516 513/520/513 514/521/514
f 514/521/514 515/522/515 516/523/516
f 519/526/519 513/520/513 517/524/517
f 517/524/517 518/525/518 519/526/519
f 521/528/521 520/527/520 106/106/106
f 106/106/106 105/105/105 521/528/521
f 340/346/340 520/527/520 521/528/521
f 521/528/521 341/347/341 340/346/340
f 523/530/523 522/529/522 113/113/113
f 113/113/113 112/112/112 523/530/523
f 524/531/524 522/529/522 523/530/523
f 523/530/523 122/123/122 524/531/524
f 179/181/179 525/532/525 526/533/526
f 526/533/526 527/534/527 179/181/179
f 526/533/526 525/532/525 528/535/528
f 528/535/528 115/116/115 526/533/526
f 530/537/530 529/536/529 120/121/120
f 120/121/120 119/120/119 530/537/530
f 172/174/172 529/536/529 530/537/530
f 530/537/530 531/538/531 172/174/172
f 533/540/533 532/539/532 126/127/126
f 126/127/126 125/126/125 533/540/533
f 535/542/535 532/539/532 533/540/533
f 533/540/533 534/541/534 535/542/535
f 538/546/538 532/543/532 536/544/536
f 536/544/536 537/545/537 538/546/538
f 540/548/540 539/547/539 129/131/129
f 129/131/129 128/130/128 540/548/540
f 542/550/542 539/547/539 540/548/540
f 540/548/540 541/549/541 542/550/542
f 544/552/544 543/551/543 133/135/133
f 133/135/133 132/134/132 544/552/544
f 162/164/162 543/551/543 544/552/544
f 544/552/544 163/165/163 162/164/162
f 546/554/546 545/553/545 145/147/145
f 145/147/145 144/146/144 546/554/546
f 549/557/549 545/553/545 547/555/547
f 547/555/547 548/556/548 549/557/549
f 551/559/551 550/558/550 149/151/149
f 149/151/149 148/150/148 551/559/551
f 552/560/552 550/558/550 551/559/551
f 551/559/551 168/170/168 552/560/552
f 554/562/554 553/561/553 175/177/175
f 175/177/175 174/176/174 554/562/554
f 332/338/332 553/561/553 554/562/554
f 554/562/554 333/339/333 332/338/332
f 556/564/556 555/563/555 182/184/182
f 182/184/182 181/183/181 556/564/556
f 142/144/142 555/563/555 556/564/556
f 556/564/556 557/565/557 142/144/142
f 274/569/274 558/566/558 559/567/559
f 559/567/559 275/568/275 274/569/274
f 559/567/559 558/566/558 560/570/560
f 560/570/560 561/571/561 559/567/559
f 563/573/563 562/572/562 190/192/190
f 190/192/190 189/191/189 563/573/563
f 258/262/258 562/572/562 563/573/563
f 563/573/563 259/263/259 258/262/258
f 567/577/567 564/574/564 565/575/565
f 565/575/565 566/576/566 567/577/567
f 570/580/570 564/574/564 568/578/568
f 568/578/568 569/579/569 570/580/570
f 565/575/565 564/574/564 570/580/570
f 570/580/570 571/581/571 565/575/565
f 114/115/114 572/582/572 573/583/573
f 573/583/573 115/116/115 114/115/114
f 573/586/573 572/584/572 574/585/574
f 574/585/574 204/206/204 573/586/573
f 576/588/576 575/587/575 211/213/211
f 211/213/211 210/212/210 576/588/576
f 64/64/64 575/587/575 576/588/576
f 576/588/576 65/65/65 64/64/64
f 578/590/578 577/589/577 219/221/219
f 219/221/219 218/220/218 578/590/578
f 57/57/57 577/589/577 578/590/578
f 578/590/578 58/58/58 57/57/57
f 582/594/582 579/591/579 580/592/580
f 580/592/580 581/593/581 582/594/582
f 580/592/580 579/591/579 583/595/583
f 583/595/583 584/596/584 580/592/580
f 588/600/588 585/597/585 586/598/586
f 586/598/586 587/599/587 588/600/588
f 193/195/193 585/597/585 588/600/588
f 588/600/588 194/196/194 193/195/193
f 184/186/184 589/601/589 590/602/590
f 590/602/590 185/187/185 184/186/184
f 593/605/593 589/601/589 591/603/591
f 591/603/591 592/604/592 593/605/593
f 590/602/590 589/601/589 593/605/593
f 593/605/593 594/606/594 590/602/590
f 598/610/598 595/607/595 596/608/596
f 596/608/596 597/609/597 598/610/598
f 596/608/596 595/607/595 599/611/599
f 599/611/599 600/612/600 596/608/596
f 177/179/177 601/613/601 602/614/602
f 602/614/602 178/180/178 177/179/177
f 602/614/602 601/613/601 603/615/603
f 603/615/603 604/616/604 602/614/602
f 606/618/606 605/617/605 203/205/203
f 203/205/203 207/209/207 606/618/606
f 180/182/180 605/619/605 606/620/606
f 606/620/606 181/183/181 180/182/180
f 610/624/610 607/621/607 608/622/608
f 608/622/608 609/623/609 610/624/610
f 170/172/170 607/621/607 610/624/610
f 610/624/610 171/173/171 170/172/170
f 614/628/614 611/625/611 612/626/612
f 612/626/612 613/627/613 614/628/614
f 173/175/173 611/625/611 614/628/614
f 614/628/614 174/176/174 173/175/173
f 616/630/616 615/629/615 20/20/20
f 20/20/20 23/23/23 616/630/616
f 84/84/84 615/629/615 616/630/616
f 616/630/616 85/85/85 84/84/84
f 620/634/620 617/631/617 618/632/618
f 618/632/618 619/633/619 620/634/620
f 90/90/90 617/631/617 620/634/620
f 620/634/620 91/91/91 90/90/90
f 220/222/220 621/635/621 622/636/622
f 622/636/622 221/223/221 220/222/220
f 625/640/625 621/637/621 623/638/623
f 623/638/623 624/639/624 625/640/625
f 622/636/622 621/635/621 625/641/625
f 625/641/625 626/642/626 622/636/622
f 629/645/629 627/643/627 628/644/628
f 628/644/628 230/234/230 629/645/629
f 632/649/632 627/646/627 630/647/630
f 630/647/630 631/648/631 632/649/632
f 634/651/634 633/650/633 235/239/235
f 235/239/235 234/238/234 634/651/634
f 109/109/109 633/650/633 634/651/634
f 634/651/634 635/652/635 109/109/109
f 637/654/637 636/653/636 239/243/239
f 239/243/239 238/242/238 637/654/637
f 308/312/308 636/653/636 637/654/637
f 637/654/637 309/313/309 308/312/308
f 639/656/639 638/655/638 245/249/245
f 245/249/245 244/248/244 639/656/639
f 316/320/316 638/655/638 639/656/639
f 639/656/639 317/321/317 316/320/316
f 641/658/641 640/657/640 249/253/249
f 249/253/249 248/252/248 641/658/641
f 104/104/104 640/657/640 641/658/641
f 641/658/641 105/105/105 104/104/104
f 643/660/643 642/659/642 253/257/253
f 253/257/253 252/256/252 643/660/643
f 140/142/140 642/659/642 643/660/643
f 643/660/643 141/143/141 140/142/140
f 645/662/645 644/661/644 257/261/257
f 257/261/257 256/260/256 645/662/645
f 87/87/87 644/661/644 645/662/645
f 645/662/645 88/88/88 87/87/87
f 647/664/647 646/663/646 265/269/265
f 265/269/265 264/268/264 647/664/647
f 107/107/107 646/663/646 647/664/647
f 647/664/647 108/108/108 107/107/107
f 649/666/649 648/665/648 269/273/269
f 269/273/269 268/272/268 649/666/649
f 324/328/324 648/665/648 649/666/649
f 649/666/649 325/329/325 324/328/324
f 651/668/651 650/667/650 273/277/273
f 273/277/273 272/276/272 651/668/651
f 93/93/93 650/667/650 651/668/651
f 651/668/651 94/94/94 93/93/93
f 653/670/653 652/669/652 281/285/281
f 281/285/281 280/284/280 653/670/653
f 155/157/155 652/669/652 653/670/653
f 653/670/653 654/671/654 155/157/155
f 658/675/658 655/672/655 656/673/656
f 656/673/656 657/674/657 658/675/658
f 276/280/276 655/672/655 658/675/658
f 658/675/658 277/281/277 276/280/276
f 662/679/662 659/676/659 660/677/660
f 660/677/660 661/678/661 662/679/662
f 247/251/247 659/676/659 662/679/662
f 662/679/662 248/252/248 247/251/247
f 666/683/666 663/680/663 664/681/664
f 664/681/664 665/682/665 666/683/666
f 260/264/260 663/680/663 666/683/666
f 666/683/666 261/265/261 260/264/260
f 670/687/670 667/684/667 668/685/668
f 668/685/668 669/686/669 670/687/670
f 267/271/267 667/684/667 670/687/670
f 670/687/670 268/272/268 267/271/267
f 237/241/237 671/688/671 672/689/672
f 672/689/672 238/242/238 237/241/237
f 672/689/672 671/688/671 673/690/673
f 673/690/673 674/691/674 672/689/672
f 678/695/678 675/692/675 676/693/676
f 676/693/676 677/694/677 678/695/678
f 233/237/233 675/692/675 678/695/678
f 678/695/678 234/238/234 233/237/233
f 680/697/680 679/696/679 271/275/271
f 271/275/271 275/279/275 680/697/680
f 682/699/682 679/696/679 680/697/680
f 680/697/680 681/698/681 682/699/682
f 686/703/686 683/700/683 684/701/684
f 684/701/684 685/702/685 686/703/686
f 279/283/279 683/700/683 686/703/686
f 686/703/686 280/284/280 279/283/279
f 690/707/690 687/704/687 688/705/688
f 688/705/688 689/706/689 690/707/690
f 263/267/263 687/704/687 690/707/690
f 690/707/690 264/268/264 263/267/263
f 694/711/694 691/708/691 692/709/692
f 692/709/692 693/710/693 694/711/694
f 243/713/243 691/708/691 694/711/694
f 694/711/694 244/712/244 243/713/243
f 698/717/698 695/714/695 696/715/696
f 696/715/696 697/716/697 698/717/698
f 701/720/701 695/714/695 699/718/699
f 699/718/699 700/719/700 701/720/701
f 703/722/703 702/721/702 255/259/255
f 255/259/255 259/263/259 703/722/703
f 251/255/251 702/721/702 703/722/703
f 703/722/703 252/256/252 251/255/251
f 705/724/705 704/723/704 287/291/287
f 287/291/287 286/290/286 705/724/705
f 206/208/206 704/723/704 705/724/705
f 705/724/705 207/209/207 206/208/206
f 707/726/707 706/725/706 291/295/291
f 291/295/291 290/294/290 707/726/707
f 709/730/709 706/727/706 707/728/707
f 707/728/707 708/729/708 709/730/709
f 711/732/711 710/731/710 295/299/295
f 295/299/295 294/298/294 711/732/711
f 196/198/196 710/731/710 711/732/711
f 711/732/711 197/199/197 196/198/196
f 713/734/713 712/733/712 299/303/299
f 299/303/299 298/302/298 713/734/713
f 715/736/715 712/733/712 713/734/713
f 713/734/713 714/735/714 715/736/715
f 718/739/718 712/733/712 716/737/716
f 716/737/716 717/738/717 718/739/718
f 720/741/720 719/740/719 303/307/303
f 303/307/303 302/306/302 720/741/720
f 153/155/153 719/740/719 720/741/720
f 720/741/720 154/156/154 153/155/153
f 722/743/722 721/742/721 307/311/307
f 307/311/307 306/310/306 722/743/722
f 723/744/723 721/742/721 722/743/722
f 722/743/722 128/130/128 723/744/723
f 725/746/725 724/745/724 315/319/315
f 315/319/315 314/318/314 725/746/725
f 728/749/728 724/745/724 726/747/726
f 726/747/726 727/748/727 728/749/728
f 730/751/730 729/750/729 323/327/323
f 323/327/323 322/326/322 730/751/730
f 147/149/147 729/750/729 730/751/730
f 730/751/730 148/150/148 147/149/147
f 732/753/732 731/752/731 331/337/331
f 331/337/331 330/336/330 732/753/732
f 150/152/150 731/752/731 732/753/732
f 732/753/732 151/153/151 150/152/150
f 734/755/734 733/754/733 339/345/339
f 339/345/339 338/344/338 734/755/734
f 165/167/165 733/754/733 734/755/734
f 734/755/734 166/168/166 165/167/165
f 738/759/738 735/756/735 736/757/736
f 736/757/736 737/758/737 738/759/738
f 285/289/285 735/756/735 738/759/738
f 738/759/738 286/290/286 285/289/285
f 740/761/740 739/760/739 329/335/329
f 329/335/329 333/339/333 740/761/740
f 326/331/326 739/760/739 740/761/740
f 740/761/740 327/332/327 326/331/326
f 744/765/744 741/762/741 742/763/742
f 742/763/742 743/764/743 744/765/744
f 297/301/297 741/762/741 744/765/744
f 744/765/744 298/302/298 297/301/297
f 748/769/748 745/766/745 746/767/746
f 746/767/746 747/768/747 748/769/748
f 334/340/334 745/766/745 748/769/748
f 748/769/748 335/341/335 334/340/334
f 752/773/752 749/770/749 750/771/750
f 750/771/750 751/772/751 752/773/752
f 293/297/293 749/770/749 752/773/752
f 752/773/752 294/298/294 293/297/293
f 754/775/754 753/774/753 337/343/337
f 337/343/337 341/347/341 754/775/754
f 318/322/318 753/774/753 754/775/754
f 754/775/754 319/323/319 318/322/318
f 756/777/756 755/776/755 305/309/305
f 305/309/305 309/313/309 756/777/756
f 301/305/301 755/776/755 756/777/756
f 756/777/756 302/306/302 301/305/301
f 310/314/310 757/778/757 758/779/758
f 758/779/758 311/315/311 310/314/310
f 758/779/758 757/778/757 759/780/759
f 759/780/759 317/781/317 758/779/758
f 289/293/289 760/782/760 761/783/761
f 761/783/761 290/294/290 289/293/289
f 761/787/761 760/784/760 762/785/762
f 762/785/762 763/786/763 761/787/761
f 765/789/765 764/788/764 321/325/321
f 321/325/321 325/329/325 765/789/765
f 342/348/342 764/788/764 765/789/765
f 765/789/765 343/349/343 342/348/342
f 769/793/769 766/790/766 767/791/767
f 767/791/767 768/792/768 769/793/769
f 772/796/772 766/790/766 770/794/770
f 770/794/770 771/795/771 772/796/772
f 776/800/776 773/797/773 774/798/774
f 774/798/774 775/799/775 776/800/776
f 774/798/774 773/797/773 408/414/408
f 408/414/408 407/413/407 774/798/774
f 408/414/408 773/797/773 777/801/777
f 777/801/777 46/46/46 408/414/408
f 781/805/781 778/802/778 779/803/779
f 779/803/779 780/804/780 781/805/781
f 784/809/784 778/806/778 782/807/782
f 782/807/782 783/808/783 784/809/784
f 782/807/782 778/806/778 785/810/785
f 785/810/785 584/596/584 782/807/782
f 394/400/394 786/811/786 787/812/787
f 787/812/787 395/401/395 394/400/394
f 787/812/787 786/811/786 788/813/788
f 788/813/788 789/814/789 787/812/787
f 792/817/792 786/811/786 790/815/790
f 790/815/790 791/816/791 792/817/792
f 588/600/588 793/818/793 794/819/794
f 794/819/794 194/196/194 588/600/588
f 794/819/794 793/818/793 795/820/795
f 795/820/795 796/821/796 794/819/794
f 798/823/798 797/822/797 350/356/350
f 350/356/350 6/6/6 798/823/798
f 350/356/350 797/822/797 616/630/616
f 616/630/616 23/23/23 350/356/350
f 559/567/559 799/824/799 680/825/680
f 680/825/680 275/568/275 559/567/559
f 680/697/680 799/826/799 800/827/800
f 800/827/800 681/698/681 680/697/680
f 803/830/803 799/824/799 801/828/801
f 801/828/801 802/829/802 803/830/803
f 387/393/387 804/831/804 482/489/482
f 482/489/482 72/72/72 387/393/387
f 482/489/482 804/831/804 805/832/805
f 805/832/805 101/101/101 482/489/482
f 807/834/807 806/833/806 678/695/678
f 678/695/678 677/694/677 807/834/807
f 678/695/678 806/833/806 634/651/634
f 634/651/634 234/238/234 678/695/678
f 809/836/809 808/835/808 690/707/690
f 690/707/690 689/706/689 809/836/809
f 690/707/690 808/835/808 647/664/647
f 647/664/647 264/268/264 690/707/690
f 811/838/811 810/837/810 752/773/752
f 752/773/752 751/772/751 811/838/811
f 752/773/752 810/837/810 812/839/812
f 812/839/812 294/298/294 752/773/752
f 602/614/602 813/840/813 814/841/814
f 814/841/814 178/180/178 602/614/602
f 814/841/814 813/840/813 815/842/815
f 815/842/815 816/843/816 814/841/814
f 819/846/819 813/840/813 817/844/817
f 817/844/817 818/845/818 819/846/819
f 467/474/467 820/847/820 523/530/523
f 523/530/523 112/112/112 467/474/467
f 823/850/823 820/847/820 821/848/821
f 821/848/821 822/849/822 823/850/823
f 639/852/639 824/851/824 758/779/758
f 758/779/758 317/781/317 639/852/639
f 758/779/758 824/851/824 825/853/825
f 825/853/825 311/315/311 758/779/758
f 825/853/825 824/851/824 694/711/694
f 694/711/694 693/710/693 825/853/825
f 827/855/827 826/854/826 440/447/440
f 440/447/440 439/446/439 827/855/827
f 440/447/440 826/854/826 533/540/533
f 533/540/533 125/126/125 440/447/440
f 533/540/533 826/854/826 828/856/828
f 828/856/828 534/541/534 533/540/533
f 521/528/521 829/857/829 754/775/754
f 754/775/754 341/347/341 521/528/521
f 754/775/754 829/857/829 830/858/830
f 830/858/830 319/323/319 754/775/754
f 830/858/830 829/857/829 662/679/662
f 662/679/662 661/678/661 830/858/830
f 662/679/662 829/857/829 641/658/641
f 641/658/641 248/252/248 662/679/662
f 832/860/832 831/859/831 738/759/738
f 738/759/738 737/758/737 832/860/832
f 738/759/738 831/859/831 705/724/705
f 705/724/705 286/290/286 738/759/738
f 705/724/705 831/859/831 606/618/606
f 606/618/606 207/209/207 705/724/705
f 606/620/606 831/861/831 556/564/556
f 556/564/556 181/183/181 606/620/606
f 834/863/834 833/862/833 686/703/686
f 686/703/686 685/702/685 834/863/834
f 686/703/686 833/862/833 835/864/835
f 835/864/835 280/284/280 686/703/686
f 839/868/839 836/865/836 837/866/837
f 837/866/837 838/867/838 839/868/839
f 837/866/837 836/865/836 840/869/840
f 840/869/840 841/870/841 837/866/837
f 554/562/554 842/871/842 740/761/740
f 740/761/740 333/339/333 554/562/554
f 740/761/740 842/871/842 843/872/843
f 843/872/843 327/332/327 740/761/740
f 843/872/843 842/871/842 658/873/658
f 658/873/658 657/874/657 843/872/843
f 658/873/658 842/871/842 844/875/844
f 844/875/844 277/876/277 658/873/658
f 844/875/844 842/871/842 614/628/614
f 614/628/614 613/627/613 844/875/844
f 848/880/848 845/877/845 846/878/846
f 846/878/846 847/879/847 848/880/848
f 851/883/851 845/877/845 849/881/849
f 849/881/849 850/882/850 851/883/851
f 744/765/744 852/884/852 713/734/713
f 713/734/713 298/302/298 744/765/744
f 713/734/713 852/884/852 853/885/853
f 853/885/853 714/735/714 713/734/713
f 637/654/637 854/886/854 756/777/756
f 756/777/756 309/313/309 637/654/637
f 756/777/756 854/886/854 720/741/720
f 720/741/720 302/306/302 756/777/756
f 720/741/720 854/886/854 855/887/855
f 855/887/855 154/156/154 720/741/720
f 761/783/761 856/888/856 707/726/707
f 707/726/707 290/294/290 761/783/761
f 859/892/859 856/889/856 857/890/857
f 857/890/857 858/891/858 859/892/859
f 707/728/707 856/893/856 860/894/860
f 860/894/860 708/729/708 707/728/707
f 864/898/864 861/895/861 862/896/862
f 862/896/862 863/897/863 864/898/864
f 649/666/649 865/899/865 765/789/765
f 765/789/765 325/329/325 649/666/649
f 765/789/765 865/899/865 866/900/866
f 866/900/866 343/349/343 765/789/765
f 866/900/866 865/899/865 867/901/867
f 867/901/867 868/902/868 866/900/866
f 867/901/867 865/899/865 670/687/670
f 670/687/670 669/686/669 867/901/867
f 578/590/578 869/903/869 457/464/457
f 457/464/457 58/58/58 578/590/578
f 457/464/457 869/903/869 870/904/870
f 870/904/870 458/465/458 457/464/457
f 870/904/870 869/903/869 871/905/871
f 871/905/871 872/906/872 870/904/870
f 876/910/876 873/907/873 874/908/874
f 874/908/874 875/909/875 876/910/876
f 879/913/879 873/907/873 877/911/877
f 877/911/877 878/912/878 879/913/879
f 471/478/471 880/914/880 881/915/881
f 881/915/881 472/479/472 471/478/471
f 881/915/881 880/914/880 882/916/882
f 882/916/882 883/917/883 881/915/881
f 887/921/887 884/918/884 885/919/885
f 885/919/885 886/920/886 887/921/887
f 890/924/890 884/918/884 888/922/888
f 888/922/888 889/923/889 890/924/890
f 885/928/885 884/925/884 891/926/891
f 891/926/891 892/927/892 885/928/885
f 563/573/563 893/929/893 703/722/703
f 703/722/703 259/263/259 563/573/563
f 703/722/703 893/929/893 643/660/643
f 643/660/643 252/256/252 703/722/703
f 643/660/643 893/929/893 894/930/894
f 894/930/894 141/143/141 643/660/643
f 894/930/894 893/929/893 895/931/895
f 895/931/895 896/932/896 894/930/894
f 573/583/573 897/933/897 526/533/526
f 526/533/526 115/116/115 573/583/573
f 526/533/526 897/933/897 898/934/898
f 898/934/898 527/534/527 526/533/526
f 900/936/900 899/935/899 748/769/748
f 748/769/748 747/768/747 900/936/900
f 748/769/748 899/935/899 901/937/901
f 901/937/901 335/341/335 748/769/748
f 901/937/901 899/935/899 902/938/902
f 902/938/902 903/939/903 901/937/901
f 907/943/907 904/940/904 905/941/905
f 905/941/905 906/942/906 907/943/907
f 905/941/905 904/940/904 477/484/477
f 477/484/477 476/483/476 905/941/905
f 477/484/477 904/940/904 530/537/530
f 530/537/530 119/120/119 477/484/477
f 909/945/909 908/944/908 391/397/391
f 391/397/391 21/21/21 909/945/909
f 391/397/391 908/944/908 910/946/910
f 910/946/910 392/398/392 391/397/391
f 914/950/914 911/947/911 912/948/912
f 912/948/912 913/949/913 914/950/914
f 912/948/912 911/947/911 915/951/915
f 915/951/915 916/952/916 912/948/912
f 920/956/920 917/953/917 918/954/918
f 918/954/918 919/955/919 920/956/920
f 918/954/918 917/953/917 921/957/921
f 921/957/921 922/958/922 918/954/918
f 490/497/490 923/959/923 924/960/924
f 924/960/924 491/498/491 490/497/490
f 924/960/924 923/959/923 925/961/925
f 925/961/925 926/962/926 924/960/924
f 930/966/930 927/963/927 928/964/928
f 928/964/928 929/965/929 930/966/930
f 928/964/928 927/963/927 931/967/931
f 931/967/931 932/968/932 928/964/928
f 931/967/931 927/963/927 360/366/360
f 360/366/360 359/365/359 931/967/931
f 510/517/510 933/969/933 934/970/934
f 934/970/934 511/518/511 510/517/510
f 934/970/934 933/969/933 935/971/935
f 935/971/935 936/972/936 934/970/934
f 486/493/486 937/973/937 938/974/938
f 938/974/938 487/494/487 486/493/486
f 941/977/941 937/973/937 939/975/939
f 939/975/939 940/976/940 941/977/941
f 400/406/400 942/978/942 943/979/943
f 943/979/943 401/407/401 400/406/400
f 943/979/943 942/978/942 944/980/944
f 944/980/944 945/981/945 943/979/943
f 944/980/944 942/978/942 946/982/946
f 946/982/946 947/983/947 944/980/944
f 371/377/371 948/984/948 949/985/949
f 949/985/949 372/378/372 371/377/371
f 949/985/949 948/984/948 651/668/651
f 651/668/651 272/276/272 949/985/949
f 651/668/651 948/984/948 950/986/950
f 950/986/950 94/94/94 651/668/651
f 952/988/952 951/987/951 498/505/498
f 498/505/498 82/82/82 952/988/952
f 514/521/514 951/987/951 953/989/953
f 953/989/953 515/522/515 514/521/514
f 504/511/504 954/990/954 955/991/955
f 955/991/955 505/512/505 504/511/504
f 955/991/955 954/990/954 956/992/956
f 956/992/956 957/993/957 955/991/955
f 956/992/956 954/990/954 620/634/620
f 620/634/620 619/633/619 956/992/956
f 494/997/494 958/994/958 959/995/959
f 959/995/959 495/996/495 494/997/494
f 959/995/959 958/994/958 960/998/960
f 960/998/960 961/999/961 959/995/959
f 960/998/960 958/994/958 479/486/479
f 479/486/479 69/69/69 960/998/960
f 964/1002/964 962/1000/962 963/1001/963
f 963/1001/963 354/360/354 964/1002/964
f 967/1005/967 962/1000/962 965/1003/965
f 965/1003/965 966/1004/966 967/1005/967
f 500/507/500 968/1006/968 969/1007/969
f 969/1007/969 501/508/501 500/507/500
f 969/1007/969 968/1006/968 645/662/645
f 645/662/645 256/260/256 969/1007/969
f 410/417/410 970/1008/970 971/1009/971
f 971/1009/971 411/418/411 410/417/410
f 971/1009/971 970/1008/970 972/1010/972
f 972/1010/972 973/1011/973 971/1009/971
f 977/1015/977 974/1012/974 975/1013/975
f 975/1013/975 976/1014/976 977/1015/977
f 975/1013/975 974/1012/974 732/753/732
f 732/753/732 330/336/330 975/1013/975
f 444/451/444 978/1016/978 979/1017/979
f 979/1017/979 445/452/445 444/451/444
f 979/1017/979 978/1016/978 980/1018/980
f 980/1018/980 981/1019/981 979/1017/979
f 980/1018/980 978/1016/978 982/1020/982
f 982/1020/982 983/1021/983 980/1018/980
f 987/1025/987 984/1022/984 985/1023/985
f 985/1023/985 986/1024/986 987/1025/987
f 985/1023/985 984/1022/984 988/1026/988
f 988/1026/988 989/1027/989 985/1023/985
f 988/1026/988 984/1022/984 428/435/428
f 428/435/428 432/439/432 988/1026/988
f 424/431/424 990/1028/990 991/1029/991
f 991/1029/991 425/432/425 424/431/424
f 991/1029/991 990/1028/990 992/1030/992
f 992/1030/992 993/1031/993 991/1029/991
f 992/1030/992 990/1028/990 404/410/404
f 404/410/404 33/33/33 992/1030/992
f 997/1035/997 994/1032/994 995/1033/995
f 995/1033/995 996/1034/996 997/1035/997
f 995/1033/995 994/1032/994 734/755/734
f 734/755/734 338/344/338 995/1033/995
f 734/755/734 994/1032/994 998/1036/998
f 998/1036/998 166/168/166 734/755/734
f 540/548/540 999/1037/999 1000/1038/1000
f 1000/1038/1000 541/549/541 540/548/540
f 1000/1038/1000 999/1037/999 722/743/722
f 722/743/722 306/310/306 1000/1038/1000
f 1004/1042/1004 1001/1039/1001 1002/1040/1002
f 1002/1040/1002 1003/1041/1003 1004/1042/1004
f 1002/1040/1002 1001/1039/1001 1005/1043/1005
f 1005/1043/1005 1006/1044/1006 1002/1040/1002
f 1009/1047/1009 1001/1039/1001 1007/1045/1007
f 1007/1045/1007 1008/1046/1008 1009/1047/1009
f 415/422/415 1010/1048/1010 1011/1049/1011
f 1011/1049/1011 416/423/416 415/422/415
f 1011/1053/1011 1010/1050/1010 1012/1051/1012
f 1012/1051/1012 1013/1052/1013 1011/1053/1011
f 1012/1051/1012 1010/1050/1010 1014/1054/1014
f 1014/1054/1014 1015/1055/1015 1012/1051/1012
f 1019/1059/1019 1016/1056/1016 1017/1057/1017
f 1017/1057/1017 1018/1058/1018 1019/1059/1019
f 1017/1057/1017 1016/1056/1016 730/751/730
f 730/751/730 322/326/322 1017/1057/1017
f 730/751/730 1016/1056/1016 551/559/551
f 551/559/551 148/150/148 730/751/730
f 1021/1061/1021 1020/1060/1020 535/542/535
f 535/542/535 534/541/534 1021/1061/1021
f 134/136/134 1020/1060/1020 1021/1061/1021
f 1021/1061/1021 135/137/135 134/136/134
f 1023/1063/1023 1022/1062/1022 728/749/728
f 728/749/728 727/748/727 1023/1063/1023
f 136/138/136 1022/1062/1022 1023/1063/1023
f 1023/1063/1023 137/139/137 136/138/136
f 1025/1065/1025 1024/1064/1024 725/746/725
f 725/746/725 314/318/314 1025/1065/1025
f 1005/1067/1005 1024/1064/1024 1025/1065/1025
f 1025/1065/1025 1006/1066/1006 1005/1067/1005
f 1027/1069/1027 1026/1068/1026 538/546/538
f 538/546/538 537/545/537 1027/1069/1027
f 1007/1045/1007 1026/1068/1026 1027/1069/1027
f 1027/1069/1027 1008/1046/1008 1007/1045/1007
f 1031/1073/1031 1028/1070/1028 1029/1071/1029
f 1029/1071/1029 1030/1072/1030 1031/1073/1031
f 1035/1077/1035 1032/1074/1032 1033/1075/1033
f 1033/1075/1033 1034/1076/1034 1035/1077/1035
f 673/690/673 1032/1074/1032 1035/1077/1035
f 1035/1077/1035 674/691/674 673/690/673
f 1037/1079/1037 1036/1078/1036 516/523/516
f 516/523/516 515/522/515 1037/1079/1037
f 282/286/282 1036/1078/1036 1037/1079/1037
f 1037/1079/1037 283/287/283 282/286/282
f 1040/1082/1040 1038/1080/1038 1039/1081/1039
f 1039/1081/1039 241/245/241 1040/1082/1040
f 938/974/938 1038/1080/1038 1040/1082/1040
f 1040/1082/1040 487/494/487 938/974/938
f 1042/1084/1042 1041/1083/1041 519/526/519
f 519/526/519 518/525/518 1042/1084/1042
f 939/975/939 1041/1083/1041 1042/1084/1042
f 1042/1084/1042 940/976/940 939/975/939
f 1046/1088/1046 1043/1085/1043 1044/1086/1044
f 1044/1086/1044 1045/1087/1045 1046/1088/1046
f 1044/1086/1044 1043/1085/1043 1047/1089/1047
f 1047/1089/1047 1048/1090/1048 1044/1086/1044
f 1050/1092/1050 1049/1091/1049 201/203/201
f 201/203/201 200/202/200 1050/1092/1050
f 568/578/568 1049/1091/1049 1050/1092/1050
f 1050/1092/1050 569/579/569 568/578/568
f 1052/1094/1052 1051/1093/1051 198/200/198
f 198/200/198 197/199/197 1052/1094/1052
f 599/611/599 1051/1093/1051 1052/1094/1052
f 1052/1094/1052 600/612/600 599/611/599
f 1054/1096/1054 1053/1095/1053 565/575/565
f 565/575/565 571/581/571 1054/1096/1054
f 888/922/888 1053/1095/1053 1054/1096/1054
f 1054/1096/1054 889/923/889 888/922/888
f 1058/1100/1058 1055/1097/1055 1056/1098/1056
f 1056/1098/1056 1057/1099/1057 1058/1100/1058
f 891/926/891 1055/1097/1055 1058/1100/1058
f 1058/1100/1058 892/927/892 891/926/891
f 1062/1104/1062 1059/1101/1059 1060/1102/1060
f 1060/1102/1060 1061/1103/1061 1062/1104/1062
f 1060/1102/1060 1059/1101/1059 1063/1105/1063
f 1063/1105/1063 1064/1106/1064 1060/1102/1060
f 1066/1108/1066 1065/1107/1065 549/557/549
f 549/557/549 548/556/548 1066/1108/1066
f 156/158/156 1065/1107/1065 1066/1108/1066
f 1066/1108/1066 157/159/157 156/158/156
f 1068/1110/1068 1067/1109/1067 715/736/715
f 715/736/715 714/735/714 1068/1110/1068
f 159/161/159 1067/1109/1067 1068/1110/1068
f 1068/1110/1068 160/162/160 159/161/159
f 1070/1112/1070 1069/1111/1069 718/739/718
f 718/739/718 717/738/717 1070/1112/1070
f 857/890/857 1069/1111/1069 1070/1112/1070
f 1070/1112/1070 858/891/858 857/890/857
f 1072/1114/1072 1071/1113/1071 546/554/546
f 546/554/546 144/146/144 1072/1114/1072
f 860/894/860 1071/1113/1071 1072/1114/1072
f 1072/1114/1072 708/729/708 860/894/860
f 1076/1118/1076 1073/1115/1073 1074/1116/1074
f 1074/1116/1074 1075/1117/1075 1076/1118/1076
f 1074/1116/1074 1073/1115/1073 1077/1119/1077
f 1077/1119/1077 1078/1120/1078 1074/1116/1074
f 1077/1119/1077 1073/1115/1073 1079/1121/1079
f 1079/1121/1079 1080/1122/1080 1077/1119/1077
f 1082/1124/1082 1081/1123/1081 49/49/49
f 49/49/49 55/55/55 1082/1124/1082
f 452/459/452 1081/1123/1081 1082/1124/1082
f 1082/1124/1082 453/460/453 452/459/452
f 1084/1126/1084 1083/1125/1083 422/429/422
f 422/429/422 421/428/421 1084/1126/1084
f 52/52/52 1083/1125/1083 1084/1126/1084
f 1084/1126/1084 53/53/53 52/52/52
f 1086/1128/1086 1085/1127/1085 419/426/419
f 419/426/419 39/39/39 1086/1128/1086
f 846/878/846 1085/1127/1085 1086/1128/1086
f 1086/1128/1086 847/879/847 846/878/846
f 1088/1130/1088 1087/1129/1087 450/457/450
f 450/457/450 455/462/455 1088/1130/1088
f 849/881/849 1087/1129/1087 1088/1130/1088
f 1088/1130/1088 850/882/850 849/881/849
f 1092/1134/1092 1089/1131/1089 1090/1132/1090
f 1090/1132/1090 1091/1133/1091 1092/1134/1092
f 1094/1136/1094 1093/1135/1093 62/62/62
f 62/62/62 61/61/61 1094/1136/1094
f 462/1138/462 1093/1135/1093 1094/1136/1094
f 1094/1136/1094 463/1137/463 462/1138/462
f 1098/1142/1098 1095/1139/1095 1096/1140/1096
f 1096/1140/1096 1097/1141/1097 1098/1142/1098
f 468/475/468 1095/1139/1095 1098/1142/1098
f 1098/1142/1098 469/476/469 468/475/468
f 1102/1146/1102 1099/1143/1099 1100/1144/1100
f 1100/1144/1100 1101/1145/1101 1102/1146/1102
f 815/842/815 1099/1143/1099 1102/1146/1102
f 1102/1146/1102 816/843/816 815/842/815
f 1104/1148/1104 1103/1147/1103 461/468/461
f 461/468/461 465/472/465 1104/1148/1104
f 817/844/817 1103/1147/1103 1104/1148/1104
f 1104/1148/1104 818/845/818 817/844/817
f 1108/1152/1108 1105/1149/1105 1106/1150/1106
f 1106/1150/1106 1107/1151/1107 1108/1152/1108
f 1110/1154/1110 1109/1153/1109 209/211/209
f 209/211/209 215/217/215 1110/1154/1110
f 591/603/591 1109/1153/1109 1110/1154/1110
f 1110/1154/1110 592/604/592 591/603/591
f 1112/1156/1112 1111/1155/1111 632/649/632
f 632/649/632 631/648/631 1112/1156/1112
f 212/214/212 1111/1155/1111 1112/1156/1112
f 1112/1156/1112 213/215/213 212/214/212
f 229/233/229 1113/1157/1113 629/645/629
f 629/645/629 230/234/230 229/233/229
f 800/827/800 1113/1157/1113 229/233/229
f 229/233/229 681/698/681 800/827/800
f 1115/1159/1115 1114/1158/1114 590/602/590
f 590/602/590 594/606/594 1115/1159/1115
f 801/828/801 1114/1158/1114 1115/1159/1115
f 1115/1159/1115 802/829/802 801/828/801
f 1119/1163/1119 1116/1160/1116 1117/1161/1117
f 1117/1161/1117 1118/1162/1118 1119/1163/1119
f 1121/1165/1121 1120/1164/1120 26/26/26
f 26/26/26 25/25/25 1121/1165/1121
f 382/388/382 1120/1164/1120 1121/1165/1121
f 1121/1165/1121 383/389/383 382/388/382
f 1123/1167/1123 1122/1166/1122 19/19/19
f 19/19/19 18/18/18 1123/1167/1123
f 388/394/388 1122/1166/1122 1123/1167/1123
f 1123/1167/1123 389/395/389 388/394/388
f 1127/1171/1127 1124/1168/1124 1125/1169/1125
f 1125/1169/1125 1126/1170/1126 1127/1171/1127
f 788/813/788 1124/1168/1124 1127/1171/1127
f 1127/1171/1127 789/814/789 788/813/788
f 1129/1173/1129 1128/1172/1128 379/385/379
f 379/385/379 385/391/385 1129/1173/1129
f 790/815/790 1128/1172/1128 1129/1173/1129
f 1129/1173/1129 791/816/791 790/815/790
f 1133/1177/1133 1130/1174/1130 1131/1175/1131
f 1131/1175/1131 1132/1176/1132 1133/1177/1133
f 1135/1179/1135 1134/1178/1134 227/231/227
f 227/231/227 226/230/226 1135/1179/1135
f 623/638/623 1134/1178/1134 1135/1179/1135
f 1135/1179/1135 624/639/624 623/638/623
f 1137/1181/1137 1136/1180/1136 701/720/701
f 701/720/701 700/719/700 1137/1181/1137
f 223/225/223 1136/1180/1136 1137/1181/1137
f 1137/1181/1137 224/226/224 223/225/223
f 1139/1183/1139 1138/1182/1138 698/717/698
f 698/717/698 697/716/697 1139/1183/1139
f 779/803/779 1138/1182/1138 1139/1183/1139
f 1139/1183/1139 780/804/780 779/803/779
f 1141/1185/1141 1140/1184/1140 622/636/622
f 622/636/622 626/642/626 1141/1185/1141
f 782/807/782 1140/1184/1140 1141/1185/1141
f 1141/1185/1141 783/808/783 782/807/782
f 1145/1189/1145 1142/1186/1142 1143/1187/1143
f 1143/1187/1143 1144/1188/1144 1145/1189/1145
f 1147/1191/1147 1146/1190/1146 15/15/15
f 15/15/15 14/14/14 1147/1191/1147
f 366/372/366 1146/1190/1146 1147/1191/1147
f 1147/1191/1147 367/373/367 366/372/366
f 1149/1193/1149 1148/1192/1148 348/354/348
f 348/354/348 347/353/347 1149/1193/1149
f 11/11/11 1148/1192/1148 1149/1193/1149
f 1149/1193/1149 12/12/12 11/11/11
f 1151/1195/1151 1150/1194/1150 345/351/345
f 345/351/345 3/3/3 1151/1195/1151
f 1153/1197/1153 1150/1194/1150 1151/1195/1151
f 1151/1195/1151 1152/1196/1152 1153/1197/1153
f 1155/1199/1155 1154/1198/1154 363/369/363
f 363/369/363 369/375/369 1155/1199/1155
f 767/791/767 1154/1198/1154 1155/1199/1155
f 1155/1199/1155 768/792/768 767/791/767
f 1159/1203/1159 1156/1200/1156 1157/1201/1157
f 1157/1201/1157 1158/1202/1158 1159/1203/1159
f 351/357/351 1160/1204/1160 2/2/2
f 2/2/2 6/6/6 351/357/351
f 2/2/2 1160/1204/1160 1151/1195/1151
f 1151/1195/1151 3/3/3 2/2/2
f 1162/1206/1162 1161/1205/1161 381/387/381
f 381/387/381 380/386/380 1162/1206/1162
f 381/387/381 1161/1205/1161 1163/1207/1163
f 1163/1207/1163 1164/1208/1164 381/387/381
f 770/794/770 1165/1209/1165 1166/1210/1166
f 1166/1210/1166 771/795/771 770/794/770
f 777/801/777 1167/1211/1167 434/441/434
f 434/441/434 46/46/46 777/801/777
f 434/441/434 1167/1211/1167 1168/1212/1168
f 1168/1212/1168 435/442/435 434/441/434
f 628/644/628 1169/1213/1169 231/235/231
f 231/235/231 230/234/230 628/644/628
f 231/235/231 1169/1213/1169 1139/1183/1139
f 1139/1183/1139 697/716/697 231/235/231
f 583/595/583 1170/1214/1170 1171/1215/1171
f 1171/1215/1171 584/596/584 583/595/583
f 785/810/785 1172/1216/1172 580/592/580
f 580/592/580 584/596/584 785/810/785
f 580/592/580 1172/1216/1172 1173/1217/1173
f 1173/1217/1173 581/593/581 580/592/580
f 480/487/480 1174/1218/1174 70/70/70
f 70/70/70 69/69/69 480/487/480
f 70/70/70 1174/1218/1174 1127/1171/1127
f 1127/1171/1127 1126/1170/1126 70/70/70
f 795/1222/795 1175/1219/1175 1176/1220/1176
f 1176/1220/1176 796/1221/796 795/1222/795
f 560/570/560 1177/1223/1177 1178/1224/1178
f 1178/1224/1178 561/571/561 560/570/560
f 805/832/805 1179/1225/1179 1180/1226/1180
f 1180/1226/1180 101/101/101 805/832/805
f 1180/1226/1180 1179/1225/1179 1123/1167/1123
f 1123/1167/1123 18/18/18 1180/1226/1180
f 812/839/812 1181/1227/1181 711/732/711
f 711/732/711 294/298/294 812/839/812
f 711/732/711 1181/1227/1181 1052/1094/1052
f 1052/1094/1052 197/199/197 711/732/711
f 603/615/603 1182/1228/1182 1183/1229/1183
f 1183/1229/1183 604/616/604 603/615/603
f 528/535/528 1184/1230/1184 116/117/116
f 116/117/116 115/116/115 528/535/528
f 116/117/116 1184/1230/1184 1102/1146/1102
f 1102/1146/1102 1101/1145/1101 116/117/116
f 821/848/821 1185/1231/1185 1186/1232/1186
f 1186/1232/1186 822/849/822 821/848/821
f 1186/1232/1186 1185/1231/1185 1098/1142/1098
f 1098/1142/1098 1097/1141/1097 1186/1232/1186
f 828/856/828 1187/1233/1187 1021/1061/1021
f 1021/1061/1021 534/541/534 828/856/828
f 835/864/835 1188/1234/1188 653/670/653
f 653/670/653 280/284/280 835/864/835
f 653/670/653 1188/1234/1188 1189/1235/1189
f 1189/1235/1189 654/671/654 653/670/653
f 840/869/840 1190/1236/1190 1191/1237/1191
f 1191/1237/1191 841/870/841 840/869/840
f 431/438/431 1192/1238/1192 38/38/38
f 38/38/38 432/439/432 431/438/431
f 38/38/38 1192/1238/1192 1086/1128/1086
f 1086/1128/1086 39/39/39 38/38/38
f 167/169/167 1193/1239/1193 552/560/552
f 552/560/552 168/170/168 167/169/167
f 552/560/552 1193/1239/1193 1194/1240/1194
f 1194/1240/1194 1195/1241/1195 552/560/552
f 853/885/853 1196/1242/1196 1068/1110/1068
f 1068/1110/1068 714/735/714 853/885/853
f 855/887/855 1197/1243/1197 1198/1244/1198
f 1198/1244/1198 154/156/154 855/887/855
f 1198/1244/1198 1197/1243/1197 1035/1077/1035
f 1035/1077/1035 1034/1076/1034 1198/1244/1198
f 762/785/762 1199/1245/1199 1200/1246/1200
f 1200/1246/1200 763/786/763 762/785/762
f 143/145/143 1201/1247/1201 1072/1114/1072
f 1072/1114/1072 144/146/144 143/145/143
f 862/896/862 1202/1248/1202 1203/1249/1203
f 1203/1249/1203 863/897/863 862/896/862
f 877/911/877 1204/1250/1204 1205/1251/1205
f 1205/1251/1205 878/912/878 877/911/877
f 882/916/882 1206/1252/1206 1207/1253/1207
f 1207/1253/1207 883/917/883 882/916/882
f 121/122/121 1208/1254/1208 524/531/524
f 524/531/524 122/123/122 121/122/121
f 524/531/524 1208/1254/1208 1209/1255/1209
f 1209/1255/1209 1210/1256/1210 524/531/524
f 574/585/574 1211/1257/1211 205/207/205
f 205/207/205 204/206/204 574/585/574
f 205/207/205 1211/1257/1211 1058/1100/1058
f 1058/1100/1058 1057/1099/1057 205/207/205
f 915/951/915 1212/1258/1212 1213/1259/1213
f 1213/1259/1213 916/952/916 915/951/915
f 240/244/240 1214/1260/1214 1040/1082/1040
f 1040/1082/1040 241/245/241 240/244/240
f 100/100/100 1215/1261/1215 483/490/483
f 483/490/483 101/101/101 100/100/100
f 483/490/483 1215/1261/1215 1216/1262/1216
f 1216/1262/1216 1217/1263/1217 483/490/483
f 953/989/953 1218/1264/1218 1037/1079/1037
f 1037/1079/1037 515/522/515 953/989/953
f 963/1001/963 1219/1265/1219 355/361/355
f 355/361/355 354/360/354 963/1001/963
f 355/361/355 1219/1265/1219 1220/1266/1220
f 1220/1266/1220 356/362/356 355/361/355
f 965/1003/965 1221/1267/1221 1222/1268/1222
f 1222/1268/1222 966/1004/966 965/1003/965
f 1222/1268/1222 1221/1267/1221 1223/1269/1223
f 1223/1269/1223 1224/1270/1224 1222/1268/1222
f 998/1036/998 1225/1271/1225 1226/1272/1226
f 1226/1272/1226 166/168/166 998/1036/998
f 1226/1272/1226 1225/1271/1225 1227/1273/1227
f 1227/1273/1227 1228/1274/1228 1226/1272/1226
f 759/1276/759 1229/1275/1229 313/317/313
f 313/317/313 317/321/317 759/1276/759
f 313/317/313 1229/1275/1229 1025/1065/1025
f 1025/1065/1025 314/318/314 313/317/313
f 127/129/127 1230/1277/1230 723/744/723
f 723/744/723 128/130/128 127/129/127
f 723/744/723 1230/1277/1230 1231/1278/1231
f 1231/1278/1231 1232/1279/1232 723/744/723
f 1236/1283/1236 1233/1280/1233 1234/1281/1234
f 1234/1281/1234 1235/1282/1235 1236/1283/1236
f 1240/1287/1240 1237/1284/1237 1238/1285/1238
f 1238/1285/1238 1239/1286/1239 1240/1287/1240
f 1244/1291/1244 1241/1288/1241 1242/1289/1242
f 1242/1289/1242 1243/1290/1243 1244/1291/1244
f 1248/1295/1248 1245/1292/1245 1246/1293/1246
f 1246/1293/1246 1247/1294/1247 1248/1295/1248
f 1252/1299/1252 1249/1296/1249 1250/1297/1250
f 1250/1297/1250 1251/1298/1251 1252/1299/1252
f 1242/1301/1242 1249/1296/1249 1252/1299/1252
f 1252/1299/1252 1243/1300/1243 1242/1301/1242
f 1256/1305/1256 1253/1302/1253 1254/1303/1254
f 1254/1303/1254 1255/1304/1255 1256/1305/1256
f 1246/1293/1246 1253/1306/1253 1256/1307/1256
f 1256/1307/1256 1247/1294/1247 1246/1293/1246
f 1260/1311/1260 1257/1308/1257 1258/1309/1258
f 1258/1309/1258 1259/1310/1259 1260/1311/1260
f 1234/1281/1234 1257/1308/1257 1260/1311/1260
f 1260/1311/1260 1235/1282/1235 1234/1281/1234
f 1264/1315/1264 1261/1312/1261 1262/1313/1262
f 1262/1313/1262 1263/1314/1263 1264/1315/1264
f 1238/1285/1238 1261/1312/1261 1264/1315/1264
f 1264/1315/1264 1239/1286/1239 1238/1285/1238
f 1268/1319/1268 1265/1316/1265 1266/1317/1266
f 1266/1317/1266 1267/1318/1267 1268/1319/1268
f 1272/1323/1272 1269/1320/1269 1270/1321/1270
f 1270/1321/1270 1271/1322/1271 1272/1323/1272
f 1276/1327/1276 1273/1324/1273 1274/1325/1274
f 1274/1325/1274 1275/1326/1275 1276/1327/1276
f 1280/1331/1280 1277/1328/1277 1278/1329/1278
f 1278/1329/1278 1279/1330/1279 1280/1331/1280
f 1284/1335/1284 1281/1332/1281 1282/1333/1282
f 1282/1333/1282 1283/1334/1283 1284/1335/1284
f 1266/1317/1266 1281/1332/1281 1284/1335/1284
f 1284/1335/1284 1267/1318/1267 1266/1317/1266
f 1288/1339/1288 1285/1336/1285 1286/1337/1286
f 1286/1337/1286 1287/1338/1287 1288/1339/1288
f 1270/1321/1270 1285/1336/1285 1288/1339/1288
f 1288/1339/1288 1271/1322/1271 1270/1321/1270
f 1292/1343/1292 1289/1340/1289 1290/1341/1290
f 1290/1341/1290 1291/1342/1291 1292/1343/1292
f 1278/1329/1278 1289/1340/1289 1292/1343/1292
f 1292/1343/1292 1279/1330/1279 1278/1329/1278
f 1296/1347/1296 1293/1344/1293 1294/1345/1294
f 1294/1345/1294 1295/1346/1295 1296/1347/1296
f 1274/1325/1274 1293/1344/1293 1296/1347/1296
f 1296/1347/1296 1275/1326/1275 1274/1325/1274
f 1300/1351/1300 1297/1348/1297 1298/1349/1298
f 1298/1349/1298 1299/1350/1299 1300/1351/1300
f 1304/1355/1304 1301/1352/1301 1302/1353/1302
f 1302/1353/1302 1303/1354/1303 1304/1355/1304
f 1308/1359/1308 1305/1356/1305 1306/1357/1306
f 1306/1357/1306 1307/1358/1307 1308/1359/1308
f 1312/1363/1312 1309/1360/1309 1310/1361/1310
f 1310/1361/1310 1311/1362/1311 1312/1363/1312
f 1316/1367/1316 1313/1364/1313 1314/1365/1314
f 1314/1365/1314 1315/1366/1315 1316/1367/1316
f 1302/1353/1302 1313/1364/1313 1316/1367/1316
f 1316/1367/1316 1303/1354/1303 1302/1353/1302
f 1320/1371/1320 1317/1368/1317 1318/1369/1318
f 1318/1369/1318 1319/1370/1319 1320/1371/1320
f 1298/1349/1298 1317/1368/1317 1320/1371/1320
f 1320/1371/1320 1299/1350/1299 1298/1349/1298
f 1324/1375/1324 1321/1372/1321 1322/1373/1322
f 1322/1373/1322 1323/1374/1323 1324/1375/1324
f 1310/1361/1310 1321/1376/1321 1324/1377/1324
f 1324/1377/1324 1311/1362/1311 1310/1361/1310
f 1328/1381/1328 1325/1378/1325 1326/1379/1326
f 1326/1379/1326 1327/1380/1327 1328/1381/1328
f 1306/1357/1306 1325/1378/1325 1328/1381/1328
f 1328/1381/1328 1307/1358/1307 1306/1357/1306
f 1332/1385/1332 1329/1382/1329 1330/1383/1330
f 1330/1383/1330 1331/1384/1331 1332/1385/1332
f 1336/1389/1336 1333/1386/1333 1334/1387/1334
f 1334/1387/1334 1335/1388/1335 1336/1389/1336
f 1340/1393/1340 1337/1390/1337 1338/1391/1338
f 1338/1391/1338 1339/1392/1339 1340/1393/1340
f 1344/1397/1344 1341/1394/1341 1342/1395/1342
f 1342/1395/1342 1343/1396/1343 1344/1397/1344
f 1348/1401/1348 1345/1398/1345 1346/1399/1346
f 1346/1399/1346 1347/1400/1347 1348/1401/1348
f 1338/1391/1338 1345/1398/1345 1348/1401/1348
f 1348/1401/1348 1339/1392/1339 1338/1391/1338
f 1352/1405/1352 1349/1402/1349 1350/1403/1350
f 1350/1403/1350 1351/1404/1351 1352/1405/1352
f 1330/1383/1330 1349/1402/1349 1352/1405/1352
f 1352/1405/1352 1331/1384/1331 1330/1383/1330
f 1356/1409/1356 1353/1406/1353 1354/1407/1354
f 1354/1407/1354 1355/1408/1355 1356/1409/1356
f 1342/1395/1342 1353/1410/1353 1356/1411/1356
f 1356/1411/1356 1343/1396/1343 1342/1395/1342
f 1360/1415/1360 1357/1412/1357 1358/1413/1358
f 1358/1413/1358 1359/1414/1359 1360/1415/1360
f 1334/1387/1334 1357/1412/1357 1360/1415/1360
f 1360/1415/1360 1335/1388/1335 1334/1387/1334
f 1364/1419/1364 1361/1416/1361 1362/1417/1362
f 1362/1417/1362 1363/1418/1363 1364/1419/1364
f 1368/1423/1368 1365/1420/1365 1366/1421/1366
f 1366/1421/1366 1367/1422/1367 1368/1423/1368
f 1372/1427/1372 1369/1424/1369 1370/1425/1370
f 1370/1425/1370 1371/1426/1371 1372/1427/1372
f 1376/1431/1376 1373/1428/1373 1374/1429/1374
f 1374/1429/1374 1375/1430/1375 1376/1431/1376
f 1380/1435/1380 1377/1432/1377 1378/1433/1378
f 1378/1433/1378 1379/1434/1379 1380/1435/1380
f 1374/1429/1374 1377/1432/1377 1380/1435/1380
f 1380/1435/1380 1375/1430/1375 1374/1429/1374
f 1384/1439/1384 1381/1436/1381 1382/1437/1382
f 1382/1437/1382 1383/1438/1383 1384/1439/1384
f 1370/1425/1370 1381/1436/1381 1384/1439/1384
f 1384/1439/1384 1371/1426/1371 1370/1425/1370
f 1388/1443/1388 1385/1440/1385 1386/1441/1386
f 1386/1441/1386 1387/1442/1387 1388/1443/1388
f 1362/1417/1362 1385/1440/1385 1388/1443/1388
f 1388/1443/1388 1363/1418/1363 1362/1417/1362
f 1392/1447/1392 1389/1444/1389 1390/1445/1390
f 1390/1445/1390 1391/1446/1391 1392/1447/1392
f 1366/1421/1366 1389/1444/1389 1392/1447/1392
f 1392/1447/1392 1367/1422/1367 1366/1421/1366
f 1396/1451/1396 1393/1448/1393 1394/1449/1394
f 1394/1449/1394 1395/1450/1395 1396/1451/1396
f 1400/1455/1400 1397/1452/1397 1398/1453/1398
f 1398/1453/1398 1399/1454/1399 1400/1455/1400
f 1404/1459/1404 1401/1456/1401 1402/1457/1402
f 1402/1457/1402 1403/1458/1403 1404/1459/1404
f 1408/1463/1408 1405/1460/1405 1406/1461/1406
f 1406/1461/1406 1407/1462/1407 1408/1463/1408
f 1412/1467/1412 1409/1464/1409 1410/1465/1410
f 1410/1465/1410 1411/1466/1411 1412/1467/1412
f 1398/1453/1398 1409/1468/1409 1412/1469/1412
f 1412/1469/1412 1399/1454/1399 1398/1453/1398
f 1416/1473/1416 1413/1470/1413 1414/1471/1414
f 1414/1471/1414 1415/1472/1415 1416/1473/1416
f 1406/1461/1406 1413/1470/1413 1416/1473/1416
f 1416/1473/1416 1407/1462/1407 1406/1461/1406
f 1420/1477/1420 1417/1474/1417 1418/1475/1418
f 1418/1475/1418 1419/1476/1419 1420/1477/1420
f 1402/1457/1402 1417/1474/1417 1420/1477/1420
f 1420/1477/1420 1403/1458/1403 1402/1457/1402
f 1424/1481/1424 1421/1478/1421 1422/1479/1422
f 1422/1479/1422 1423/1480/1423 1424/1481/1424
f 1394/1449/1394 1421/1478/1421 1424/1481/1424
f 1424/1481/1424 1395/1450/1395 1394/1449/1394
f 1428/1485/1428 1425/1482/1425 1426/1483/1426
f 1426/1483/1426 1427/1484/1427 1428/1485/1428
f 1432/1489/1432 1429/1486/1429 1430/1487/1430
f 1430/1487/1430 1431/1488/1431 1432/1489/1432
f 1436/1493/1436 1433/1490/1433 1434/1491/1434
f 1434/1491/1434 1435/1492/1435 1436/1493/1436
f 1440/1497/1440 1437/1494/1437 1438/1495/1438
f 1438/1495/1438 1439/1496/1439 1440/1497/1440
f 1444/1501/1444 1441/1498/1441 1442/1499/1442
f 1442/1499/1442 1443/1500/1443 1444/1501/1444
f 1426/1483/1426 1441/1498/1441 1444/1501/1444
f 1444/1501/1444 1427/1484/1427 1426/1483/1426
f 1448/1505/1448 1445/1502/1445 1446/1503/1446
f 1446/1503/1446 1447/1504/1447 1448/1505/1448
f 1434/1491/1434 1445/1506/1445 1448/1507/1448
f 1448/1507/1448 1435/1492/1435 1434/1491/1434
f 1452/1511/1452 1449/1508/1449 1450/1509/1450
f 1450/1509/1450 1451/1510/1451 1452/1511/1452
f 1438/1495/1438 1449/1508/1449 1452/1511/1452
f 1452/1511/1452 1439/1496/1439 1438/1495/1438
f 1456/1515/1456 1453/1512/1453 1454/1513/1454
f 1454/1513/1454 1455/1514/1455 1456/1515/1456
f 1430/1487/1430 1453/1516/1453 1456/1517/1456
f 1456/1517/1456 1431/1488/1431 1430/1487/1430
f 1460/1521/1460 1457/1518/1457 1458/1519/1458
f 1458/1519/1458 1459/1520/1459 1460/1521/1460
f 1464/1525/1464 1461/1522/1461 1462/1523/1462
f 1462/1523/1462 1463/1524/1463 1464/1525/1464
f 1468/1529/1468 1465/1526/1465 1466/1527/1466
f 1466/1527/1466 1467/1528/1467 1468/1529/1468
f 1472/1533/1472 1469/1530/1469 1470/1531/1470
f 1470/1531/1470 1471/1532/1471 1472/1533/1472
f 1476/1537/1476 1473/1534/1473 1474/1535/1474
f 1474/1535/1474 1475/1536/1475 1476/1537/1476
f 1458/1519/1458 1473/1534/1473 1476/1537/1476
f 1476/1537/1476 1459/1520/1459 1458/1519/1458
f 1480/1541/1480 1477/1538/1477 1478/1539/1478
f 1478/1539/1478 1479/1540/1479 1480/1541/1480
f 1462/1523/1462 1477/1538/1477 1480/1541/1480
f 1480/1541/1480 1463/1524/1463 1462/1523/1462
f 1484/1545/1484 1481/1542/1481 1482/1543/1482
f 1482/1543/1482 1483/1544/1483 1484/1545/1484
f 1470/1531/1470 1481/1542/1481 1484/1545/1484
f 1484/1545/1484 1471/1532/1471 1470/1531/1470
f 1488/1549/1488 1485/1546/1485 1486/1547/1486
f 1486/1547/1486 1487/1548/1487 1488/1549/1488
f 1466/1527/1466 1485/1546/1485 1488/1549/1488
f 1488/1549/1488 1467/1528/1467 1466/1527/1466
f 1492/1553/1492 1489/1550/1489 1490/1551/1490
f 1490/1551/1490 1491/1552/1491 1492/1553/1492
f 1496/1557/1496 1493/1554/1493 1494/1555/1494
f 1494/1555/1494 1495/1556/1495 1496/1557/1496
f 1500/1561/1500 1497/1558/1497 1498/1559/1498
f 1498/1559/1498 1499/1560/1499 1500/1561/1500
f 1504/1565/1504 1501/1562/1501 1502/1563/1502
f 1502/1563/1502 1503/1564/1503 1504/1565/1504
f 1508/1569/1508 1505/1566/1505 1506/1567/1506
f 1506/1567/1506 1507/1568/1507 1508/1569/1508
f 1498/1559/1498 1505/1570/1505 1508/1571/1508
f 1508/1571/1508 1499/1560/1499 1498/1559/1498
f 1512/1575/1512 1509/1572/1509 1510/1573/1510
f 1510/1573/1510 1511/1574/1511 1512/1575/1512
f 1494/1555/1494 1509/1572/1509 1512/1575/1512
f 1512/1575/1512 1495/1556/1495 1494/1555/1494
f 1516/1579/1516 1513/1576/1513 1514/1577/1514
f 1514/1577/1514 1515/1578/1515 1516/1579/1516
f 1490/1551/1490 1513/1580/1513 1516/1581/1516
f 1516/1581/1516 1491/1552/1491 1490/1551/1490
f 1520/1585/1520 1517/1582/1517 1518/1583/1518
f 1518/1583/1518 1519/1584/1519 1520/1585/1520
f 1502/1563/1502 1517/1586/1517 1520/1587/1520
f 1520/1587/1520 1503/1564/1503 1502/1563/1502
f 1524/1591/1524 1521/1588/1521 1522/1589/1522
f 1522/1589/1522 1523/1590/1523 1524/1591/1524
f 1528/1595/1528 1525/1592/1525 1526/1593/1526
f 1526/1593/1526 1527/1594/1527 1528/1595/1528
f 1532/1599/1532 1529/1596/1529 1530/1597/1530
f 1530/1597/1530 1531/1598/1531 1532/1599/1532
f 1536/1603/1536 1533/1600/1533 1534/1601/1534
f 1534/1601/1534 1535/1602/1535 1536/1603/1536
f 1540/1607/1540 1537/1604/1537 1538/1605/1538
f 1538/1605/1538 1539/1606/1539 1540/1607/1540
f 1534/1601/1534 1537/1604/1537 1540/1607/1540
f 1540/1607/1540 1535/1602/1535 1534/1601/1534
f 1544/1611/1544 1541/1608/1541 1542/1609/1542
f 1542/1609/1542 1543/1610/1543 1544/1611/1544
f 1522/1589/1522 1541/1608/1541 1544/1611/1544
f 1544/1611/1544 1523/1590/1523 1522/1589/1522
f 1548/1615/1548 1545/1612/1545 1546/1613/1546
f 1546/1613/1546 1547/1614/1547 1548/1615/1548
f 1526/1593/1526 1545/1612/1545 1548/1615/1548
f 1548/1615/1548 1527/1594/1527 1526/1593/1526
f 1552/1619/1552 1549/1616/1549 1550/1617/1550
f 1550/1617/1550 1551/1618/1551 1552/1619/1552
f 1530/1597/1530 1549/1616/1549 1552/1619/1552
f 1552/1619/1552 1531/1598/1531 1530/1597/1530
f 1031/1073/1031 1553/1620/1553 1554/1621/1554
f 1554/1621/1554 1555/1622/1555 1031/1073/1031
f 1559/1626/1559 1556/1623/1556 1557/1624/1557
f 1557/1624/1557 1558/1625/1558 1559/1626/1559
f 1563/1630/1563 1560/1627/1560 1561/1628/1561
f 1561/1628/1561 1562/1629/1562 1563/1630/1563
f 1029/1071/1029 1564/1631/1564 1565/1632/1565
f 1565/1632/1565 1030/1072/1030 1029/1071/1029
f 1565/1632/1565 1566/1633/1566 1567/1634/1567
f 1567/1634/1567 1030/1072/1030 1565/1632/1565
f 1561/1638/1561 1568/1635/1568 1569/1636/1569
f 1569/1636/1569 1562/1637/1562 1561/1638/1561
f 1557/1642/1557 1570/1639/1570 1571/1640/1571
f 1571/1640/1571 1558/1641/1558 1557/1642/1557
f 1554/1621/1554 1572/1643/1572 1573/1644/1573
f 1573/1644/1573 1555/1622/1555 1554/1621/1554
f 1046/1088/1046 1574/1645/1574 1575/1646/1575
f 1575/1646/1575 1576/1647/1576 1046/1088/1046
f 1044/1086/1044 1577/1648/1577 1578/1649/1578
f 1578/1649/1578 1045/1087/1045 1044/1086/1044
f 1582/1653/1582 1579/1650/1579 1580/1651/1580
f 1580/1651/1580 1581/1652/1581 1582/1653/1582
f 1047/1089/1047 1583/1654/1583 1584/1655/1584
f 1584/1655/1584 1048/1090/1048 1047/1089/1047
f 1580/1651/1580 1585/1656/1585 1586/1657/1586
f 1586/1657/1586 1581/1652/1581 1580/1651/1580
f 1584/1655/1584 1587/1658/1587 1588/1659/1588
f 1588/1659/1588 1048/1090/1048 1584/1655/1584
f 1578/1649/1578 1589/1660/1589 1590/1661/1590
f 1590/1661/1590 1045/1087/1045 1578/1649/1578
f 1575/1646/1575 1591/1662/1591 1592/1663/1592
f 1592/1663/1592 1576/1647/1576 1575/1646/1575
f 1062/1667/1062 1593/1664/1593 1594/1665/1594
f 1594/1665/1594 1595/1666/1595 1062/1667/1062
f 1599/1671/1599 1596/1668/1596 1597/1669/1597
f 1597/1669/1597 1598/1670/1598 1599/1671/1599
f 1060/1102/1060 1600/1672/1600 1601/1673/1601
f 1601/1673/1601 1061/1103/1061 1060/1102/1060
f 1063/1105/1063 1602/1674/1602 1603/1675/1603
f 1603/1675/1603 1064/1106/1064 1063/1105/1063
f 1597/1669/1597 1604/1676/1604 1605/1677/1605
f 1605/1677/1605 1598/1670/1598 1597/1669/1597
f 1601/1681/1601 1606/1678/1606 1607/1679/1607
f 1607/1679/1607 1061/1680/1061 1601/1681/1601
f 1603/1675/1603 1608/1682/1608 1609/1683/1609
f 1609/1683/1609 1064/1106/1064 1603/1675/1603
f 1594/1665/1594 1610/1684/1610 1611/1685/1611
f 1611/1685/1611 1595/1666/1595 1594/1665/1594
f 1076/1118/1076 1612/1686/1612 1613/1687/1613
f 1613/1687/1613 1614/1688/1614 1076/1118/1076
f 1074/1116/1074 1615/1689/1615 1616/1690/1616
f 1616/1690/1616 1075/1117/1075 1074/1116/1074
f 1077/1119/1077 1617/1691/1617 1618/1692/1618
f 1618/1692/1618 1078/1120/1078 1077/1119/1077
f 1079/1121/1079 1619/1693/1619 1620/1694/1620
f 1620/1694/1620 1080/1122/1080 1079/1121/1079
f 1618/1692/1618 1621/1695/1621 1622/1696/1622
f 1622/1696/1622 1078/1120/1078 1618/1692/1618
f 1620/1694/1620 1623/1697/1623 1624/1698/1624
f 1624/1698/1624 1080/1122/1080 1620/1694/1620
f 1616/1690/1616 1625/1699/1625 1626/1700/1626
f 1626/1700/1626 1075/1117/1075 1616/1690/1616
f 1613/1687/1613 1627/1701/1627 1628/1702/1628
f 1628/1702/1628 1614/1688/1614 1613/1687/1613
f 1092/1134/1092 1629/1703/1629 1630/1704/1630
f 1630/1704/1630 1631/1705/1631 1092/1134/1092
f 1635/1709/1635 1632/1706/1632 1633/1707/1633
f 1633/1707/1633 1634/1708/1634 1635/1709/1635
f 1639/1713/1639 1636/1710/1636 1637/1711/1637
f 1637/1711/1637 1638/1712/1638 1639/1713/1639
f 1090/1132/1090 1640/1714/1640 1641/1715/1641
f 1641/1715/1641 1091/1133/1091 1090/1132/1090
f 1637/1711/1637 1642/1716/1642 1643/1717/1643
f 1643/1717/1643 1638/1712/1638 1637/1711/1637
f 1630/1704/1630 1644/1718/1644 1645/1719/1645
f 1645/1719/1645 1631/1705/1631 1630/1704/1630
f 1641/1715/1641 1646/1720/1646 1647/1721/1647
f 1647/1721/1647 1091/1133/1091 1641/1715/1641
f 1633/1707/1633 1648/1722/1648 1649/1723/1649
f 1649/1723/1649 1634/1708/1634 1633/1707/1633
f 1108/1152/1108 1650/1724/1650 1651/1725/1651
f 1651/1725/1651 1652/1726/1652 1108/1152/1108
f 1656/1730/1656 1653/1727/1653 1654/1728/1654
f 1654/1728/1654 1655/1729/1655 1656/1730/1656
f 1660/1734/1660 1657/1731/1657 1658/1732/1658
f 1658/1732/1658 1659/1733/1659 1660/1734/1660
f 1106/1738/1106 1661/1735/1661 1662/1736/1662
f 1662/1736/1662 1107/1737/1107 1106/1738/1106
f 1658/1732/1658 1663/1739/1663 1664/1740/1664
f 1664/1740/1664 1659/1733/1659 1658/1732/1658
f 1654/1744/1654 1665/1741/1665 1666/1742/1666
f 1666/1742/1666 1655/1743/1655 1654/1744/1654
f 1651/1725/1651 1667/1745/1667 1668/1746/1668
f 1668/1746/1668 1652/1726/1652 1651/1725/1651
f 1662/1736/1662 1669/1747/1669 1670/1748/1670
f 1670/1748/1670 1107/1749/1107 1662/1736/1662
f 1119/1753/1119 1671/1750/1671 1672/1751/1672
f 1672/1751/1672 1673/1752/1673 1119/1753/1119
f 1677/1757/1677 1674/1754/1674 1675/1755/1675
f 1675/1755/1675 1676/1756/1676 1677/1757/1677
f 1681/1761/1681 1678/1758/1678 1679/1759/1679
f 1679/1759/1679 1680/1760/1680 1681/1761/1681
f 1117/1161/1117 1682/1762/1682 1683/1763/1683
f 1683/1763/1683 1118/1162/1118 1117/1161/1117
f 1675/1755/1675 1684/1764/1684 1685/1765/1685
f 1685/1765/1685 1676/1756/1676 1675/1755/1675
f 1683/1769/1683 1686/1766/1686 1687/1767/1687
f 1687/1767/1687 1118/1768/1118 1683/1769/1683
f 1679/1759/1679 1688/1770/1688 1689/1771/1689
f 1689/1771/1689 1680/1760/1680 1679/1759/1679
f 1672/1751/1672 1690/1772/1690 1691/1773/1691
f 1691/1773/1691 1673/1752/1673 1672/1751/1672
f 1133/1177/1133 1692/1774/1692 1693/1775/1693
f 1693/1775/1693 1694/1776/1694 1133/1177/1133
f 1698/1780/1698 1695/1777/1695 1696/1778/1696
f 1696/1778/1696 1697/1779/1697 1698/1780/1698
f 1702/1784/1702 1699/1781/1699 1700/1782/1700
f 1700/1782/1700 1701/1783/1701 1702/1784/1702
f 1131/1175/1131 1703/1785/1703 1704/1786/1704
f 1704/1786/1704 1132/1176/1132 1131/1175/1131
f 1704/1786/1704 1705/1787/1705 1706/1788/1706
f 1706/1788/1706 1132/1176/1132 1704/1786/1704
f 1696/1778/1696 1707/1789/1707 1708/1790/1708
f 1708/1790/1708 1697/1779/1697 1696/1778/1696
f 1700/1782/1700 1709/1791/1709 1710/1792/1710
f 1710/1792/1710 1701/1783/1701 1700/1782/1700
f 1693/1775/1693 1711/1793/1711 1712/1794/1712
f 1712/1794/1712 1694/1776/1694 1693/1775/1693
f 1145/1189/1145 1713/1795/1713 1714/1796/1714
f 1714/1796/1714 1715/1797/1715 1145/1189/1145
f 1719/1801/1719 1716/1798/1716 1717/1799/1717
f 1717/1799/1717 1718/1800/1718 1719/1801/1719
f 1723/1805/1723 1720/1802/1720 1721/1803/1721
f 1721/1803/1721 1722/1804/1722 1723/1805/1723
f 1143/1187/1143 1724/1806/1724 1725/1807/1725
f 1725/1807/1725 1144/1188/1144 1143/1187/1143
f 1717/1799/1717 1726/1808/1726 1727/1809/1727
f 1727/1809/1727 1718/1800/1718 1717/1799/1717
f 1725/1807/1725 1728/1810/1728 1729/1811/1729
f 1729/1811/1729 1144/1188/1144 1725/1807/1725
f 1714/1796/1714 1730/1812/1730 1731/1813/1731
f 1731/1813/1731 1715/1797/1715 1714/1796/1714
f 1721/1803/1721 1732/1814/1732 1733/1815/1733
f 1733/1815/1733 1722/1804/1722 1721/1803/1721
f 1159/1203/1159 1734/1816/1734 1735/1817/1735
f 1735/1817/1735 1736/1818/1736 1159/1203/1159
f 1740/1822/1740 1737/1819/1737 1738/1820/1738
f 1738/1820/1738 1739/1821/1739 1740/1822/1740
f 1744/1826/1744 1741/1823/1741 1742/1824/1742
f 1742/1824/1742 1743/1825/1743 1744/1826/1744
f 1157/1201/1157 1745/1827/1745 1746/1828/1746
f 1746/1828/1746 1158/1202/1158 1157/1201/1157
f 1738/1820/1738 1747/1829/1747 1748/1830/1748
f 1748/1830/1748 1739/1821/1739 1738/1820/1738
f 1735/1817/1735 1749/1831/1749 1750/1832/1750
f 1750/1832/1750 1736/1818/1736 1735/1817/1735
f 1746/1828/1746 1751/1833/1751 1752/1834/1752
f 1752/1834/1752 1158/1202/1158 1746/1828/1746
f 1742/1824/1742 1753/1835/1753 1754/1836/1754
f 1754/1836/1754 1743/1825/1743 1742/1824/1742
f 1/1/1 4/4/4 354/360/354
f 354/360/354 353/359/353 1/1/1
f 1/1/1 353/359/353 359/365/359
f 359/365/359 5/5/5 1/1/1
f 7/7/7 15/15/15 375/381/375
f 375/381/375 8/8/8 7/7/7
f 7/7/7 10/10/10 1224/1270/1224
f 1224/1270/1224 11/11/11 7/7/7
f 16/16/16 26/26/26 1755/1837/1755
f 1755/1837/1755 22/22/22 16/16/16
f 16/16/16 19/19/19 1756/1838/1756
f 1756/1838/1756 24/24/24 16/16/16
f 27/27/27 30/30/30 399/405/399
f 399/405/399 398/404/398 27/27/27
f 27/27/27 398/404/398 619/633/619
f 619/633/619 618/632/618 27/27/27
f 31/31/31 34/34/34 407/413/407
f 407/413/407 406/412/406 31/31/31
f 31/31/31 406/412/406 414/421/414
f 414/421/414 35/35/35 31/31/31
f 37/37/37 40/40/40 775/799/775
f 775/799/775 41/41/41 37/37/37
f 37/37/37 43/43/43 432/439/432
f 432/439/432 38/38/38 37/37/37
f 44/44/44 47/47/47 439/446/439
f 439/446/439 438/445/438 44/44/44
f 44/1840/44 438/1839/438 443/450/443
f 443/450/443 442/449/442 44/1840/44
f 44/1840/44 442/449/442 1015/1055/1015
f 1015/1055/1015 45/1841/45 44/1840/44
f 48/48/48 51/51/51 1757/1842/1757
f 1757/1842/1757 436/443/436 48/48/48
f 56/56/56 59/59/59 1097/1141/1097
f 1097/1141/1097 1096/1140/1096 56/56/56
f 56/56/56 62/62/62 1758/1843/1758
f 1758/1843/1758 57/57/57 56/56/56
f 56/56/56 1096/1140/1096 1759/1844/1759
f 1759/1844/1759 60/60/60 56/56/56
f 63/63/63 66/66/66 476/483/476
f 476/483/476 475/482/475 63/63/63
f 63/63/63 475/482/475 822/849/822
f 822/849/822 459/466/459 63/63/63
f 67/67/67 70/70/70 1126/1170/1126
f 1126/1170/1126 71/71/71 67/67/67
f 67/67/67 73/73/73 485/492/485
f 485/492/485 68/68/68 67/67/67
f 74/74/74 77/77/77 947/983/947
f 947/983/947 396/402/396 74/74/74
f 80/80/80 83/83/83 1760/1845/1760
f 1760/1845/1760 84/84/84 80/80/80
f 89/89/89 92/92/92 509/516/509
f 509/516/509 508/515/508 89/89/89
f 89/89/89 508/1846/508 1761/1847/1761
f 1761/1847/1761 93/93/93 89/89/89
f 96/96/96 99/99/99 1762/1848/1762
f 1762/1848/1762 100/100/100 96/96/96
f 103/103/103 106/106/106 868/902/868
f 868/902/868 107/107/107 103/103/103
f 110/110/110 113/113/113 886/920/886
f 886/920/886 114/1849/114 110/110/110
f 110/114/110 116/117/116 1101/1145/1101
f 1101/1145/1101 111/1850/111 110/114/110
f 117/118/117 120/121/120 838/867/838
f 838/867/838 567/577/567 117/118/117
f 123/128/123 126/1851/126 1763/1852/1763
f 1763/1852/1763 127/129/127 123/128/123
f 123/128/123 129/131/129 983/1021/983
f 983/1021/983 124/1853/124 123/128/123
f 130/132/130 133/135/133 1228/1274/1228
f 1228/1274/1228 136/138/136 130/132/130
f 139/141/139 145/147/145 1764/1854/1764
f 1764/1854/1764 140/142/140 139/141/139
f 146/148/146 149/151/149 1765/1855/1765
f 1765/1855/1765 430/437/430 146/148/146
f 169/171/169 175/177/175 903/939/903
f 903/939/903 170/172/170 169/171/169
f 176/178/176 182/184/182 896/932/896
f 896/932/896 177/179/177 176/178/176
f 183/185/183 186/188/186 613/627/613
f 613/627/613 612/626/612 183/185/183
f 1177/1223/1177 186/188/186 185/187/185
f 185/187/185 1178/1224/1178 1177/1223/1177
f 187/189/187 190/192/190 875/909/875
f 875/909/875 193/195/193 187/189/187
f 195/197/195 201/203/201 609/623/609
f 609/623/609 608/622/608 195/197/195
f 202/204/202 205/207/205 1057/1099/1057
f 1057/1099/1057 598/610/598 202/204/202
f 208/210/208 211/213/211 872/906/872
f 872/906/872 582/594/582 208/210/208
f 216/1857/216 219/1856/219 587/599/587
f 587/599/587 586/598/586 216/1857/216
f 1170/1214/1170 217/219/217 221/223/221
f 221/223/221 1171/1215/1171 1170/1214/1170
f 216/1857/216 586/598/586 1766/1858/1766
f 1766/1858/1766 220/1859/220 216/1857/216
f 195/197/195 198/200/198 1767/1860/1767
f 1767/1860/1767 199/201/199 195/197/195
f 1182/1228/1182 188/190/188 192/194/192
f 192/194/192 1183/1229/1183 1182/1228/1182
f 195/197/195 608/622/608 1768/1861/1768
f 1768/1861/1768 196/198/196 195/197/195
f 183/185/183 612/626/612 906/942/906
f 906/942/906 473/480/473 183/185/183
f 27/27/27 618/632/618 913/949/913
f 913/949/913 365/371/365 27/27/27
f 222/228/222 227/231/227 665/682/665
f 665/682/665 664/681/664 222/228/222
f 228/232/228 231/235/231 697/716/697
f 697/716/697 696/715/696 228/232/228
f 232/236/232 235/239/235 689/706/689
f 689/706/689 688/705/688 232/236/232
f 236/240/236 239/243/239 693/710/693
f 693/710/693 692/709/692 236/240/236
f 242/246/242 245/249/245 661/678/661
f 661/678/661 660/677/660 242/246/242
f 246/250/246 249/253/249 677/694/677
f 677/694/677 676/693/676 246/250/246
f 250/254/250 253/257/253 685/702/685
f 685/702/685 684/701/684 250/254/250
f 254/1864/254 257/1862/257 929/965/929
f 929/965/929 260/1863/260 254/1864/254
f 262/266/262 265/269/265 669/686/669
f 669/686/669 668/685/668 262/266/262
f 266/1866/266 269/1865/269 657/674/657
f 657/674/657 656/673/656 266/1866/266
f 270/274/270 273/277/273 919/955/919
f 919/955/919 276/280/276 270/274/270
f 278/282/278 281/285/281 1034/1076/1034
f 1034/1076/1034 1033/1075/1033 278/282/278
f 266/1866/266 656/673/656 922/958/922
f 922/958/922 512/1867/512 266/1866/266
f 242/246/242 660/677/660 926/962/926
f 926/962/926 496/503/496 242/246/242
f 222/224/222 664/1868/664 932/968/932
f 932/968/932 357/363/357 222/224/222
f 262/266/262 668/685/668 936/972/936
f 936/972/936 506/513/506 262/266/262
f 278/282/278 1033/1075/1033 1769/1869/1769
f 1769/1869/1769 1770/1870/1770 278/282/278
f 246/250/246 676/693/676 945/981/945
f 945/981/945 492/499/492 246/250/246
f 250/254/250 684/701/684 1771/1871/1771
f 1771/1871/1771 502/509/502 250/254/250
f 232/236/232 688/705/688 957/993/957
f 957/993/957 402/408/402 232/236/232
f 236/240/236 692/709/692 961/999/961
f 961/999/961 240/244/240 236/240/236
f 228/232/228 696/715/696 966/1004/966
f 966/1004/966 373/379/373 228/232/228
f 284/288/284 287/291/287 751/772/751
f 751/772/751 750/771/750 284/288/284
f 288/292/288 291/295/291 737/758/737
f 737/758/737 736/757/736 288/292/288
f 292/296/292 295/299/295 747/768/747
f 747/768/747 746/767/746 292/296/292
f 296/300/296 299/303/299 1772/1872/1772
f 1772/1872/1772 1773/1873/1773 296/300/296
f 300/304/300 303/307/303 743/764/743
f 743/764/743 742/763/742 300/304/300
f 304/308/304 307/311/307 1003/1041/1003
f 1003/1041/1003 310/314/310 304/308/304
f 312/316/312 315/319/315 996/1034/996
f 996/1034/996 318/322/318 312/316/312
f 320/330/320 323/1874/323 976/1014/976
f 976/1014/976 326/331/326 320/330/320
f 328/334/328 331/337/331 986/1024/986
f 986/1024/986 334/340/334 328/334/328
f 336/342/336 339/345/339 1018/1058/1018
f 1018/1058/1018 342/348/342 336/342/336
f 288/292/288 736/757/736 973/1011/973
f 973/1011/973 417/424/417 288/292/288
f 300/304/300 742/763/742 981/1019/981
f 981/1019/981 542/550/542 300/304/300
f 292/296/292 746/767/746 989/1027/989
f 989/1027/989 426/433/426 292/296/292
f 284/288/284 750/771/750 993/1031/993
f 993/1031/993 412/419/412 284/288/284
f 296/300/296 1773/1873/1773 1013/1052/1013
f 1013/1052/1013 446/453/446 296/300/296
f 1199/1245/1199 1773/1873/1773 1772/1872/1772
f 1772/1872/1772 1200/1246/1200 1199/1245/1199
f 344/350/344 348/354/348 1774/1875/1774
f 1774/1875/1774 964/1002/964 344/350/344
f 349/355/349 22/22/22 1755/1837/1755
f 1755/1837/1755 1775/1876/1775 349/355/349
f 352/358/352 357/363/357 932/968/932
f 932/968/932 931/967/931 352/358/352
f 222/224/222 357/363/357 356/362/356
f 356/362/356 223/225/223 222/224/222
f 358/364/358 86/86/86 85/85/85
f 85/85/85 798/823/798 358/364/358
f 80/80/80 86/86/86 361/367/361
f 361/367/361 87/1877/87 80/80/80
f 362/368/362 365/371/365 913/949/913
f 913/949/913 912/948/912 362/368/362
f 27/27/27 365/371/365 364/370/364
f 364/370/364 1162/1206/1162 27/27/27
f 228/232/228 373/379/373 372/378/372
f 372/378/372 682/699/682 228/232/228
f 370/376/370 373/379/373 966/1004/966
f 966/1004/966 1222/1268/1222 370/376/370
f 89/89/89 95/95/95 377/383/377
f 377/383/377 90/90/90 89/89/89
f 374/380/374 95/95/95 94/94/94
f 94/94/94 950/986/950 374/380/374
f 378/384/378 381/387/381 1164/1208/1164
f 1164/1208/1164 772/796/772 378/384/378
f 386/392/386 71/71/71 1126/1170/1126
f 1126/1170/1126 1125/1169/1125 386/392/386
f 390/396/390 102/102/102 101/101/101
f 101/101/101 1180/1226/1180 390/396/390
f 96/96/96 102/102/102 392/398/392
f 392/398/392 97/97/97 96/96/96
f 74/74/74 396/402/396 395/401/395
f 395/401/395 78/78/78 74/74/74
f 393/399/393 396/402/396 947/983/947
f 947/983/947 946/982/946 393/399/393
f 232/236/232 402/408/402 401/407/401
f 401/407/401 233/237/233 232/236/232
f 397/403/397 402/408/402 957/993/957
f 957/993/957 956/992/956 397/403/397
f 403/409/403 41/41/41 775/799/775
f 775/799/775 774/798/774 403/409/403
f 405/1878/405 45/1841/45 1015/1055/1015
f 1015/1055/1015 1014/1054/1014 405/1878/405
f 284/288/284 412/419/412 411/418/411
f 411/418/411 285/289/285 284/288/284
f 409/416/409 412/419/412 993/1031/993
f 993/1031/993 992/1030/992 409/416/409
f 413/420/413 417/424/417 973/1011/973
f 973/1011/973 972/1010/972 413/420/413
f 288/292/288 417/424/417 416/423/416
f 416/423/416 289/293/289 288/292/288
f 418/425/418 422/429/422 1776/1879/1776
f 1776/1879/1776 776/800/776 418/425/418
f 423/430/423 426/433/426 989/1027/989
f 989/1027/989 988/1026/988 423/430/423
f 292/296/292 426/433/426 425/432/425
f 425/432/425 293/297/293 292/296/292
f 427/434/427 430/437/430 1765/1855/1765
f 1765/1855/1765 848/880/848 427/434/427
f 146/148/146 430/437/430 429/436/429
f 429/436/429 150/152/150 146/148/146
f 48/48/48 436/443/436 435/442/435
f 435/442/435 52/52/52 48/48/48
f 433/440/433 436/443/436 1757/1842/1757
f 1757/1842/1757 827/855/827 433/440/433
f 437/1880/437 124/1853/124 983/1021/983
f 983/1021/983 982/1020/982 437/1880/437
f 296/300/296 446/453/446 445/452/445
f 445/452/445 297/301/297 296/300/296
f 441/448/441 446/453/446 1013/1052/1013
f 1013/1052/1013 1012/1051/1012 441/448/441
f 447/454/447 131/133/131 135/137/135
f 135/137/135 1777/1881/1777 447/454/447
f 449/456/449 164/166/164 163/165/163
f 163/165/163 864/898/864 449/456/449
f 161/163/161 164/166/164 451/458/451
f 451/458/451 167/169/167 161/163/161
f 456/463/456 459/466/459 822/849/822
f 822/849/822 1186/1232/1186 456/463/456
f 63/63/63 459/466/459 458/465/458
f 458/465/458 64/64/64 63/63/63
f 460/467/460 191/193/191 194/196/194
f 194/196/194 794/819/794 460/467/460
f 466/1882/466 111/1850/111 1101/1145/1101
f 1101/1145/1101 1100/1144/1100 466/1882/466
f 183/185/183 473/480/473 472/479/472
f 472/479/472 184/186/184 183/185/183
f 470/477/470 473/480/473 906/942/906
f 906/942/906 905/941/905 470/477/470
f 474/481/474 118/119/118 122/123/122
f 122/123/122 823/850/823 474/481/474
f 478/485/478 78/78/78 395/401/395
f 395/401/395 787/812/787 478/485/478
f 481/488/481 483/490/483 1217/1263/1217
f 1217/1263/1217 1778/1883/1778 481/488/481
f 484/491/484 488/495/488 961/999/961
f 961/999/961 960/998/960 484/491/484
f 1214/1260/1214 488/495/488 487/494/487
f 487/494/487 1040/1082/1040 1214/1260/1214
f 246/250/246 492/499/492 491/498/491
f 491/498/491 247/251/247 246/250/246
f 489/496/489 492/499/492 945/981/945
f 945/981/945 944/980/944 489/496/489
f 493/500/493 496/503/496 926/962/926
f 926/962/926 925/961/925 493/500/493
f 242/246/242 496/503/496 495/502/495
f 495/502/495 243/247/243 242/246/242
f 497/504/497 97/97/97 392/398/392
f 392/398/392 910/946/910 497/504/497
f 499/506/499 502/509/502 1771/1871/1771
f 1771/1871/1771 952/988/952 499/506/499
f 250/254/250 502/509/502 501/508/501
f 501/508/501 251/255/251 250/254/250
f 503/510/503 506/513/506 936/972/936
f 936/972/936 935/971/935 503/510/503
f 262/266/262 506/513/506 505/512/505
f 505/512/505 263/267/263 262/266/262
f 507/1884/507 512/1867/512 922/958/922
f 922/958/922 921/957/921 507/1884/507
f 266/270/266 512/519/512 511/518/511
f 511/518/511 267/271/267 266/270/266
f 513/520/513 516/523/516 1779/1885/1779
f 1779/1885/1779 517/524/517 513/520/513
f 520/527/520 340/346/340 343/349/343
f 343/349/343 866/900/866 520/527/520
f 522/529/522 524/531/524 1210/1256/1210
f 1210/1256/1210 887/921/887 522/529/522
f 525/532/525 179/181/179 178/180/178
f 178/180/178 814/841/814 525/532/525
f 176/178/176 179/181/179 527/534/527
f 527/534/527 180/182/180 176/178/176
f 529/536/529 172/174/172 171/173/171
f 171/173/171 839/868/839 529/536/529
f 169/171/169 172/174/172 531/538/531
f 531/538/531 173/175/173 169/171/169
f 532/539/532 535/542/535 1780/1886/1780
f 1780/1886/1780 536/1887/536 532/539/532
f 539/547/539 542/550/542 981/1019/981
f 981/1019/981 980/1018/980 539/547/539
f 300/304/300 542/550/542 541/549/541
f 541/549/541 301/305/301 300/304/300
f 543/551/543 162/164/162 166/168/166
f 166/168/166 1226/1272/1226 543/551/543
f 545/553/545 549/557/549 1781/1888/1781
f 1781/1888/1781 1782/1889/1782 545/553/545
f 550/558/550 552/560/552 1195/1241/1195
f 1195/1241/1195 1783/1890/1783 550/558/550
f 553/561/553 332/338/332 335/341/335
f 335/341/335 901/937/901 553/561/553
f 139/141/139 142/144/142 557/565/557
f 557/565/557 143/145/143 139/141/139
f 555/563/555 142/144/142 141/143/141
f 141/143/141 894/930/894 555/563/555
f 558/566/558 274/569/274 277/876/277
f 277/876/277 844/875/844 558/566/558
f 562/572/562 258/262/258 261/265/261
f 261/265/261 876/910/876 562/572/562
f 564/574/564 567/577/567 838/867/838
f 838/867/838 837/866/837 564/574/564
f 117/118/117 567/577/567 566/576/566
f 566/576/566 121/122/121 117/118/117
f 572/1891/572 114/1849/114 886/920/886
f 886/920/886 885/919/885 572/1891/572
f 575/587/575 64/64/64 458/465/458
f 458/465/458 870/904/870 575/587/575
f 577/589/577 57/57/57 1758/1843/1758
f 1758/1843/1758 1784/1892/1784 577/589/577
f 208/210/208 582/594/582 581/593/581
f 581/593/581 212/214/212 208/210/208
f 579/591/579 582/594/582 872/906/872
f 872/906/872 871/905/871 579/591/579
f 585/597/585 193/195/193 875/909/875
f 875/909/875 874/908/874 585/597/585
f 589/601/589 184/186/184 472/479/472
f 472/479/472 881/915/881 589/601/589
f 202/204/202 598/610/598 597/609/597
f 597/609/597 206/208/206 202/204/202
f 595/607/595 598/610/598 1057/1099/1057
f 1057/1099/1057 1056/1098/1056 595/607/595
f 601/613/601 177/179/177 896/932/896
f 896/932/896 895/931/895 601/613/601
f 605/619/605 180/182/180 527/534/527
f 527/534/527 898/934/898 605/619/605
f 607/621/607 170/172/170 903/939/903
f 903/939/903 902/938/902 607/621/607
f 611/625/611 173/175/173 531/538/531
f 531/538/531 907/943/907 611/625/611
f 615/629/615 84/84/84 1760/1845/1760
f 1760/1845/1760 909/945/909 615/629/615
f 617/631/617 90/90/90 377/383/377
f 377/383/377 914/950/914 617/631/617
f 621/637/621 220/1859/220 1766/1858/1766
f 1766/1858/1766 879/913/879 621/637/621
f 627/646/627 632/649/632 1785/1893/1785
f 1785/1893/1785 781/1894/781 627/646/627
f 103/103/103 109/109/109 635/652/635
f 635/652/635 104/104/104 103/103/103
f 633/650/633 109/109/109 108/108/108
f 108/108/108 809/836/809 633/650/633
f 636/653/636 308/312/308 311/315/311
f 311/315/311 825/853/825 636/653/636
f 638/655/638 316/320/316 319/323/319
f 319/323/319 830/858/830 638/655/638
f 640/657/640 104/104/104 635/652/635
f 635/652/635 807/834/807 640/657/640
f 642/659/642 140/142/140 1764/1854/1764
f 1764/1854/1764 834/863/834 642/659/642
f 644/1895/644 87/1877/87 361/367/361
f 361/367/361 930/966/930 644/1895/644
f 646/663/646 107/107/107 868/902/868
f 868/902/868 867/901/867 646/663/646
f 648/1896/648 324/333/324 327/332/327
f 327/332/327 843/872/843 648/1896/648
f 650/667/650 93/93/93 1761/1847/1761
f 1761/1847/1761 920/956/920 650/667/650
f 152/154/152 155/157/155 654/671/654
f 654/671/654 156/158/156 152/154/152
f 652/669/652 155/157/155 154/156/154
f 154/156/154 1198/1244/1198 652/669/652
f 655/672/655 276/280/276 919/955/919
f 919/955/919 918/954/918 655/672/655
f 659/676/659 247/251/247 491/498/491
f 491/498/491 924/960/924 659/676/659
f 663/1897/663 260/1863/260 929/965/929
f 929/965/929 928/964/928 663/1897/663
f 667/684/667 267/271/267 511/518/511
f 511/518/511 934/970/934 667/684/667
f 671/688/671 237/241/237 241/245/241
f 241/245/241 1039/1081/1039 671/688/671
f 675/692/675 233/237/233 401/407/401
f 401/407/401 943/979/943 675/692/675
f 679/696/679 682/699/682 372/378/372
f 372/378/372 949/985/949 679/696/679
f 228/232/228 682/699/682 681/698/681
f 681/698/681 229/233/229 228/232/228
f 683/700/683 279/283/279 283/287/283
f 283/287/283 1786/1898/1786 683/700/683
f 687/704/687 263/267/263 505/512/505
f 505/512/505 955/991/955 687/704/687
f 691/708/691 243/713/243 495/996/495
f 495/996/495 959/995/959 691/708/691
f 695/714/695 701/720/701 1787/1899/1787
f 1787/1899/1787 967/1005/967 695/714/695
f 702/721/702 251/255/251 501/508/501
f 501/508/501 969/1007/969 702/721/702
f 704/723/704 206/208/206 597/609/597
f 597/609/597 811/838/811 704/723/704
f 706/727/706 709/730/709 557/565/557
f 557/565/557 832/1900/832 706/727/706
f 1201/1247/1201 709/730/709 708/729/708
f 708/729/708 1072/1114/1072 1201/1247/1201
f 710/731/710 196/198/196 1768/1861/1768
f 1768/1861/1768 900/936/900 710/731/710
f 712/733/712 715/736/715 1788/1901/1788
f 1788/1901/1788 716/737/716 712/733/712
f 719/740/719 153/155/153 160/162/160
f 160/162/160 1789/1902/1789 719/740/719
f 721/742/721 723/744/723 1232/1279/1232
f 1232/1279/1232 1004/1042/1004 721/742/721
f 724/745/724 728/749/728 1790/1903/1790
f 1790/1903/1790 997/1035/997 724/745/724
f 729/1904/729 147/149/147 151/153/151
f 151/153/151 977/1015/977 729/1904/729
f 731/752/731 150/152/150 429/436/429
f 429/436/429 987/1025/987 731/752/731
f 733/754/733 165/167/165 168/170/168
f 168/170/168 1019/1059/1019 733/754/733
f 735/756/735 285/289/285 411/418/411
f 411/418/411 971/1009/971 735/756/735
f 739/760/739 326/331/326 976/1014/976
f 976/1014/976 975/1013/975 739/760/739
f 741/762/741 297/301/297 445/452/445
f 445/452/445 979/1017/979 741/762/741
f 745/766/745 334/340/334 986/1024/986
f 986/1024/986 985/1023/985 745/766/745
f 749/770/749 293/297/293 425/432/425
f 425/432/425 991/1029/991 749/770/749
f 753/774/753 318/322/318 996/1034/996
f 996/1034/996 995/1033/995 753/774/753
f 755/776/755 301/305/301 541/549/541
f 541/549/541 1000/1038/1000 755/776/755
f 757/778/757 310/314/310 1003/1041/1003
f 1003/1041/1003 1002/1040/1002 757/778/757
f 760/782/760 289/293/289 416/423/416
f 416/423/416 1011/1049/1011 760/782/760
f 764/788/764 342/348/342 1018/1058/1018
f 1018/1058/1018 1017/1057/1017 764/788/764
f 349/355/349 1775/1876/1775 1152/1196/1152
f 1152/1196/1152 351/357/351 349/355/349
f 1165/1209/1165 1775/1876/1775 1755/1837/1755
f 1755/1837/1755 1166/1210/1166 1165/1209/1165
f 344/350/344 345/351/345 1791/1905/1791
f 1791/1905/1791 346/352/346 344/350/344
f 766/790/766 772/796/772 1164/1208/1164
f 1164/1208/1164 767/791/767 766/790/766
f 378/384/378 772/796/772 771/795/771
f 771/795/771 382/388/382 378/384/378
f 418/425/418 776/800/776 775/799/775
f 775/799/775 40/40/40 418/425/418
f 773/797/773 776/800/776 1776/1879/1776
f 1776/1879/1776 777/801/777 773/797/773
f 403/409/403 774/798/774 407/413/407
f 407/413/407 34/34/34 403/409/403
f 627/643/627 781/805/781 780/804/780
f 780/804/780 628/644/628 627/643/627
f 778/806/778 781/1894/781 1785/1893/1785
f 1785/1893/1785 785/810/785 778/806/778
f 695/714/695 698/717/698 1792/1906/1792
f 1792/1906/1792 699/718/699 695/714/695
f 386/392/386 1125/1169/1125 1793/1907/1793
f 1793/1907/1793 1794/1908/1794 386/392/386
f 786/811/786 394/400/394 29/29/29
f 29/29/29 790/815/790 786/811/786
f 478/485/478 787/812/787 789/814/789
f 789/814/789 480/487/480 478/485/478
f 793/818/793 588/600/588 587/599/587
f 587/599/587 795/820/795 793/818/793
f 460/467/460 794/819/794 796/821/796
f 796/821/796 462/469/462 460/467/460
f 577/589/577 1784/1892/1784 587/1909/587
f 587/1909/587 219/221/219 577/589/577
f 1175/1219/1175 1784/1892/1784 1758/1843/1758
f 1758/1843/1758 1176/1220/1176 1175/1219/1175
f 358/364/358 798/823/798 6/6/6
f 6/6/6 5/5/5 358/364/358
f 797/822/797 798/823/798 85/85/85
f 85/85/85 616/630/616 797/822/797
f 799/824/799 559/567/559 561/571/561
f 561/571/561 801/828/801 799/824/799
f 627/643/627 629/645/629 1795/1910/1795
f 1795/1910/1795 630/1911/630 627/643/627
f 390/396/390 1180/1226/1180 18/18/18
f 18/18/18 17/17/17 390/396/390
f 804/831/804 387/393/387 389/395/389
f 389/395/389 805/832/805 804/831/804
f 640/657/640 807/834/807 677/694/677
f 677/694/677 249/253/249 640/657/640
f 806/833/806 807/834/807 635/652/635
f 635/652/635 634/651/634 806/833/806
f 633/650/633 809/836/809 689/706/689
f 689/706/689 235/239/235 633/650/633
f 808/835/808 809/836/809 108/108/108
f 108/108/108 647/664/647 808/835/808
f 704/723/704 811/838/811 751/772/751
f 751/772/751 287/291/287 704/723/704
f 810/837/810 811/838/811 597/609/597
f 597/609/597 596/608/596 810/837/810
f 810/837/810 596/608/596 600/612/600
f 600/612/600 812/839/812 810/837/810
f 466/1882/466 1100/1144/1100 1796/1912/1796
f 1796/1912/1796 1797/1913/1797 466/1882/466
f 813/840/813 602/614/602 604/616/604
f 604/616/604 817/844/817 813/840/813
f 525/532/525 814/841/814 816/843/816
f 816/843/816 528/535/528 525/532/525
f 474/481/474 823/850/823 822/849/822
f 822/849/822 475/482/475 474/481/474
f 820/847/820 823/850/823 122/123/122
f 122/123/122 523/530/523 820/847/820
f 456/463/456 1186/1232/1186 1097/1141/1097
f 1097/1141/1097 59/59/59 456/463/456
f 820/847/820 467/474/467 469/476/469
f 469/476/469 821/848/821 820/847/820
f 824/851/824 639/852/639 244/712/244
f 244/712/244 694/711/694 824/851/824
f 636/653/636 825/853/825 693/710/693
f 693/710/693 239/243/239 636/653/636
f 447/454/447 1777/1881/1777 1757/1842/1757
f 1757/1842/1757 51/51/51 447/454/447
f 1187/1233/1187 1777/1881/1777 135/137/135
f 135/137/135 1021/1061/1021 1187/1233/1187
f 826/854/826 827/855/827 1757/1842/1757
f 1757/1842/1757 828/856/828 826/854/826
f 433/440/433 827/855/827 439/446/439
f 439/446/439 47/47/47 433/440/433
f 829/857/829 521/528/521 105/105/105
f 105/105/105 641/658/641 829/857/829
f 638/655/638 830/858/830 661/678/661
f 661/678/661 245/249/245 638/655/638
f 706/725/706 832/860/832 737/758/737
f 737/758/737 291/295/291 706/725/706
f 831/861/831 832/1900/832 557/565/557
f 557/565/557 556/564/556 831/861/831
f 642/659/642 834/863/834 685/702/685
f 685/702/685 253/257/253 642/659/642
f 833/862/833 834/863/834 1764/1854/1764
f 1764/1854/1764 1782/1889/1782 833/862/833
f 545/553/545 1782/1889/1782 1764/1854/1764
f 1764/1854/1764 145/147/145 545/553/545
f 833/862/833 1782/1889/1782 1781/1888/1781
f 1781/1888/1781 835/864/835 833/862/833
f 1190/1236/1190 610/624/610 609/623/609
f 609/623/609 1191/1237/1191 1190/1236/1190
f 836/865/836 839/868/839 171/173/171
f 171/173/171 840/869/840 836/865/836
f 529/536/529 839/868/839 838/867/838
f 838/867/838 120/121/120 529/536/529
f 564/574/564 837/866/837 841/870/841
f 841/870/841 568/578/568 564/574/564
f 842/871/842 554/562/554 174/176/174
f 174/176/174 614/628/614 842/871/842
f 648/1896/648 843/872/843 657/874/657
f 657/874/657 269/1914/269 648/1896/648
f 558/566/558 844/875/844 613/627/613
f 613/627/613 560/570/560 558/566/558
f 845/877/845 848/880/848 1765/1855/1765
f 1765/1855/1765 1783/1890/1783 845/877/845
f 427/434/427 848/880/848 847/879/847
f 847/879/847 431/438/431 427/434/427
f 418/425/418 419/426/419 1798/1915/1798
f 1798/1915/1798 420/427/420 418/425/418
f 845/877/845 1783/1890/1783 1195/1241/1195
f 1195/1241/1195 849/881/849 845/877/845
f 550/558/550 1783/1890/1783 1765/1855/1765
f 1765/1855/1765 149/151/149 550/558/550
f 719/740/719 1789/1902/1789 743/764/743
f 743/764/743 303/307/303 719/740/719
f 1196/1242/1196 1789/1902/1789 160/162/160
f 160/162/160 1068/1110/1068 1196/1242/1196
f 852/884/852 744/765/744 743/764/743
f 743/764/743 853/885/853 852/884/852
f 854/886/854 637/654/637 238/242/238
f 238/242/238 672/689/672 854/886/854
f 652/669/652 1198/1244/1198 1034/1076/1034
f 1034/1076/1034 281/285/281 652/669/652
f 854/886/854 672/689/672 674/691/674
f 674/691/674 855/887/855 854/886/854
f 712/733/712 718/739/718 1772/1872/1772
f 1772/1872/1772 299/303/299 712/733/712
f 856/889/856 761/787/761 763/786/763
f 763/786/763 857/890/857 856/889/856
f 545/553/545 546/554/546 1799/1916/1799
f 1799/1916/1799 547/555/547 545/553/545
f 449/456/449 864/898/864 863/897/863
f 863/897/863 452/459/452 449/456/449
f 861/895/861 864/898/864 163/165/163
f 163/165/163 544/552/544 861/895/861
f 1202/1248/1202 448/455/448 50/50/50
f 50/50/50 1203/1249/1203 1202/1248/1202
f 861/895/861 544/552/544 132/134/132
f 132/134/132 862/896/862 861/895/861
f 865/899/865 649/666/649 268/272/268
f 268/272/268 670/687/670 865/899/865
f 520/527/520 866/900/866 868/902/868
f 868/902/868 106/106/106 520/527/520
f 646/663/646 867/901/867 669/686/669
f 669/686/669 265/269/265 646/663/646
f 869/903/869 578/590/578 218/220/218
f 218/220/218 871/905/871 869/903/869
f 575/587/575 870/904/870 872/906/872
f 872/906/872 211/213/211 575/587/575
f 579/591/579 871/905/871 218/220/218
f 218/220/218 583/595/583 579/591/579
f 621/637/621 879/913/879 878/912/878
f 878/912/878 623/638/623 621/637/621
f 873/907/873 879/913/879 1766/1858/1766
f 1766/1858/1766 874/908/874 873/907/873
f 1204/1250/1204 666/683/666 665/682/665
f 665/682/665 1205/1251/1205 1204/1250/1204
f 873/907/873 876/910/876 261/265/261
f 261/265/261 877/911/877 873/907/873
f 562/572/562 876/910/876 875/909/875
f 875/909/875 190/192/190 562/572/562
f 585/597/585 874/908/874 1766/1858/1766
f 1766/1858/1766 586/598/586 585/597/585
f 1206/1252/1206 576/588/576 210/212/210
f 210/212/210 1207/1253/1207 1206/1252/1206
f 880/914/880 471/478/471 65/65/65
f 65/65/65 882/916/882 880/914/880
f 589/601/589 881/915/881 883/917/883
f 883/917/883 591/603/591 589/601/589
f 884/918/884 887/921/887 1210/1256/1210
f 1210/1256/1210 888/922/888 884/918/884
f 522/529/522 887/921/887 886/920/886
f 886/920/886 113/113/113 522/529/522
f 572/584/572 885/928/885 892/927/892
f 892/927/892 574/585/574 572/584/572
f 595/607/595 1056/1098/1056 1800/1917/1800
f 1800/1917/1800 1801/1918/1801 595/607/595
f 893/929/893 563/573/563 189/191/189
f 189/191/189 895/931/895 893/929/893
f 555/563/555 894/930/894 896/932/896
f 896/932/896 182/184/182 555/563/555
f 601/613/601 895/931/895 189/191/189
f 189/191/189 603/615/603 601/613/601
f 897/1920/897 573/586/573 204/206/204
f 204/206/204 898/1919/898 897/1920/897
f 605/617/605 898/1919/898 204/206/204
f 204/206/204 203/205/203 605/617/605
f 710/731/710 900/936/900 747/768/747
f 747/768/747 295/299/295 710/731/710
f 899/935/899 900/936/900 1768/1861/1768
f 1768/1861/1768 902/938/902 899/935/899
f 553/561/553 901/937/901 903/939/903
f 903/939/903 175/177/175 553/561/553
f 607/621/607 902/938/902 1768/1861/1768
f 1768/1861/1768 608/622/608 607/621/607
f 611/625/611 907/943/907 906/942/906
f 906/942/906 612/626/612 611/625/611
f 904/940/904 907/943/907 531/538/531
f 531/538/531 530/537/530 904/940/904
f 470/477/470 905/941/905 476/483/476
f 476/483/476 66/66/66 470/477/470
f 615/629/615 909/945/909 21/21/21
f 21/21/21 20/20/20 615/629/615
f 908/944/908 909/945/909 1760/1845/1760
f 1760/1845/1760 910/946/910 908/944/908
f 497/504/497 910/946/910 1760/1845/1760
f 1760/1845/1760 83/83/83 497/504/497
f 617/631/617 914/950/914 913/949/913
f 913/949/913 618/632/618 617/631/617
f 911/947/911 914/950/914 377/383/377
f 377/383/377 915/951/915 911/947/911
f 362/368/362 912/948/912 916/952/916
f 916/952/916 366/372/366 362/368/362
f 1212/1258/1212 376/382/376 375/381/375
f 375/381/375 1213/1259/1213 1212/1258/1212
f 650/667/650 920/956/920 919/955/919
f 919/955/919 273/277/273 650/667/650
f 917/953/917 920/956/920 1761/1847/1761
f 1761/1847/1761 921/957/921 917/953/917
f 655/672/655 918/954/918 922/958/922
f 922/958/922 656/673/656 655/672/655
f 507/1884/507 921/957/921 1761/1847/1761
f 1761/1847/1761 508/1846/508 507/1884/507
f 923/959/923 490/497/490 76/76/76
f 76/76/76 925/961/925 923/959/923
f 659/676/659 924/960/924 926/962/926
f 926/962/926 660/677/660 659/676/659
f 493/500/493 925/961/925 76/76/76
f 76/76/76 75/75/75 493/500/493
f 644/1895/644 930/966/930 929/965/929
f 929/965/929 257/1862/257 644/1895/644
f 927/963/927 930/966/930 361/367/361
f 361/367/361 360/366/360 927/963/927
f 663/1897/663 928/964/928 932/968/932
f 932/968/932 664/1868/664 663/1897/663
f 352/358/352 931/967/931 359/365/359
f 359/365/359 353/359/353 352/358/352
f 933/969/933 510/517/510 509/516/509
f 509/516/509 935/971/935 933/969/933
f 667/684/667 934/970/934 936/972/936
f 936/972/936 668/685/668 667/684/667
f 503/510/503 935/971/935 509/516/509
f 509/516/509 92/92/92 503/510/503
f 937/973/937 486/493/486 485/492/485
f 485/492/485 1778/1883/1778 937/973/937
f 671/688/671 1039/1081/1039 1802/1921/1802
f 1802/1921/1802 1803/1922/1803 671/688/671
f 513/520/513 519/526/519 1762/1848/1762
f 1762/1848/1762 99/99/99 513/520/513
f 937/973/937 1778/1883/1778 1217/1263/1217
f 1217/1263/1217 939/975/939 937/973/937
f 481/488/481 1778/1883/1778 485/492/485
f 485/492/485 73/73/73 481/488/481
f 942/978/942 400/406/400 399/405/399
f 399/405/399 946/982/946 942/978/942
f 675/692/675 943/979/943 945/981/945
f 945/981/945 676/693/676 675/692/675
f 489/496/489 944/980/944 947/983/947
f 947/983/947 77/77/77 489/496/489
f 393/399/393 946/982/946 399/405/399
f 399/405/399 30/30/30 393/399/393
f 948/984/948 371/377/371 9/9/9
f 9/9/9 950/986/950 948/984/948
f 679/696/679 949/985/949 272/276/272
f 272/276/272 271/275/271 679/696/679
f 374/380/374 950/986/950 9/9/9
f 9/9/9 8/8/8 374/380/374
f 951/987/951 514/521/514 98/98/98
f 98/98/98 498/505/498 951/987/951
f 683/700/683 1786/1898/1786 1771/1871/1771
f 1771/1871/1771 684/701/684 683/700/683
f 1218/1264/1218 1786/1898/1786 283/287/283
f 283/287/283 1037/1079/1037 1218/1264/1218
f 951/987/951 952/988/952 1771/1871/1771
f 1771/1871/1771 953/989/953 951/987/951
f 499/506/499 952/988/952 82/82/82
f 82/82/82 81/81/81 499/506/499
f 954/990/954 504/511/504 91/91/91
f 91/91/91 620/634/620 954/990/954
f 687/704/687 955/991/955 957/993/957
f 957/993/957 688/705/688 687/704/687
f 397/403/397 956/992/956 619/633/619
f 619/633/619 398/404/398 397/403/397
f 958/994/958 494/997/494 79/79/79
f 79/79/79 479/486/479 958/994/958
f 691/708/691 959/995/959 961/999/961
f 961/999/961 692/709/692 691/708/691
f 484/491/484 960/998/960 69/69/69
f 69/69/69 68/68/68 484/491/484
f 695/714/695 967/1005/967 966/1004/966
f 966/1004/966 696/715/696 695/714/695
f 962/1000/962 967/1005/967 1787/1899/1787
f 1787/1899/1787 963/1001/963 962/1000/962
f 370/376/370 1222/1268/1222 1224/1270/1224
f 1224/1270/1224 10/10/10 370/376/370
f 344/350/344 964/1002/964 354/360/354
f 354/360/354 4/4/4 344/350/344
f 962/1000/962 964/1002/964 1774/1875/1774
f 1774/1875/1774 965/1003/965 962/1000/962
f 968/1006/968 500/507/500 88/88/88
f 88/88/88 645/662/645 968/1006/968
f 702/721/702 969/1007/969 256/260/256
f 256/260/256 255/259/255 702/721/702
f 970/1008/970 410/417/410 36/36/36
f 36/36/36 972/1010/972 970/1008/970
f 735/756/735 971/1009/971 973/1011/973
f 973/1011/973 736/757/736 735/756/735
f 413/420/413 972/1010/972 36/36/36
f 36/36/36 35/35/35 413/420/413
f 729/1904/729 977/1015/977 976/1014/976
f 976/1014/976 323/1874/323 729/1904/729
f 974/1012/974 977/1015/977 151/153/151
f 151/153/151 732/753/732 974/1012/974
f 739/760/739 975/1013/975 330/336/330
f 330/336/330 329/335/329 739/760/739
f 978/1016/978 444/451/444 443/450/443
f 443/450/443 982/1020/982 978/1016/978
f 741/762/741 979/1017/979 981/1019/981
f 981/1019/981 742/763/742 741/762/741
f 539/547/539 980/1018/980 983/1021/983
f 983/1021/983 129/131/129 539/547/539
f 437/1880/437 982/1020/982 443/450/443
f 443/450/443 438/1839/438 437/1880/437
f 731/752/731 987/1025/987 986/1024/986
f 986/1024/986 331/337/331 731/752/731
f 984/1022/984 987/1025/987 429/436/429
f 429/436/429 428/435/428 984/1022/984
f 745/766/745 985/1023/985 989/1027/989
f 989/1027/989 746/767/746 745/766/745
f 423/430/423 988/1026/988 432/439/432
f 432/439/432 43/43/43 423/430/423
f 990/1028/990 424/431/424 42/42/42
f 42/42/42 404/410/404 990/1028/990
f 749/770/749 991/1029/991 993/1031/993
f 993/1031/993 750/771/750 749/770/749
f 409/416/409 992/1030/992 33/33/33
f 33/33/33 32/32/32 409/416/409
f 724/745/724 997/1035/997 996/1034/996
f 996/1034/996 315/319/315 724/745/724
f 994/1032/994 997/1035/997 1790/1903/1790
f 1790/1903/1790 998/1036/998 994/1032/994
f 753/774/753 995/1033/995 338/344/338
f 338/344/338 337/343/337 753/774/753
f 543/551/543 1226/1272/1226 1228/1274/1228
f 1228/1274/1228 133/135/133 543/551/543
f 999/1037/999 540/548/540 128/130/128
f 128/130/128 722/743/722 999/1037/999
f 755/776/755 1000/1038/1000 306/310/306
f 306/310/306 305/309/305 755/776/755
f 721/742/721 1004/1042/1004 1003/1041/1003
f 1003/1041/1003 307/311/307 721/742/721
f 1001/1039/1001 1004/1042/1004 1232/1279/1232
f 1232/1279/1232 1007/1045/1007 1001/1039/1001
f 757/778/757 1002/1040/1002 1006/1044/1006
f 1006/1044/1006 759/780/759 757/778/757
f 724/745/724 725/746/725 1804/1923/1804
f 1804/1923/1804 726/747/726 724/745/724
f 532/543/532 538/546/538 1763/1852/1763
f 1763/1852/1763 126/1851/126 532/543/532
f 1010/1048/1010 415/422/415 414/421/414
f 414/421/414 1014/1924/1014 1010/1048/1010
f 760/784/760 1011/1053/1011 1013/1052/1013
f 1013/1052/1013 762/785/762 760/784/760
f 441/448/441 1012/1051/1012 1015/1055/1015
f 1015/1055/1015 442/449/442 441/448/441
f 405/411/405 1014/1924/1014 414/421/414
f 414/421/414 406/412/406 405/411/405
f 733/754/733 1019/1059/1019 1018/1058/1018
f 1018/1058/1018 339/345/339 733/754/733
f 1016/1056/1016 1019/1059/1019 168/170/168
f 168/170/168 551/559/551 1016/1056/1016
f 764/788/764 1017/1057/1017 322/326/322
f 322/326/322 321/325/321 764/788/764
f 1020/1060/1020 134/136/134 1805/1925/1805
f 1805/1925/1805 1806/1926/1806 1020/1060/1020
f 1022/1062/1022 136/138/136 1228/1274/1228
f 1228/1274/1228 1227/1273/1227 1022/1062/1022
f 1024/1064/1024 1005/1067/1005 1807/1927/1807
f 1807/1927/1807 1808/1928/1808 1024/1064/1024
f 1026/1068/1026 1007/1045/1007 1232/1279/1232
f 1232/1279/1232 1231/1278/1231 1026/1068/1026
f 1237/1284/1237 1023/1063/1023 727/748/727
f 727/748/727 1238/1285/1238 1237/1284/1237
f 1020/1060/1020 1806/1926/1806 1780/1886/1780
f 1780/1886/1780 535/542/535 1020/1060/1020
f 1233/1280/1233 1806/1926/1806 1805/1925/1805
f 1805/1925/1805 1234/1281/1234 1233/1280/1233
f 1245/1292/1245 1027/1069/1027 537/545/537
f 537/545/537 1246/1293/1246 1245/1292/1245
f 1241/1288/1241 1808/1928/1808 1807/1927/1807
f 1807/1927/1807 1242/1289/1242 1241/1288/1241
f 1024/1064/1024 1808/1928/1808 1804/1923/1804
f 1804/1923/1804 725/746/725 1024/1064/1024
f 1032/1074/1032 673/690/673 1809/1929/1809
f 1809/1929/1809 1810/1930/1810 1032/1074/1032
f 1036/1078/1036 282/286/282 1811/1931/1811
f 1811/1931/1811 1812/1932/1812 1036/1078/1036
f 1038/1080/1038 938/974/938 1813/1933/1813
f 1813/1933/1813 1814/1934/1814 1038/1080/1038
f 1041/1083/1041 939/975/939 1217/1263/1217
f 1217/1263/1217 1216/1262/1216 1041/1083/1041
f 1038/1080/1038 1814/1934/1814 1802/1921/1802
f 1802/1921/1802 1039/1081/1039 1038/1080/1038
f 1273/1324/1273 1814/1934/1814 1813/1933/1813
f 1813/1933/1813 1274/1325/1274 1273/1324/1273
f 1265/1316/1265 1810/1930/1810 1809/1929/1809
f 1809/1929/1809 1266/1317/1266 1265/1316/1265
f 1032/1074/1032 1810/1930/1810 1769/1869/1769
f 1769/1869/1769 1033/1075/1033 1032/1074/1032
f 1269/1320/1269 1812/1932/1812 1811/1931/1811
f 1811/1931/1811 1270/1321/1270 1269/1320/1269
f 1036/1078/1036 1812/1932/1812 1779/1885/1779
f 1779/1885/1779 516/523/516 1036/1078/1036
f 1277/1328/1277 1042/1084/1042 518/525/518
f 518/525/518 1278/1329/1278 1277/1328/1277
f 1049/1091/1049 568/578/568 841/870/841
f 841/870/841 1191/1237/1191 1049/1091/1049
f 1051/1093/1051 599/611/599 1815/1935/1815
f 1815/1935/1815 1816/1936/1816 1051/1093/1051
f 1053/1095/1053 888/922/888 1210/1256/1210
f 1210/1256/1210 1209/1255/1209 1053/1095/1053
f 1055/1097/1055 891/926/891 1817/1937/1817
f 1817/1937/1817 1818/1938/1818 1055/1097/1055
f 1301/1352/1301 1816/1936/1816 1815/1935/1815
f 1815/1935/1815 1302/1353/1302 1301/1352/1301
f 1051/1093/1051 1816/1936/1816 1767/1860/1767
f 1767/1860/1767 198/200/198 1051/1093/1051
f 1297/1348/1297 1050/1092/1050 200/202/200
f 200/202/200 1298/1349/1298 1297/1348/1297
f 1305/1356/1305 1054/1096/1054 571/581/571
f 571/581/571 1306/1357/1306 1305/1356/1305
f 1055/1097/1055 1818/1938/1818 1800/1917/1800
f 1800/1917/1800 1056/1098/1056 1055/1097/1055
f 1309/1360/1309 1818/1938/1818 1817/1937/1817
f 1817/1937/1817 1310/1361/1310 1309/1360/1309
f 1065/1107/1065 156/158/156 654/671/654
f 654/671/654 1189/1235/1189 1065/1107/1065
f 1067/1109/1067 159/161/159 1819/1939/1819
f 1819/1939/1819 1820/1940/1820 1067/1109/1067
f 1069/1111/1069 857/890/857 763/786/763
f 763/786/763 1200/1246/1200 1069/1111/1069
f 1071/1113/1071 860/894/860 1821/1941/1821
f 1821/1941/1821 1822/1942/1822 1071/1113/1071
f 1071/1113/1071 1822/1942/1822 1799/1916/1799
f 1799/1916/1799 546/554/546 1071/1113/1071
f 1341/1394/1341 1822/1942/1822 1821/1941/1821
f 1821/1941/1821 1342/1395/1342 1341/1394/1341
f 1329/1382/1329 1066/1108/1066 548/556/548
f 548/556/548 1330/1383/1330 1329/1382/1329
f 1067/1109/1067 1820/1940/1820 1788/1901/1788
f 1788/1901/1788 715/736/715 1067/1109/1067
f 1333/1386/1333 1820/1940/1820 1819/1939/1819
f 1819/1939/1819 1334/1387/1334 1333/1386/1333
f 1337/1390/1337 1070/1112/1070 717/738/717
f 717/738/717 1338/1391/1338 1337/1390/1337
f 1081/1123/1081 452/459/452 863/897/863
f 863/897/863 1203/1249/1203 1081/1123/1081
f 1083/1125/1083 52/52/52 435/442/435
f 435/442/435 1168/1212/1168 1083/1125/1083
f 1085/1127/1085 846/878/846 1823/1943/1823
f 1823/1943/1823 1824/1944/1824 1085/1127/1085
f 1087/1129/1087 849/881/849 1195/1241/1195
f 1195/1241/1195 1194/1240/1194 1087/1129/1087
f 1365/1420/1365 1084/1126/1084 421/428/421
f 421/428/421 1366/1421/1366 1365/1420/1365
f 1361/1416/1361 1082/1124/1082 55/55/55
f 55/55/55 1362/1417/1362 1361/1416/1361
f 1373/1428/1373 1088/1130/1088 455/462/455
f 455/462/455 1374/1429/1374 1373/1428/1373
f 1369/1424/1369 1824/1944/1824 1823/1943/1823
f 1823/1943/1823 1370/1425/1370 1369/1424/1369
f 1085/1127/1085 1824/1944/1824 1798/1915/1798
f 1798/1915/1798 419/426/419 1085/1127/1085
f 1093/1135/1093 462/1138/462 796/1221/796
f 796/1221/796 1176/1220/1176 1093/1135/1093
f 1095/1139/1095 468/475/468 1825/1945/1825
f 1825/1945/1825 1826/1946/1826 1095/1139/1095
f 1099/1143/1099 815/842/815 1827/1947/1827
f 1827/1947/1827 1828/1948/1828 1099/1143/1099
f 1103/1147/1103 817/844/817 604/616/604
f 604/616/604 1183/1229/1183 1103/1147/1103
f 1397/1452/1397 1826/1946/1826 1825/1945/1825
f 1825/1945/1825 1398/1453/1398 1397/1452/1397
f 1095/1139/1095 1826/1946/1826 1759/1844/1759
f 1759/1844/1759 1096/1140/1096 1095/1139/1095
f 1393/1448/1393 1094/1136/1094 61/61/61
f 61/61/61 1394/1449/1394 1393/1448/1393
f 1405/1460/1405 1104/1148/1104 465/472/465
f 465/472/465 1406/1461/1406 1405/1460/1405
f 1099/1143/1099 1828/1948/1828 1796/1912/1796
f 1796/1912/1796 1100/1144/1100 1099/1143/1099
f 1401/1456/1401 1828/1948/1828 1827/1947/1827
f 1827/1947/1827 1402/1457/1402 1401/1456/1401
f 1109/1153/1109 591/603/591 883/917/883
f 883/917/883 1207/1253/1207 1109/1153/1109
f 1111/1155/1111 212/214/212 581/593/581
f 581/593/581 1173/1217/1173 1111/1155/1111
f 1113/1157/1113 800/827/800 1829/1949/1829
f 1829/1949/1829 1830/1950/1830 1113/1157/1113
f 1114/1158/1114 801/828/801 561/571/561
f 561/571/561 1178/1224/1178 1114/1158/1114
f 1429/1486/1429 1112/1156/1112 631/648/631
f 631/648/631 1430/1487/1430 1429/1486/1429
f 1425/1482/1425 1110/1154/1110 215/217/215
f 215/217/215 1426/1483/1426 1425/1482/1425
f 1437/1494/1437 1115/1159/1115 594/606/594
f 594/606/594 1438/1495/1438 1437/1494/1437
f 1433/1490/1433 1830/1950/1830 1829/1949/1829
f 1829/1949/1829 1434/1491/1434 1433/1490/1433
f 1113/1157/1113 1830/1950/1830 1795/1910/1795
f 1795/1910/1795 629/645/629 1113/1157/1113
f 1120/1164/1120 382/388/382 771/795/771
f 771/795/771 1166/1210/1166 1120/1164/1120
f 1122/1166/1122 388/394/388 1831/1951/1831
f 1831/1951/1831 1832/1952/1832 1122/1166/1122
f 1124/1168/1124 788/813/788 1833/1953/1833
f 1833/1953/1833 1834/1954/1834 1124/1168/1124
f 1128/1172/1128 790/815/790 29/29/29
f 29/29/29 28/28/28 1128/1172/1128
f 1122/1166/1122 1832/1952/1832 1756/1838/1756
f 1756/1838/1756 19/19/19 1122/1166/1122
f 1461/1522/1461 1832/1952/1832 1831/1951/1831
f 1831/1951/1831 1462/1523/1462 1461/1522/1461
f 1457/1518/1457 1121/1165/1121 25/25/25
f 25/25/25 1458/1519/1458 1457/1518/1457
f 1469/1530/1469 1129/1173/1129 385/391/385
f 385/391/385 1470/1531/1470 1469/1530/1469
f 1124/1168/1124 1834/1954/1834 1793/1907/1793
f 1793/1907/1793 1125/1169/1125 1124/1168/1124
f 1465/1526/1465 1834/1954/1834 1833/1953/1833
f 1833/1953/1833 1466/1527/1466 1465/1526/1465
f 1134/1178/1134 623/638/623 878/912/878
f 878/912/878 1205/1251/1205 1134/1178/1134
f 1136/1180/1136 223/225/223 356/362/356
f 356/362/356 1220/1266/1220 1136/1180/1136
f 1138/1182/1138 779/803/779 1835/1955/1835
f 1835/1955/1835 1836/1956/1836 1138/1182/1138
f 1140/1184/1140 782/807/782 584/596/584
f 584/596/584 1171/1215/1171 1140/1184/1140
f 1493/1554/1493 1137/1181/1137 700/719/700
f 700/719/700 1494/1555/1494 1493/1554/1493
f 1489/1550/1489 1135/1179/1135 226/230/226
f 226/230/226 1490/1551/1490 1489/1550/1489
f 1501/1562/1501 1141/1185/1141 626/642/626
f 626/642/626 1502/1563/1502 1501/1562/1501
f 1497/1558/1497 1836/1956/1836 1835/1955/1835
f 1835/1955/1835 1498/1559/1498 1497/1558/1497
f 1138/1182/1138 1836/1956/1836 1792/1906/1792
f 1792/1906/1792 698/717/698 1138/1182/1138
f 1146/1190/1146 366/372/366 916/952/916
f 916/952/916 1213/1259/1213 1146/1190/1146
f 1148/1192/1148 11/11/11 1224/1270/1224
f 1224/1270/1224 1223/1269/1223 1148/1192/1148
f 766/790/766 1153/1197/1153 1152/1196/1152
f 1152/1196/1152 770/794/770 766/790/766
f 1150/1194/1150 1153/1197/1153 1837/1957/1837
f 1837/1957/1837 1838/1958/1838 1150/1194/1150
f 1154/1198/1154 767/791/767 1164/1208/1164
f 1164/1208/1164 1163/1207/1163 1154/1198/1154
f 1525/1592/1525 1149/1193/1149 347/353/347
f 347/353/347 1526/1593/1526 1525/1592/1525
f 1521/1588/1521 1147/1191/1147 14/14/14
f 14/14/14 1522/1589/1522 1521/1588/1521
f 1533/1600/1533 1155/1199/1155 369/375/369
f 369/375/369 1534/1601/1534 1533/1600/1533
f 1150/1194/1150 1838/1958/1838 1791/1905/1791
f 1791/1905/1791 345/351/345 1150/1194/1150
f 1529/1596/1529 1838/1958/1838 1837/1957/1837
f 1837/1957/1837 1530/1597/1530 1529/1596/1529
f 1160/1204/1160 351/357/351 1152/1196/1152
f 1152/1196/1152 1151/1195/1151 1160/1204/1160
f 1161/1205/1161 1162/1206/1162 364/370/364
f 364/370/364 1163/1207/1163 1161/1205/1161
f 27/27/27 1162/1206/1162 380/386/380
f 380/386/380 28/28/28 27/27/27
f 1154/1198/1154 1163/1207/1163 364/370/364
f 364/370/364 363/369/363 1154/1198/1154
f 1165/1209/1165 770/794/770 1152/1196/1152
f 1152/1196/1152 1775/1876/1775 1165/1209/1165
f 1120/1164/1120 1166/1210/1166 1755/1837/1755
f 1755/1837/1755 26/26/26 1120/1164/1120
f 1167/1211/1167 777/801/777 1776/1879/1776
f 1776/1879/1776 1168/1212/1168 1167/1211/1167
f 1083/1125/1083 1168/1212/1168 1776/1879/1776
f 1776/1879/1776 422/429/422 1083/1125/1083
f 1169/1213/1169 628/644/628 780/804/780
f 780/804/780 1139/1183/1139 1169/1213/1169
f 1170/1214/1170 583/595/583 218/220/218
f 218/220/218 217/219/217 1170/1214/1170
f 1140/1184/1140 1171/1215/1171 221/223/221
f 221/223/221 622/636/622 1140/1184/1140
f 1172/1216/1172 785/810/785 1785/1893/1785
f 1785/1893/1785 1173/1217/1173 1172/1216/1172
f 1111/1155/1111 1173/1217/1173 1785/1893/1785
f 1785/1893/1785 632/649/632 1111/1155/1111
f 1128/1172/1128 28/28/28 380/386/380
f 380/386/380 379/385/379 1128/1172/1128
f 1174/1218/1174 480/487/480 789/814/789
f 789/814/789 1127/1171/1127 1174/1218/1174
f 1175/1219/1175 795/1222/795 587/1909/587
f 587/1909/587 1784/1892/1784 1175/1219/1175
f 1093/1135/1093 1176/1220/1176 1758/1843/1758
f 1758/1843/1758 62/62/62 1093/1135/1093
f 1177/1223/1177 560/570/560 613/627/613
f 613/627/613 186/188/186 1177/1223/1177
f 1114/1158/1114 1178/1224/1178 185/187/185
f 185/187/185 590/602/590 1114/1158/1114
f 1179/1225/1179 805/832/805 389/395/389
f 389/395/389 1123/1167/1123 1179/1225/1179
f 1181/1227/1181 812/839/812 600/612/600
f 600/612/600 1052/1094/1052 1181/1227/1181
f 1182/1228/1182 603/615/603 189/191/189
f 189/191/189 188/190/188 1182/1228/1182
f 1103/1147/1103 1183/1229/1183 192/194/192
f 192/194/192 461/468/461 1103/1147/1103
f 1184/1230/1184 528/535/528 816/843/816
f 816/843/816 1102/1146/1102 1184/1230/1184
f 1185/1231/1185 821/848/821 469/476/469
f 469/476/469 1098/1142/1098 1185/1231/1185
f 1187/1233/1187 828/856/828 1757/1842/1757
f 1757/1842/1757 1777/1881/1777 1187/1233/1187
f 1188/1234/1188 835/864/835 1781/1888/1781
f 1781/1888/1781 1189/1235/1189 1188/1234/1188
f 1065/1107/1065 1189/1235/1189 1781/1888/1781
f 1781/1888/1781 549/557/549 1065/1107/1065
f 1190/1236/1190 840/869/840 171/173/171
f 171/173/171 610/624/610 1190/1236/1190
f 1049/1091/1049 1191/1237/1191 609/623/609
f 609/623/609 201/203/201 1049/1091/1049
f 1192/1238/1192 431/438/431 847/879/847
f 847/879/847 1086/1128/1086 1192/1238/1192
f 1193/1239/1193 167/169/167 451/458/451
f 451/458/451 1194/1240/1194 1193/1239/1193
f 1087/1129/1087 1194/1240/1194 451/458/451
f 451/458/451 450/457/450 1087/1129/1087
f 1196/1242/1196 853/885/853 743/764/743
f 743/764/743 1789/1902/1789 1196/1242/1196
f 1197/1243/1197 855/887/855 674/691/674
f 674/691/674 1035/1077/1035 1197/1243/1197
f 1199/1245/1199 762/785/762 1013/1052/1013
f 1013/1052/1013 1773/1873/1773 1199/1245/1199
f 1069/1111/1069 1200/1246/1200 1772/1872/1772
f 1772/1872/1772 718/739/718 1069/1111/1069
f 1201/1247/1201 143/145/143 557/565/557
f 557/565/557 709/730/709 1201/1247/1201
f 1202/1248/1202 862/896/862 132/134/132
f 132/134/132 448/455/448 1202/1248/1202
f 1081/1123/1081 1203/1249/1203 50/50/50
f 50/50/50 49/49/49 1081/1123/1081
f 1204/1250/1204 877/911/877 261/265/261
f 261/265/261 666/683/666 1204/1250/1204
f 1134/1178/1134 1205/1251/1205 665/682/665
f 665/682/665 227/231/227 1134/1178/1134
f 1206/1252/1206 882/916/882 65/65/65
f 65/65/65 576/588/576 1206/1252/1206
f 1109/1153/1109 1207/1253/1207 210/212/210
f 210/212/210 209/211/209 1109/1153/1109
f 1208/1254/1208 121/122/121 566/576/566
f 566/576/566 1209/1255/1209 1208/1254/1208
f 1053/1095/1053 1209/1255/1209 566/576/566
f 566/576/566 565/575/565 1053/1095/1053
f 1211/1257/1211 574/585/574 892/927/892
f 892/927/892 1058/1100/1058 1211/1257/1211
f 1212/1258/1212 915/951/915 377/383/377
f 377/383/377 376/382/376 1212/1258/1212
f 1146/1190/1146 1213/1259/1213 375/381/375
f 375/381/375 15/15/15 1146/1190/1146
f 1214/1260/1214 240/244/240 961/999/961
f 961/999/961 488/495/488 1214/1260/1214
f 1215/1261/1215 100/100/100 1762/1848/1762
f 1762/1848/1762 1216/1262/1216 1215/1261/1215
f 1041/1083/1041 1216/1262/1216 1762/1848/1762
f 1762/1848/1762 519/526/519 1041/1083/1041
f 1218/1264/1218 953/989/953 1771/1871/1771
f 1771/1871/1771 1786/1898/1786 1218/1264/1218
f 1219/1265/1219 963/1001/963 1787/1899/1787
f 1787/1899/1787 1220/1266/1220 1219/1265/1219
f 1136/1180/1136 1220/1266/1220 1787/1899/1787
f 1787/1899/1787 701/720/701 1136/1180/1136
f 1221/1267/1221 965/1003/965 1774/1875/1774
f 1774/1875/1774 1223/1269/1223 1221/1267/1221
f 1148/1192/1148 1223/1269/1223 1774/1875/1774
f 1774/1875/1774 348/354/348 1148/1192/1148
f 1225/1271/1225 998/1036/998 1790/1903/1790
f 1790/1903/1790 1227/1273/1227 1225/1271/1225
f 1022/1062/1022 1227/1273/1227 1790/1903/1790
f 1790/1903/1790 728/749/728 1022/1062/1022
f 1229/1275/1229 759/1276/759 1006/1066/1006
f 1006/1066/1006 1025/1065/1025 1229/1275/1229
f 1230/1277/1230 127/129/127 1763/1852/1763
f 1763/1852/1763 1231/1278/1231 1230/1277/1230
f 1026/1068/1026 1231/1278/1231 1763/1852/1763
f 1763/1852/1763 538/546/538 1026/1068/1026
f 1233/1280/1233 1236/1283/1236 1255/1304/1255
f 1255/1304/1255 1254/1303/1254 1233/1280/1233
f 1553/1620/1553 1236/1283/1236 1235/1282/1235
f 1235/1282/1235 1554/1621/1554 1553/1620/1553
f 1556/1959/1556 1240/1287/1240 1239/1286/1239
f 1239/1286/1239 1557/1642/1557 1556/1959/1556
f 1237/1284/1237 1240/1287/1240 1259/1310/1259
f 1259/1310/1259 1258/1309/1258 1237/1284/1237
f 1560/1627/1560 1244/1291/1244 1243/1290/1243
f 1243/1290/1243 1561/1628/1561 1560/1627/1560
f 1241/1288/1241 1244/1291/1244 1263/1314/1263
f 1263/1314/1263 1262/1313/1262 1241/1288/1241
f 1564/1961/1564 1248/1295/1248 1247/1294/1247
f 1247/1294/1247 1565/1960/1565 1564/1961/1564
f 1245/1292/1245 1248/1295/1248 1251/1298/1251
f 1251/1298/1251 1250/1297/1250 1245/1292/1245
f 1001/1039/1001 1009/1047/1009 1807/1962/1807
f 1807/1962/1807 1005/1043/1005 1001/1039/1001
f 1249/1296/1249 1009/1047/1009 1008/1046/1008
f 1008/1046/1008 1250/1297/1250 1249/1296/1249
f 1249/1296/1249 1242/1301/1242 1807/1962/1807
f 1807/1962/1807 1009/1047/1009 1249/1296/1249
f 1245/1292/1245 1250/1297/1250 1008/1046/1008
f 1008/1046/1008 1027/1069/1027 1245/1292/1245
f 1253/1302/1253 536/1887/536 1780/1886/1780
f 1780/1886/1780 1254/1303/1254 1253/1302/1253
f 1253/1306/1253 1246/1293/1246 537/545/537
f 537/545/537 536/544/536 1253/1306/1253
f 1233/1280/1233 1254/1303/1254 1780/1886/1780
f 1780/1886/1780 1806/1926/1806 1233/1280/1233
f 130/132/130 138/140/138 1805/1925/1805
f 1805/1925/1805 134/136/134 130/132/130
f 1257/1308/1257 138/140/138 137/139/137
f 137/139/137 1258/1309/1258 1257/1308/1257
f 1257/1308/1257 1234/1281/1234 1805/1925/1805
f 1805/1925/1805 138/140/138 1257/1308/1257
f 1237/1284/1237 1258/1309/1258 137/139/137
f 137/139/137 1023/1063/1023 1237/1284/1237
f 1261/1312/1261 726/747/726 1804/1923/1804
f 1804/1923/1804 1262/1313/1262 1261/1312/1261
f 1261/1312/1261 1238/1285/1238 727/748/727
f 727/748/727 726/747/726 1261/1312/1261
f 1241/1288/1241 1262/1313/1262 1804/1923/1804
f 1804/1923/1804 1808/1928/1808 1241/1288/1241
f 1265/1316/1265 1268/1319/1268 1287/1338/1287
f 1287/1338/1287 1286/1337/1286 1265/1316/1265
f 1574/1645/1574 1268/1319/1268 1267/1318/1267
f 1267/1318/1267 1575/1646/1575 1574/1645/1574
f 1269/1320/1269 1272/1323/1272 1291/1342/1291
f 1291/1342/1291 1290/1341/1290 1269/1320/1269
f 1577/1648/1577 1272/1323/1272 1271/1322/1271
f 1271/1322/1271 1578/1649/1578 1577/1648/1577
f 1579/1650/1579 1276/1327/1276 1275/1326/1275
f 1275/1326/1275 1580/1651/1580 1579/1650/1579
f 1273/1324/1273 1276/1327/1276 1283/1334/1283
f 1283/1334/1283 1282/1333/1282 1273/1324/1273
f 1277/1328/1277 1280/1331/1280 1295/1346/1295
f 1295/1346/1295 1294/1345/1294 1277/1328/1277
f 1583/1654/1583 1280/1331/1280 1279/1330/1279
f 1279/1330/1279 1584/1655/1584 1583/1654/1583
f 671/688/671 1803/1922/1803 1809/1929/1809
f 1809/1929/1809 673/690/673 671/688/671
f 1281/1332/1281 1803/1922/1803 1802/1921/1802
f 1802/1921/1802 1282/1333/1282 1281/1332/1281
f 1281/1332/1281 1266/1317/1266 1809/1929/1809
f 1809/1929/1809 1803/1922/1803 1281/1332/1281
f 1273/1324/1273 1282/1333/1282 1802/1921/1802
f 1802/1921/1802 1814/1934/1814 1273/1324/1273
f 278/282/278 1770/1870/1770 1811/1931/1811
f 1811/1931/1811 282/286/282 278/282/278
f 1285/1336/1285 1770/1870/1770 1769/1869/1769
f 1769/1869/1769 1286/1337/1286 1285/1336/1285
f 1285/1336/1285 1270/1321/1270 1811/1931/1811
f 1811/1931/1811 1770/1870/1770 1285/1336/1285
f 1265/1316/1265 1286/1337/1286 1769/1869/1769
f 1769/1869/1769 1810/1930/1810 1265/1316/1265
f 1289/1340/1289 517/524/517 1779/1885/1779
f 1779/1885/1779 1290/1341/1290 1289/1340/1289
f 1289/1340/1289 1278/1329/1278 518/525/518
f 518/525/518 517/524/517 1289/1340/1289
f 1269/1320/1269 1290/1341/1290 1779/1885/1779
f 1779/1885/1779 1812/1932/1812 1269/1320/1269
f 937/973/937 941/977/941 1813/1933/1813
f 1813/1933/1813 938/974/938 937/973/937
f 1293/1344/1293 941/977/941 940/976/940
f 940/976/940 1294/1345/1294 1293/1344/1293
f 1293/1344/1293 1274/1325/1274 1813/1933/1813
f 1813/1933/1813 941/977/941 1293/1344/1293
f 1277/1328/1277 1294/1345/1294 940/976/940
f 940/976/940 1042/1084/1042 1277/1328/1277
f 1297/1348/1297 1300/1351/1300 1327/1380/1327
f 1327/1380/1327 1326/1379/1326 1297/1348/1297
f 1593/1664/1593 1300/1351/1300 1299/1350/1299
f 1299/1350/1299 1594/1665/1594 1593/1664/1593
f 1596/1963/1596 1304/1355/1304 1303/1354/1303
f 1303/1354/1303 1597/1669/1597 1596/1963/1596
f 1301/1352/1301 1304/1355/1304 1319/1370/1319
f 1319/1370/1319 1318/1369/1318 1301/1352/1301
f 1600/1964/1600 1308/1359/1308 1307/1358/1307
f 1307/1358/1307 1601/1681/1601 1600/1964/1600
f 1305/1356/1305 1308/1359/1308 1323/1374/1323
f 1323/1374/1323 1322/1373/1322 1305/1356/1305
f 1309/1360/1309 1312/1363/1312 1315/1366/1315
f 1315/1366/1315 1314/1365/1314 1309/1360/1309
f 1602/1674/1602 1312/1363/1312 1311/1362/1311
f 1311/1362/1311 1603/1675/1603 1602/1674/1602
f 595/607/595 1801/1918/1801 1815/1935/1815
f 1815/1935/1815 599/611/599 595/607/595
f 1313/1364/1313 1801/1918/1801 1800/1917/1800
f 1800/1917/1800 1314/1365/1314 1313/1364/1313
f 1313/1364/1313 1302/1353/1302 1815/1935/1815
f 1815/1935/1815 1801/1918/1801 1313/1364/1313
f 1309/1360/1309 1314/1365/1314 1800/1917/1800
f 1800/1917/1800 1818/1938/1818 1309/1360/1309
f 1317/1368/1317 199/201/199 1767/1860/1767
f 1767/1860/1767 1318/1369/1318 1317/1368/1317
f 1317/1368/1317 1298/1349/1298 200/202/200
f 200/202/200 199/201/199 1317/1368/1317
f 1301/1352/1301 1318/1369/1318 1767/1860/1767
f 1767/1860/1767 1816/1936/1816 1301/1352/1301
f 884/925/884 890/1965/890 1817/1937/1817
f 1817/1937/1817 891/926/891 884/925/884
f 1321/1372/1321 890/924/890 889/923/889
f 889/923/889 1322/1373/1322 1321/1372/1321
f 1321/1376/1321 1310/1361/1310 1817/1937/1817
f 1817/1937/1817 890/1965/890 1321/1376/1321
f 1305/1356/1305 1322/1373/1322 889/923/889
f 889/923/889 1054/1096/1054 1305/1356/1305
f 1325/1378/1325 570/580/570 569/579/569
f 569/579/569 1326/1379/1326 1325/1378/1325
f 1325/1378/1325 1306/1357/1306 571/581/571
f 571/581/571 570/580/570 1325/1378/1325
f 1297/1348/1297 1326/1379/1326 569/579/569
f 569/579/569 1050/1092/1050 1297/1348/1297
f 1329/1382/1329 1332/1385/1332 1359/1414/1359
f 1359/1414/1359 1358/1413/1358 1329/1382/1329
f 1612/1686/1612 1332/1385/1332 1331/1384/1331
f 1331/1384/1331 1613/1687/1613 1612/1686/1612
f 1333/1386/1333 1336/1389/1336 1347/1400/1347
f 1347/1400/1347 1346/1399/1346 1333/1386/1333
f 1615/1689/1615 1336/1389/1336 1335/1388/1335
f 1335/1388/1335 1616/1690/1616 1615/1689/1615
f 1617/1691/1617 1340/1393/1340 1339/1392/1339
f 1339/1392/1339 1618/1692/1618 1617/1691/1617
f 1337/1390/1337 1340/1393/1340 1355/1408/1355
f 1355/1408/1355 1354/1407/1354 1337/1390/1337
f 1619/1967/1619 1344/1397/1344 1343/1396/1343
f 1343/1396/1343 1620/1966/1620 1619/1967/1619
f 1341/1394/1341 1344/1397/1344 1351/1404/1351
f 1351/1404/1351 1350/1403/1350 1341/1394/1341
f 1345/1398/1345 716/737/716 1788/1901/1788
f 1788/1901/1788 1346/1399/1346 1345/1398/1345
f 1345/1398/1345 1338/1391/1338 717/738/717
f 717/738/717 716/737/716 1345/1398/1345
f 1333/1386/1333 1346/1399/1346 1788/1901/1788
f 1788/1901/1788 1820/1940/1820 1333/1386/1333
f 1349/1402/1349 547/555/547 1799/1916/1799
f 1799/1916/1799 1350/1403/1350 1349/1402/1349
f 1349/1402/1349 1330/1383/1330 548/556/548
f 548/556/548 547/555/547 1349/1402/1349
f 1341/1394/1341 1350/1403/1350 1799/1916/1799
f 1799/1916/1799 1822/1942/1822 1341/1394/1341
f 856/893/856 859/1968/859 1821/1941/1821
f 1821/1941/1821 860/894/860 856/893/856
f 1353/1406/1353 859/892/859 858/891/858
f 858/891/858 1354/1407/1354 1353/1406/1353
f 1353/1410/1353 1342/1395/1342 1821/1941/1821
f 1821/1941/1821 859/1968/859 1353/1410/1353
f 1337/1390/1337 1354/1407/1354 858/891/858
f 858/891/858 1070/1112/1070 1337/1390/1337
f 152/154/152 158/160/158 1819/1939/1819
f 1819/1939/1819 159/161/159 152/154/152
f 1357/1412/1357 158/160/158 157/159/157
f 157/159/157 1358/1413/1358 1357/1412/1357
f 1357/1412/1357 1334/1387/1334 1819/1939/1819
f 1819/1939/1819 158/160/158 1357/1412/1357
f 1329/1382/1329 1358/1413/1358 157/159/157
f 157/159/157 1066/1108/1066 1329/1382/1329
f 1629/1703/1629 1364/1419/1364 1363/1418/1363
f 1363/1418/1363 1630/1704/1630 1629/1703/1629
f 1361/1416/1361 1364/1419/1364 1379/1434/1379
f 1379/1434/1379 1378/1433/1378 1361/1416/1361
f 1365/1420/1365 1368/1423/1368 1387/1442/1387
f 1387/1442/1387 1386/1441/1386 1365/1420/1365
f 1632/1706/1632 1368/1423/1368 1367/1422/1367
f 1367/1422/1367 1633/1707/1633 1632/1706/1632
f 1636/1710/1636 1372/1427/1372 1371/1426/1371
f 1371/1426/1371 1637/1711/1637 1636/1710/1636
f 1369/1424/1369 1372/1427/1372 1391/1446/1391
f 1391/1446/1391 1390/1445/1390 1369/1424/1369
f 1373/1428/1373 1376/1431/1376 1383/1438/1383
f 1383/1438/1383 1382/1437/1382 1373/1428/1373
f 1640/1714/1640 1376/1431/1376 1375/1430/1375
f 1375/1430/1375 1641/1715/1641 1640/1714/1640
f 1377/1432/1377 454/461/454 453/460/453
f 453/460/453 1378/1433/1378 1377/1432/1377
f 1377/1432/1377 1374/1429/1374 455/462/455
f 455/462/455 454/461/454 1377/1432/1377
f 1361/1416/1361 1378/1433/1378 453/460/453
f 453/460/453 1082/1124/1082 1361/1416/1361
f 845/877/845 851/883/851 1823/1943/1823
f 1823/1943/1823 846/878/846 845/877/845
f 1381/1436/1381 851/883/851 850/882/850
f 850/882/850 1382/1437/1382 1381/1436/1381
f 1381/1436/1381 1370/1425/1370 1823/1943/1823
f 1823/1943/1823 851/883/851 1381/1436/1381
f 1373/1428/1373 1382/1437/1382 850/882/850
f 850/882/850 1088/1130/1088 1373/1428/1373
f 1385/1440/1385 54/54/54 53/53/53
f 53/53/53 1386/1441/1386 1385/1440/1385
f 1385/1440/1385 1362/1417/1362 55/55/55
f 55/55/55 54/54/54 1385/1440/1385
f 1365/1420/1365 1386/1441/1386 53/53/53
f 53/53/53 1084/1126/1084 1365/1420/1365
f 1389/1444/1389 420/427/420 1798/1915/1798
f 1798/1915/1798 1390/1445/1390 1389/1444/1389
f 1389/1444/1389 1366/1421/1366 421/428/421
f 421/428/421 420/427/420 1389/1444/1389
f 1369/1424/1369 1390/1445/1390 1798/1915/1798
f 1798/1915/1798 1824/1944/1824 1369/1424/1369
f 1650/1724/1650 1396/1451/1396 1395/1450/1395
f 1395/1450/1395 1651/1725/1651 1650/1724/1650
f 1393/1448/1393 1396/1451/1396 1415/1969/1415
f 1415/1969/1415 1414/1970/1414 1393/1448/1393
f 1653/1727/1653 1400/1455/1400 1399/1454/1399
f 1399/1454/1399 1654/1728/1654 1653/1727/1653
f 1397/1452/1397 1400/1455/1400 1423/1480/1423
f 1423/1480/1423 1422/1479/1422 1397/1452/1397
f 1657/1731/1657 1404/1459/1404 1403/1458/1403
f 1403/1458/1403 1658/1732/1658 1657/1731/1657
f 1401/1456/1401 1404/1459/1404 1411/1466/1411
f 1411/1466/1411 1410/1465/1410 1401/1456/1401
f 1405/1460/1405 1408/1463/1408 1419/1476/1419
f 1419/1476/1419 1418/1475/1418 1405/1460/1405
f 1661/1735/1661 1408/1463/1408 1407/1462/1407
f 1407/1462/1407 1662/1736/1662 1661/1735/1661
f 466/473/466 1797/1971/1797 1825/1945/1825
f 1825/1945/1825 468/475/468 466/473/466
f 1409/1464/1409 1797/1913/1797 1796/1912/1796
f 1796/1912/1796 1410/1465/1410 1409/1464/1409
f 1409/1468/1409 1398/1453/1398 1825/1945/1825
f 1825/1945/1825 1797/1971/1797 1409/1468/1409
f 1401/1456/1401 1410/1465/1410 1796/1912/1796
f 1796/1912/1796 1828/1948/1828 1401/1456/1401
f 1413/1470/1413 464/471/464 463/470/463
f 463/470/463 1414/1471/1414 1413/1470/1413
f 1413/1470/1413 1406/1461/1406 465/472/465
f 465/472/465 464/471/464 1413/1470/1413
f 1393/1448/1393 1414/1970/1414 463/1137/463
f 463/1137/463 1094/1136/1094 1393/1448/1393
f 813/840/813 819/846/819 1827/1947/1827
f 1827/1947/1827 815/842/815 813/840/813
f 1417/1474/1417 819/846/819 818/845/818
f 818/845/818 1418/1475/1418 1417/1474/1417
f 1417/1474/1417 1402/1457/1402 1827/1947/1827
f 1827/1947/1827 819/846/819 1417/1474/1417
f 1405/1460/1405 1418/1475/1418 818/845/818
f 818/845/818 1104/1148/1104 1405/1460/1405
f 1421/1478/1421 60/60/60 1759/1844/1759
f 1759/1844/1759 1422/1479/1422 1421/1478/1421
f 1421/1478/1421 1394/1449/1394 61/61/61
f 61/61/61 60/60/60 1421/1478/1421
f 1397/1452/1397 1422/1479/1422 1759/1844/1759
f 1759/1844/1759 1826/1946/1826 1397/1452/1397
f 1425/1482/1425 1428/1485/1428 1451/1510/1451
f 1451/1510/1451 1450/1509/1450 1425/1482/1425
f 1671/1750/1671 1428/1485/1428 1427/1484/1427
f 1427/1484/1427 1672/1751/1672 1671/1750/1671
f 1674/1973/1674 1432/1489/1432 1431/1488/1431
f 1431/1488/1431 1675/1972/1675 1674/1973/1674
f 1429/1486/1429 1432/1489/1432 1443/1500/1443
f 1443/1500/1443 1442/1499/1442 1429/1486/1429
f 1433/1490/1433 1436/1493/1436 1455/1514/1455
f 1455/1514/1455 1454/1513/1454 1433/1490/1433
f 1678/1758/1678 1436/1493/1436 1435/1492/1435
f 1435/1492/1435 1679/1759/1679 1678/1758/1678
f 1682/1974/1682 1440/1497/1440 1439/1496/1439
f 1439/1496/1439 1683/1769/1683 1682/1974/1682
f 1437/1494/1437 1440/1497/1440 1447/1504/1447
f 1447/1504/1447 1446/1503/1446 1437/1494/1437
f 1441/1498/1441 214/216/214 213/215/213
f 213/215/213 1442/1499/1442 1441/1498/1441
f 1441/1498/1441 1426/1483/1426 215/217/215
f 215/217/215 214/216/214 1441/1498/1441
f 1429/1486/1429 1442/1499/1442 213/215/213
f 213/215/213 1112/1156/1112 1429/1486/1429
f 799/826/799 803/1975/803 1829/1949/1829
f 1829/1949/1829 800/827/800 799/826/799
f 1445/1502/1445 803/830/803 802/829/802
f 802/829/802 1446/1503/1446 1445/1502/1445
f 1445/1506/1445 1434/1491/1434 1829/1949/1829
f 1829/1949/1829 803/1975/803 1445/1506/1445
f 1437/1494/1437 1446/1503/1446 802/829/802
f 802/829/802 1115/1159/1115 1437/1494/1437
f 1449/1508/1449 593/605/593 592/604/592
f 592/604/592 1450/1509/1450 1449/1508/1449
f 1449/1508/1449 1438/1495/1438 594/606/594
f 594/606/594 593/605/593 1449/1508/1449
f 1425/1482/1425 1450/1509/1450 592/604/592
f 592/604/592 1110/1154/1110 1425/1482/1425
f 1453/1512/1453 630/1911/630 1795/1910/1795
f 1795/1910/1795 1454/1513/1454 1453/1512/1453
f 1453/1516/1453 1430/1487/1430 631/648/631
f 631/648/631 630/647/630 1453/1516/1453
f 1433/1490/1433 1454/1513/1454 1795/1910/1795
f 1795/1910/1795 1830/1950/1830 1433/1490/1433
f 1457/1518/1457 1460/1521/1460 1483/1544/1483
f 1483/1544/1483 1482/1543/1482 1457/1518/1457
f 1692/1774/1692 1460/1521/1460 1459/1520/1459
f 1459/1520/1459 1693/1775/1693 1692/1774/1692
f 1695/1777/1695 1464/1525/1464 1463/1524/1463
f 1463/1524/1463 1696/1778/1696 1695/1777/1695
f 1461/1522/1461 1464/1525/1464 1475/1536/1475
f 1475/1536/1475 1474/1535/1474 1461/1522/1461
f 1465/1526/1465 1468/1529/1468 1479/1540/1479
f 1479/1540/1479 1478/1539/1478 1465/1526/1465
f 1699/1781/1699 1468/1529/1468 1467/1528/1467
f 1467/1528/1467 1700/1782/1700 1699/1781/1699
f 1703/1785/1703 1472/1533/1472 1471/1532/1471
f 1471/1532/1471 1704/1786/1704 1703/1785/1703
f 1469/1530/1469 1472/1533/1472 1487/1548/1487
f 1487/1548/1487 1486/1547/1486 1469/1530/1469
f 1473/1534/1473 24/24/24 1756/1838/1756
f 1756/1838/1756 1474/1535/1474 1473/1534/1473
f 1473/1534/1473 1458/1519/1458 25/25/25
f 25/25/25 24/24/24 1473/1534/1473
f 1461/1522/1461 1474/1535/1474 1756/1838/1756
f 1756/1838/1756 1832/1952/1832 1461/1522/1461
f 386/392/386 1794/1908/1794 1831/1951/1831
f 1831/1951/1831 388/394/388 386/392/386
f 1477/1538/1477 1794/1908/1794 1793/1907/1793
f 1793/1907/1793 1478/1539/1478 1477/1538/1477
f 1477/1538/1477 1462/1523/1462 1831/1951/1831
f 1831/1951/1831 1794/1908/1794 1477/1538/1477
f 1465/1526/1465 1478/1539/1478 1793/1907/1793
f 1793/1907/1793 1834/1954/1834 1465/1526/1465
f 1481/1542/1481 384/390/384 383/389/383
f 383/389/383 1482/1543/1482 1481/1542/1481
f 1481/1542/1481 1470/1531/1470 385/391/385
f 385/391/385 384/390/384 1481/1542/1481
f 1457/1518/1457 1482/1543/1482 383/389/383
f 383/389/383 1121/1165/1121 1457/1518/1457
f 786/811/786 792/817/792 1833/1953/1833
f 1833/1953/1833 788/813/788 786/811/786
f 1485/1546/1485 792/817/792 791/816/791
f 791/816/791 1486/1547/1486 1485/1546/1485
f 1485/1546/1485 1466/1527/1466 1833/1953/1833
f 1833/1953/1833 792/817/792 1485/1546/1485
f 1469/1530/1469 1486/1547/1486 791/816/791
f 791/816/791 1129/1173/1129 1469/1530/1469
f 1489/1550/1489 1492/1553/1492 1519/1584/1519
f 1519/1584/1519 1518/1583/1518 1489/1550/1489
f 1713/1977/1713 1492/1553/1492 1491/1552/1491
f 1491/1552/1491 1714/1976/1714 1713/1977/1713
f 1716/1979/1716 1496/1557/1496 1495/1556/1495
f 1495/1556/1495 1717/1978/1717 1716/1979/1716
f 1493/1554/1493 1496/1557/1496 1515/1578/1515
f 1515/1578/1515 1514/1577/1514 1493/1554/1493
f 1497/1558/1497 1500/1561/1500 1511/1574/1511
f 1511/1574/1511 1510/1573/1510 1497/1558/1497
f 1720/1981/1720 1500/1561/1500 1499/1560/1499
f 1499/1560/1499 1721/1980/1721 1720/1981/1720
f 1724/1806/1724 1504/1565/1504 1503/1564/1503
f 1503/1564/1503 1725/1807/1725 1724/1806/1724
f 1501/1562/1501 1504/1565/1504 1507/1568/1507
f 1507/1568/1507 1506/1567/1506 1501/1562/1501
f 778/802/778 784/1982/784 1835/1955/1835
f 1835/1955/1835 779/803/779 778/802/778
f 1505/1566/1505 784/809/784 783/808/783
f 783/808/783 1506/1567/1506 1505/1566/1505
f 1505/1570/1505 1498/1559/1498 1835/1955/1835
f 1835/1955/1835 784/1982/784 1505/1570/1505
f 1501/1562/1501 1506/1567/1506 783/808/783
f 783/808/783 1141/1185/1141 1501/1562/1501
f 1509/1572/1509 699/718/699 1792/1906/1792
f 1792/1906/1792 1510/1573/1510 1509/1572/1509
f 1509/1572/1509 1494/1555/1494 700/719/700
f 700/719/700 699/718/699 1509/1572/1509
f 1497/1558/1497 1510/1573/1510 1792/1906/1792
f 1792/1906/1792 1836/1956/1836 1497/1558/1497
f 1513/1576/1513 225/227/225 224/226/224
f 224/226/224 1514/1577/1514 1513/1576/1513
f 1513/1580/1513 1490/1551/1490 226/230/226
f 226/230/226 225/229/225 1513/1580/1513
f 1493/1554/1493 1514/1577/1514 224/226/224
f 224/226/224 1137/1181/1137 1493/1554/1493
f 1517/1582/1517 625/640/625 624/639/624
f 624/639/624 1518/1583/1518 1517/1582/1517
f 1517/1586/1517 1502/1563/1502 626/642/626
f 626/642/626 625/641/625 1517/1586/1517
f 1489/1550/1489 1518/1583/1518 624/639/624
f 624/639/624 1135/1179/1135 1489/1550/1489
f 1734/1816/1734 1524/1591/1524 1523/1590/1523
f 1523/1590/1523 1735/1817/1735 1734/1816/1734
f 1521/1588/1521 1524/1591/1524 1539/1606/1539
f 1539/1606/1539 1538/1605/1538 1521/1588/1521
f 1737/1819/1737 1528/1595/1528 1527/1594/1527
f 1527/1594/1527 1738/1820/1738 1737/1819/1737
f 1525/1592/1525 1528/1595/1528 1543/1610/1543
f 1543/1610/1543 1542/1609/1542 1525/1592/1525
f 1529/1596/1529 1532/1599/1532 1547/1614/1547
f 1547/1614/1547 1546/1613/1546 1529/1596/1529
f 1741/1823/1741 1532/1599/1532 1531/1598/1531
f 1531/1598/1531 1742/1824/1742 1741/1823/1741
f 1745/1827/1745 1536/1603/1536 1535/1602/1535
f 1535/1602/1535 1746/1828/1746 1745/1827/1745
f 1533/1600/1533 1536/1603/1536 1551/1618/1551
f 1551/1618/1551 1550/1617/1550 1533/1600/1533
f 1537/1604/1537 368/374/368 367/373/367
f 367/373/367 1538/1605/1538 1537/1604/1537
f 1537/1604/1537 1534/1601/1534 369/375/369
f 369/375/369 368/374/368 1537/1604/1537
f 1521/1588/1521 1538/1605/1538 367/373/367
f 367/373/367 1147/1191/1147 1521/1588/1521
f 1541/1608/1541 13/13/13 12/12/12
f 12/12/12 1542/1609/1542 1541/1608/1541
f 1541/1608/1541 1522/1589/1522 14/14/14
f 14/14/14 13/13/13 1541/1608/1541
f 1525/1592/1525 1542/1609/1542 12/12/12
f 12/12/12 1149/1193/1149 1525/1592/1525
f 1545/1612/1545 346/352/346 1791/1905/1791
f 1791/1905/1791 1546/1613/1546 1545/1612/1545
f 1545/1612/1545 1526/1593/1526 347/353/347
f 347/353/347 346/352/346 1545/1612/1545
f 1529/1596/1529 1546/1613/1546 1791/1905/1791
f 1791/1905/1791 1838/1958/1838 1529/1596/1529
f 766/790/766 769/793/769 1837/1957/1837
f 1837/1957/1837 1153/1197/1153 766/790/766
f 1549/1616/1549 769/793/769 768/792/768
f 768/792/768 1550/1617/1550 1549/1616/1549
f 1549/1616/1549 1530/1597/1530 1837/1957/1837
f 1837/1957/1837 769/793/769 1549/1616/1549
f 1533/1600/1533 1550/1617/1550 768/792/768
f 768/792/768 1155/1199/1155 1533/1600/1533
f 1028/1070/1028 1031/1073/1031 1555/1622/1555
f 1555/1622/1555 1559/1626/1559 1028/1070/1028
f 1553/1620/1553 1031/1073/1031 1030/1072/1030
f 1030/1072/1030 1567/1634/1567 1553/1620/1553
f 1556/1623/1556 1559/1626/1559 1555/1622/1555
f 1555/1622/1555 1573/1644/1573 1556/1623/1556
f 1028/1070/1028 1559/1626/1559 1558/1625/1558
f 1558/1625/1558 1563/1983/1563 1028/1070/1028
f 1028/1070/1028 1563/1983/1563 1562/1984/1562
f 1562/1984/1562 1029/1071/1029 1028/1070/1028
f 1560/1627/1560 1563/1630/1563 1558/1641/1558
f 1558/1641/1558 1571/1640/1571 1560/1627/1560
f 1564/1631/1564 1029/1071/1029 1562/1984/1562
f 1562/1984/1562 1569/1985/1569 1564/1631/1564
f 1566/1633/1566 1256/1305/1256 1255/1304/1255
f 1255/1304/1255 1567/1634/1567 1566/1633/1566
f 1566/1986/1566 1565/1960/1565 1247/1294/1247
f 1247/1294/1247 1256/1307/1256 1566/1986/1566
f 1553/1620/1553 1567/1634/1567 1255/1304/1255
f 1255/1304/1255 1236/1283/1236 1553/1620/1553
f 1568/1635/1568 1252/1299/1252 1251/1298/1251
f 1251/1298/1251 1569/1636/1569 1568/1635/1568
f 1568/1635/1568 1561/1638/1561 1243/1300/1243
f 1243/1300/1243 1252/1299/1252 1568/1635/1568
f 1564/1961/1564 1569/1636/1569 1251/1298/1251
f 1251/1298/1251 1248/1295/1248 1564/1961/1564
f 1570/1639/1570 1264/1315/1264 1263/1314/1263
f 1263/1314/1263 1571/1640/1571 1570/1639/1570
f 1570/1639/1570 1557/1642/1557 1239/1286/1239
f 1239/1286/1239 1264/1315/1264 1570/1639/1570
f 1560/1627/1560 1571/1640/1571 1263/1314/1263
f 1263/1314/1263 1244/1291/1244 1560/1627/1560
f 1572/1643/1572 1260/1311/1260 1259/1310/1259
f 1259/1310/1259 1573/1644/1573 1572/1643/1572
f 1572/1643/1572 1554/1621/1554 1235/1282/1235
f 1235/1282/1235 1260/1311/1260 1572/1643/1572
f 1556/1959/1556 1573/1644/1573 1259/1310/1259
f 1259/1310/1259 1240/1287/1240 1556/1959/1556
f 1043/1085/1043 1046/1088/1046 1576/1647/1576
f 1576/1647/1576 1582/1653/1582 1043/1085/1043
f 1574/1645/1574 1046/1088/1046 1045/1087/1045
f 1045/1087/1045 1590/1661/1590 1574/1645/1574
f 1577/1648/1577 1044/1086/1044 1048/1090/1048
f 1048/1090/1048 1588/1659/1588 1577/1648/1577
f 1579/1650/1579 1582/1653/1582 1576/1647/1576
f 1576/1647/1576 1592/1663/1592 1579/1650/1579
f 1043/1085/1043 1582/1653/1582 1581/1652/1581
f 1581/1652/1581 1047/1089/1047 1043/1085/1043
f 1583/1654/1583 1047/1089/1047 1581/1652/1581
f 1581/1652/1581 1586/1657/1586 1583/1654/1583
f 1585/1656/1585 1296/1347/1296 1295/1346/1295
f 1295/1346/1295 1586/1657/1586 1585/1656/1585
f 1585/1656/1585 1580/1651/1580 1275/1326/1275
f 1275/1326/1275 1296/1347/1296 1585/1656/1585
f 1583/1654/1583 1586/1657/1586 1295/1346/1295
f 1295/1346/1295 1280/1331/1280 1583/1654/1583
f 1587/1658/1587 1292/1343/1292 1291/1342/1291
f 1291/1342/1291 1588/1659/1588 1587/1658/1587
f 1587/1658/1587 1584/1655/1584 1279/1330/1279
f 1279/1330/1279 1292/1343/1292 1587/1658/1587
f 1577/1648/1577 1588/1659/1588 1291/1342/1291
f 1291/1342/1291 1272/1323/1272 1577/1648/1577
f 1589/1660/1589 1288/1339/1288 1287/1338/1287
f 1287/1338/1287 1590/1661/1590 1589/1660/1589
f 1589/1660/1589 1578/1649/1578 1271/1322/1271
f 1271/1322/1271 1288/1339/1288 1589/1660/1589
f 1574/1645/1574 1590/1661/1590 1287/1338/1287
f 1287/1338/1287 1268/1319/1268 1574/1645/1574
f 1591/1662/1591 1284/1335/1284 1283/1334/1283
f 1283/1334/1283 1592/1663/1592 1591/1662/1591
f 1591/1662/1591 1575/1646/1575 1267/1318/1267
f 1267/1318/1267 1284/1335/1284 1591/1662/1591
f 1579/1650/1579 1592/1663/1592 1283/1334/1283
f 1283/1334/1283 1276/1327/1276 1579/1650/1579
f 1059/1101/1059 1062/1104/1062 1595/1987/1595
f 1595/1987/1595 1599/1671/1599 1059/1101/1059
f 1593/1664/1593 1062/1667/1062 1061/1680/1061
f 1061/1680/1061 1607/1679/1607 1593/1664/1593
f 1596/1668/1596 1599/1671/1599 1595/1987/1595
f 1595/1987/1595 1611/1988/1611 1596/1668/1596
f 1059/1101/1059 1599/1671/1599 1598/1670/1598
f 1598/1670/1598 1063/1105/1063 1059/1101/1059
f 1600/1672/1600 1060/1102/1060 1064/1106/1064
f 1064/1106/1064 1609/1683/1609 1600/1672/1600
f 1602/1674/1602 1063/1105/1063 1598/1670/1598
f 1598/1670/1598 1605/1677/1605 1602/1674/1602
f 1604/1676/1604 1316/1367/1316 1315/1366/1315
f 1315/1366/1315 1605/1677/1605 1604/1676/1604
f 1604/1676/1604 1597/1669/1597 1303/1354/1303
f 1303/1354/1303 1316/1367/1316 1604/1676/1604
f 1602/1674/1602 1605/1677/1605 1315/1366/1315
f 1315/1366/1315 1312/1363/1312 1602/1674/1602
f 1606/1678/1606 1328/1381/1328 1327/1380/1327
f 1327/1380/1327 1607/1679/1607 1606/1678/1606
f 1606/1678/1606 1601/1681/1601 1307/1358/1307
f 1307/1358/1307 1328/1381/1328 1606/1678/1606
f 1593/1664/1593 1607/1679/1607 1327/1380/1327
f 1327/1380/1327 1300/1351/1300 1593/1664/1593
f 1608/1990/1608 1324/1375/1324 1323/1374/1323
f 1323/1374/1323 1609/1989/1609 1608/1990/1608
f 1608/1682/1608 1603/1675/1603 1311/1362/1311
f 1311/1362/1311 1324/1377/1324 1608/1682/1608
f 1600/1964/1600 1609/1989/1609 1323/1374/1323
f 1323/1374/1323 1308/1359/1308 1600/1964/1600
f 1610/1684/1610 1320/1371/1320 1319/1370/1319
f 1319/1370/1319 1611/1685/1611 1610/1684/1610
f 1610/1684/1610 1594/1665/1594 1299/1350/1299
f 1299/1350/1299 1320/1371/1320 1610/1684/1610
f 1596/1963/1596 1611/1685/1611 1319/1370/1319
f 1319/1370/1319 1304/1355/1304 1596/1963/1596
f 1073/1115/1073 1076/1118/1076 1614/1688/1614
f 1614/1688/1614 1079/1121/1079 1073/1115/1073
f 1612/1686/1612 1076/1118/1076 1075/1117/1075
f 1075/1117/1075 1626/1700/1626 1612/1686/1612
f 1615/1689/1615 1074/1116/1074 1078/1120/1078
f 1078/1120/1078 1622/1696/1622 1615/1689/1615
f 1617/1691/1617 1077/1119/1077 1080/1122/1080
f 1080/1122/1080 1624/1698/1624 1617/1691/1617
f 1619/1693/1619 1079/1121/1079 1614/1688/1614
f 1614/1688/1614 1628/1702/1628 1619/1693/1619
f 1621/1695/1621 1348/1401/1348 1347/1400/1347
f 1347/1400/1347 1622/1696/1622 1621/1695/1621
f 1621/1695/1621 1618/1692/1618 1339/1392/1339
f 1339/1392/1339 1348/1401/1348 1621/1695/1621
f 1615/1689/1615 1622/1696/1622 1347/1400/1347
f 1347/1400/1347 1336/1389/1336 1615/1689/1615
f 1623/1991/1623 1356/1409/1356 1355/1408/1355
f 1355/1408/1355 1624/1698/1624 1623/1991/1623
f 1623/1992/1623 1620/1966/1620 1343/1396/1343
f 1343/1396/1343 1356/1411/1356 1623/1992/1623
f 1617/1691/1617 1624/1698/1624 1355/1408/1355
f 1355/1408/1355 1340/1393/1340 1617/1691/1617
f 1625/1699/1625 1360/1415/1360 1359/1414/1359
f 1359/1414/1359 1626/1700/1626 1625/1699/1625
f 1625/1699/1625 1616/1690/1616 1335/1388/1335
f 1335/1388/1335 1360/1415/1360 1625/1699/1625
f 1612/1686/1612 1626/1700/1626 1359/1414/1359
f 1359/1414/1359 1332/1385/1332 1612/1686/1612
f 1627/1994/1627 1352/1405/1352 1351/1404/1351
f 1351/1404/1351 1628/1993/1628 1627/1994/1627
f 1627/1994/1627 1613/1687/1613 1331/1384/1331
f 1331/1384/1331 1352/1405/1352 1627/1994/1627
f 1619/1967/1619 1628/1993/1628 1351/1404/1351
f 1351/1404/1351 1344/1397/1344 1619/1967/1619
f 1089/1131/1089 1092/1134/1092 1631/1705/1631
f 1631/1705/1631 1635/1709/1635 1089/1131/1089
f 1629/1703/1629 1092/1134/1092 1091/1133/1091
f 1091/1133/1091 1647/1721/1647 1629/1703/1629
f 1632/1706/1632 1635/1709/1635 1631/1705/1631
f 1631/1705/1631 1645/1719/1645 1632/1706/1632
f 1089/1131/1089 1635/1709/1635 1634/1708/1634
f 1634/1708/1634 1639/1713/1639 1089/1131/1089
f 1089/1131/1089 1639/1713/1639 1638/1712/1638
f 1638/1712/1638 1090/1132/1090 1089/1131/1089
f 1636/1710/1636 1639/1713/1639 1634/1708/1634
f 1634/1708/1634 1649/1723/1649 1636/1710/1636
f 1640/1714/1640 1090/1132/1090 1638/1712/1638
f 1638/1712/1638 1643/1717/1643 1640/1714/1640
f 1642/1716/1642 1384/1439/1384 1383/1438/1383
f 1383/1438/1383 1643/1717/1643 1642/1716/1642
f 1642/1716/1642 1637/1711/1637 1371/1426/1371
f 1371/1426/1371 1384/1439/1384 1642/1716/1642
f 1640/1714/1640 1643/1717/1643 1383/1438/1383
f 1383/1438/1383 1376/1431/1376 1640/1714/1640
f 1644/1718/1644 1388/1443/1388 1387/1442/1387
f 1387/1442/1387 1645/1719/1645 1644/1718/1644
f 1644/1718/1644 1630/1704/1630 1363/1418/1363
f 1363/1418/1363 1388/1443/1388 1644/1718/1644
f 1632/1706/1632 1645/1719/1645 1387/1442/1387
f 1387/1442/1387 1368/1423/1368 1632/1706/1632
f 1646/1720/1646 1380/1435/1380 1379/1434/1379
f 1379/1434/1379 1647/1721/1647 1646/1720/1646
f 1646/1720/1646 1641/1715/1641 1375/1430/1375
f 1375/1430/1375 1380/1435/1380 1646/1720/1646
f 1629/1703/1629 1647/1721/1647 1379/1434/1379
f 1379/1434/1379 1364/1419/1364 1629/1703/1629
f 1648/1722/1648 1392/1447/1392 1391/1446/1391
f 1391/1446/1391 1649/1723/1649 1648/1722/1648
f 1648/1722/1648 1633/1707/1633 1367/1422/1367
f 1367/1422/1367 1392/1447/1392 1648/1722/1648
f 1636/1710/1636 1649/1723/1649 1391/1446/1391
f 1391/1446/1391 1372/1427/1372 1636/1710/1636
f 1105/1149/1105 1108/1152/1108 1652/1726/1652
f 1652/1726/1652 1656/1730/1656 1105/1149/1105
f 1650/1724/1650 1108/1152/1108 1107/1151/1107
f 1107/1151/1107 1670/1995/1670 1650/1724/1650
f 1653/1727/1653 1656/1730/1656 1652/1726/1652
f 1652/1726/1652 1668/1746/1668 1653/1727/1653
f 1105/1149/1105 1656/1730/1656 1655/1729/1655
f 1655/1729/1655 1660/1996/1660 1105/1149/1105
f 1105/1149/1105 1660/1996/1660 1659/1997/1659
f 1659/1997/1659 1106/1150/1106 1105/1149/1105
f 1657/1731/1657 1660/1734/1660 1655/1743/1655
f 1655/1743/1655 1666/1742/1666 1657/1731/1657
f 1661/1735/1661 1106/1738/1106 1659/1733/1659
f 1659/1733/1659 1664/1740/1664 1661/1735/1661
f 1663/1739/1663 1420/1477/1420 1419/1476/1419
f 1419/1476/1419 1664/1740/1664 1663/1739/1663
f 1663/1739/1663 1658/1732/1658 1403/1458/1403
f 1403/1458/1403 1420/1477/1420 1663/1739/1663
f 1661/1735/1661 1664/1740/1664 1419/1476/1419
f 1419/1476/1419 1408/1463/1408 1661/1735/1661
f 1665/1741/1665 1412/1467/1412 1411/1466/1411
f 1411/1466/1411 1666/1742/1666 1665/1741/1665
f 1665/1998/1665 1654/1728/1654 1399/1454/1399
f 1399/1454/1399 1412/1469/1412 1665/1998/1665
f 1657/1731/1657 1666/1742/1666 1411/1466/1411
f 1411/1466/1411 1404/1459/1404 1657/1731/1657
f 1667/1745/1667 1424/1481/1424 1423/1480/1423
f 1423/1480/1423 1668/1746/1668 1667/1745/1667
f 1667/1745/1667 1651/1725/1651 1395/1450/1395
f 1395/1450/1395 1424/1481/1424 1667/1745/1667
f 1653/1727/1653 1668/1746/1668 1423/1480/1423
f 1423/1480/1423 1400/1455/1400 1653/1727/1653
f 1669/1747/1669 1416/1473/1416 1415/1472/1415
f 1415/1472/1415 1670/1748/1670 1669/1747/1669
f 1669/1747/1669 1662/1736/1662 1407/1462/1407
f 1407/1462/1407 1416/1473/1416 1669/1747/1669
f 1650/1724/1650 1670/1995/1670 1415/1969/1415
f 1415/1969/1415 1396/1451/1396 1650/1724/1650
f 1116/1160/1116 1119/1163/1119 1673/1999/1673
f 1673/1999/1673 1677/1757/1677 1116/1160/1116
f 1671/1750/1671 1119/1753/1119 1118/1768/1118
f 1118/1768/1118 1687/1767/1687 1671/1750/1671
f 1674/1754/1674 1677/1757/1677 1673/1999/1673
f 1673/1999/1673 1691/2000/1691 1674/1754/1674
f 1116/1160/1116 1677/1757/1677 1676/1756/1676
f 1676/1756/1676 1681/1761/1681 1116/1160/1116
f 1116/1160/1116 1681/1761/1681 1680/1760/1680
f 1680/1760/1680 1117/1161/1117 1116/1160/1116
f 1678/1758/1678 1681/1761/1681 1676/1756/1676
f 1676/1756/1676 1685/1765/1685 1678/1758/1678
f 1682/1762/1682 1117/1161/1117 1680/1760/1680
f 1680/1760/1680 1689/1771/1689 1682/1762/1682
f 1684/1764/1684 1456/1515/1456 1455/1514/1455
f 1455/1514/1455 1685/1765/1685 1684/1764/1684
f 1684/2001/1684 1675/1972/1675 1431/1488/1431
f 1431/1488/1431 1456/1517/1456 1684/2001/1684
f 1678/1758/1678 1685/1765/1685 1455/1514/1455
f 1455/1514/1455 1436/1493/1436 1678/1758/1678
f 1686/1766/1686 1452/1511/1452 1451/1510/1451
f 1451/1510/1451 1687/1767/1687 1686/1766/1686
f 1686/1766/1686 1683/1769/1683 1439/1496/1439
f 1439/1496/1439 1452/1511/1452 1686/1766/1686
f 1671/1750/1671 1687/1767/1687 1451/1510/1451
f 1451/1510/1451 1428/1485/1428 1671/1750/1671
f 1688/2003/1688 1448/1505/1448 1447/1504/1447
f 1447/1504/1447 1689/2002/1689 1688/2003/1688
f 1688/1770/1688 1679/1759/1679 1435/1492/1435
f 1435/1492/1435 1448/1507/1448 1688/1770/1688
f 1682/1974/1682 1689/2002/1689 1447/1504/1447
f 1447/1504/1447 1440/1497/1440 1682/1974/1682
f 1690/1772/1690 1444/1501/1444 1443/1500/1443
f 1443/1500/1443 1691/1773/1691 1690/1772/1690
f 1690/1772/1690 1672/1751/1672 1427/1484/1427
f 1427/1484/1427 1444/1501/1444 1690/1772/1690
f 1674/1973/1674 1691/1773/1691 1443/1500/1443
f 1443/1500/1443 1432/1489/1432 1674/1973/1674
f 1130/1174/1130 1133/1177/1133 1694/1776/1694
f 1694/1776/1694 1698/1780/1698 1130/1174/1130
f 1692/1774/1692 1133/1177/1133 1132/1176/1132
f 1132/1176/1132 1706/1788/1706 1692/1774/1692
f 1695/1777/1695 1698/1780/1698 1694/1776/1694
f 1694/1776/1694 1712/1794/1712 1695/1777/1695
f 1130/1174/1130 1698/1780/1698 1697/1779/1697
f 1697/1779/1697 1702/1784/1702 1130/1174/1130
f 1130/1174/1130 1702/1784/1702 1701/1783/1701
f 1701/1783/1701 1131/1175/1131 1130/1174/1130
f 1699/1781/1699 1702/1784/1702 1697/1779/1697
f 1697/1779/1697 1708/1790/1708 1699/1781/1699
f 1703/1785/1703 1131/1175/1131 1701/1783/1701
f 1701/1783/1701 1710/1792/1710 1703/1785/1703
f 1705/1787/1705 1484/1545/1484 1483/1544/1483
f 1483/1544/1483 1706/1788/1706 1705/1787/1705
f 1705/1787/1705 1704/1786/1704 1471/1532/1471
f 1471/1532/1471 1484/1545/1484 1705/1787/1705
f 1692/1774/1692 1706/1788/1706 1483/1544/1483
f 1483/1544/1483 1460/1521/1460 1692/1774/1692
f 1707/1789/1707 1480/1541/1480 1479/1540/1479
f 1479/1540/1479 1708/1790/1708 1707/1789/1707
f 1707/1789/1707 1696/1778/1696 1463/1524/1463
f 1463/1524/1463 1480/1541/1480 1707/1789/1707
f 1699/1781/1699 1708/1790/1708 1479/1540/1479
f 1479/1540/1479 1468/1529/1468 1699/1781/1699
f 1709/1791/1709 1488/1549/1488 1487/1548/1487
f 1487/1548/1487 1710/1792/1710 1709/1791/1709
f 1709/1791/1709 1700/1782/1700 1467/1528/1467
f 1467/1528/1467 1488/1549/1488 1709/1791/1709
f 1703/1785/1703 1710/1792/1710 1487/1548/1487
f 1487/1548/1487 1472/1533/1472 1703/1785/1703
f 1711/1793/1711 1476/1537/1476 1475/1536/1475
f 1475/1536/1475 1712/1794/1712 1711/1793/1711
f 1711/1793/1711 1693/1775/1693 1459/1520/1459
f 1459/1520/1459 1476/1537/1476 1711/1793/1711
f 1695/1777/1695 1712/1794/1712 1475/1536/1475
f 1475/1536/1475 1464/1525/1464 1695/1777/1695
f 1142/1186/1142 1145/1189/1145 1715/1797/1715
f 1715/1797/1715 1719/1801/1719 1142/1186/1142
f 1713/1795/1713 1145/1189/1145 1144/1188/1144
f 1144/1188/1144 1729/1811/1729 1713/1795/1713
f 1716/1798/1716 1719/1801/1719 1715/1797/1715
f 1715/1797/1715 1731/1813/1731 1716/1798/1716
f 1142/1186/1142 1719/1801/1719 1718/1800/1718
f 1718/1800/1718 1723/1805/1723 1142/1186/1142
f 1142/1186/1142 1723/1805/1723 1722/1804/1722
f 1722/1804/1722 1143/1187/1143 1142/1186/1142
f 1720/1802/1720 1723/1805/1723 1718/1800/1718
f 1718/1800/1718 1727/1809/1727 1720/1802/1720
f 1724/1806/1724 1143/1187/1143 1722/1804/1722
f 1722/1804/1722 1733/1815/1733 1724/1806/1724
f 1726/2005/1726 1512/1575/1512 1511/1574/1511
f 1511/1574/1511 1727/2004/1727 1726/2005/1726
f 1726/2005/1726 1717/1978/1717 1495/1556/1495
f 1495/1556/1495 1512/1575/1512 1726/2005/1726
f 1720/1981/1720 1727/2004/1727 1511/1574/1511
f 1511/1574/1511 1500/1561/1500 1720/1981/1720
f 1728/2007/1728 1520/1585/1520 1519/1584/1519
f 1519/1584/1519 1729/2006/1729 1728/2007/1728
f 1728/1810/1728 1725/1807/1725 1503/1564/1503
f 1503/1564/1503 1520/1587/1520 1728/1810/1728
f 1713/1977/1713 1729/2006/1729 1519/1584/1519
f 1519/1584/1519 1492/1553/1492 1713/1977/1713
f 1730/2009/1730 1516/1579/1516 1515/1578/1515
f 1515/1578/1515 1731/2008/1731 1730/2009/1730
f 1730/2010/1730 1714/1976/1714 1491/1552/1491
f 1491/1552/1491 1516/1581/1516 1730/2010/1730
f 1716/1979/1716 1731/2008/1731 1515/1578/1515
f 1515/1578/1515 1496/1557/1496 1716/1979/1716
f 1732/1814/1732 1508/1569/1508 1507/1568/1507
f 1507/1568/1507 1733/1815/1733 1732/1814/1732
f 1732/2011/1732 1721/1980/1721 1499/1560/1499
f 1499/1560/1499 1508/1571/1508 1732/2011/1732
f 1724/1806/1724 1733/1815/1733 1507/1568/1507
f 1507/1568/1507 1504/1565/1504 1724/1806/1724
f 1156/1200/1156 1159/1203/1159 1736/1818/1736
f 1736/1818/1736 1740/1822/1740 1156/1200/1156
f 1734/1816/1734 1159/1203/1159 1158/1202/1158
f 1158/1202/1158 1752/1834/1752 1734/1816/1734
f 1737/1819/1737 1740/1822/1740 1736/1818/1736
f 1736/1818/1736 1750/1832/1750 1737/1819/1737
f 1156/1200/1156 1740/1822/1740 1739/1821/1739
f 1739/1821/1739 1744/1826/1744 1156/1200/1156
f 1156/1200/1156 1744/1826/1744 1743/1825/1743
f 1743/1825/1743 1157/1201/1157 1156/1200/1156
f 1741/1823/1741 1744/1826/1744 1739/1821/1739
f 1739/1821/1739 1748/1830/1748 1741/1823/1741
f 1745/1827/1745 1157/1201/1157 1743/1825/1743
f 1743/1825/1743 1754/1836/1754 1745/1827/1745
f 1747/1829/1747 1548/1615/1548 1547/1614/1547
f 1547/1614/1547 1748/1830/1748 1747/1829/1747
f 1747/1829/1747 1738/1820/1738 1527/1594/1527
f 1527/1594/1527 1548/1615/1548 1747/1829/1747
f 1741/1823/1741 1748/1830/1748 1547/1614/1547
f 1547/1614/1547 1532/1599/1532 1741/1823/1741
f 1749/1831/1749 1544/1611/1544 1543/1610/1543
f 1543/1610/1543 1750/1832/1750 1749/1831/1749
f 1749/1831/1749 1735/1817/1735 1523/1590/1523
f 1523/1590/1523 1544/1611/1544 1749/1831/1749
f 1737/1819/1737 1750/1832/1750 1543/1610/1543
f 1543/1610/1543 1528/1595/1528 1737/1819/1737
f 1751/1833/1751 1540/1607/1540 1539/1606/1539
f 1539/1606/1539 1752/1834/1752 1751/1833/1751
f 1751/1833/1751 1746/1828/1746 1535/1602/1535
f 1535/1602/1535 1540/1607/1540 1751/1833/1751
f 1734/1816/1734 1752/1834/1752 1539/1606/1539
f 1539/1606/1539 1524/1591/1524 1734/1816/1734
f 1753/1835/1753 1552/1619/1552 1551/1618/1551
f 1551/1618/1551 1754/1836/1754 1753/1835/1753
f 1753/1835/1753 1742/1824/1742 1531/1598/1531
f 1531/1598/1531 1552/1619/1552 1753/1835/1753
f 1745/1827/1745 1754/1836/1754 1551/1618/1551
f 1551/1618/1551 1536/1603/1536 1745/1827/1745
