# Blender v2.82 (sub 7) OBJ File: ''
# www.blender.org
o asteroid4
v 2.553236 -0.452325 0.269491
v 2.467181 -0.908763 0.281733
v 2.535535 -0.930061 0.065958
v 2.612282 -0.490159 0.075069
v 2.312822 -1.277247 0.262691
v 2.423648 -1.260126 -0.030329
v 2.340479 0.760255 0.492093
v 2.475659 0.905322 0.239290
v 2.225350 1.390427 0.293592
v 2.080179 1.375207 0.477114
v 2.599816 0.777514 0.155550
v 2.618914 0.640419 0.210879
v 2.485832 1.018601 0.088273
v 2.588859 0.862953 0.055105
v 2.014757 -1.165883 -1.634320
v 2.165423 -1.129215 -1.383085
v 1.853700 -1.480203 -1.330036
v 1.742811 -1.350974 -1.719142
v 2.072140 -1.504592 -0.920583
v 1.840680 -1.678807 -1.003393
v 2.369390 -1.087749 -0.880507
v 2.267689 -1.402529 -0.670466
v 2.314195 -0.830486 -1.328002
v 2.204384 -1.003142 -1.569330
v 2.267645 -0.874090 -1.502255
v 1.892346 0.633976 -1.845140
v 2.175384 0.908878 -1.308021
v 2.119936 0.312313 -1.707710
v 1.949972 0.245159 -1.977228
v -2.450018 -0.086193 0.236021
v -2.388619 -0.222922 0.236348
v -2.292705 -0.224981 0.338049
v -2.338453 -0.093371 0.340954
v -2.286288 -0.315486 0.236892
v -2.216458 -0.313249 0.333207
v -2.307381 0.722292 0.056904
v -2.256331 0.681240 0.231093
v -2.154644 0.568664 0.361305
v -2.401743 0.337633 0.232822
v -2.263471 0.299796 0.364028
v -2.360010 -0.075022 -0.662484
v -2.285629 -0.220685 -0.643848
v -2.407229 -0.214196 -0.336071
v -2.489982 -0.049608 -0.349614
v -2.064348 0.574632 -1.000660
v -2.206817 0.710075 -0.626434
v -1.873416 0.797221 -1.135072
v -2.287769 0.760126 -0.483604
v -2.362616 0.573733 -0.408450
v -2.338406 0.704954 -0.423206
v -2.214126 0.859543 -0.516869
v 0.373833 -0.189856 2.257750
v 0.458218 -0.409967 2.178952
v 0.717654 -0.488329 2.062537
v 0.683470 -0.053262 2.148888
v 0.559722 -0.546154 2.095835
v 0.383547 -0.497433 2.196491
v 0.462639 -0.589938 2.128719
v 0.547615 0.579425 2.060519
v 0.482979 0.385545 2.171352
v 0.727513 0.417169 2.081651
v 0.794534 0.609791 1.991621
v 1.067985 -0.640685 -2.800843
v 1.033958 -0.852371 -2.651241
v 0.761519 -0.741156 -2.685282
v 0.825118 -0.469954 -2.893666
v 0.979528 -1.118995 -2.360923
v 1.357730 -0.911302 -2.464706
v 1.275488 -1.169276 -2.258529
v 0.905989 0.414245 -2.738075
v 1.002985 0.266214 -2.837586
v 0.735584 0.230954 -2.917354
v 0.674002 0.360000 -2.836388
v 1.059068 0.043620 -2.897957
v 0.768422 0.042759 -2.971040
v 1.354966 -2.079242 -0.151238
v 1.534105 -2.036892 0.127380
v 1.235775 -1.997514 0.214569
v 1.132784 -2.013094 -0.020091
v 1.836691 -1.843848 0.206771
v 1.772284 -1.961111 -0.201286
v 1.987095 -1.819721 -0.073806
v 1.459314 -1.913264 0.400937
v 1.247722 -1.928861 0.407380
v 1.106810 2.591321 0.185271
v 1.292032 2.590276 0.292847
v 1.593591 2.271471 -0.041867
v 1.356562 2.317208 -0.095947
v 1.663275 2.245895 0.295328
v 1.188679 2.542679 0.478318
v 1.489770 2.254061 0.483534
v 0.769047 -1.726601 -0.998942
v 0.990903 -1.783095 -1.217548
v 1.086584 -1.960933 -0.754395
v 0.862003 -1.857327 -0.657795
v 1.323928 -1.933436 -0.934824
v 1.220878 -1.645940 -1.600409
v -0.024883 1.942163 -0.734922
v 0.158648 1.915561 -0.770774
v 0.148104 1.549612 -1.245984
v -0.025023 1.620539 -1.155255
v 0.374007 1.805695 -0.815893
v 0.194442 2.160336 -0.383350
v 0.445109 2.083394 -0.376725
v -0.270378 -0.150981 2.176541
v -0.255079 -0.284770 2.121089
v -0.091075 -0.311977 2.193574
v -0.115087 -0.169963 2.261693
v -0.240999 -0.404333 2.014453
v -0.406551 -0.269319 1.944985
v -0.340359 -0.392280 1.911598
v -0.227866 0.441093 1.961196
v -0.290566 0.293748 2.084895
v -0.118917 0.311030 2.189232
v -0.079456 0.479521 2.022684
v -0.281174 0.154856 2.185742
v -0.162560 0.156190 2.262249
v -1.436765 -0.067077 -2.050083
v -1.326897 -0.217362 -2.096177
v -1.696957 -0.220170 -1.638744
v -1.248050 -0.310750 -2.040430
v -1.173392 -0.217562 -2.242007
v -1.066424 -0.298826 -2.230047
v -1.340157 0.887260 -1.665795
v -1.328439 0.555791 -1.983016
v -1.563312 0.468706 -1.800638
v -1.593247 0.844078 -1.459588
v -1.403682 0.375938 -2.043237
v -1.262420 0.476200 -2.154076
v -1.196383 0.626770 -2.022178
v -1.209778 0.509917 -2.156193
v -0.145619 -1.005252 0.637238
v -0.590033 -0.862823 0.356939
v 0.109289 -1.182070 0.422809
v -0.296564 -1.014037 0.178113
v -0.727472 -0.856088 0.042535
v -1.309937 1.941288 0.109917
v -1.267938 1.906507 0.253332
v -1.051847 2.054345 0.259011
v -1.077249 2.090727 0.120773
v -1.201850 1.841407 0.355750
v -1.010075 1.993604 0.356555
v -0.316321 -0.962592 -0.475433
v -0.556219 -0.867932 -0.482734
v -0.610101 -0.764248 -0.813449
v -0.601613 -0.918619 -0.345654
v -0.449137 -0.939086 -0.331168
v -0.551602 -0.943891 -0.295067
v -1.583697 1.424373 -0.762813
v -1.334883 1.815697 -0.476102
v -1.307318 1.509898 -0.985460
v -1.104336 1.839803 -0.636871
v -1.091900 1.541210 -1.077666
v -1.136893 1.998213 -0.309820
v -0.241494 0.664487 1.613398
v -0.394403 0.751450 1.362925
v -0.401465 0.533456 1.622270
v -0.468581 0.930723 1.151679
v -0.056952 0.976432 1.406649
v -0.126980 1.227984 1.152625
v -0.209568 -0.546253 1.792498
v -0.247383 -0.854743 0.963019
v 0.232178 -0.959646 1.345107
v -0.534951 -0.536703 1.343424
v -0.641277 -0.706126 0.820584
v 0.747098 1.157034 1.547656
v 1.007107 1.168607 1.490449
v 0.820074 -1.064145 1.543935
v 0.645493 -1.034056 1.538457
v 0.557667 -1.041619 1.467413
v 0.715194 -0.903987 1.757328
v 0.484445 -0.764156 1.917101
v 1.011175 -1.025053 1.573853
v 0.893797 -0.898998 1.751365
v -0.790772 0.208542 1.355233
v -0.726556 0.284332 1.405440
v -0.925951 0.272851 1.194946
v -0.627113 0.309703 1.549173
v -0.716906 0.229370 1.517382
v -0.654775 -0.249983 1.510643
v -0.758701 -0.235277 1.364430
v -0.698405 -0.391393 1.331261
v -0.500928 -0.360668 1.694853
v -0.941968 -0.287801 1.132252
v -0.878847 -0.413694 1.090287
v 1.176348 0.616812 1.772938
v 1.367093 0.607897 1.619250
v 1.292047 0.739883 1.650786
v 1.418948 0.742570 1.577306
v 1.454494 0.571937 1.535175
v 1.465558 0.710427 1.530647
v 1.220320 -0.371416 1.801584
v 1.376573 -0.581578 1.611133
v 1.424177 -0.385601 1.615566
v 1.816847 -0.540816 1.076353
v 1.803322 -0.643234 0.990729
v 1.874603 -0.510011 0.968960
v 1.858132 -0.422083 1.020866
v 1.721853 -0.688959 1.068797
v 1.789464 -0.585760 1.111712
v 1.670423 0.712857 1.098981
v 1.740612 0.779998 0.973363
v 1.500601 1.021790 1.116837
v 0.826238 1.274118 -1.242928
v 1.076800 1.333245 -1.058621
v 1.018693 1.104621 -1.409025
v -0.106877 -0.388360 -2.262427
v 0.128063 -0.459176 -2.392124
v 0.136458 -0.703114 -2.013865
v -0.091920 -0.596210 -1.937226
v -0.191618 0.432343 -2.316623
v 0.089826 0.316161 -2.580406
v -0.046781 0.154902 -2.549901
v 0.298443 1.036519 -1.853811
v 0.446169 0.797265 -2.151319
v 0.293449 0.709922 -2.296189
v 0.064588 1.091528 -1.799088
v 0.496755 -1.383678 0.572323
v 0.700610 -1.548026 0.515694
v 1.166268 -1.518269 0.815519
v 0.947329 -1.525647 0.790596
v 1.171984 -1.796845 0.585991
v 1.026914 -1.358934 0.996614
v 0.723765 -1.303602 1.002157
v 1.321376 -1.363318 0.901137
v 1.258558 -1.246076 1.060596
v 0.404253 2.298337 -0.092915
v 0.566142 2.360243 0.008098
v -0.049327 2.188941 0.451173
v 0.477455 2.597531 0.493869
v 0.164637 2.424565 0.343750
v 0.885502 2.110355 0.792899
v 1.102642 1.828805 0.865892
v 0.758026 1.865168 0.949525
v 0.999152 1.516452 1.135701
v 0.599339 2.217969 0.751539
v 0.484872 1.985326 0.861596
v 0.090994 -1.172057 -0.544185
v 0.234542 -1.257716 -0.778653
v 0.305077 -1.346548 -0.415900
v 0.397910 -1.451165 -0.706171
v 0.478555 -1.500479 -0.091428
v -1.459107 -0.277218 0.736342
v -1.730390 -0.257398 0.597573
v -1.525216 -0.371779 0.637908
v -1.543608 -0.525092 0.304553
v -1.679642 -0.516981 0.064463
v -1.098423 -0.677413 0.275022
v -1.395169 0.283318 0.804788
v -1.581510 0.562353 0.615914
v -1.734127 0.227794 0.614341
v -1.294948 -0.613207 -0.366661
v -1.515871 -0.507068 -0.608991
v -1.057349 -0.640770 -0.649822
v -0.700602 -0.514845 -1.738785
v -0.924507 -0.530158 -1.394426
v -0.752201 -0.241974 -2.336821
v -0.593662 -0.267451 -2.291496
v -0.505420 -0.397116 -2.109338
v -0.748816 -0.337568 -2.253586
v -0.438491 -0.299916 -2.242101
v -0.525804 -0.134867 -2.365770
v -0.664254 0.551374 -2.108033
v -0.645438 0.336684 -2.262061
v -0.413397 0.500415 -2.176112
v -0.449743 0.238719 -2.331795
v -0.600641 0.866057 -1.826702
v -0.299710 0.796865 -1.960317
v -0.852830 2.116473 0.275406
v -0.504093 2.108207 0.332283
v -0.506979 2.165302 0.172751
v -0.868035 2.153013 0.131822
v -0.297525 2.120155 0.386926
v -0.306706 2.200397 0.205791
v -0.494630 2.016698 0.462516
v -0.271458 1.993523 0.551378
v -0.991692 1.883733 0.429275
v -0.687940 1.689925 0.603629
v -0.730792 1.291383 0.767911
v -0.332872 1.791052 0.686263
v -1.167204 1.164032 0.610331
v -0.501433 1.884889 -0.642949
v -0.505184 1.577065 -1.057895
v -0.525066 2.079160 -0.293878
v -0.233168 2.128752 -0.323475
v 2.664623 -0.112361 0.046672
v 2.624365 0.012713 0.221154
v 2.673795 0.297320 0.201245
v 2.698317 0.150548 0.134468
v 2.509369 -1.034494 -0.477855
v 2.395476 -1.333935 -0.343547
v 2.551392 -0.954882 -0.207998
v 2.220022 -0.517223 0.703429
v 2.150778 -0.826748 0.681316
v 2.326306 -0.860747 0.498578
v 2.399777 -0.429784 0.519215
v 1.946838 -1.526463 0.467419
v 2.089181 -1.594790 0.256958
v 2.165140 -1.225266 0.485789
v 1.701958 -1.767464 0.430043
v 2.367643 0.950304 -0.783934
v 2.524936 0.877848 -0.389809
v 2.580886 0.563533 -0.532645
v 2.299351 0.572149 -1.276062
v 2.627162 0.756540 -0.288254
v 2.516835 1.008978 -0.135292
v 2.605815 0.849684 -0.182269
v 2.647589 0.604848 -0.363834
v 1.898136 1.336342 0.658241
v 2.108495 0.911902 0.666406
v 1.580145 1.161862 0.933043
v 2.068343 1.813101 0.147739
v 1.952509 1.869245 0.322593
v 2.292233 1.398681 0.142137
v 1.887373 2.054132 0.026484
v 2.308033 -0.249237 -1.474587
v 2.154110 -0.106434 -1.793599
v 2.214664 0.210353 -1.577312
v 2.272887 -0.372276 -1.658196
v 2.346246 -0.463637 -1.354984
v 2.306670 -0.522668 -1.551538
v 2.195651 -0.283412 -1.803991
v 1.689644 -0.941439 -2.218565
v 1.526609 -1.212055 -2.084366
v 1.911296 -0.975830 -2.036357
v 1.657593 -1.283377 -1.906170
v 1.614282 -1.891484 -0.860881
v 1.706319 0.123945 -2.315130
v 1.617451 0.449514 -2.261768
v 1.308969 0.332997 -2.605820
v 1.390525 0.063723 -2.650680
v 1.477166 0.943476 -1.657114
v 1.581452 1.200141 -1.252354
v 1.848720 1.127513 -1.298973
v 1.714718 0.840790 -1.749680
v -2.314318 0.076223 0.364500
v -2.458416 0.099169 0.235113
v -2.532526 -0.073451 -0.099941
v -2.455616 -0.219937 -0.092075
v -2.446168 -0.222043 0.095852
v -2.516958 -0.082600 0.092163
v -2.098584 -0.317802 0.408354
v -2.151505 -0.232118 0.419606
v -2.144118 -0.385362 0.203002
v -2.328186 -0.316971 0.101999
v -2.266617 0.853374 -0.065108
v -2.363356 0.673664 -0.118593
v -2.393313 0.594382 -0.241348
v -2.374409 0.714749 -0.269512
v -1.534288 1.642695 0.245830
v -1.896702 1.219617 0.236873
v -1.554797 1.466404 0.352522
v -1.963284 0.932117 0.347722
v -2.437946 0.111342 -0.537163
v -2.386271 0.379680 -0.498776
v -1.894269 -0.080870 -1.462096
v -2.085470 -0.222785 -1.024763
v -2.153421 -0.083706 -1.050744
v -1.737854 -0.384748 -1.071509
v -1.997979 -0.386838 -0.571871
v -2.092325 -0.317801 -0.770199
v -1.842521 0.627914 -1.339317
v -1.877157 1.251619 -0.536861
v -1.840240 1.385089 -0.365902
v -1.481299 1.740065 -0.355981
v -2.004550 1.213048 -0.444435
v -2.007574 1.035791 -0.622671
v -2.063020 1.103675 -0.494134
v -1.973435 1.282046 -0.377958
v 0.351468 -0.016113 2.288937
v 0.445633 0.185361 2.238657
v 0.695863 0.211777 2.132754
v 0.581036 -0.742119 1.947166
v 0.473764 -0.701774 2.041008
v 0.594736 -0.645336 2.029973
v 0.484624 -0.666731 2.071212
v 0.437454 -0.715175 2.022019
v 0.085098 -0.358892 2.227530
v 0.085030 -0.194883 2.303277
v 0.171979 -0.334303 2.255926
v 0.862920 0.825591 1.846624
v 0.628978 0.795755 1.895534
v 0.112789 0.499135 2.089547
v 0.061343 0.332048 2.227749
v 0.260665 0.351038 2.222625
v 0.312330 0.570036 2.071362
v 1.084382 -0.198806 -2.913434
v 0.791830 -0.194304 -2.971720
v 1.103426 -0.483470 -2.853624
v 1.206564 -1.433915 -1.968186
v 0.938350 -1.372313 -2.022425
v 0.937218 -1.587274 -1.643064
v 0.503221 -0.921233 -2.236205
v 0.520496 -0.649237 -2.617320
v 0.714030 -1.025167 -2.323814
v 0.352489 -0.585018 -2.533878
v 0.284446 -0.636407 -2.374865
v 0.576374 0.462729 -2.710852
v 0.781764 0.527002 -2.588142
v 0.511532 0.060276 -2.919942
v 0.498500 0.228135 -2.877674
v 0.283467 0.258676 -2.751096
v 0.281337 0.095307 -2.794676
v 0.990832 -1.968674 -0.307310
v 1.200776 -2.054244 -0.426366
v 1.049118 -1.854355 0.419181
v 0.871675 -1.703352 0.476773
v 0.912610 2.521936 0.119204
v 0.649569 2.709323 0.404823
v 0.703663 2.710307 0.467648
v 0.947446 2.720947 0.412963
v 0.876810 2.712038 0.345530
v 0.469366 2.628610 0.421531
v 0.471298 -1.528749 -0.768842
v 0.547445 -1.566784 -0.944944
v 0.555231 -1.507465 -1.198756
v 0.440925 -1.460556 -1.182414
v -0.142328 -0.003443 2.295680
v -0.281436 -0.011438 2.204935
v -0.376081 -0.463839 1.744303
v -0.034272 0.774221 1.651087
v -1.618847 0.129376 -1.862890
v -1.267421 0.190312 -2.282719
v -1.297233 0.257451 -2.239128
v -1.194401 0.054311 -2.310659
v -1.213263 0.148213 -2.324745
v -0.976478 -0.375447 -2.115896
v -1.227895 -0.380646 -1.835754
v -1.533790 1.144719 -1.222763
v -1.316664 1.231071 -1.341885
v -0.472430 -0.956460 -0.033020
v -0.418909 -0.972799 -0.169224
v -0.578881 -0.954457 -0.114335
v -0.537760 -0.963973 -0.168921
v -1.100769 2.079700 -0.066168
v -1.339523 1.938344 -0.102384
v -0.341412 1.367540 0.935033
v -0.841584 -0.712131 0.538186
v 0.728327 1.657876 1.097490
v 0.796955 1.405307 1.316138
v 0.998502 1.356146 1.298360
v 0.934672 -1.259585 1.159686
v -0.524790 0.274521 1.756362
v -0.487878 0.194793 1.865848
v -0.343897 0.178844 2.090732
v -0.595273 0.217578 1.751615
v -0.566182 0.158025 1.817426
v 0.953869 0.526452 1.949366
v 0.961429 -0.237496 1.984530
v 0.943201 -0.531936 1.953790
v 1.396539 0.054129 1.673027
v 1.535248 0.051460 1.510411
v 1.443570 -0.236541 1.614116
v 1.661965 -0.201268 1.329680
v 1.048054 -0.840529 1.757720
v 1.201368 -0.948716 1.555761
v 1.282081 -0.762383 1.621634
v 1.103714 -0.688655 1.807925
v 1.184778 1.003484 1.570012
v 1.184684 1.148405 1.441921
v 1.303996 1.013153 1.527053
v 1.244236 0.881483 1.623698
v 1.343982 0.877442 1.581636
v 1.293998 1.111638 1.447384
v -0.780240 0.042792 1.403921
v -0.973754 0.034189 1.198669
v -0.973887 -0.139889 1.166438
v 0.200198 -0.670041 1.921129
v 0.352146 -0.741605 1.894104
v -0.754470 -0.531300 1.064271
v -0.517956 0.496537 1.506796
v -0.634558 0.506403 1.343228
v 0.157382 1.390891 1.174594
v 0.201628 1.107018 1.435089
v 0.487020 1.135234 1.522125
v 0.502888 1.446506 1.253907
v 2.136363 -1.678233 -0.377586
v 1.951303 -1.791292 -0.539618
v 1.592863 1.942603 -0.458884
v 1.821654 1.910413 -0.408273
v 2.024141 1.464468 -0.794713
v 1.782509 1.520411 -0.864300
v 1.615705 -0.586335 1.278115
v 1.631542 -0.419547 1.326274
v 1.720180 -0.520002 1.235325
v 1.665549 -0.685936 1.163772
v 1.735978 -0.574582 1.196852
v 1.718854 -0.380752 1.270195
v 1.496303 0.876559 1.261806
v 1.536299 0.694046 1.316409
v 1.650490 0.630193 1.160673
v 1.518147 0.593476 1.423218
v 1.506881 0.802696 1.389858
v 1.509216 0.743759 1.436994
v -0.280728 -0.510486 -1.942116
v -0.278844 -0.340007 -2.221468
v -0.270415 0.218511 -2.402217
v 0.276444 -1.222519 0.660161
v 1.362003 -1.775777 0.581023
v -0.103376 2.269852 0.253120
v 1.343374 2.150857 0.621995
v 1.072167 2.428188 0.600015
v -0.073636 -1.100337 -0.312622
v -0.141941 -0.989697 -0.732768
v 0.265758 2.070239 0.753642
v 0.558169 2.481671 0.619455
v 0.500525 2.555027 0.554961
v -0.003546 2.045258 0.630534
v 0.093185 0.702393 -2.253032
v -0.050010 0.611168 -2.261880
v 1.442027 -1.122952 1.032542
v 1.513573 -1.189019 0.916040
v 1.679742 -0.920166 0.954107
v 1.488686 -1.038298 1.071953
v 0.213993 2.456811 0.242945
v 0.437172 2.491261 0.179579
v 0.182037 2.374625 0.022668
v 0.122040 -0.910371 -1.595419
v -0.063860 -0.827204 -1.484017
v 0.102152 -0.985731 -1.347807
v 0.843206 0.939566 -1.747592
v 0.459847 1.114529 -1.675497
v 1.271962 1.372130 1.077641
v 1.361710 1.535896 0.888311
v 0.234843 -1.306196 -0.049071
v 0.422582 -1.421072 0.167846
v 0.773249 1.828796 -0.534126
v 0.932538 1.883681 -0.438722
v 1.045915 1.603437 -0.729386
v -0.066638 -0.015658 -2.550656
v -0.057664 -0.207455 -2.478201
v 1.814841 0.068312 1.094818
v 1.896615 -0.031575 1.002154
v 1.871864 0.357278 0.963804
v 1.927488 -0.228305 0.962031
v 1.885120 -0.154567 1.048182
v 0.708965 -1.441165 0.749084
v -1.114131 -0.416732 0.868951
v -1.184646 -0.290760 0.914736
v -1.164596 0.192338 0.995350
v -1.094619 0.432765 0.976523
v -1.063373 -0.704221 -0.335750
v -0.797526 -0.779718 -0.480486
v -0.939719 -0.795404 -0.304998
v -0.987087 -0.781971 -0.251274
v -0.458820 -0.690545 -1.319990
v -0.899091 -0.313645 -2.287956
v -0.901460 -0.225512 -2.353749
v -1.071684 -0.211035 -2.305190
v -0.897863 0.348534 -2.284008
v -0.946565 0.535809 -2.145137
v -1.072641 0.627308 -2.057521
v -1.035356 0.455319 -2.246392
v -0.898980 1.606036 -1.027854
v -0.897497 1.892279 -0.623629
v -1.480601 -0.454221 0.567956
v -1.494709 -0.501119 0.457000
v -0.525665 1.889814 0.554908
v -1.171751 0.749155 0.779161
v -1.484346 0.016282 0.781272
v -1.751301 -0.056625 0.628008
v -1.493686 -0.141465 0.760558
v -0.317062 1.227679 -1.522109
v -0.573002 1.232693 -1.455381
v -0.527046 -0.507674 -1.859876
v -0.458236 0.021250 -2.393541
v -0.645363 0.155719 -2.349938
v -1.341925 -0.625633 -0.063136
v -1.616535 -0.524065 -0.209839
v -0.315991 2.206384 -0.016560
v -0.511460 2.162924 -0.032318
v 2.708633 0.116908 -0.331780
v 2.638039 -0.006583 -0.471617
v 2.588852 0.209807 -0.609097
v 2.690651 0.256257 -0.388359
v 2.562598 -0.515249 -0.607238
v -2.487708 0.341491 -0.152105
v -2.546787 0.117852 -0.082740
v -2.525773 0.110541 0.086545
v -2.457834 0.366559 0.074609
v -2.514094 0.134189 -0.304876
v 1.601729 0.303674 1.331642
v 1.695404 -0.026967 1.278210
v 1.772441 0.074841 1.166327
v 1.774698 -0.137256 1.242193
v 1.747048 -0.222881 1.264647
v 1.774988 -0.243033 -2.329987
v 1.426153 -0.213820 -2.661605
v 1.692850 -0.437397 -2.417942
v 1.415101 -0.407886 -2.659077
v 1.897715 -0.359714 -2.258492
v 1.955902 -0.121813 -2.092214
v 1.989991 -0.284291 -2.131684
v 0.899379 -0.780165 1.861185
v 0.933344 -0.687295 1.907156
v 2.208365 -1.592157 -0.008777
v 2.253598 -1.548325 -0.238338
v 1.257343 1.223360 1.256711
v 1.380583 1.090272 1.239664
v 1.336190 1.129282 1.354188
v 1.198588 1.216668 1.337945
v 1.307724 1.146146 1.383386
v 1.418275 -1.488454 -1.823226
v -1.225467 -0.146807 0.944459
v -1.235035 -0.004492 0.961899
v 0.089102 -0.531922 2.065326
v 0.244621 -0.642854 2.051023
v 0.348192 -0.699556 2.017675
v 0.009173 -0.006460 2.337687
v 0.025188 0.158276 2.310358
v 0.167164 -0.026793 2.336329
v 0.221861 0.143798 2.306994
v -0.274127 0.010381 -2.446401
v -0.276790 -0.171088 -2.387857
v -2.161283 0.101741 -1.073591
v -1.914051 0.079185 -1.476141
v -1.898901 0.231216 -1.473841
v -0.982137 -0.556106 0.784190
v 0.069071 -1.205318 0.074462
v -0.379419 0.387304 1.849246
v 0.039781 1.766497 0.859322
v 0.436479 1.725703 1.020484
v -1.971608 1.227776 0.066338
v -1.929253 1.327387 -0.101446
v -2.125981 1.071652 -0.048706
v -1.865796 1.399497 -0.210934
v -1.990272 1.303352 -0.241515
v -0.293777 -0.692722 -1.514252
v -1.090615 -0.720205 -0.084196
v -0.944049 -0.813257 -0.103943
v -0.991073 -0.789581 -0.148329
v -1.824122 1.084022 -0.883156
v -1.739082 0.974849 -1.157538
v -0.088642 2.294227 0.013418
v 0.005162 2.157475 -0.386046
v 0.961324 0.087734 1.997564
v 1.215594 0.103990 1.819800
v 1.111971 -1.154674 1.309563
v 1.355088 -1.074594 1.197699
v 1.513138 -0.852641 1.211795
v 0.984768 0.821715 1.806682
v 0.984614 0.708586 1.875514
v -0.409983 0.041194 2.028949
v -0.520863 0.017185 1.836926
v -0.396565 -0.147649 2.013228
v -0.491259 0.101921 1.889170
v -0.571720 0.115558 1.817397
v -0.622382 -0.023753 1.658646
v 0.398921 -1.200044 0.927666
v -0.810857 0.870631 0.949023
v -0.788995 0.541278 1.173764
v 0.204833 0.820500 1.745333
v 1.752973 -1.895658 -0.655258
v 1.422406 -2.033974 -0.586035
v 2.041597 1.794737 -0.290021
v 2.180579 1.633589 -0.216297
v 2.341068 1.324090 -0.310593
v 2.220256 1.381580 -0.570885
v 2.139743 1.751760 -0.055058
v 2.356792 1.344337 -0.131611
v 0.851427 2.571015 0.585009
v 0.702345 2.658806 0.536055
v 0.731157 2.416224 0.664606
v 0.397324 0.447536 -2.689642
v 0.471470 0.349366 -2.813822
v 0.283591 0.392183 -2.682718
v 1.532920 -1.625913 0.634299
v 1.792151 -1.416427 0.639662
v 1.995990 -1.130315 0.663858
v 0.745297 2.658187 0.288446
v 0.415842 -1.114652 -1.822738
v 0.370498 -1.215737 -1.647366
v 0.533995 -1.359994 -1.538445
v 0.411458 -1.304504 -1.527218
v 1.257746 0.733545 -2.071179
v 1.250718 0.522534 -2.446049
v 1.630285 1.774936 0.643791
v 1.798835 1.850530 0.490502
v 0.913750 -1.871064 0.048745
v 0.808765 -1.834980 -0.224798
v 0.621262 -1.665006 -0.200699
v 1.500470 1.630440 -0.758720
v 0.517413 -0.148953 -2.909628
v 0.278412 -0.104721 -2.778710
v 0.522990 -0.394295 -2.815732
v 0.275903 -0.348201 -2.668453
v 2.451194 0.143307 0.494435
v 2.295191 -0.009470 0.685770
v 2.254903 -0.278160 0.712891
v 2.283691 0.387814 0.655152
v 2.220544 0.504911 0.691491
v 1.026485 -1.759891 0.563081
v -2.068512 -0.373415 0.361171
v -0.831978 2.061300 0.369274
v -0.796487 1.981387 0.435988
v -1.569775 -0.315227 -1.627210
v -1.450984 1.352724 0.440465
v -2.180763 -0.110774 0.426096
v -0.985914 0.910047 -1.791781
v -0.950698 1.279879 -1.416949
v -0.840514 -0.374878 -2.179381
v -0.975759 -0.090527 -2.370400
v -0.946542 0.080588 -2.378980
v -0.762403 -0.103201 -2.378332
v -0.908284 0.193781 -2.354585
v -1.037333 0.169677 -2.385870
v -1.088036 0.137083 -2.379615
v -2.147972 -0.388434 -0.109445
v -2.318795 -0.317914 -0.184208
v -0.901303 2.059286 -0.304657
v -0.877692 2.142184 -0.054963
v -1.824708 0.343427 -1.540577
v -1.150217 0.130434 -2.359086
v -1.176747 0.366206 -2.139371
v -1.054028 0.360790 -2.190567
v -1.198369 0.220575 -2.203846
v 0.002326 -1.019123 -0.970201
v 0.140426 -1.115848 -1.018449
v 0.262781 -0.953348 -1.823988
v 0.297202 -1.093817 -1.399365
v 0.422190 -1.323154 -1.123868
v 0.299552 -1.215150 -1.043604
v -0.655485 0.240648 1.634518
v -0.626132 0.166324 1.532820
v -0.564338 0.113619 1.660315
v -0.563563 0.164826 1.647037
v -0.529841 -0.958268 -0.232042
v -1.000591 -0.780544 -0.198339
v -0.618211 -0.850191 -0.146600
v -0.631822 -0.830974 -0.288558
v -0.849067 -0.750217 -0.263546
v -0.879433 -0.749983 -0.152564
v -2.135565 0.979981 -0.519069
v -2.103935 0.992246 0.158708
v -2.169046 0.820952 -0.423335
v -2.015599 1.070711 -0.363373
v 0.282329 -0.338602 2.248361
v 0.056882 -0.436807 2.159413
v 0.424917 -0.594059 2.017849
v 0.248224 -0.458376 2.113274
v 1.372374 0.748466 1.481293
v 1.293834 0.900274 1.465392
v 1.389971 -0.561896 -2.634677
v 1.659400 -0.587051 -2.418252
v 1.657763 -0.742792 -2.366449
v 1.383369 -0.719272 -2.579988
v 2.073904 -0.826465 -1.672309
v 2.121188 -0.382180 -1.750331
v 1.740128 -0.460417 1.071477
v 1.720845 -0.199016 1.162491
v 1.688997 -0.473692 1.147952
v 2.592090 -0.729290 -0.104564
v 2.673972 -0.154796 -0.210597
v 2.627433 -0.513555 -0.288339
v 2.532820 0.741200 0.043857
v 2.557311 0.596579 -0.189801
v 1.527687 -1.545272 -1.643940
v -1.606726 1.677958 -0.130259
v 2.185139 1.654038 0.041465
v 0.728692 -1.589696 -1.346009
v 0.680779 -1.357896 -1.788510
v -1.147518 1.243545 -1.428931
v -1.308506 0.341277 -2.198198
v -1.295714 0.415765 -2.169733
v -1.122388 0.513686 -2.186048
v -1.090368 0.415389 -2.162992
v -0.992637 0.306077 -2.335568
v -1.003959 0.231205 -2.368827
v -1.211893 0.421265 -2.129668
v -1.003429 0.386652 -2.292755
v 0.163957 -1.133630 -1.191810
v 0.155925 -1.073005 -1.359852
v 0.345708 -1.441881 -0.867718
v 0.295356 -1.378948 -0.860315
v 0.260336 -1.083073 -1.685884
v 0.318796 -1.138292 -1.698392
v 0.437479 -1.392130 -1.361895
v 0.455131 -1.357490 -1.203525
v 0.167369 -1.040524 -1.518162
v 0.208044 -1.046097 -1.627943
v 0.295291 -1.280385 -0.944999
v 0.241034 -1.299691 -0.915644
v 0.195121 -1.212964 -1.034612
v 0.426562 -1.495342 -1.026525
v 0.392924 -1.484627 -0.918991
v -0.753972 0.178193 1.463761
v -0.754100 0.126528 1.472374
v -0.535207 0.133715 1.728187
v -0.690184 0.065741 1.618016
v -0.603514 0.078473 1.771980
v -0.570739 0.103524 1.737887
v -0.742083 0.092850 1.509216
v -0.662116 0.159882 1.490090
v -0.566497 0.179075 1.716570
v -0.570646 -0.877680 -0.176381
v -0.771648 -0.852627 -0.368971
v -0.679625 -0.886630 -0.368850
v -0.804417 -0.873124 -0.065020
v -0.794789 -0.794658 -0.117344
v -0.862186 -0.821001 -0.345217
v -0.660336 -0.927794 -0.079840
v -0.576287 -0.864665 -0.253896
v -2.367639 0.693052 -0.347545
v -2.206541 1.023148 -0.139230
v -2.120319 1.148759 -0.149181
v -1.971488 1.308845 -0.308359
v -2.041112 1.251206 -0.184710
v -2.236286 0.763046 -0.438184
v -2.350886 0.782168 -0.201157
v -2.288970 0.894514 -0.156368
v 0.376401 -0.512930 2.080801
v 0.249060 -0.439351 2.241780
v 0.198367 -0.437263 2.243424
v 0.170247 -0.559163 2.122962
v 0.265087 -0.527646 2.055287
v 0.164266 -0.453632 2.227798
v 0.151930 -0.487207 2.194052
v 0.315520 -0.459545 2.226733
v 1.346255 0.786999 1.504948
v 1.492073 0.715559 1.486531
v 1.427901 0.988975 1.337988
v 1.377593 1.072942 1.339261
v 1.474667 0.891656 1.356899
v 2.303434 -0.702509 -1.501427
v 2.010685 -1.046710 -1.856040
v 1.876688 -0.901233 -1.990086
v 1.798644 -0.601048 -2.330903
v 1.828864 -0.468564 -2.324653
v 2.095287 -0.258510 -1.973279
v 2.163019 -0.966062 -1.571406
v 2.110884 -1.060294 -1.693701
v 1.822211 -0.838436 -2.138808
v 1.838797 -0.873442 -2.184752
v 1.798031 -0.742090 -2.285408
v 2.222364 -0.393866 -1.656022
v 1.872447 -0.381124 -2.211297
v 1.759893 -0.594730 1.154374
v 1.726498 -0.515503 1.095856
v 1.859627 -0.403344 1.048540
v 1.879187 -0.238282 1.060103
v 1.835389 -0.077605 1.163665
v 1.805897 -0.089504 1.204949
v 1.877797 -0.144962 1.084847
v 1.859412 -0.091796 1.122494
v 2.594199 0.882110 -0.061719
v 2.643846 0.470597 0.227917
v 2.606607 0.297944 0.131969
v 2.717198 0.017836 -0.108616
v 2.714753 0.035902 -0.233596
v 2.670496 0.428970 -0.396868
v 2.584274 0.721553 -0.259671
v 2.561022 0.747675 0.118503
v 2.558204 0.614045 0.145837
v 2.650902 0.167615 0.097837
v 2.710887 0.052180 0.020707
v 2.661667 0.138434 -0.302330
v -1.227318 0.357644 -2.138795
v -1.167999 0.430040 -2.127113
v -1.060500 0.178226 -2.278241
v -1.026455 0.231411 -2.275039
v -1.152837 0.167302 -2.256143
v 0.258092 -1.129652 -1.203816
v 0.248458 -1.052987 -1.432008
v 0.359632 -1.328703 -0.929235
v 0.291251 -1.054747 -1.561859
v 0.382180 -1.147694 -1.590138
v 0.423873 -1.220334 -1.472556
v 0.432717 -1.401108 -1.003499
v -0.648937 0.126217 1.509519
v -0.744090 -0.795476 -0.305748
v -0.908401 -0.741025 -0.222232
v -2.045845 1.020047 -0.435907
v -2.253984 0.760209 -0.261880
v -2.253299 0.727763 -0.370035
v -2.016695 1.136327 -0.213242
v -2.137318 0.978741 -0.186722
v -1.968768 1.203838 -0.259037
v -1.971586 1.161327 -0.376149
v -2.245917 0.810017 -0.215714
v 0.222981 -0.431952 2.151914
v 0.212650 -0.459405 2.125221
v 0.424903 -0.624473 2.003286
v 0.306660 -0.583146 2.024071
v 0.331999 -0.470561 2.126606
v 1.395565 0.818094 1.385068
v 1.417632 0.754794 1.425528
v 1.292131 1.027110 1.355728
v 1.355457 0.941026 1.352690
v 1.280368 1.054326 1.366603
v 1.278922 0.980286 1.443479
v 2.180614 -0.795670 -1.537053
v 1.867021 -0.766452 -2.016928
v 2.031405 -0.968617 -1.717446
v 1.829861 -0.465920 -2.184639
v 1.786929 -0.676574 -2.194881
v 1.963416 -0.337219 -2.025029
v 2.199346 -0.521846 -1.595719
v 1.776848 -0.171447 1.086751
v 1.789853 -0.271313 1.057887
v 1.753613 -0.141313 1.144658
v 1.688881 -0.378692 1.187173
v 2.544312 0.772184 -0.135690
v 2.596711 0.273030 0.024297
v 2.578555 0.458095 0.145991
v 2.612446 0.241235 -0.292704
v 2.634031 0.109178 -0.034084
v 2.636741 0.114332 -0.217202
v 2.585077 0.526870 -0.312085
v 2.429781 -0.829034 -0.935769
v -2.094271 0.335704 -1.107490
v 1.576382 -2.034616 -0.367083
v 0.931254 2.673264 0.496959
v -1.214393 -0.078376 -2.263828
v -1.595514 1.660534 0.092098
v 1.403419 -0.800008 1.438874
v -0.752002 0.187951 1.439608
v 0.176275 -1.166189 -1.062319
v 0.701779 -1.688044 0.077660
v 2.569041 -0.720828 -0.520827
v -0.239626 -1.051032 -0.081921
vt 0.238848 0.500182
vt 0.219284 0.472503
vt 0.232270 0.463020
vt 0.249808 0.489574
vt 0.203514 0.446902
vt 0.223854 0.438248
vt 0.283882 0.581720
vt 0.304963 0.575132
vt 0.327753 0.606782
vt 0.316711 0.619719
vt 0.303672 0.561972
vt 0.293534 0.557155
vt 0.319376 0.573589
vt 0.312939 0.561948
vt 0.321830 0.374298
vt 0.308051 0.389567
vt 0.291271 0.361755
vt 0.320171 0.351458
vt 0.265529 0.382109
vt 0.263394 0.361383
vt 0.280328 0.414622
vt 0.254608 0.402528
vt 0.316828 0.411384
vt 0.324210 0.391435
vt 0.325734 0.401910
vt 0.423479 0.461194
vt 0.398737 0.503844
vt 0.394859 0.452682
vt 0.410479 0.433956
vt 0.822571 0.598791
vt 0.832485 0.599104
vt 0.834284 0.608937
vt 0.825091 0.609487
vt 0.841190 0.601948
vt 0.841696 0.610603
vt 0.781534 0.634868
vt 0.772557 0.625044
vt 0.795239 0.610309
vt 0.799972 0.623281
vt 0.791641 0.536265
vt 0.801523 0.528457
vt 0.814911 0.550208
vt 0.803778 0.558059
vt 0.740174 0.569945
vt 0.705869 0.544599
vt 0.731057 0.541260
vt 0.744354 0.580560
vt 0.759905 0.578158
vt 0.751086 0.582433
vt 0.735382 0.582120
vt 0.896932 0.862011
vt 0.910022 0.872457
vt 0.910515 0.893475
vt 0.881018 0.882722
vt 0.918000 0.883283
vt 0.917634 0.868479
vt 0.922738 0.877399
vt 0.837023 0.864813
vt 0.853086 0.862312
vt 0.846933 0.879330
vt 0.831591 0.882244
vt 0.422036 0.320113
vt 0.403251 0.312439
vt 0.414669 0.294968
vt 0.440841 0.307761
vt 0.374538 0.303287
vt 0.386485 0.332369
vt 0.363437 0.321969
vt 0.495588 0.386137
vt 0.485064 0.369870
vt 0.503567 0.359167
vt 0.511810 0.376354
vt 0.471539 0.351900
vt 0.490101 0.332421
vt 0.188774 0.332417
vt 0.164761 0.355612
vt 0.162519 0.318570
vt 0.181932 0.311466
vt 0.173148 0.393535
vt 0.197808 0.366933
vt 0.197943 0.390519
vt 0.141253 0.328052
vt 0.147499 0.311118
vt 0.432621 0.690309
vt 0.408046 0.696892
vt 0.405679 0.649910
vt 0.424773 0.655135
vt 0.380169 0.664163
vt 0.386370 0.710265
vt 0.370766 0.681822
vt 0.262408 0.280519
vt 0.275098 0.298766
vt 0.237712 0.306974
vt 0.233860 0.288178
vt 0.304417 0.314116
vt 0.250826 0.323095
vt 0.549740 0.609520
vt 0.536594 0.603854
vt 0.542083 0.554641
vt 0.555135 0.565397
vt 0.521136 0.593881
vt 0.526789 0.640422
vt 0.508684 0.634952
vt 0.897573 0.813718
vt 0.907935 0.813339
vt 0.910468 0.827537
vt 0.899042 0.826492
vt 0.066832 0.120497
vt 0.059032 0.112119
vt 0.072701 0.106340
vt 0.076192 0.115392
vt 0.849805 0.808093
vt 0.863626 0.808613
vt 0.864091 0.822191
vt 0.847081 0.820997
vt 0.875863 0.811972
vt 0.876143 0.821675
vt 0.716774 0.440946
vt 0.722694 0.428587
vt 0.747139 0.462063
vt 0.400913 0.126223
vt 0.408907 0.119507
vt 0.416097 0.133341
vt 0.411728 0.141882
vt 0.664081 0.507525
vt 0.672889 0.471484
vt 0.697926 0.485800
vt 0.683814 0.521514
vt 0.685808 0.460666
vt 0.670754 0.454663
vt 0.661822 0.470643
vt 0.665794 0.455108
vt 0.163145 0.173073
vt 0.189904 0.140503
vt 0.173526 0.198793
vt 0.215930 0.128976
vt 0.200683 0.166236
vt 0.664253 0.681071
vt 0.671086 0.694158
vt 0.651555 0.708668
vt 0.642944 0.692172
vt 0.679408 0.704893
vt 0.665138 0.719980
vt 0.255216 0.172600
vt 0.261967 0.150512
vt 0.294272 0.151082
vt 0.251329 0.144853
vt 0.246414 0.157087
vt 0.245280 0.147891
vt 0.673058 0.591663
vt 0.652087 0.628765
vt 0.650241 0.580036
vt 0.633046 0.618140
vt 0.634130 0.573894
vt 0.636960 0.649476
vt 0.805893 0.782770
vt 0.831272 0.787511
vt 0.820304 0.798872
vt 0.783888 0.774057
vt 0.789209 0.809838
vt 0.762210 0.801785
vt 0.082129 0.131586
vt 0.137680 0.160518
vt 0.102342 0.180188
vt 0.119258 0.122592
vt 0.156322 0.129500
vt 0.758369 0.877485
vt 0.782100 0.874443
vt 0.778452 0.893041
vt 0.079893 0.204179
vt 0.090305 0.200264
vt 0.072697 0.215057
vt 0.062094 0.197124
vt 0.057074 0.175901
vt 0.062175 0.222929
vt 0.055204 0.206798
vt 0.848032 0.746995
vt 0.843672 0.754351
vt 0.833853 0.732750
vt 0.847402 0.767137
vt 0.853783 0.759884
vt 0.892191 0.743076
vt 0.881602 0.731017
vt 0.894004 0.725627
vt 0.909221 0.748146
vt 0.876106 0.711081
vt 0.886739 0.707087
vt 0.823915 0.911446
vt 0.819687 0.930865
vt 0.811090 0.922122
vt 0.807967 0.933016
vt 0.820799 0.940452
vt 0.809789 0.938555
vt 0.893297 0.929860
vt 0.904232 0.949495
vt 0.891358 0.949198
vt 0.165935 0.537523
vt 0.163601 0.523344
vt 0.176193 0.535049
vt 0.175994 0.543577
vt 0.017239 0.271082
vt 0.009839 0.276479
vt 0.004427 0.269110
vt 0.008443 0.267137
vt 0.236747 0.629515
vt 0.249350 0.626078
vt 0.254484 0.653772
vt 0.498189 0.538720
vt 0.473499 0.550068
vt 0.482061 0.517579
vt 0.410843 0.215119
vt 0.414221 0.237315
vt 0.378592 0.230697
vt 0.377781 0.211151
vt 0.584866 0.425772
vt 0.563026 0.398111
vt 0.578109 0.393074
vt 0.539540 0.486591
vt 0.530854 0.452655
vt 0.542940 0.438275
vt 0.554708 0.494274
vt 0.119912 0.265371
vt 0.134394 0.296077
vt 0.108215 0.279432
vt 0.097661 0.258613
vt 0.111025 0.236499
vt 0.081407 0.280314
vt 0.075263 0.265825
vt 0.542872 0.714430
vt 0.488778 0.716652
vt 0.518698 0.703996
vt 0.317279 0.701693
vt 0.335746 0.723382
vt 0.310982 0.724631
vt 0.296540 0.703484
vt 0.336026 0.742955
vt 0.315463 0.744402
vt 0.249582 0.207471
vt 0.263348 0.223845
vt 0.232975 0.226921
vt 0.253054 0.242530
vt 0.204381 0.242333
vt 0.858506 0.668658
vt 0.849875 0.649065
vt 0.864100 0.657885
vt 0.885243 0.614959
vt 0.912692 0.650407
vt 0.882675 0.634884
vt 0.817560 0.691300
vt 0.791324 0.680451
vt 0.814252 0.662872
vt 0.302526 0.082293
vt 0.293949 0.118542
vt 0.280003 0.090695
vt 0.421352 0.164593
vt 0.418380 0.176655
vt 0.398655 0.180893
vt 0.411772 0.164943
vt 0.414145 0.188563
vt 0.430686 0.181413
vt 0.622880 0.431692
vt 0.620713 0.451924
vt 0.601799 0.441513
vt 0.610133 0.417795
vt 0.609794 0.484986
vt 0.588304 0.469541
vt 0.619226 0.704582
vt 0.582838 0.706915
vt 0.583988 0.693176
vt 0.619948 0.692742
vt 0.564449 0.710749
vt 0.565102 0.694758
vt 0.669772 0.789740
vt 0.665275 0.771579
vt 0.677770 0.771399
vt 0.685743 0.790100
vt 0.740676 0.749999
vt 0.704876 0.784733
vt 0.704633 0.753492
vt 0.743661 0.714376
vt 0.587028 0.652177
vt 0.562214 0.649874
vt 0.586725 0.618345
vt 0.267821 0.509309
vt 0.262828 0.524215
vt 0.277917 0.538087
vt 0.275214 0.526945
vt 0.259656 0.435491
vt 0.239138 0.421819
vt 0.247405 0.451058
vt 0.201933 0.516898
vt 0.188220 0.493843
vt 0.204112 0.484197
vt 0.221731 0.513057
vt 0.170859 0.431899
vt 0.186948 0.421247
vt 0.187215 0.457376
vt 0.155781 0.408698
vt 0.368187 0.530858
vt 0.340356 0.543780
vt 0.334292 0.519923
vt 0.376238 0.486129
vt 0.327547 0.540918
vt 0.331775 0.562365
vt 0.325741 0.550490
vt 0.324932 0.529772
vt 0.303641 0.633240
vt 0.279863 0.605812
vt 0.274361 0.652149
vt 0.359340 0.623144
vt 0.353986 0.637858
vt 0.336393 0.598181
vt 0.381678 0.634070
vt 0.352953 0.436852
vt 0.378901 0.427614
vt 0.380677 0.454459
vt 0.356887 0.421984
vt 0.334954 0.430530
vt 0.343786 0.418987
vt 0.370151 0.418906
vt 0.367743 0.353370
vt 0.349376 0.337892
vt 0.352907 0.367410
vt 0.334822 0.345932
vt 0.246728 0.342649
vt 0.308742 0.337817
vt 0.428446 0.405857
vt 0.444460 0.425843
vt 0.465483 0.394621
vt 0.450344 0.377411
vt 0.453350 0.489389
vt 0.440617 0.527078
vt 0.422840 0.517713
vt 0.437386 0.477326
vt 0.814329 0.615457
vt 0.810554 0.602203
vt 0.816737 0.572841
vt 0.832868 0.573615
vt 0.831897 0.587862
vt 0.820512 0.587201
vt 0.825756 0.564661
vt 0.844489 0.619951
vt 0.837617 0.619817
vt 0.842422 0.591390
vt 0.852609 0.604377
vt 0.753402 0.612295
vt 0.764071 0.600453
vt 0.766242 0.615171
vt 0.765352 0.589187
vt 0.754856 0.599586
vt 0.756793 0.592558
vt 0.696553 0.676438
vt 0.732204 0.652413
vt 0.713352 0.680067
vt 0.757318 0.650100
vt 0.785346 0.552821
vt 0.749552 0.483253
vt 0.781543 0.502329
vt 0.772533 0.510264
vt 0.339362 0.075315
vt 0.313773 0.046913
vt 0.329407 0.044678
vt 0.709740 0.522114
vt 0.701029 0.598508
vt 0.699200 0.616020
vt 0.666889 0.634883
vt 0.711489 0.601703
vt 0.714739 0.583059
vt 0.717500 0.593676
vt 0.709289 0.609212
vt 0.883666 0.857761
vt 0.868396 0.861975
vt 0.862223 0.879535
vt 0.051836 0.179919
vt 0.048704 0.170430
vt 0.044505 0.176957
vt 0.045261 0.170319
vt 0.051144 0.168878
vt 0.912892 0.842672
vt 0.899140 0.841254
vt 0.909618 0.849310
vt 0.812815 0.884141
vt 0.817516 0.867993
vt 0.846254 0.834918
vt 0.861775 0.834499
vt 0.858509 0.847617
vt 0.839727 0.849494
vt 0.454669 0.338283
vt 0.465860 0.315780
vt 0.433852 0.329875
vt 0.335430 0.314247
vt 0.343516 0.296748
vt 0.311640 0.293518
vt 0.380203 0.266065
vt 0.417516 0.275768
vt 0.379388 0.284003
vt 0.417131 0.260560
vt 0.404048 0.250782
vt 0.520781 0.392873
vt 0.506315 0.406421
vt 0.525937 0.351903
vt 0.526032 0.367531
vt 0.545963 0.381076
vt 0.549166 0.367314
vt 0.205144 0.299818
vt 0.211661 0.317561
vt 0.150558 0.293323
vt 0.453277 0.683095
vt 0.472109 0.710595
vt 0.467713 0.716034
vt 0.446952 0.711439
vt 0.453337 0.706225
vt 0.488121 0.710959
vt 0.254051 0.252528
vt 0.264632 0.260298
vt 0.284525 0.263251
vt 0.274227 0.251903
vt 0.286241 0.254664
vt 0.590678 0.574106
vt 0.887113 0.824415
vt 0.887501 0.813274
vt 0.089041 0.119813
vt 0.812611 0.815448
vt 0.715117 0.466241
vt 0.688694 0.435563
vt 0.685832 0.441856
vt 0.441504 0.118288
vt 0.441166 0.124081
vt 0.434726 0.127591
vt 0.401368 0.147322
vt 0.385241 0.126686
vt 0.672499 0.549510
vt 0.654695 0.543896
vt 0.220943 0.151707
vt 0.231682 0.157154
vt 0.228977 0.142273
vt 0.233385 0.146634
vt 0.638152 0.673380
vt 0.658213 0.662398
vt 0.743032 0.782626
vt 0.176500 0.117966
vt 0.715160 0.872702
vt 0.733627 0.870439
vt 0.742996 0.893088
vt 0.759279 0.892150
vt 0.091814 0.242787
vt 0.857736 0.781781
vt 0.867950 0.787219
vt 0.873856 0.804607
vt 0.863251 0.777256
vt 0.870538 0.780073
vt 0.088708 0.109242
vt 0.834931 0.896067
vt 0.888678 0.906907
vt 0.909345 0.911299
vt 0.858492 0.954848
vt 0.859796 0.939975
vt 0.879535 0.948461
vt 0.872295 0.973836
vt 0.046311 0.212936
vt 0.050867 0.231227
vt 0.035961 0.227786
vt 0.034822 0.209849
vt 0.791300 0.909470
vt 0.777220 0.907775
vt 0.788976 0.918736
vt 0.800342 0.915020
vt 0.799031 0.924067
vt 0.779278 0.916970
vt 0.863342 0.744310
vt 0.852148 0.723249
vt 0.864936 0.716759
vt 0.064357 0.154244
vt 0.061696 0.167589
vt 0.899687 0.706021
vt 0.904679 0.722535
vt 0.139384 0.112544
vt 0.823159 0.762165
vt 0.831336 0.773527
vt 0.752544 0.825257
vt 0.781106 0.830916
vt 0.782578 0.853856
vt 0.752816 0.853439
vt 0.225365 0.393906
vt 0.229594 0.374828
vt 0.421589 0.610041
vt 0.404268 0.606443
vt 0.400747 0.560120
vt 0.419356 0.562735
vt 0.901633 0.976862
vt 0.889425 0.974041
vt 0.009350 0.255642
vt 0.016874 0.253740
vt 0.019776 0.263999
vt 0.010754 0.260324
vt 0.895780 0.983080
vt 0.885886 0.981123
vt 0.237566 0.652018
vt 0.223907 0.642995
vt 0.226732 0.628116
vt 0.817835 0.949473
vt 0.809716 0.955780
vt 0.803226 0.950355
vt 0.806891 0.946657
vt 0.524137 0.503225
vt 0.382955 0.196960
vt 0.410606 0.200787
vt 0.596351 0.409246
vt 0.151835 0.208998
vt 0.151938 0.231199
vt 0.127254 0.310196
vt 0.505149 0.663530
vt 0.545742 0.697700
vt 0.354707 0.691006
vt 0.368998 0.716591
vt 0.235832 0.191671
vt 0.272031 0.189763
vt 0.317336 0.761401
vt 0.353866 0.753215
vt 0.357903 0.760604
vt 0.324008 0.773877
vt 0.557450 0.442221
vt 0.057716 0.273569
vt 0.058534 0.283964
vt 0.033257 0.282871
vt 0.049150 0.269244
vt 0.495292 0.689713
vt 0.519710 0.677071
vt 0.513777 0.694949
vt 0.338347 0.223038
vt 0.334804 0.206387
vt 0.316838 0.217038
vt 0.499451 0.487870
vt 0.275818 0.681021
vt 0.298231 0.676986
vt 0.206980 0.216335
vt 0.183978 0.232438
vt 0.487007 0.609548
vt 0.471599 0.616632
vt 0.470185 0.583223
vt 0.489145 0.671022
vt 0.202385 0.584918
vt 0.201043 0.572051
vt 0.225873 0.596604
vt 0.191742 0.555195
vt 0.190489 0.565603
vt 0.131884 0.246238
vt 0.150247 0.252621
vt 0.879101 0.686833
vt 0.867529 0.689883
vt 0.195034 0.102584
vt 0.831975 0.708429
vt 0.812639 0.718308
vt 0.268489 0.107701
vt 0.270196 0.131661
vt 0.261487 0.116612
vt 0.259541 0.111307
vt 0.330490 0.173606
vt 0.369077 0.163313
vt 0.414368 0.154261
vt 0.422144 0.153710
vt 0.420838 0.141555
vt 0.642670 0.435250
vt 0.643485 0.454180
vt 0.651761 0.465765
vt 0.652572 0.444932
vt 0.658935 0.452167
vt 0.680239 0.726296
vt 0.619402 0.580131
vt 0.617212 0.621803
vt 0.690124 0.768008
vt 0.344967 0.140846
vt 0.782290 0.713861
vt 0.835009 0.654574
vt 0.847724 0.672017
vt 0.836322 0.678136
vt 0.585432 0.518297
vt 0.601134 0.528598
vt 0.452986 0.167633
vt 0.460995 0.180809
vt 0.444282 0.184835
vt 0.907622 0.624106
vt 0.261224 0.077616
vt 0.267559 0.053855
vt 0.278135 0.062390
vt 0.566852 0.676498
vt 0.584982 0.676102
vt 0.300772 0.505406
vt 0.303539 0.492540
vt 0.321551 0.497522
vt 0.310438 0.510366
vt 0.289453 0.459508
vt 0.782485 0.585972
vt 0.802433 0.580843
vt 0.807106 0.591426
vt 0.789703 0.600093
vt 0.793263 0.569477
vt 0.204274 0.616736
vt 0.185019 0.592522
vt 0.197235 0.590050
vt 0.867786 0.983819
vt 0.860022 0.975957
vt 0.874123 0.981904
vt 0.407976 0.387930
vt 0.433786 0.363086
vt 0.403880 0.371407
vt 0.422544 0.352793
vt 0.394887 0.388829
vt 0.398481 0.409732
vt 0.390548 0.400401
vt 0.045232 0.200214
vt 0.038246 0.199587
vt 0.206667 0.414523
vt 0.222934 0.409744
vt 0.763334 0.913800
vt 0.747191 0.914824
vt 0.255506 0.679630
vt 0.250276 0.666775
vt 0.772146 0.920421
vt 0.768226 0.908713
vt 0.773893 0.917754
vt 0.323417 0.329133
vt 0.855990 0.693921
vt 0.845312 0.698805
vt 0.056053 0.141669
vt 0.053789 0.154576
vt 0.053425 0.163174
vt 0.886886 0.834838
vt 0.875337 0.834378
vt 0.887601 0.845071
vt 0.874454 0.847334
vt 0.462313 0.195025
vt 0.446669 0.200628
vt 0.430979 0.202156
vt 0.451667 0.220437
vt 0.435108 0.222389
vt 0.760082 0.517737
vt 0.739408 0.490569
vt 0.729844 0.497195
vt 0.570168 0.437679
vt 0.904877 0.669190
vt 0.895100 0.684306
vt 0.872378 0.654453
vt 0.878391 0.646248
vt 0.160188 0.102387
vt 0.201646 0.199163
vt 0.852046 0.794957
vt 0.715843 0.815281
vt 0.687768 0.811806
vt 0.694220 0.834864
vt 0.726230 0.847541
vt 0.704139 0.852015
vt 0.728235 0.640208
vt 0.714717 0.631539
vt 0.737505 0.623186
vt 0.720390 0.620945
vt 0.704490 0.627362
vt 0.713957 0.619481
vt 0.344120 0.189473
vt 0.377424 0.177125
vt 0.928607 0.635579
vt 0.253649 0.097546
vt 0.252336 0.106364
vt 0.247367 0.106589
vt 0.214625 0.103994
vt 0.545286 0.678334
vt 0.542699 0.642840
vt 0.866192 0.900987
vt 0.071176 0.243843
vt 0.056539 0.259631
vt 0.821789 0.895332
vt 0.811416 0.894526
vt 0.883183 0.798747
vt 0.885455 0.782501
vt 0.896742 0.799209
vt 0.876903 0.776775
vt 0.876958 0.786779
vt 0.874780 0.779343
vt 0.903106 0.765442
vt 0.895576 0.771416
vt 0.884665 0.759570
vt 0.128810 0.211899
vt 0.780124 0.744712
vt 0.812531 0.746471
vt 0.811949 0.834050
vt 0.232815 0.356807
vt 0.223948 0.332522
vt 0.384440 0.601816
vt 0.369702 0.594605
vt 0.358323 0.572217
vt 0.378270 0.564609
vt 0.366511 0.608792
vt 0.348570 0.581457
vt 0.370117 0.736694
vt 0.371645 0.749798
vt 0.354444 0.739949
vt 0.533985 0.396527
vt 0.528325 0.380539
vt 0.544490 0.393952
vt 0.139862 0.428221
vt 0.157034 0.445639
vt 0.133073 0.470683
vt 0.172652 0.469834
vt 0.146988 0.495543
vt 0.465424 0.700771
vt 0.344186 0.253954
vt 0.327582 0.251057
vt 0.314033 0.262776
vt 0.315385 0.254229
vt 0.470196 0.454554
vt 0.473417 0.415935
vt 0.330236 0.662988
vt 0.344166 0.651434
vt 0.180857 0.288384
vt 0.203268 0.280819
vt 0.207199 0.260574
vt 0.437577 0.578325
vt 0.483139 0.285143
vt 0.467120 0.286858
vt 0.461449 0.258454
vt 0.476218 0.254171
vt 0.445099 0.282437
vt 0.439122 0.257204
vt 0.252133 0.545228
vt 0.229747 0.548440
vt 0.214657 0.533750
vt 0.253338 0.568587
vt 0.256914 0.585578
vt 0.138834 0.284939
vt 0.149286 0.273714
vt 0.675487 0.743607
vt 0.376454 0.097624
vt 0.723785 0.689942
vt 0.828779 0.621617
vt 0.637896 0.495329
vt 0.627849 0.536798
vt 0.404720 0.157591
vt 0.443331 0.145647
vt 0.432068 0.162667
vt 0.430909 0.146540
vt 0.452080 0.146225
vt 0.447847 0.136989
vt 0.444419 0.133969
vt 0.618375 0.676045
vt 0.618198 0.652931
vt 0.718509 0.496813
vt 0.645173 0.422123
vt 0.626672 0.416230
vt 0.442188 0.129537
vt 0.670853 0.441568
vt 0.669592 0.432574
vt 0.681324 0.435602
vt 0.286941 0.216940
vt 0.287910 0.204667
vt 0.351021 0.240475
vt 0.300774 0.255389
vt 0.287179 0.244095
vt 0.286538 0.231676
vt 0.313590 0.234690
vt 0.855960 0.769390
vt 0.868255 0.768177
vt 0.878685 0.771762
vt 0.878208 0.774684
vt 0.238980 0.148349
vt 0.256350 0.107914
vt 0.248521 0.136668
vt 0.237378 0.132625
vt 0.254373 0.120988
vt 0.248020 0.114429
vt 0.725930 0.586803
vt 0.755325 0.586680
vt 0.749509 0.634211
vt 0.710321 0.615365
vt 0.925694 0.889854
vt 0.927624 0.882267
vt 0.908494 0.857679
vt 0.049874 0.133857
vt 0.809027 0.942703
vt 0.332796 0.411682
vt 0.339683 0.373411
vt 0.413315 0.345083
vt 0.396712 0.362608
vt 0.385858 0.356770
vt 0.402265 0.339267
vt 0.381855 0.411058
vt 0.010405 0.264139
vt 0.892620 0.995645
vt 0.874176 0.989696
vt 0.893217 0.988846
vt 0.320543 0.557755
vt 0.249735 0.469151
vt 0.281950 0.496910
vt 0.270449 0.473192
vt 0.318873 0.519015
vt 0.770311 0.564134
vt 0.684421 0.645687
vt 0.698209 0.570642
vt 0.691251 0.546871
vt 0.036393 0.260543
vt 0.906021 0.755689
vt 0.355978 0.607570
vt 0.291567 0.278512
vt 0.330843 0.277626
vt 0.643137 0.536850
vt 0.669817 0.447524
vt 0.675983 0.451877
vt 0.660784 0.443821
vt 0.291363 0.248505
vt 0.277082 0.231846
vt 0.273228 0.228948
vt 0.284985 0.224388
vt 0.266758 0.235107
vt 0.324779 0.246023
vt 0.314132 0.247588
vt 0.334386 0.246214
vt 0.861452 0.763515
vt 0.886671 0.770412
vt 0.883986 0.772052
vt 0.875400 0.760893
vt 0.866777 0.763381
vt 0.866401 0.754808
vt 0.861663 0.753106
vt 0.861869 0.760616
vt 0.856372 0.754451
vt 0.873874 0.774164
vt 0.865882 0.774165
vt 0.870667 0.773237
vt 0.236782 0.138303
vt 0.221538 0.109740
vt 0.228763 0.117670
vt 0.222758 0.121872
vt 0.243693 0.140274
vt 0.716161 0.604791
vt 0.742945 0.585211
vt 0.040447 0.143757
vt 0.042683 0.138520
vt 0.045684 0.140168
vt 0.916802 0.853158
vt 0.918687 0.850774
vt 0.922735 0.856611
vt 0.046217 0.164521
vt 0.045980 0.152485
vt 0.050125 0.145840
vt 0.925471 0.869356
vt 0.799576 0.933005
vt 0.790766 0.927466
vt 0.356243 0.372624
vt 0.328088 0.391997
vt 0.329579 0.381776
vt 0.366415 0.368313
vt 0.366738 0.364399
vt 0.378797 0.365838
vt 0.357040 0.418291
vt 0.390849 0.388858
vt 0.393887 0.378733
vt 0.003072 0.262862
vt 0.283790 0.535181
vt 0.284511 0.548655
vt 0.323294 0.540509
vt 0.304008 0.557987
vt 0.297403 0.552442
vt 0.279504 0.527340
vt 0.277349 0.517173
vt 0.300230 0.509268
vt 0.291333 0.505441
vt 0.666795 0.444560
vt 0.665262 0.435342
vt 0.673801 0.444245
vt 0.299645 0.229319
vt 0.317850 0.231388
vt 0.275052 0.237482
vt 0.325661 0.237224
vt 0.276963 0.245407
vt 0.865364 0.769662
vt 0.883206 0.774871
vt 0.722595 0.602227
vt 0.718471 0.613050
vt 0.737702 0.589496
vt 0.746865 0.588705
vt 0.724327 0.596084
vt 0.041115 0.147293
vt 0.042699 0.145552
vt 0.228313 0.671337
vt 0.237761 0.674924
vt 0.231839 0.674916
vt 0.363755 0.377758
vt 0.338338 0.384109
vt 0.364439 0.411671
vt 0.348971 0.413013
vt 0.376946 0.373807
vt 0.385677 0.384160
vt 0.381559 0.399723
vt 0.335005 0.401095
vt 0.341378 0.392736
vt 0.288747 0.529947
vt 0.290148 0.544270
vt 0.304536 0.516374
vt 0.285245 0.519562
vt 0.294602 0.512111
vt 0.308242 0.554043
vt 0.316677 0.529284
vt 0.317998 0.548167
vt 0.314181 0.537352
vt 0.294420 0.427956
vt 0.327832 0.026517
vt 0.348259 0.048476
vt 0.296852 0.015067
vt 0.311055 0.010726
vt 0.742606 0.524992
vt 0.916243 0.862422
vt 0.207842 0.346918
vt 0.389607 0.736858
vt 0.382125 0.735186
vt 0.907572 0.797967
vt 0.050137 0.120450
vt 0.419886 0.115036
vt 0.425001 0.128128
vt 0.381691 0.086912
vt 0.691263 0.663395
vt 0.860124 0.921637
vt 0.021419 0.228533
vt 0.021069 0.208787
vt 0.036336 0.242747
vt 0.854072 0.752901
vt 0.119612 0.455192
vt 0.109216 0.440495
vt 0.361617 0.765876
vt 0.332450 0.784117
vt 0.288566 0.221994
vt 0.183636 0.264670
vt 0.656333 0.738294
vt 0.666118 0.740277
vt 0.850149 0.617653
vt 0.275074 0.451916
vt 0.139880 0.391894
vt 0.296540 0.001000
vt 0.287011 0.024758
vt 0.043082 0.130608
vt 0.376957 0.753458
vt 0.267357 0.247307
vt 0.220967 0.174686
vt 0.835610 0.962091
vt 0.127006 0.413818
vt 0.670980 0.810609
vt 0.466025 0.216632
vt 0.261610 0.123883
vt 0.860454 0.586244
vt 0.190683 0.574333
vt 0.917548 0.928232
vt 0.920101 0.914837
vt 0.233327 0.657109
vt 0.226767 0.653451
vt 0.748719 0.607290
vt 0.225841 0.134728
vt 0.913822 0.743046
vt 0.334008 0.234046
vt 0.326665 0.228175
vt 0.650699 0.438196
vt 0.846501 0.578318
vt 0.681227 0.447490
vt 0.651780 0.424881
vt 0.650447 0.431120
vt 0.314251 0.224015
vt 0.265022 0.241538
vt 0.336400 0.240423
vt 0.299500 0.222765
vt 0.256324 0.139139
vt 0.259835 0.131811
vt 0.729791 0.619013
vt 0.739834 0.614120
vt 0.916038 0.857028
vt 0.243180 0.669247
vt 0.239293 0.663002
vt 0.388178 0.370863
vt 0.186542 0.581590
vt 0.189533 0.578718
vt 0.175565 0.546413
vt 0.185068 0.559706
vt 0.283169 0.509693
vt 0.666468 0.445845
vt 0.657548 0.428061
vt 0.447846 0.123812
vt 0.452831 0.138061
vt 0.253324 0.129590
vt 0.253483 0.115519
vt 0.748556 0.595557
vt 0.736778 0.608569
vt 0.724805 0.613589
vt 0.930061 0.875769
vt 0.800545 0.943452
vt 0.234010 0.666306
vt 0.237533 0.672370
vt 0.785484 0.924394
vt 0.777713 0.923827
vt 0.244654 0.674391
vt 0.177188 0.559687
vt 0.181480 0.575856
vt 0.181833 0.582947
vt 0.189359 0.568155
vt 0.682157 0.425137
vt 0.660921 0.427355
vt 0.659454 0.439082
vt 0.683951 0.430323
vt 0.446834 0.118741
vt 0.451020 0.129732
vt 0.453968 0.131193
vt 0.865223 0.764914
vt 0.242379 0.119414
vt 0.226541 0.110898
vt 0.747537 0.600094
vt 0.925602 0.859510
vt 0.922909 0.864972
vt 0.931209 0.866852
vt 0.044162 0.164172
vt 0.047910 0.156736
vt 0.221428 0.663040
vt 0.226770 0.661011
vt 0.801161 0.936821
vt 0.222464 0.660677
vt 0.798963 0.947884
vt 0.776263 0.924373
vt 0.873154 0.997427
vt 0.896213 0.993234
vt 0.880078 0.998416
vt 0.870253 0.993297
vt 0.886383 0.987172
vt 0.182864 0.570647
vt 0.004102 0.258115
vt 0.166324 0.545482
vt 0.001000 0.264658
vt 0.179125 0.578375
vn 0.8957 -0.1280 0.4259
vn 0.8571 -0.2668 0.4407
vn 0.9437 -0.2604 0.2040
vn 0.9696 -0.1399 0.2005
vn 0.7774 -0.4432 0.4464
vn 0.8883 -0.4338 0.1510
vn 0.7135 0.2607 0.6503
vn 0.7718 0.3781 0.5112
vn 0.7785 0.3819 0.4980
vn 0.6726 0.3423 0.6560
vn 0.9973 0.0733 0.0108
vn 0.9917 0.1284 -0.0066
vn 0.8508 0.4625 0.2493
vn 0.9865 0.1196 0.1119
vn 0.6295 -0.6931 -0.3512
vn 0.7760 -0.5568 -0.2963
vn 0.5857 -0.7111 -0.3889
vn 0.5329 -0.7168 -0.4497
vn 0.6896 -0.6442 -0.3310
vn 0.5518 -0.7429 -0.3790
vn 0.8755 -0.3898 -0.2855
vn 0.7896 -0.5570 -0.2576
vn 0.9468 -0.2435 -0.2105
vn 0.8182 -0.2072 -0.5363
vn 0.7915 -0.1410 -0.5947
vn 0.6172 0.5030 -0.6050
vn 0.7153 0.4723 -0.5151
vn 0.8184 0.2238 -0.5293
vn 0.7661 0.2462 -0.5937
vn -0.8034 -0.1879 0.5651
vn -0.7165 -0.5246 0.4597
vn -0.5805 -0.3831 0.7185
vn -0.5978 -0.1289 0.7912
vn -0.5224 -0.7978 0.3008
vn -0.4822 -0.6903 0.5394
vn -0.5076 0.2485 0.8249
vn -0.7534 0.3807 0.5361
vn -0.7773 0.2633 0.5714
vn -0.5329 0.1711 0.8287
vn -0.8697 -0.2739 -0.4105
vn -0.7017 -0.6438 -0.3051
vn -0.7359 -0.6380 -0.2265
vn -0.9378 -0.2232 -0.2659
vn -0.8037 0.3509 -0.4806
vn -0.7494 0.4657 -0.4706
vn -0.8170 0.3537 -0.4555
vn -0.8177 0.5714 -0.0696
vn -0.9199 0.2128 -0.3295
vn -0.8078 0.5501 -0.2120
vn -0.8323 0.5493 -0.0738
vn 0.3034 -0.1645 0.9385
vn 0.3561 -0.1930 0.9143
vn 0.3643 -0.2462 0.8982
vn 0.4252 -0.0486 0.9038
vn 0.3643 -0.3365 0.8683
vn -0.1095 -0.6559 0.7469
vn -0.1629 -0.6394 0.7514
vn 0.0981 0.5263 0.8446
vn 0.2121 0.3613 0.9080
vn 0.3629 0.2427 0.8997
vn 0.2856 0.4009 0.8705
vn 0.2509 -0.4698 -0.8464
vn 0.0435 -0.6587 -0.7512
vn -0.3166 -0.6375 -0.7023
vn -0.0862 -0.4092 -0.9083
vn -0.1185 -0.7531 -0.6471
vn 0.3709 -0.5926 -0.7150
vn 0.2278 -0.7137 -0.6624
vn 0.1920 0.7445 -0.6395
vn 0.3334 0.4872 -0.8071
vn 0.0245 0.4133 -0.9102
vn -0.0056 0.6656 -0.7463
vn 0.4066 0.2025 -0.8909
vn 0.0185 0.1454 -0.9892
vn -0.0232 -0.9990 0.0382
vn 0.2208 -0.9407 0.2574
vn -0.2318 -0.9333 0.2742
vn -0.3611 -0.9216 0.1426
vn 0.5241 -0.7625 0.3793
vn 0.4656 -0.8849 -0.0127
vn 0.6184 -0.7799 0.0967
vn 0.2130 -0.8022 0.5578
vn -0.1294 -0.8731 0.4701
vn 0.1121 0.8142 -0.5697
vn 0.4918 0.8707 0.0030
vn 0.4649 0.7921 -0.3955
vn 0.1287 0.7504 -0.6484
vn 0.6809 0.6568 0.3239
vn 0.4457 0.6059 0.6590
vn 0.5367 0.5059 0.6753
vn -0.5404 -0.8142 -0.2124
vn -0.2908 -0.8921 -0.3458
vn -0.2830 -0.9308 -0.2313
vn -0.5382 -0.8353 -0.1124
vn 0.0490 -0.8916 -0.4501
vn 0.0599 -0.9365 -0.3455
vn -0.1050 0.8219 -0.5599
vn 0.1352 0.8083 -0.5731
vn 0.1188 0.7745 -0.6213
vn -0.1012 0.7776 -0.6206
vn 0.3122 0.7670 -0.5607
vn 0.1047 0.8560 -0.5062
vn 0.3047 0.7855 -0.5387
vn -0.6382 -0.2802 0.7170
vn -0.5718 -0.4880 0.6594
vn -0.3708 -0.5262 0.7652
vn -0.3662 -0.3347 0.8683
vn -0.4938 -0.6863 0.5340
vn -0.7796 -0.3544 0.5164
vn -0.6223 -0.6236 0.4731
vn -0.4973 0.6925 0.5227
vn -0.6100 0.5249 0.5936
vn -0.3536 0.5894 0.7263
vn -0.3714 0.7176 0.5892
vn -0.6500 0.2281 0.7249
vn -0.4328 0.3059 0.8480
vn -0.7301 -0.2179 -0.6477
vn -0.6111 -0.5370 -0.5816
vn -0.6645 -0.5731 -0.4797
vn -0.4143 -0.8245 -0.3854
vn -0.5251 -0.4668 -0.7116
vn -0.3401 -0.7563 -0.5588
vn -0.5157 0.5948 -0.6166
vn -0.6045 0.5484 -0.5778
vn -0.6907 0.3985 -0.6034
vn -0.6419 0.5207 -0.5629
vn -0.7247 0.3796 -0.5751
vn -0.2778 0.3051 -0.9109
vn -0.3432 0.6899 -0.6373
vn -0.2709 0.3389 -0.9010
vn -0.4358 -0.8679 0.2383
vn -0.3921 -0.9053 0.1633
vn -0.4747 -0.8659 0.1576
vn -0.3600 -0.9048 0.2275
vn -0.4095 -0.9090 0.0776
vn -0.6159 0.7610 0.2038
vn -0.5596 0.6536 0.5095
vn -0.4098 0.7878 0.4598
vn -0.4162 0.8957 0.1569
vn -0.4399 0.4690 0.7658
vn -0.3515 0.5985 0.7199
vn -0.3779 -0.9082 -0.1798
vn -0.2958 -0.9070 -0.2999
vn -0.3289 -0.9161 -0.2292
vn -0.4391 -0.8970 0.0513
vn -0.2083 -0.9524 -0.2224
vn -0.4773 -0.8781 0.0326
vn -0.6288 0.6530 -0.4223
vn -0.5171 0.7738 -0.3658
vn -0.4702 0.7194 -0.5113
vn -0.2856 0.8185 -0.4984
vn -0.2160 0.7766 -0.5919
vn -0.3863 0.8622 -0.3276
vn -0.5438 0.5941 0.5927
vn -0.5975 0.6349 0.4898
vn -0.4931 0.6962 0.5217
vn -0.5025 0.5203 0.6905
vn -0.4400 0.6276 0.6423
vn -0.4223 0.5503 0.7203
vn -0.4462 -0.8011 0.3989
vn -0.4451 -0.8409 0.3077
vn -0.3947 -0.8466 0.3570
vn -0.5367 -0.7493 0.3879
vn -0.4162 -0.8428 0.3413
vn 0.1322 0.6702 0.7303
vn 0.0034 0.6875 0.7262
vn 0.2003 0.6721 0.7128
vn -0.1914 -0.8818 0.4311
vn -0.3022 -0.8634 0.4040
vn -0.0252 -0.8621 0.5060
vn -0.0301 -0.7930 0.6084
vn -0.1296 -0.8644 0.4858
vn 0.2153 -0.7928 0.5701
vn 0.1485 -0.7285 0.6687
vn -0.7911 0.2086 0.5750
vn -0.7510 0.4350 0.4968
vn -0.6754 0.2562 0.6916
vn -0.6863 0.6030 0.4067
vn -0.8381 -0.0031 0.5454
vn -0.8221 -0.2773 0.4972
vn -0.7597 -0.2556 0.5979
vn -0.6811 -0.5406 0.4939
vn -0.7473 -0.5022 0.4352
vn -0.6494 -0.3981 0.6479
vn -0.5847 -0.5975 0.5487
vn 0.5855 0.1839 0.7896
vn 0.6395 0.0843 0.7642
vn 0.5246 0.2303 0.8196
vn 0.7652 0.4549 0.4555
vn 0.7913 0.0364 0.6103
vn 0.7401 0.4576 0.4928
vn 0.6010 -0.1111 0.7915
vn 0.7054 -0.2650 0.6574
vn 0.7426 -0.1413 0.6547
vn 0.7194 -0.0502 0.6927
vn 0.6817 -0.3994 0.6130
vn 0.7603 -0.1873 0.6220
vn 0.9194 -0.2024 0.3372
vn 0.7245 -0.5158 0.4572
vn 0.7997 -0.1656 0.5771
vn 0.7700 0.2518 0.5862
vn 0.6829 0.2769 0.6760
vn 0.7093 0.4444 0.5472
vn 0.2796 0.7818 -0.5574
vn 0.1074 0.7971 -0.5942
vn 0.1332 0.8396 -0.5266
vn -0.4270 -0.7123 -0.5570
vn -0.5896 -0.6280 -0.5079
vn -0.5896 -0.7092 -0.3865
vn -0.4419 -0.7883 -0.4282
vn -0.4032 0.5289 -0.7468
vn -0.5233 0.3868 -0.7593
vn -0.5366 0.2040 -0.8188
vn 0.1422 0.7953 -0.5893
vn 0.1158 0.8405 -0.5293
vn -0.0608 0.8137 -0.5781
vn -0.0853 0.7586 -0.6460
vn -0.2088 -0.7423 0.6367
vn -0.0960 -0.7639 0.6381
vn 0.1000 -0.6465 0.7564
vn 0.0426 -0.7945 0.6057
vn -0.2764 -0.8470 0.4541
vn 0.3294 -0.5980 0.7307
vn 0.3985 -0.7125 0.5776
vn -0.4533 0.7139 0.5338
vn -0.4446 0.7409 0.5034
vn -0.5498 0.8072 0.2150
vn 0.3466 0.4559 0.8198
vn 0.1680 0.4524 0.8759
vn 0.0965 0.5347 0.8395
vn 0.3448 0.6171 0.7073
vn -0.0609 0.4406 0.8956
vn -0.1317 0.5065 0.8521
vn -0.5796 -0.8074 -0.1101
vn -0.7508 -0.6605 -0.0060
vn -0.6712 -0.7412 -0.0112
vn -0.7325 -0.6769 0.0723
vn -0.6778 -0.7334 0.0522
vn -0.4902 -0.3735 0.7875
vn -0.4115 -0.2949 0.8624
vn -0.4049 -0.5993 0.6906
vn -0.2777 -0.9599 0.0389
vn -0.3371 -0.9290 0.1527
vn -0.2771 -0.9420 0.1896
vn -0.5361 0.2015 0.8197
vn -0.4320 0.2477 0.8672
vn -0.4503 0.1331 0.8829
vn -0.2691 -0.9533 -0.1374
vn -0.3230 -0.9259 -0.1960
vn -0.3212 -0.9385 -0.1266
vn 0.0845 -0.5054 -0.8587
vn 0.0798 -0.6661 -0.7416
vn 0.0128 -0.8532 -0.5215
vn 0.0459 -0.8069 -0.5889
vn -0.0242 -0.7362 -0.6764
vn -0.0080 -0.3483 -0.9373
vn 0.0053 0.5045 -0.8634
vn -0.0022 0.6402 -0.7682
vn -0.1991 0.5847 -0.7864
vn -0.1599 0.4064 -0.8996
vn -0.0618 0.6936 -0.7178
vn -0.2656 0.6540 -0.7083
vn -0.1844 0.8901 0.4169
vn -0.1197 0.8774 0.4647
vn -0.1189 0.9782 0.1705
vn -0.1789 0.9780 0.1073
vn -0.2690 0.8184 0.5078
vn -0.2785 0.9348 0.2202
vn -0.1514 0.7142 0.6834
vn -0.2747 0.6697 0.6899
vn -0.4179 0.4093 0.8111
vn -0.3175 0.5195 0.7933
vn -0.3069 0.3876 0.8693
vn -0.3864 0.3164 0.8664
vn -0.1110 0.9147 -0.3887
vn -0.2210 0.8932 -0.3916
vn -0.1078 0.8344 -0.5406
vn 0.9619 -0.1840 0.2022
vn 0.8734 -0.1252 0.4706
vn 0.9783 0.2048 0.0300
vn 0.9926 0.1213 -0.0001
vn 0.9360 -0.3158 -0.1552
vn 0.8670 -0.4895 -0.0937
vn 0.9652 -0.2616 0.0010
vn 0.6647 -0.1415 0.7336
vn 0.6204 -0.2580 0.7407
vn 0.7351 -0.2528 0.6291
vn 0.7822 -0.1107 0.6131
vn 0.5412 -0.5305 0.6524
vn 0.6678 -0.6023 0.4374
vn 0.6423 -0.4015 0.6528
vn 0.4233 -0.6599 0.6208
vn 0.8639 0.3761 -0.3350
vn 0.8734 0.3941 -0.2860
vn 0.8974 0.2085 -0.3888
vn 0.8789 0.2122 -0.4273
vn 0.9857 0.1020 0.1345
vn 0.8800 0.4727 -0.0464
vn 0.9907 0.1182 0.0681
vn 0.9855 0.0947 0.1411
vn 0.5648 0.3225 0.7596
vn 0.6221 0.2973 0.7243
vn 0.5868 0.3720 0.7192
vn 0.8146 0.5331 0.2286
vn 0.7335 0.4946 0.4663
vn 0.8643 0.4272 0.2656
vn 0.7251 0.6862 -0.0575
vn 0.9451 0.0809 -0.3166
vn 0.8613 0.2026 -0.4659
vn 0.9178 0.1077 -0.3822
vn 0.7930 -0.2525 -0.5544
vn 0.9708 -0.0263 -0.2384
vn 0.8112 -0.1856 -0.5545
vn 0.8464 -0.2078 -0.4904
vn 0.4466 -0.5664 -0.6927
vn 0.3833 -0.6741 -0.6314
vn 0.8548 -0.1186 -0.5053
vn 0.4695 -0.6882 -0.5531
vn 0.3735 -0.8605 -0.3464
vn 0.3585 -0.8197 -0.4467
vn 0.7104 0.2361 -0.6629
vn 0.5801 0.5009 -0.6423
vn 0.5048 0.4964 -0.7062
vn 0.6277 0.2196 -0.7468
vn 0.0874 0.8493 -0.5206
vn 0.0374 0.7959 -0.6043
vn 0.2660 0.7482 -0.6079
vn 0.3055 0.7636 -0.5688
vn -0.5507 0.0493 0.8333
vn -0.8045 0.0872 0.5875
vn -0.9611 -0.2709 -0.0539
vn -0.7673 -0.6384 -0.0611
vn -0.7713 -0.6136 0.1690
vn -0.9395 -0.2461 0.2381
vn -0.3964 -0.5539 0.7322
vn -0.4412 -0.2803 0.8525
vn -0.5093 -0.8559 0.0892
vn -0.3295 -0.9337 0.1400
vn -0.8376 0.4478 0.3129
vn -0.9229 0.3490 0.1625
vn -0.8552 0.4436 0.2679
vn -0.9675 0.2361 -0.0909
vn -0.7929 0.5617 -0.2364
vn -0.8173 0.5518 -0.1658
vn -0.6207 0.5727 0.5355
vn -0.6721 0.4932 0.5523
vn -0.4763 0.4008 0.7827
vn -0.5054 0.3196 0.8015
vn -0.9256 0.0562 -0.3744
vn -0.7968 -0.2832 -0.5338
vn -0.6599 -0.6422 -0.3900
vn -0.8335 -0.2824 -0.4748
vn -0.2907 -0.9394 -0.1820
vn -0.3041 -0.9441 -0.1276
vn -0.4570 -0.8590 -0.2309
vn -0.7497 0.4154 -0.5151
vn -0.6372 0.6375 -0.4330
vn -0.6202 0.7262 -0.2965
vn -0.6583 0.7009 -0.2746
vn -0.8642 0.4932 -0.0997
vn -0.7028 0.5173 -0.4884
vn -0.8747 0.4833 -0.0367
vn -0.8669 0.4546 -0.2043
vn 0.3038 -0.0056 0.9527
vn 0.3161 0.1702 0.9333
vn 0.4196 0.1108 0.9009
vn 0.1124 -0.7524 0.6491
vn -0.2056 -0.6032 0.7706
vn 0.3125 -0.5419 0.7802
vn -0.2197 -0.5977 0.7710
vn -0.2218 -0.5791 0.7845
vn -0.3041 -0.4127 0.8586
vn -0.0749 -0.3073 0.9487
vn -0.0610 -0.2368 0.9696
vn 0.1917 0.5882 0.7857
vn 0.0109 0.6545 0.7560
vn -0.2120 0.6912 0.6909
vn -0.1414 0.5473 0.8249
vn 0.0517 0.4664 0.8830
vn -0.0866 0.6584 0.7476
vn 0.3924 -0.0450 -0.9187
vn -0.0311 -0.1347 -0.9904
vn 0.4017 -0.2390 -0.8840
vn 0.0940 -0.8095 -0.5795
vn -0.2420 -0.8046 -0.5423
vn -0.3261 -0.8578 -0.3973
vn -0.5497 -0.6819 -0.4826
vn -0.4834 -0.6138 -0.6241
vn -0.4364 -0.7103 -0.5523
vn -0.5911 -0.6054 -0.5331
vn -0.6300 -0.6361 -0.4455
vn -0.0465 0.8030 -0.5942
vn 0.0935 0.8591 -0.5033
vn -0.3383 0.0895 -0.9368
vn -0.3095 0.3252 -0.8936
vn -0.5093 0.3220 -0.7981
vn -0.5271 0.1003 -0.8439
vn -0.4790 -0.8778 0.0038
vn -0.1974 -0.9747 -0.1045
vn -0.4362 -0.8227 0.3646
vn -0.0731 0.7111 -0.6993
vn -0.2989 0.9437 -0.1418
vn -0.1651 0.9133 0.3724
vn 0.1910 0.9680 0.1626
vn -0.0005 0.9208 -0.3900
vn -0.4586 0.8845 0.0862
vn -0.6310 -0.7757 0.0117
vn -0.5402 -0.8320 -0.1260
vn -0.4837 -0.8343 -0.2646
vn -0.8180 -0.5448 -0.1848
vn -0.8397 -0.5004 -0.2109
vn -0.1000 0.7770 -0.6215
vn -0.3981 -0.0539 0.9157
vn -0.6790 -0.0548 0.7321
vn -0.5871 -0.7137 0.3820
vn -0.4274 0.7073 0.5632
vn -0.7853 0.0144 -0.6190
vn -0.3304 0.3702 -0.8682
vn -0.2689 0.4158 -0.8688
vn -0.3831 0.3930 -0.8359
vn -0.5168 -0.2258 -0.8258
vn -0.2084 -0.9253 -0.3168
vn -0.2690 -0.9370 -0.2227
vn -0.5994 0.6171 -0.5098
vn -0.4718 0.6651 -0.5788
vn -0.2863 -0.9525 0.1037
vn -0.2225 -0.9717 -0.0793
vn -0.4590 -0.8666 -0.1957
vn -0.4397 -0.8789 -0.1850
vn -0.3885 0.9141 -0.1160
vn -0.6142 0.7843 -0.0877
vn -0.4181 0.4868 0.7669
vn -0.3814 -0.8856 0.2651
vn 0.0865 0.6272 0.7740
vn 0.3206 0.6995 0.6387
vn 0.0137 -0.8742 0.4853
vn -0.6567 0.5716 0.4920
vn -0.7051 0.3394 0.6226
vn -0.7868 0.2686 0.5557
vn -0.9070 0.0799 0.4136
vn -0.9133 0.1155 0.3905
vn 0.4770 0.1833 0.8596
vn 0.5021 -0.0851 0.8606
vn 0.4505 -0.2185 0.8656
vn 0.8079 0.0420 0.5878
vn 0.7001 0.0286 0.7135
vn 0.7430 -0.0728 0.6653
vn 0.7180 -0.0411 0.6948
vn 0.3800 -0.5747 0.7248
vn 0.5070 -0.6446 0.5723
vn 0.6471 -0.3979 0.6503
vn 0.5270 -0.3323 0.7822
vn 0.2857 0.5894 0.7556
vn 0.2678 0.7091 0.6523
vn 0.8134 0.4325 0.3890
vn 0.3966 0.4226 0.8149
vn 0.8203 0.4086 0.4001
vn 0.7815 0.4357 0.4466
vn -0.8356 -0.0926 0.5414
vn -0.6992 0.0201 0.7146
vn -0.6753 -0.2089 0.7074
vn -0.3939 -0.8331 0.3883
vn -0.2886 -0.8759 0.3867
vn -0.5024 -0.7462 0.4367
vn -0.6482 0.4841 0.5877
vn -0.6926 0.5451 0.4723
vn -0.3265 0.5845 0.7428
vn -0.3331 0.6532 0.6800
vn -0.1917 0.6824 0.7054
vn -0.1520 0.6401 0.7531
vn 0.7061 -0.6950 -0.1357
vn 0.6009 -0.7698 -0.2155
vn 0.1422 0.7217 -0.6774
vn 0.4623 0.7243 -0.5115
vn 0.5456 0.6531 -0.5251
vn 0.1934 0.7273 -0.6585
vn 0.6752 -0.3566 0.6457
vn 0.6895 -0.1748 0.7028
vn 0.8975 -0.1041 0.4285
vn 0.6723 -0.5043 0.5420
vn 0.8199 -0.1273 0.5581
vn 0.9319 -0.1125 0.3449
vn 0.8718 0.3854 0.3023
vn 0.9131 0.2064 0.3517
vn 0.8183 0.1968 0.5400
vn 0.9147 0.0699 0.3981
vn 0.6832 0.4844 0.5465
vn 0.7537 0.4833 0.4454
vn 0.2746 0.7834 -0.5575
vn -0.2454 -0.8556 -0.4559
vn -0.2412 -0.7536 -0.6115
vn -0.3722 0.3466 -0.8610
vn -0.4776 -0.8432 0.2470
vn -0.5225 -0.8136 0.2549
vn 0.1778 -0.6672 0.7233
vn 0.1045 0.8283 -0.5505
vn -0.4523 0.8561 0.2502
vn 0.3967 0.4059 0.8233
vn 0.2902 0.4434 0.8480
vn -0.4700 -0.8766 -0.1029
vn -0.4798 -0.8528 -0.2063
vn -0.3087 0.5056 0.8057
vn -0.1621 0.4771 0.8638
vn -0.3487 0.6008 0.7193
vn -0.3975 0.5872 0.7051
vn -0.2758 0.7067 -0.6515
vn 0.5823 -0.5622 0.5873
vn 0.4845 -0.4922 0.7232
vn 0.5747 -0.3965 0.7159
vn 0.6631 -0.5435 0.5147
vn -0.1646 0.8103 -0.5624
vn -0.1614 0.8908 -0.4248
vn -0.4209 0.8889 -0.1807
vn -0.6972 -0.6335 -0.3354
vn -0.5116 -0.8059 -0.2979
vn -0.7340 -0.6501 -0.1962
vn 0.1725 0.8493 -0.4989
vn 0.5650 0.5314 0.6312
vn 0.4957 0.4106 0.7653
vn -0.5652 -0.8249 -0.0085
vn -0.5857 -0.7999 0.1307
vn 0.2292 0.7563 -0.6128
vn 0.0031 0.7098 -0.7044
vn 0.0510 0.7470 -0.6628
vn -0.0186 0.7457 -0.6661
vn 0.8386 0.2210 0.4979
vn 0.7786 0.0891 0.6212
vn 0.6682 0.1523 0.7283
vn 0.7419 -0.0805 0.6656
vn 0.9628 0.0348 0.2678
vn -0.4467 -0.7877 0.4242
vn -0.5864 -0.7570 0.2882
vn -0.4909 -0.6215 0.6106
vn -0.5595 -0.4153 0.7173
vn -0.6233 0.1554 0.7664
vn -0.5913 0.3184 0.7410
vn -0.4214 -0.8871 -0.1885
vn -0.3573 -0.8757 -0.3249
vn -0.2179 -0.9758 0.0169
vn -0.2260 -0.9741 0.0048
vn -0.2913 -0.9251 -0.2434
vn -0.1996 -0.9488 -0.2448
vn -0.1358 -0.7783 -0.6131
vn -0.1203 -0.4411 -0.8894
vn -0.3893 -0.4012 -0.8292
vn 0.1818 0.5087 -0.8416
vn 0.0915 0.6686 -0.7380
vn -0.0818 0.7258 -0.6831
vn -0.3559 0.3551 -0.8644
vn -0.3323 0.3389 -0.8802
vn -0.3197 0.4041 0.8570
vn -0.0524 0.7912 -0.6093
vn -0.0950 0.8491 -0.5196
vn -0.2294 0.5304 0.8161
vn -0.2623 -0.9456 -0.1927
vn -0.4878 0.3447 0.8020
vn -0.4526 -0.0588 0.8898
vn -0.5220 -0.1789 0.8340
vn -0.5428 0.0077 0.8399
vn -0.1919 0.7284 -0.6577
vn -0.0636 0.7383 -0.6715
vn -0.0017 0.3519 -0.9360
vn -0.1455 0.0381 -0.9886
vn -0.3221 -0.9467 -0.0094
vn -0.2909 -0.9540 -0.0733
vn -0.2572 0.9572 -0.1326
vn -0.1150 0.9814 -0.1534
vn 0.9745 0.2155 0.0628
vn 0.9519 -0.0800 -0.2959
vn 0.9251 0.0448 -0.3771
vn 0.9882 0.1361 0.0704
vn 0.9660 -0.0695 -0.2489
vn -0.9549 0.2932 -0.0478
vn -0.9956 0.0937 -0.0083
vn -0.9596 0.1051 0.2610
vn -0.9163 0.3159 0.2462
vn -0.9661 0.1154 -0.2311
vn 0.8421 0.1547 0.5167
vn 0.7501 0.1333 0.6478
vn 0.7922 0.2169 0.5704
vn 0.8823 -0.1762 0.4364
vn 0.9154 -0.1871 0.3565
vn 0.6809 0.1529 -0.7162
vn 0.6385 0.0417 -0.7685
vn 0.6083 -0.0381 -0.7928
vn 0.6075 -0.1173 -0.7856
vn 0.8540 -0.2655 -0.4474
vn 0.7574 0.2482 -0.6039
vn 0.8440 -0.2109 -0.4931
vn 0.2369 -0.5950 0.7681
vn 0.3995 -0.4183 0.8157
vn 0.7609 -0.6263 0.1696
vn 0.7923 -0.6094 -0.0312
vn 0.5871 0.6874 0.4275
vn 0.7831 0.5550 0.2807
vn 0.7393 0.4106 0.5337
vn 0.3880 0.7738 0.5007
vn 0.6896 0.5858 0.4259
vn 0.3162 -0.8038 -0.5039
vn -0.6027 -0.2153 0.7684
vn -0.6253 -0.0131 0.7803
vn -0.4474 -0.7501 0.4870
vn -0.0442 -0.6231 0.7809
vn -0.1257 -0.6097 0.7826
vn -0.1340 -0.0269 0.9906
vn -0.1116 0.3048 0.9458
vn 0.1301 -0.0506 0.9902
vn 0.1407 0.2080 0.9680
vn -0.3698 -0.0419 -0.9282
vn -0.2914 -0.4815 -0.8266
vn -0.5095 -0.1286 -0.8508
vn -0.4904 -0.4871 -0.7226
vn -0.8722 0.0331 -0.4880
vn -0.8254 -0.0154 -0.5643
vn -0.8163 0.1378 -0.5610
vn -0.3999 0.5901 -0.7013
vn -0.4130 -0.8017 0.4321
vn -0.3409 -0.7938 0.5036
vn -0.2948 -0.8998 0.3218
vn -0.4964 -0.8676 0.0311
vn -0.6567 0.5863 0.4744
vn -0.3260 0.5378 0.7775
vn -0.1609 0.5730 0.8036
vn -0.7554 0.5961 0.2722
vn -0.7162 0.6735 0.1829
vn -0.7721 0.5425 0.3310
vn -0.8278 0.5028 -0.2489
vn -0.6664 0.7427 -0.0652
vn -0.8263 0.5206 -0.2149
vn -0.3495 -0.8814 -0.3179
vn -0.1470 -0.9285 -0.3409
vn -0.4153 -0.9090 0.0357
vn -0.2506 -0.9537 -0.1665
vn -0.2372 -0.9575 -0.1639
vn -0.3320 0.9260 -0.1795
vn -0.1199 0.8784 -0.4626
vn 0.5304 0.0362 0.8470
vn 0.2998 -0.8190 0.4892
vn 0.5703 -0.6444 0.5093
vn 0.4198 0.3663 0.8304
vn 0.3447 0.5496 0.7610
vn -0.8289 0.0222 0.5589
vn -0.8082 -0.1716 0.5634
vn -0.8079 -0.1999 0.5544
vn -0.8868 0.1777 0.4266
vn -0.7753 0.0661 0.6281
vn -0.8845 0.1329 0.4472
vn -0.8286 -0.2731 0.4887
vn -0.4114 -0.8482 0.3338
vn -0.5052 0.4334 0.7463
vn -0.5976 0.4369 0.6723
vn -0.3260 0.7131 0.6207
vn 0.4850 -0.8363 -0.2558
vn 0.1261 -0.9628 -0.2389
vn 0.7064 0.6347 -0.3134
vn 0.8089 0.5510 -0.2053
vn 0.8598 0.4626 -0.2164
vn 0.7791 0.5233 -0.3452
vn 0.8321 0.5532 -0.0382
vn 0.8954 0.4443 -0.0283
vn 0.1284 0.4711 0.8727
vn -0.0855 0.6797 0.7285
vn 0.0288 0.4334 0.9008
vn -0.2554 0.7247 -0.6400
vn -0.2759 0.5763 -0.7693
vn -0.4327 0.5266 -0.7317
vn 0.3308 -0.5578 0.7612
vn 0.4486 -0.4680 0.7614
vn 0.5342 -0.3735 0.7584
vn -0.1348 0.7812 -0.6096
vn -0.5612 -0.6796 -0.4724
vn -0.7914 -0.6011 -0.1110
vn -0.4947 -0.7870 -0.3686
vn -0.8337 -0.5419 -0.1064
vn 0.1172 0.8702 -0.4786
vn 0.3066 0.7588 -0.5747
vn 0.4888 0.3669 0.7915
vn 0.6015 0.4113 0.6848
vn -0.5550 -0.8116 0.1825
vn -0.6162 -0.7856 0.0558
vn -0.6864 -0.7232 0.0761
vn -0.0326 0.7129 -0.7005
vn -0.3826 -0.1907 -0.9040
vn -0.5456 -0.1889 -0.8165
vn -0.4272 -0.4371 -0.7915
vn -0.5760 -0.4728 -0.6668
vn 0.7888 0.0007 0.6146
vn 0.7052 0.0118 0.7089
vn 0.6808 -0.0790 0.7282
vn 0.6999 0.1148 0.7049
vn 0.6523 0.1550 0.7420
vn -0.3614 -0.7426 0.5638
vn -0.5717 -0.7531 0.3255
vn -0.2130 0.5083 0.8344
vn -0.4338 -0.8465 -0.3087
vn -0.3670 0.2961 0.8818
vn -0.4409 -0.0962 0.8924
vn -0.0532 0.6956 -0.7165
vn -0.0461 0.7431 -0.6676
vn -0.0876 -0.9252 -0.3692
vn 0.0158 0.0444 -0.9989
vn 0.0141 -0.1824 -0.9831
vn -0.1816 -0.1566 -0.9708
vn 0.1566 0.2904 -0.9440
vn -0.3421 0.3921 -0.8539
vn -0.3828 0.3622 -0.8498
vn -0.1511 0.9741 -0.1684
vn -0.1291 0.9155 -0.3811
vn -0.7927 0.2622 -0.5504
vn -0.3168 0.3321 -0.8885
vn -0.2101 0.3164 -0.9251
vn -0.6684 0.1499 -0.7286
vn 0.0840 0.5964 -0.7983
vn -0.7127 -0.6821 -0.1636
vn -0.5693 -0.7935 -0.2150
vn -0.6866 -0.5998 -0.4110
vn -0.8260 -0.5413 -0.1572
vn -0.8114 -0.5440 -0.2136
vn -0.4074 -0.8171 -0.4078
vn -0.6386 -0.7421 -0.2037
vn -0.8767 0.0294 0.4802
vn -0.7853 -0.3205 0.5296
vn -0.7480 0.5883 0.3071
vn -0.8667 -0.3609 0.3444
vn -0.4863 -0.8698 -0.0840
vn -0.2362 -0.9665 -0.1001
vn -0.4786 -0.8198 0.3144
vn -0.4791 -0.7385 -0.4744
vn -0.1283 -0.9445 0.3023
vn -0.0136 -0.9079 -0.4190
vn -0.8447 0.5320 -0.0587
vn -0.8091 0.5373 -0.2379
vn -0.7621 0.4948 0.4176
vn -0.8633 0.4751 -0.1701
vn 0.1746 -0.1765 0.9687
vn -0.4232 -0.6231 0.6577
vn 0.7184 0.4788 0.5045
vn 0.8133 -0.1672 -0.5573
vn 0.8318 -0.1917 -0.5210
vn 0.5623 -0.2525 -0.7875
vn 0.5580 -0.2098 -0.8029
vn 0.5003 -0.3840 -0.7761
vn 0.4902 -0.4170 -0.7654
vn 0.8100 -0.2026 -0.5503
vn 0.8497 -0.1167 0.5142
vn 0.5498 0.0691 0.8324
vn 0.9445 -0.2991 0.1357
vn 0.9733 0.1346 0.1860
vn 0.9906 0.1260 0.0529
vn 0.9812 -0.1851 0.0554
vn 0.9830 -0.1714 -0.0654
vn 0.9871 -0.1275 -0.0970
vn 0.9874 0.1287 0.0921
vn -0.8902 0.2539 -0.3783
vn -0.7070 0.7062 -0.0383
vn -0.6990 0.5688 -0.4335
vn -0.6927 0.5258 -0.4937
vn 0.7256 -0.4766 0.4963
vn 0.8555 0.4911 0.1639
vn -0.5315 -0.7952 -0.2920
vn -0.5402 -0.7351 -0.4098
vn -0.2395 0.7106 -0.6616
vn 0.2235 -0.0779 -0.9716
vn -0.2478 0.3504 -0.9032
vn -0.5656 -0.1016 -0.8184
vn -0.9843 -0.1684 -0.0527
vn -0.2256 -0.7683 -0.5991
vn -0.6350 -0.7226 -0.2730
vn -0.6535 -0.7178 -0.2402
vn -0.7338 -0.6271 -0.2611
vn -0.8761 -0.4345 0.2091
vn -0.9410 -0.3353 0.0447
vn -0.6892 -0.6854 -0.2351
vn -0.5572 0.8302 0.0132
vn -0.8442 0.2521 0.4731
vn -0.5623 0.5321 0.6330
vn -0.7247 0.4131 0.5516
vn -0.7361 0.2465 0.6305
vn -0.4996 -0.1699 0.8494
vn -0.9204 0.0375 0.3893
vn -0.7652 -0.6430 0.0323
vn -0.9951 0.0927 -0.0350
vn -0.7529 -0.5958 -0.2795
vn -0.2182 -0.7360 -0.6408
vn -0.3767 -0.9052 -0.1968
vn -0.7384 -0.6495 0.1814
vn -0.9497 0.2238 0.2189
vn -0.5514 0.7220 0.4178
vn 0.1899 -0.9391 0.2865
vn -0.0016 -0.6385 0.7696
vn 0.0230 -0.7267 0.6865
vn 0.0186 -0.6433 0.7653
vn -0.3451 -0.1463 0.9271
vn 0.2817 -0.4189 0.8632
vn -0.0185 -0.6883 0.7252
vn -0.4285 -0.7676 0.4766
vn 0.8505 0.4977 -0.1700
vn 0.9460 0.3204 0.0501
vn 0.9045 0.2465 -0.3480
vn 0.5766 0.2933 -0.7626
vn 0.7945 -0.2318 -0.5613
vn 0.9435 0.3044 -0.1308
vn 0.8677 -0.1555 -0.4722
vn 0.8298 -0.1733 -0.5305
vn 0.3933 -0.5816 -0.7121
vn 0.7868 -0.6125 -0.0754
vn 0.8138 -0.1458 -0.5626
vn 0.6790 0.4050 0.6123
vn 0.8658 0.2728 -0.4194
vn 0.9841 0.1730 0.0407
vn 0.8157 -0.2529 0.5203
vn 0.8487 -0.2368 -0.4729
vn 0.9103 0.0216 -0.4133
vn 0.7432 0.4786 -0.4675
vn 0.9871 0.1603 -0.0033
vn 0.7226 0.4491 0.5255
vn 0.9900 0.1408 -0.0087
vn -0.2253 -0.0937 -0.9698
vn 0.2438 0.2744 -0.9302
vn -0.2993 -0.8891 -0.3463
vn -0.2756 -0.9427 -0.1882
vn -0.6461 -0.5432 -0.5361
vn -0.5058 -0.8610 0.0535
vn -0.9268 -0.2261 -0.2999
vn -0.8686 0.4853 -0.1003
vn -0.9201 0.1524 -0.3609
vn -0.7745 0.6036 0.1893
vn -0.5634 0.8261 0.0085
vn -0.8454 0.4142 0.3374
vn 0.0170 -0.7633 0.6459
vn 0.5282 -0.5526 0.6447
vn 0.8180 -0.1210 0.5623
vn 0.9923 0.1104 -0.0561
vn 0.8690 -0.0960 -0.4854
vn 0.8211 0.2266 -0.5239
vn 0.6742 -0.4607 -0.5773
vn 0.6005 -0.2776 -0.7499
vn 0.9795 -0.0145 -0.2008
vn 0.9148 -0.3258 -0.2387
vn 0.7509 -0.5424 -0.3767
vn 0.6075 -0.0620 -0.7919
vn 0.8115 -0.1155 -0.5728
vn 0.9781 0.1980 -0.0639
vn 0.9184 0.1501 -0.3662
vn 0.9037 0.2234 0.3653
vn 0.8631 0.4958 -0.0962
vn 0.8707 0.4544 0.1884
vn 0.9810 -0.1403 -0.1340
vn 0.8816 -0.0008 0.4721
vn 0.9481 -0.2348 0.2144
vn 0.9891 0.0766 0.1255
vn 0.9356 -0.2041 -0.2880
vn -0.5026 -0.8586 -0.1014
vn -0.8442 0.2379 -0.4803
vn -0.0355 -0.6917 0.7213
vn 0.2971 -0.9478 -0.1155
vn 0.2325 0.7027 0.6724
vn -0.5829 -0.2410 -0.7760
vn -0.7123 0.6629 0.2305
vn 0.6018 0.0474 0.7972
vn 0.7283 -0.4461 0.5202
vn -0.9017 0.2898 0.3210
vn -0.8949 -0.4447 -0.0372
vn -0.6520 -0.7376 0.1759
vn -0.2216 0.7253 0.6518
vn -0.3346 -0.8414 0.4244
vn 0.9643 -0.1556 -0.2144
vn -0.3149 -0.9483 -0.0386
vn -0.7703 -0.6052 -0.2010
vn -0.4001 -0.9153 -0.0473
vn -0.2905 -0.9523 0.0937
vn 0.7895 -0.1545 0.5940
vn 0.6364 0.4266 0.6427
vn -0.7919 0.5506 -0.2639
vn -0.3849 -0.8954 -0.2236
vn -0.6368 -0.7454 -0.1970
vn -0.5838 -0.7909 -0.1832
vn -0.3775 0.4115 -0.8296
vn -0.2581 0.3845 -0.8863
vn -0.3628 0.4353 -0.8240
vn -0.3815 0.3658 -0.8489
vn -0.5400 -0.8090 -0.2323
vn -0.7749 -0.6079 -0.1732
vn -0.7022 -0.6856 -0.1920
vn -0.8663 -0.4618 -0.1905
vn -0.3790 -0.9200 0.1004
vn -0.3238 -0.9398 0.1098
vn -0.8015 0.5361 -0.2648
vn -0.8138 0.5178 -0.2639
vn -0.0613 -0.7082 0.7034
vn 0.6560 0.3922 0.6449
vn 0.6415 0.4261 0.6379
vn 0.8283 -0.1827 -0.5297
vn 0.8317 -0.1939 0.5203
vn 0.8233 -0.1731 0.5406
vn 0.7584 -0.0714 0.6479
vn 0.7896 -0.2220 0.5721
vn 0.9842 0.1700 0.0493
vn -0.8008 0.3650 -0.4749
vn -0.0129 0.8175 -0.5757
vn -0.2578 -0.8304 0.4940
vn 0.1839 -0.9728 0.1408
vn -0.5163 0.7412 -0.4291
vn -0.6173 0.4267 -0.6609
vn -0.7394 0.3257 -0.5892
vn -0.4890 -0.5508 0.6763
vn 0.2346 0.7297 0.6422
vn 0.3126 0.2765 0.9088
vn 0.6042 0.1751 0.7773
vn 0.3432 -0.1382 0.9290
vn 0.7565 -0.6212 0.2044
vn 0.7805 -0.0589 0.6223
vn -0.5214 0.6673 -0.5319
vn -0.4895 0.5557 -0.6720
vn -0.3285 -0.8940 0.3047
vn 0.1886 -0.2224 0.9565
vn 0.6484 0.7389 0.1833
vn 0.3986 0.4827 0.7798
vn 0.5183 -0.3859 0.7632
vn 0.9957 -0.0705 -0.0609
s 1
f 1/1/1 2/2/2 3/3/3
f 3/3/3 4/4/4 1/1/1
f 3/3/3 2/2/2 5/5/5
f 5/5/5 6/6/6 3/3/3
f 7/7/7 8/8/8 9/9/9
f 9/9/9 10/10/10 7/7/7
f 11/11/11 8/8/8 12/12/12
f 13/13/13 8/8/8 11/11/11
f 11/11/11 14/14/14 13/13/13
f 15/15/15 16/16/16 17/17/17
f 17/17/17 18/18/18 15/15/15
f 17/17/17 16/16/16 19/19/19
f 19/19/19 20/20/20 17/17/17
f 19/19/19 16/16/16 21/21/21
f 21/21/21 22/22/22 19/19/19
f 23/23/23 16/16/16 24/24/24
f 24/24/24 25/25/25 23/23/23
f 26/26/26 27/27/27 28/28/28
f 28/28/28 29/29/29 26/26/26
f 30/30/30 31/31/31 32/32/32
f 32/32/32 33/33/33 30/30/30
f 32/32/32 31/31/31 34/34/34
f 34/34/34 35/35/35 32/32/32
f 38/36/36 37/37/37 39/38/38
f 39/38/38 40/39/39 38/36/36
f 41/40/40 42/41/41 43/42/42
f 43/42/42 44/43/43 41/40/40
f 46/44/44 47/45/45 45/46/46
f 48/47/47 46/44/44 49/48/48
f 49/48/48 50/49/49 48/47/47
f 48/47/47 51/50/50 46/44/44
f 52/51/51 53/52/52 54/53/53
f 54/53/53 55/54/54 52/51/51
f 56/55/55 53/52/52 57/56/56
f 57/56/56 58/57/57 56/55/55
f 59/58/58 60/59/59 61/60/60
f 61/60/60 62/61/61 59/58/58
f 63/62/62 64/63/63 65/64/64
f 65/64/64 66/65/65 63/62/62
f 67/66/66 64/63/63 68/67/67
f 68/67/67 69/68/68 67/66/66
f 70/69/69 71/70/70 72/71/71
f 72/71/71 73/72/72 70/69/69
f 72/71/71 71/70/70 74/73/73
f 74/73/73 75/74/74 72/71/71
f 76/75/75 77/76/76 78/77/77
f 78/77/77 79/78/78 76/75/75
f 80/79/79 77/76/76 81/80/80
f 81/80/80 82/81/81 80/79/79
f 78/77/77 77/76/76 83/82/82
f 83/82/82 84/83/83 78/77/77
f 85/84/84 86/85/85 87/86/86
f 87/86/86 88/87/87 85/84/84
f 89/88/88 86/85/85 90/89/89
f 90/89/89 91/90/90 89/88/88
f 92/91/91 93/92/92 94/93/93
f 94/93/93 95/94/94 92/91/91
f 93/92/92 97/95/95 96/96/96
f 98/97/97 99/98/98 100/99/99
f 100/99/99 101/100/100 98/97/97
f 102/101/101 99/98/98 103/102/102
f 103/102/102 104/103/103 102/101/101
f 105/104/104 106/105/105 107/106/106
f 107/106/106 108/107/107 105/104/104
f 109/108/108 106/109/105 110/110/109
f 110/110/109 111/111/110 109/108/108
f 112/112/111 113/113/112 114/114/113
f 114/114/113 115/115/114 112/112/111
f 114/114/113 113/113/112 116/116/115
f 116/116/115 117/117/116 114/114/113
f 118/118/117 119/119/118 120/120/119
f 121/121/120 119/122/118 122/123/121
f 122/123/121 123/124/122 121/121/120
f 124/125/123 125/126/124 126/127/125
f 126/127/125 127/128/126 124/125/123
f 126/127/125 125/126/124 128/129/127
f 129/130/128 125/126/124 130/131/129
f 130/131/129 131/132/130 129/130/128
f 132/133/131 133/134/132 134/135/133
f 133/134/132 136/136/134 135/137/135
f 137/138/136 138/139/137 139/140/138
f 139/140/138 140/141/139 137/138/136
f 139/140/138 138/139/137 141/142/140
f 141/142/140 142/143/141 139/140/138
f 143/144/142 144/145/143 145/146/144
f 146/147/145 144/145/143 147/148/146
f 147/148/146 148/149/147 146/147/145
f 149/150/148 150/151/149 151/152/150
f 151/152/150 150/151/149 152/153/151
f 152/153/151 153/154/152 151/152/150
f 150/151/149 154/155/153 152/153/151
f 156/156/154 157/157/155 155/158/156
f 158/159/157 156/156/154 159/160/158
f 159/160/158 160/161/159 158/159/157
f 161/162/160 162/163/161 163/164/162
f 164/165/163 165/166/164 162/163/161
f 440/167/165 166/168/166 167/169/167
f 169/170/168 170/171/169 168/172/170
f 169/170/168 168/172/170 171/173/171
f 171/173/171 172/174/172 169/170/168
f 171/173/171 168/172/170 173/175/173
f 173/175/173 174/176/174 171/173/171
f 175/177/175 176/178/176 177/179/177
f 178/180/178 176/178/176 179/181/179
f 180/182/180 181/183/181 182/184/182
f 182/184/182 183/185/183 180/182/180
f 182/184/182 181/183/181 184/186/184
f 184/186/184 185/187/185 182/184/182
f 186/188/186 187/189/187 188/190/188
f 189/191/189 187/189/187 190/192/190
f 190/192/190 191/193/191 189/191/189
f 188/190/188 187/189/187 189/191/189
f 192/194/192 193/195/193 194/196/194
f 195/197/195 196/198/196 197/199/197
f 197/199/197 198/200/198 195/197/195
f 199/201/199 196/202/196 195/203/195
f 195/203/195 200/204/200 199/201/199
f 201/205/201 202/206/202 203/207/203
f 204/208/204 205/209/205 206/210/206
f 207/211/207 208/212/208 209/213/209
f 209/213/209 210/214/210 207/211/207
f 211/215/211 212/216/212 213/217/213
f 214/218/214 215/219/215 216/220/216
f 216/220/216 217/221/217 214/218/214
f 221/222/218 222/223/219 220/224/220
f 221/222/218 220/224/220 223/225/221
f 223/225/221 224/226/222 221/222/218
f 223/225/221 220/224/220 225/227/223
f 225/227/223 226/228/224 223/225/221
f 229/229/225 230/230/226 231/231/227
f 233/232/228 232/233/229 234/234/230
f 234/234/230 235/235/231 233/232/228
f 234/234/230 232/233/229 236/236/232
f 236/236/232 237/237/233 234/234/230
f 238/238/234 239/239/235 240/240/236
f 240/240/236 239/239/235 241/241/237
f 241/241/237 242/242/238 240/240/236
f 243/243/239 244/244/240 245/245/241
f 247/246/242 248/247/243 246/248/244
f 249/249/245 250/250/246 251/251/247
f 253/252/248 254/253/249 252/254/250
f 257/255/251 258/256/252 259/257/253
f 259/257/253 260/258/254 257/255/251
f 259/257/253 258/256/252 261/259/255
f 261/259/255 258/256/252 262/260/256
f 264/261/257 263/262/258 265/263/259
f 265/263/259 266/264/260 264/261/257
f 265/263/259 263/262/258 267/265/261
f 267/265/261 268/266/262 265/263/259
f 269/267/263 270/268/264 271/269/265
f 271/269/265 272/270/266 269/267/263
f 271/269/265 270/268/264 273/271/267
f 273/271/267 274/272/268 271/269/265
f 273/273/267 270/274/264 275/275/269
f 275/275/269 276/276/270 273/273/267
f 279/277/271 280/278/272 278/279/273
f 279/277/271 278/279/273 281/280/274
f 284/281/275 285/282/276 282/283/277
f 286/284/278 287/285/279 1/1/1
f 1/1/1 4/4/4 286/284/278
f 288/286/280 287/285/279 289/287/281
f 21/21/21 290/288/282 291/289/283
f 291/289/283 22/22/22 21/21/21
f 291/289/283 290/288/282 292/290/284
f 292/290/284 6/6/6 291/289/283
f 293/291/285 294/292/286 295/293/287
f 295/293/287 296/294/288 293/291/285
f 196/198/196 294/292/286 293/291/285
f 293/291/285 197/199/197 196/198/196
f 297/295/289 298/296/290 5/5/5
f 5/5/5 299/297/291 297/295/289
f 80/79/79 298/296/290 297/295/289
f 297/295/289 300/298/292 80/79/79
f 301/299/293 302/300/294 303/301/295
f 303/301/295 304/302/296 301/299/293
f 305/303/297 302/300/294 306/304/298
f 306/304/298 307/305/299 305/303/297
f 303/301/295 302/300/294 305/303/297
f 305/303/297 308/306/300 303/301/295
f 309/307/301 310/308/302 7/7/7
f 7/7/7 10/10/10 309/307/301
f 309/307/301 311/309/303 310/308/302
f 312/310/304 313/311/305 9/9/9
f 9/9/9 314/312/306 312/310/304
f 89/88/88 313/311/305 312/310/304
f 312/310/304 315/313/307 89/88/88
f 304/302/296 316/314/308 317/315/309
f 317/315/309 318/316/310 304/302/296
f 319/317/311 316/314/308 320/318/312
f 320/318/312 321/319/313 319/317/311
f 317/315/309 316/314/308 319/317/311
f 319/317/311 322/320/314 317/315/309
f 68/67/67 323/321/315 324/322/316
f 324/322/316 69/68/68 68/67/67
f 324/322/316 323/321/315 325/323/317
f 325/323/317 326/324/318 324/322/316
f 327/325/319 757/326/320 17/17/17
f 17/17/17 20/20/20 327/325/319
f 96/96/96 757/326/320 327/325/319
f 328/327/321 329/328/322 26/26/26
f 26/26/26 29/29/29 328/327/321
f 330/329/323 329/328/322 328/327/321
f 328/327/321 331/330/324 330/329/323
f 332/331/325 333/332/326 334/333/327
f 334/333/327 335/334/328 332/331/325
f 332/331/325 206/210/206 333/332/326
f 336/335/329 337/336/330 30/30/30
f 30/30/30 33/33/33 336/335/329
f 39/38/38 337/336/330 336/335/329
f 336/335/329 40/39/39 39/38/38
f 338/337/331 339/338/332 340/339/333
f 340/339/333 341/340/334 338/337/331
f 43/42/42 339/341/332 338/337/331
f 338/337/331 44/43/43 43/42/42
f 342/342/335 343/343/336 32/32/32
f 32/32/32 35/35/35 342/342/335
f 34/34/34 345/344/337 344/345/338
f 346/346/339 347/347/340 36/348/341
f 348/349/342 347/347/340 809/350/343
f 809/350/343 349/351/344 348/349/342
f 40/39/39 251/251/247 38/36/36
f 350/352/345 351/353/346 352/354/347
f 351/353/346 353/355/348 352/354/347
f 41/40/40 44/43/43 354/356/349
f 356/357/350 120/120/119 357/358/351
f 357/358/351 358/359/352 356/357/350
f 356/357/350 118/118/117 120/120/119
f 359/360/353 360/361/354 361/362/355
f 45/46/46 47/45/45 362/363/356
f 362/363/356 127/128/126 126/127/125
f 149/150/148 363/364/357 364/365/358
f 364/365/358 365/366/359 149/150/148
f 366/367/360 363/364/357 367/368/361
f 367/368/361 368/369/362 366/367/360
f 364/365/358 363/364/357 366/367/360
f 366/367/360 369/370/363 364/365/358
f 55/54/54 370/371/364 52/51/51
f 371/372/365 370/371/364 55/54/54
f 55/54/54 372/373/366 371/372/365
f 171/173/171 373/374/367 172/174/172
f 374/375/368 373/374/367 375/376/369
f 375/376/369 376/377/370 374/375/368
f 172/174/172 373/374/367 374/375/368
f 374/375/368 377/378/371 172/174/172
f 107/106/106 378/379/372 379/380/373
f 379/380/373 108/107/107 107/106/106
f 379/380/373 378/379/372 380/381/374
f 381/382/375 382/383/376 59/58/58
f 59/58/58 62/61/61 381/382/375
f 383/384/377 384/385/378 385/386/379
f 385/386/379 386/387/380 383/384/377
f 114/114/113 384/385/378 383/384/377
f 383/384/377 115/115/114 114/114/113
f 74/73/73 387/388/381 388/389/382
f 388/389/382 75/74/74 74/73/73
f 388/389/382 387/388/381 389/390/383
f 389/390/383 66/65/65 388/389/382
f 390/391/384 391/392/385 67/66/66
f 67/66/66 69/68/68 390/391/384
f 392/393/386 391/392/385 390/391/384
f 390/391/384 97/95/95 392/393/386
f 393/394/387 394/395/388 65/64/64
f 65/64/64 395/396/389 393/394/387
f 396/397/390 394/395/388 393/394/387
f 393/394/387 397/398/391 396/397/390
f 398/399/392 399/400/393 70/69/69
f 70/69/69 73/72/72 398/399/392
f 398/399/392 216/220/216 399/400/393
f 400/401/394 401/402/395 72/71/71
f 72/71/71 75/74/74 400/401/394
f 402/403/396 401/402/395 400/401/394
f 400/401/394 403/404/397 402/403/396
f 404/405/398 405/406/399 76/75/75
f 76/75/75 79/78/78 404/405/398
f 94/93/93 405/406/399 404/405/398
f 404/405/398 95/94/94 94/93/93
f 78/77/77 84/83/83 406/407/400
f 85/84/84 88/87/87 408/408/401
f 409/409/402 410/410/403 411/411/404
f 411/411/404 412/412/405 409/409/402
f 230/230/226 410/410/403 409/409/402
f 409/409/402 413/413/406 230/230/226
f 414/414/407 415/415/408 92/91/91
f 92/91/91 95/94/94 414/414/407
f 416/416/409 415/415/408 784/417/410
f 784/417/410 417/418/411 416/416/409
f 283/419/412 282/283/277 98/97/97
f 98/97/97 101/100/100 283/419/412
f 418/420/413 419/421/414 105/104/104
f 105/104/104 108/107/107 418/420/413
f 116/116/115 419/421/414 418/420/413
f 418/420/413 117/117/116 116/116/115
f 420/422/415 164/165/163 161/162/160
f 420/422/415 161/162/160 109/108/108
f 109/108/108 111/111/110 420/422/415
f 155/158/156 112/112/111 115/115/114
f 115/115/114 421/423/416 155/158/156
f 422/424/417 423/425/418 118/118/117
f 424/426/419 423/425/418 422/424/417
f 423/427/418 426/428/420 425/429/421
f 427/430/422 428/431/423 121/121/120
f 121/121/120 123/124/122 427/430/422
f 429/432/424 430/433/425 124/125/123
f 124/125/123 127/128/126 429/432/424
f 151/152/150 430/433/425 429/432/424
f 429/432/424 149/150/148 151/152/150
f 136/136/134 431/434/426 135/137/135
f 432/435/427 431/434/426 433/436/428
f 433/436/428 434/437/429 432/435/427
f 435/438/430 436/439/431 137/138/136
f 137/138/136 140/141/139 435/438/430
f 435/438/430 154/155/153 436/439/431
f 158/159/157 160/161/159 437/440/432
f 437/440/432 280/278/272 279/277/271
f 132/133/131 162/163/161 165/166/164
f 165/166/164 438/441/433 132/133/131
f 234/442/230 439/443/434 235/444/231
f 235/444/231 439/443/434 440/167/165
f 440/167/165 441/445/435 235/444/231
f 224/226/222 442/446/436 168/172/170
f 168/172/170 170/171/169 224/226/222
f 223/225/221 442/446/436 224/226/222
f 113/113/112 443/447/437 444/448/438
f 444/448/438 445/449/439 113/113/112
f 444/448/438 443/447/437 446/450/440
f 446/450/440 447/451/441 444/448/438
f 183/452/183 111/111/110 110/110/109
f 448/453/442 62/61/61 61/60/60
f 449/454/443 450/455/444 192/194/192
f 54/53/53 450/455/444 449/454/443
f 449/454/443 55/54/54 54/53/53
f 452/456/445 190/192/190 451/457/446
f 452/456/445 451/457/446 453/458/447
f 453/458/447 454/459/448 452/456/445
f 455/460/449 456/461/450 457/462/451
f 457/462/451 458/463/452 455/460/449
f 173/175/173 456/461/450 455/460/449
f 455/460/449 174/176/174 173/175/173
f 167/169/167 459/464/453 460/465/454
f 461/466/455 459/464/453 462/467/456
f 462/467/456 463/468/457 461/466/455
f 460/465/454 459/464/453 461/466/455
f 461/466/455 464/469/458 460/465/454
f 181/183/181 465/470/459 466/471/460
f 466/471/460 467/472/461 181/183/181
f 468/473/462 161/162/160 163/164/162
f 468/473/462 163/164/162 170/171/169
f 170/171/169 469/474/463 468/473/462
f 470/475/464 164/476/163 182/184/182
f 182/184/182 185/187/185 470/475/464
f 470/477/464 165/166/164 164/165/163
f 156/156/154 472/478/465 471/479/466
f 471/479/466 157/157/155 156/156/154
f 473/480/467 474/481/468 475/482/469
f 475/482/469 476/483/470 473/480/467
f 159/160/158 474/481/468 473/480/467
f 473/480/467 160/161/159 159/160/158
f 477/484/471 478/485/472 19/19/19
f 19/19/19 22/22/22 477/484/471
f 81/80/80 478/485/472 477/484/471
f 477/484/471 82/81/81 81/80/80
f 479/486/473 480/487/474 481/488/475
f 481/488/475 482/489/476 479/486/473
f 87/86/86 480/487/474 479/486/473
f 479/486/473 88/87/87 87/86/86
f 193/195/193 483/490/477 484/491/478
f 484/491/478 194/196/194 193/195/193
f 485/492/479 483/493/477 486/494/480
f 486/494/480 487/495/481 485/492/479
f 484/491/478 483/490/477 485/496/479
f 485/496/479 488/497/482 484/491/478
f 489/498/483 490/499/484 491/500/485
f 491/500/485 201/205/201 489/498/483
f 492/501/486 490/502/484 493/503/487
f 493/503/487 494/504/488 492/501/486
f 102/101/101 204/208/204 522/505/489
f 495/506/490 496/507/491 207/211/207
f 207/211/207 210/214/210 495/506/490
f 261/259/255 496/507/491 495/506/490
f 495/506/490 259/257/253 261/259/255
f 211/215/211 213/217/213 497/508/492
f 265/263/259 211/215/211 497/508/492
f 497/508/492 266/264/260 265/263/259
f 217/221/217 100/99/99 214/218/214
f 217/221/217 101/100/100 100/99/99
f 498/509/493 134/135/133 218/510/494
f 498/509/493 132/133/131 134/135/133
f 222/223/219 499/511/495 220/224/220
f 83/82/82 499/511/495 222/223/219
f 222/223/219 84/83/83 83/82/82
f 104/103/103 103/102/102 227/512/496
f 229/229/225 231/231/227 500/513/497
f 273/271/267 229/229/225 500/513/497
f 500/513/497 274/272/268 273/271/267
f 501/514/498 502/515/499 232/233/229
f 232/233/229 233/232/228 501/514/498
f 90/89/89 502/515/499 501/514/498
f 501/514/498 91/90/90 90/89/89
f 503/516/500 504/517/501 238/238/234
f 143/144/142 504/517/501 503/516/500
f 505/518/502 506/519/503 507/520/504
f 507/520/504 508/521/505 505/518/502
f 236/236/232 506/519/503 505/518/502
f 505/518/502 237/237/233 236/236/232
f 509/522/506 217/221/217 216/220/216
f 511/523/507 512/524/508 513/525/509
f 513/525/509 514/526/510 511/523/507
f 225/227/223 512/524/508 511/523/507
f 511/523/507 226/228/224 225/227/223
f 516/527/511 517/528/512 515/529/513
f 209/213/209 518/530/514 519/531/515
f 519/531/515 210/214/210 209/213/209
f 519/531/515 518/530/514 520/532/516
f 521/533/517 522/505/489 204/208/204
f 206/210/206 521/533/517 204/208/204
f 523/534/518 524/535/519 233/232/228
f 233/232/228 235/235/231 523/534/518
f 311/309/303 524/535/519 523/534/518
f 523/534/518 203/207/203 311/309/303
f 525/536/520 242/242/238 526/537/521
f 240/240/236 242/242/238 525/536/520
f 525/536/520 238/238/234 240/240/236
f 527/538/522 528/539/523 529/540/524
f 228/541/525 528/539/523 527/538/522
f 527/538/522 227/512/496 228/541/525
f 532/542/526 533/543/527 534/544/528
f 535/545/529 533/543/527 536/546/530
f 221/222/218 224/226/222 537/547/531
f 537/547/531 218/510/494 219/548/532
f 538/549/533 539/550/534 243/243/239
f 243/243/239 245/245/241 538/549/533
f 184/186/184 539/550/534 538/549/533
f 538/549/533 185/187/185 184/186/184
f 248/551/243 136/136/134 133/134/132
f 540/552/535 541/553/536 249/249/245
f 177/179/177 541/553/536 540/552/535
f 254/253/249 542/554/537 252/254/250
f 543/555/538 542/554/537 254/253/249
f 544/556/539 545/557/540 542/554/537
f 546/558/541 145/146/144 255/559/542
f 546/558/541 143/144/142 145/146/144
f 547/560/543 548/561/544 257/255/251
f 257/255/251 260/258/254 547/560/543
f 549/562/545 548/561/544 547/560/543
f 547/560/543 123/124/122 549/562/545
f 550/563/546 551/564/547 263/262/258
f 263/262/258 264/261/257 550/563/546
f 552/565/548 551/564/547 553/566/549
f 553/566/549 765/567/550 552/565/548
f 139/140/138 269/267/263 272/270/266
f 272/270/266 140/141/139 139/140/138
f 277/568/551 142/143/141 141/142/140
f 554/569/552 555/570/553 282/283/277
f 282/283/277 283/419/412 554/569/552
f 152/153/151 555/570/553 554/569/552
f 554/569/552 153/154/152 152/153/151
f 280/278/272 558/571/554 278/279/273
f 275/275/269 558/571/554 280/278/272
f 280/278/272 276/276/270 275/275/269
f 254/253/249 253/252/248 256/572/555
f 559/573/556 281/280/274 250/250/246
f 559/573/556 279/277/271 281/280/274
f 561/574/557 562/575/558 560/576/559
f 251/251/247 561/574/557 560/576/559
f 560/576/559 249/249/245 251/251/247
f 563/577/560 564/578/561 283/419/412
f 267/265/261 564/578/561 563/577/560
f 563/577/560 268/266/262 267/265/261
f 567/579/562 266/580/260 566/581/563
f 568/582/564 248/247/243 247/246/242
f 568/583/564 247/584/242 569/585/565
f 570/586/566 571/587/567 271/269/265
f 271/269/265 274/272/268 570/586/566
f 284/281/275 571/587/567 570/586/566
f 570/586/566 285/282/276 284/281/275
f 572/588/568 573/589/569 574/590/570
f 574/590/570 575/591/571 572/588/568
f 316/314/308 573/589/569 576/592/572
f 576/592/572 320/318/312 316/314/308
f 577/593/573 578/594/574 579/595/575
f 579/595/575 580/596/576 577/593/573
f 579/595/575 578/594/574 338/337/331
f 338/337/331 341/340/334 579/595/575
f 338/337/331 578/594/574 581/597/577
f 581/597/577 44/43/43 338/337/331
f 582/598/578 583/599/579 584/600/580
f 585/601/581 583/602/579 454/459/448
f 454/459/448 586/603/582 585/601/581
f 454/459/448 583/602/579 452/456/445
f 328/327/321 587/604/583 588/605/584
f 588/605/584 331/330/324 328/327/321
f 588/605/584 587/604/583 589/606/585
f 589/606/585 590/607/586 588/605/584
f 591/608/587 587/604/583 592/609/588
f 592/609/588 593/610/589 591/608/587
f 594/611/590 174/176/174 455/460/449
f 595/612/591 375/376/369 594/611/590
f 596/613/592 597/614/593 291/289/283
f 291/289/283 6/6/6 596/613/592
f 291/289/283 597/614/593 477/484/471
f 477/484/471 22/22/22 291/289/283
f 235/444/231 598/615/594 523/616/518
f 523/534/518 598/617/594 599/618/595
f 599/618/595 203/207/203 523/534/518
f 600/619/596 598/615/594 601/620/597
f 601/620/597 602/621/598 600/619/596
f 324/322/316 603/622/599 390/391/384
f 390/391/384 69/68/68 324/322/316
f 603/622/599 97/95/95 390/391/384
f 104/103/103 227/512/496 527/538/522
f 604/623/600 605/624/601 560/576/559
f 560/576/559 562/575/558 604/623/600
f 560/576/559 605/624/601 540/552/535
f 540/552/535 249/249/245 560/576/559
f 606/625/602 109/108/108 468/473/462
f 607/626/603 468/473/462 469/474/463
f 469/474/463 608/627/604 607/626/603
f 379/380/373 609/628/605 418/420/413
f 418/420/413 108/107/107 379/380/373
f 610/629/606 609/628/605 611/630/607
f 611/630/607 612/631/608 610/629/606
f 497/632/492 613/633/609 566/581/563
f 566/581/563 266/580/260 497/632/492
f 566/581/563 613/633/609 614/634/610
f 614/634/610 262/260/256 566/581/563
f 614/634/610 613/633/609 530/635/611
f 530/635/611 531/636/612 614/634/610
f 615/637/613 616/638/614 356/357/350
f 356/357/350 358/359/352 615/637/613
f 356/357/350 616/638/614 422/424/417
f 422/424/417 118/118/117 356/357/350
f 422/424/417 616/638/614 617/639/615
f 268/266/262 563/577/560 509/522/506
f 509/522/506 510/640/616 268/266/262
f 509/522/506 563/577/560 217/221/217
f 438/641/433 618/642/617 556/643/618
f 556/643/618 557/644/619 438/641/433
f 556/643/618 618/642/617 538/549/533
f 538/549/533 245/245/241 556/643/618
f 538/549/533 618/642/617 470/475/464
f 470/475/464 185/187/185 538/549/533
f 470/477/464 618/645/617 165/166/164
f 525/536/520 526/537/521 619/646/620
f 525/536/520 619/646/620 503/516/500
f 503/516/500 238/238/234 525/536/520
f 157/157/155 471/479/466 620/647/621
f 471/479/466 443/447/437 620/647/621
f 437/440/432 621/648/622 280/278/272
f 280/278/272 621/648/622 508/649/505
f 508/649/505 276/276/270 280/278/272
f 508/649/505 621/648/622 505/650/502
f 505/650/502 621/648/622 622/651/623
f 622/651/623 237/652/233 505/650/502
f 622/651/623 621/648/622 473/480/467
f 473/480/467 476/483/470 622/651/623
f 623/653/624 624/654/625 625/655/626
f 807/656/627 624/654/625 626/657/628
f 626/657/628 627/658/629 807/656/627
f 495/506/490 628/659/630 565/660/631
f 565/660/631 259/257/253 495/506/490
f 565/660/631 628/659/630 546/558/541
f 546/558/541 255/559/542 565/660/631
f 628/659/630 143/144/142 546/558/541
f 568/582/564 629/661/632 248/247/243
f 629/662/632 631/663/633 630/664/634
f 248/551/243 629/665/632 136/136/134
f 500/513/497 634/666/635 570/586/566
f 570/586/566 274/272/268 500/513/497
f 570/586/566 634/666/635 285/282/276
f 285/282/276 634/666/635 517/528/512
f 517/528/512 635/667/636 285/282/276
f 517/528/512 634/666/635 515/529/513
f 449/454/443 636/668/637 55/54/54
f 636/668/637 372/373/366 55/54/54
f 638/669/638 639/670/639 456/461/450
f 642/671/640 462/467/456 641/672/641
f 643/673/642 644/674/643 645/675/644
f 790/676/645 644/674/643 646/677/646
f 646/677/646 647/678/647 790/676/645
f 645/679/644 644/680/643 648/681/648
f 648/681/648 180/182/180 645/679/644
f 224/226/222 649/682/649 537/547/531
f 537/547/531 649/682/649 498/509/493
f 498/509/493 218/510/494 537/547/531
f 498/509/493 649/682/649 162/163/161
f 162/163/161 132/133/131 498/509/493
f 162/163/161 649/682/649 163/164/162
f 420/422/415 111/111/110 183/452/183
f 541/553/536 650/683/650 559/573/556
f 650/683/650 279/277/271 559/573/556
f 651/684/651 158/159/157 650/683/650
f 386/387/380 475/482/469 652/685/652
f 386/387/380 652/685/652 383/384/377
f 383/384/377 652/685/652 115/115/114
f 327/325/319 20/20/20 653/686/653
f 654/687/654 96/96/96 327/325/319
f 655/688/655 656/689/656 657/690/657
f 657/690/657 658/691/658 655/688/655
f 657/690/657 656/689/656 659/692/659
f 659/692/659 660/693/660 657/690/657
f 661/694/661 662/695/662 506/519/503
f 506/519/503 663/696/663 661/694/661
f 662/695/662 507/520/504 506/519/503
f 664/697/664 216/220/216 398/399/392
f 665/698/665 666/699/666 664/697/664
f 667/700/667 668/701/668 512/702/508
f 512/702/508 668/701/668 669/703/669
f 669/703/669 513/704/509 512/702/508
f 669/703/669 668/701/668 297/295/289
f 297/295/289 299/297/291 669/703/669
f 670/705/670 516/527/511 409/409/402
f 671/706/671 397/398/391 393/394/387
f 672/707/672 671/706/671 673/708/673
f 673/708/673 674/709/674 672/707/672
f 675/710/675 206/210/206 332/331/325
f 399/400/393 675/710/675 676/711/676
f 309/307/301 677/712/677 524/535/519
f 524/535/519 311/309/303 309/307/301
f 524/535/519 677/712/677 501/514/498
f 501/514/498 233/232/228 524/535/519
f 501/514/498 677/712/677 678/713/678
f 678/713/678 91/90/90 501/514/498
f 679/714/679 680/715/680 404/405/398
f 404/405/398 79/78/78 679/714/679
f 414/414/407 680/715/680 681/716/681
f 408/408/401 682/717/682 528/539/523
f 682/717/682 529/540/524 528/539/523
f 479/486/473 482/489/476 682/717/682
f 400/718/394 683/719/683 684/720/684
f 684/720/684 403/721/397 400/718/394
f 684/720/684 683/719/683 685/722/685
f 685/722/685 686/723/686 684/720/684
f 685/722/685 683/719/683 388/389/382
f 388/389/382 66/65/65 685/722/685
f 687/724/687 688/725/688 689/726/689
f 689/726/689 296/294/288 687/724/687
f 533/543/527 688/725/688 690/727/690
f 690/727/690 691/728/691 533/543/527
f 692/729/692 407/730/693 406/407/400
f 277/568/551 278/279/273 695/731/694
f 428/431/423 359/360/353 696/732/695
f 281/280/274 697/733/696 353/355/348
f 353/355/348 250/250/246 281/280/274
f 353/355/348 697/733/696 352/354/347
f 336/335/329 251/251/247 40/39/39
f 336/335/329 33/33/33 698/734/697
f 699/735/698 700/736/699 564/578/561
f 564/578/561 267/265/261 699/735/698
f 564/578/561 700/736/699 554/569/552
f 554/569/552 283/419/412 564/578/561
f 700/736/699 153/154/152 554/569/552
f 547/560/543 260/258/254 701/737/700
f 703/738/701 704/739/702 702/740/703
f 705/741/704 567/579/562 703/738/701
f 706/742/705 703/738/701 707/743/706
f 711/744/707 284/281/275 710/745/708
f 272/270/266 711/744/707 435/438/430
f 435/438/430 140/141/139 272/270/266
f 712/746/709 128/129/127 424/426/419
f 424/426/419 422/424/417 712/746/709
f 712/746/709 126/127/125 128/129/127
f 130/131/129 552/565/548 765/567/550
f 765/567/550 131/132/130 130/131/129
f 705/747/704 550/563/546 264/261/257
f 264/261/257 567/748/562 705/747/704
f 425/429/421 426/428/420 713/749/710
f 707/743/706 425/429/421 713/749/710
f 714/750/711 715/751/712 716/752/713
f 520/532/516 718/753/714 717/754/715
f 717/754/715 519/531/515 520/532/516
f 681/716/681 241/241/237 414/414/407
f 681/716/681 242/242/238 241/241/237
f 719/755/716 209/213/209 397/398/391
f 671/706/671 719/755/716 397/398/391
f 777/756/717 673/708/673 416/416/409
f 416/416/409 417/418/411 777/756/717
f 777/756/717 674/709/674 673/708/673
f 721/757/718 722/758/719 720/759/720
f 178/180/178 179/181/179 723/760/721
f 443/447/437 178/180/178 723/760/721
f 723/760/721 446/450/440 443/447/437
f 465/470/459 175/177/175 177/179/177
f 177/179/177 466/471/460 465/470/459
f 447/451/441 646/677/646 444/448/438
f 447/451/441 647/678/647 646/677/646
f 724/761/722 725/762/723 726/763/724
f 432/435/427 434/437/429 727/764/725
f 147/148/146 432/435/427 727/764/725
f 727/764/725 148/149/147 147/148/146
f 543/555/538 254/253/249 145/146/144
f 144/145/143 543/555/538 145/146/144
f 728/765/726 629/662/632 542/554/537
f 542/554/537 545/557/540 728/765/726
f 728/765/726 631/663/633 629/662/632
f 730/766/727 729/767/728 731/768/729
f 731/768/729 729/767/728 732/769/730
f 733/770/731 367/368/361 46/44/44
f 46/44/44 51/50/50 733/770/731
f 733/770/731 368/369/362 367/368/361
f 803/771/732 49/48/48 348/349/342
f 348/349/342 349/351/344 803/771/732
f 803/771/732 50/49/49 49/48/48
f 734/772/733 625/655/626 346/346/339
f 346/346/339 36/348/341 734/772/733
f 734/772/733 623/653/624 625/655/626
f 364/365/358 369/370/363 806/773/734
f 626/657/628 364/365/358 806/773/734
f 806/773/734 627/658/629 626/657/628
f 375/774/369 56/55/55 58/57/57
f 58/57/57 376/775/370 375/774/369
f 737/776/735 52/51/51 611/630/607
f 380/381/374 737/776/735 611/630/607
f 611/630/607 379/380/373 380/381/374
f 109/108/108 606/625/602 738/777/736
f 608/627/604 469/474/463 172/174/172
f 172/174/172 377/378/371 608/627/604
f 188/190/188 189/191/189 463/468/457
f 462/467/456 188/190/188 463/468/457
f 492/501/486 494/504/488 820/778/737
f 190/192/190 492/501/486 820/778/737
f 820/778/737 191/193/191 190/192/190
f 489/498/483 201/205/201 203/207/203
f 599/618/595 489/498/483 203/207/203
f 601/620/597 460/465/454 464/469/458
f 464/469/458 602/621/598 601/620/597
f 23/23/23 25/25/25 824/779/738
f 320/318/312 23/23/23 824/779/738
f 824/779/738 321/319/313 320/318/312
f 18/18/18 825/780/739 15/15/15
f 325/323/317 825/780/739 18/18/18
f 18/18/18 326/324/318 325/323/317
f 743/781/740 744/782/741 745/783/742
f 745/783/742 746/784/743 743/781/740
f 589/606/585 744/782/741 743/781/740
f 743/781/740 590/607/586 589/606/585
f 317/315/309 322/320/314 829/785/744
f 592/609/588 317/315/309 829/785/744
f 829/785/744 593/610/589 592/609/588
f 837/786/745 486/494/480 199/201/199
f 199/201/199 200/204/200 837/786/745
f 837/786/745 487/495/481 486/494/480
f 535/545/529 536/546/530 198/200/198
f 197/199/197 535/545/529 198/200/198
f 491/500/485 584/600/580 532/542/526
f 491/500/485 582/598/578 584/600/580
f 454/459/448 484/491/478 488/497/482
f 488/497/482 586/603/582 454/459/448
f 749/787/746 750/788/747 751/789/748
f 845/790/749 306/304/298 13/13/13
f 13/13/13 14/14/14 845/790/749
f 845/790/749 307/305/299 306/304/298
f 752/791/750 753/792/751 286/284/278
f 286/284/278 4/4/4 752/791/750
f 752/791/750 754/793/752 753/792/751
f 303/301/295 308/306/300 850/794/753
f 574/590/570 303/301/295 850/794/753
f 850/794/753 575/591/571 574/590/570
f 292/290/284 752/791/750 3/3/3
f 3/3/3 6/6/6 292/290/284
f 752/791/750 4/4/4 3/3/3
f 303/301/295 574/590/570 304/302/296
f 354/356/349 44/43/43 581/597/577
f 581/597/577 355/795/754 354/356/349
f 491/500/485 532/542/526 201/205/201
f 63/62/62 66/65/65 389/390/383
f 63/62/62 389/390/383 743/781/740
f 743/781/740 746/784/743 63/62/62
f 757/326/320 97/95/95 603/622/599
f 170/171/169 169/170/168 469/474/463
f 370/371/364 612/631/608 611/630/607
f 611/630/607 52/51/51 370/371/364
f 712/746/709 422/424/417 617/639/615
f 351/353/346 734/772/733 37/37/37
f 37/37/37 353/355/348 351/353/346
f 734/772/733 36/348/341 37/37/37
f 150/151/149 365/366/359 436/439/431
f 436/439/431 154/155/153 150/151/149
f 365/366/359 758/796/755 436/439/431
f 145/146/144 254/253/249 256/572/555
f 504/517/501 143/144/142 628/659/630
f 47/45/45 632/797/756 633/798/757
f 514/526/510 640/799/758 639/670/639
f 445/449/439 643/673/642 116/116/115
f 180/182/180 183/185/183 110/800/109
f 759/801/759 660/693/660 659/692/659
f 397/398/391 209/213/209 208/212/208
f 392/393/386 97/95/95 93/92/92
f 760/802/760 761/803/761 392/393/386
f 293/291/285 296/294/288 689/726/689
f 690/727/690 7/7/7 691/728/691
f 762/804/762 153/154/152 700/736/699
f 264/261/257 266/264/260 567/748/562
f 549/562/545 123/124/122 122/123/121
f 769/805/763 129/130/128 131/132/130
f 764/806/764 129/130/128 769/805/763
f 553/566/549 766/807/765 765/567/550
f 417/418/411 778/808/766 777/756/717
f 781/809/767 782/810/768 783/811/769
f 774/812/770 782/810/768 781/809/767
f 784/417/410 778/808/766 417/418/411
f 866/813/771 672/707/672 674/709/674
f 674/709/674 867/814/772 866/813/771
f 776/815/773 672/707/672 866/813/771
f 179/181/179 724/816/722 723/760/721
f 790/817/645 791/818/774 789/819/775
f 869/820/776 792/821/777 789/819/775
f 787/822/778 792/821/777 869/820/776
f 793/823/779 179/181/179 786/824/780
f 793/823/779 724/816/722 179/181/179
f 791/825/774 790/676/645 647/678/647
f 447/451/441 446/450/440 794/826/781
f 794/826/781 788/827/782 447/451/441
f 434/437/429 795/828/783 727/764/725
f 433/436/428 795/828/783 434/437/429
f 630/829/634 799/830/784 798/831/785
f 148/149/147 802/832/786 146/147/145
f 878/833/787 366/367/360 368/369/362
f 369/370/363 366/367/360 878/833/787
f 808/834/788 48/47/47 50/49/49
f 51/50/50 48/47/47 808/834/788
f 880/835/789 816/836/790 817/837/791
f 813/838/792 816/839/790 880/840/789
f 882/841/793 374/375/368 376/377/370
f 377/378/371 374/375/368 882/841/793
f 607/626/603 815/842/794 814/843/795
f 57/56/56 811/844/796 58/57/57
f 189/191/189 819/845/797 463/468/457
f 463/468/457 742/846/798 461/466/455
f 325/323/317 826/847/799 825/780/739
f 830/848/800 24/24/24 831/849/801
f 25/25/25 24/24/24 830/848/800
f 832/850/802 833/851/803 834/852/804
f 325/323/317 833/851/803 832/850/802
f 832/850/802 826/847/799 325/323/317
f 835/853/805 319/317/311 321/319/313
f 322/320/314 319/317/311 835/853/805
f 836/854/806 591/608/587 593/610/589
f 828/855/807 591/608/587 836/854/806
f 200/204/200 838/856/808 837/786/745
f 195/203/195 838/856/808 200/204/200
f 288/286/280 847/857/809 846/858/810
f 851/859/811 305/303/297 307/305/299
f 308/306/300 305/303/297 851/859/811
f 852/860/812 11/11/11 12/12/12
f 12/12/12 853/861/813 852/860/812
f 14/14/14 11/11/11 852/860/812
f 854/862/814 289/287/281 855/863/815
f 288/286/280 289/287/281 854/862/814
f 854/862/814 847/857/809 288/286/280
f 856/864/816 572/588/568 575/591/571
f 849/865/817 572/588/568 856/864/816
f 715/751/712 858/866/818 766/867/765
f 857/868/819 769/805/763 858/866/818
f 858/866/818 714/750/711 857/868/819
f 720/759/720 862/869/820 863/870/821
f 864/871/822 722/758/719 721/757/718
f 720/759/720 865/872/823 866/813/771
f 866/813/771 867/814/772 720/759/720
f 868/873/824 721/757/718 778/808/766
f 864/871/822 781/809/767 722/758/719
f 865/872/823 720/759/720 863/870/821
f 788/827/782 794/826/781 726/874/724
f 725/762/723 791/818/774 788/875/782
f 729/767/728 802/832/786 795/828/783
f 736/876/825 877/877/826 878/833/787
f 735/878/827 808/834/788 874/879/828
f 872/880/829 736/876/825 878/833/787
f 740/881/830 881/882/831 815/842/794
f 881/882/831 740/881/830 880/835/789
f 742/883/798 889/884/832 890/885/833
f 892/886/834 893/887/835 826/847/799
f 748/888/836 835/853/805 897/889/837
f 826/847/799 832/850/802 895/890/838
f 895/890/838 892/886/834 826/847/799
f 894/891/839 836/854/806 896/892/840
f 891/893/841 830/848/800 893/887/835
f 893/887/835 747/894/842 891/893/841
f 903/895/843 904/896/844 847/857/809
f 905/897/845 906/898/846 907/899/847
f 847/857/809 854/862/814 906/898/846
f 906/898/846 903/895/843 847/857/809
f 755/900/848 852/860/812 853/861/813
f 908/901/849 851/859/811 902/902/850
f 902/902/850 756/903/851 908/901/849
f 907/899/847 856/864/816 905/897/845
f 2/2/2 1/1/1 296/294/288
f 296/294/288 295/293/287 2/2/2
f 2/2/2 295/293/287 299/297/291
f 299/297/291 5/5/5 2/2/2
f 8/8/8 13/13/13 314/312/306
f 314/312/306 9/9/9 8/8/8
f 7/7/7 12/12/12 8/8/8
f 16/16/16 23/23/23 909/904/852
f 909/904/852 21/21/21 16/16/16
f 16/16/16 15/15/15 831/849/801
f 831/849/801 24/24/24 16/16/16
f 27/27/27 26/26/26 335/334/328
f 335/334/328 334/333/327 27/27/27
f 27/27/27 334/333/327 482/489/476
f 482/489/476 481/488/475 27/27/27
f 31/31/31 30/30/30 341/340/334
f 341/340/334 340/339/333 31/31/31
f 31/31/31 340/339/333 345/344/337
f 345/344/337 34/34/34 31/31/31
f 37/37/37 36/348/341 580/596/576
f 580/596/576 39/38/38 37/37/37
f 37/37/37 38/36/36 353/355/348
f 42/41/41 41/40/40 358/359/352
f 358/359/352 357/358/351 42/41/41
f 42/905/41 357/906/351 361/362/355
f 42/905/41 361/362/355 709/907/853
f 709/907/853 43/908/42 42/905/41
f 46/44/44 45/46/46 910/909/854
f 910/909/854 355/795/754 46/44/44
f 52/51/51 737/776/735 53/52/52
f 53/52/52 56/55/55 54/53/53
f 53/52/52 737/776/735 818/910/855
f 818/910/855 57/56/56 53/52/52
f 60/59/59 59/58/58 386/387/380
f 386/387/380 385/386/379 60/59/59
f 60/59/59 385/386/379 612/631/608
f 612/631/608 371/372/365 60/59/59
f 64/63/63 63/62/62 746/784/743
f 746/784/743 68/67/67 64/63/63
f 64/63/63 67/66/66 395/396/389
f 395/396/389 65/64/64 64/63/63
f 71/70/70 70/69/69 676/711/676
f 676/711/676 330/329/323 71/70/70
f 77/76/76 76/75/75 911/911/856
f 911/911/856 81/80/80 77/76/76
f 86/85/85 85/84/84 412/412/405
f 412/412/405 411/411/404 86/85/85
f 86/85/85 411/912/404 912/913/857
f 912/913/857 90/89/89 86/85/85
f 93/92/92 92/91/91 760/802/760
f 99/98/98 98/97/97 635/667/636
f 635/667/636 103/102/102 99/98/98
f 106/105/105 105/104/104 645/675/644
f 645/675/644 110/914/109 106/105/105
f 106/109/105 109/108/108 738/777/736
f 738/777/736 107/915/106 106/109/105
f 113/113/112 112/112/111 620/647/621
f 119/122/118 118/916/117 913/917/858
f 913/917/858 122/123/121 119/122/118
f 119/122/118 121/121/120 696/732/695
f 696/732/695 120/918/119 119/122/118
f 125/126/124 124/125/123 130/131/129
f 135/137/135 134/135/133 133/134/132
f 138/139/137 137/138/136 914/919/859
f 914/919/859 350/352/345 138/139/137
f 166/168/166 440/167/165 476/483/470
f 476/483/470 475/482/469 166/168/166
f 167/169/167 441/445/435 440/167/165
f 638/669/638 173/175/173 168/172/170
f 176/178/176 178/180/178 471/479/466
f 471/479/466 472/478/465 176/178/176
f 187/189/187 186/188/186 637/920/860
f 637/920/860 451/457/446 187/189/187
f 193/921/193 192/922/192 458/463/452
f 458/463/452 457/462/451 193/921/193
f 193/921/193 457/462/451 915/923/861
f 176/178/176 175/177/175 916/924/862
f 916/924/862 179/181/179 176/178/176
f 172/174/172 469/474/463 169/170/168
f 176/178/176 472/478/465 651/684/651
f 651/684/651 177/179/177 176/178/176
f 475/482/469 382/383/376 166/168/166
f 27/27/27 481/488/475 658/691/658
f 658/691/658 301/299/293 27/27/27
f 196/202/196 199/201/199 514/526/510
f 514/526/510 513/525/509 196/202/196
f 202/206/202 201/205/201 532/542/526
f 532/542/526 534/544/528 202/206/202
f 205/209/205 204/208/204 527/538/522
f 527/538/522 529/540/524 205/209/205
f 208/212/208 207/211/207 531/636/612
f 212/216/212 211/215/211 510/640/616
f 215/219/215 214/218/214 522/505/489
f 522/505/489 521/533/517 215/219/215
f 219/548/532 218/510/494 526/537/521
f 667/700/667 225/925/223 220/926/220
f 228/541/525 227/512/496 517/528/512
f 517/528/512 516/527/511 228/541/525
f 230/927/226 229/928/225 508/521/505
f 508/521/505 507/520/504 230/927/226
f 663/696/663 236/236/232 232/233/229
f 239/239/235 238/238/234 717/754/715
f 717/754/715 718/753/714 239/239/235
f 212/216/212 510/640/616 666/699/666
f 666/699/666 402/403/396 212/216/212
f 516/527/511 408/408/401 228/541/525
f 239/239/235 718/753/714 917/929/863
f 917/929/863 782/810/768 239/239/235
f 215/219/215 521/533/517 399/400/393
f 219/548/532 526/537/521 918/930/864
f 918/930/864 407/730/693 219/548/532
f 529/540/524 333/332/326 205/209/205
f 208/212/208 531/636/612 686/723/686
f 202/206/202 534/544/528 691/728/691
f 691/728/691 310/308/302 202/206/202
f 244/244/240 243/243/239 562/575/558
f 562/575/558 561/574/557 244/244/240
f 250/250/246 249/249/245 559/573/556
f 252/254/250 569/585/565 253/252/248
f 258/256/252 257/255/251 704/739/702
f 704/739/702 262/260/256 258/256/252
f 270/274/264 269/931/263 694/932/865
f 694/932/865 275/275/269 270/274/264
f 278/279/273 277/568/551 281/280/274
f 246/248/244 557/644/619 693/933/866
f 693/933/866 344/345/338 246/248/244
f 244/244/240 561/574/557 698/734/697
f 698/734/697 343/343/336 244/244/240
f 569/585/565 360/361/354 253/252/248
f 252/254/250 568/583/564 569/585/565
f 287/285/279 288/286/280 687/724/687
f 290/288/282 21/21/21 909/904/852
f 909/904/852 919/934/867 290/288/282
f 294/292/286 196/198/196 513/704/509
f 513/704/509 669/703/669 294/292/286
f 298/296/290 80/79/79 82/81/81
f 82/81/81 596/613/592 298/296/290
f 77/76/76 80/79/79 300/298/292
f 300/298/292 83/935/82 77/76/76
f 302/300/294 301/299/293 658/691/658
f 658/691/658 657/690/657 302/300/294
f 27/27/27 301/299/293 304/302/296
f 202/206/202 310/308/302 311/309/303
f 86/85/85 89/88/88 315/313/307
f 315/313/307 87/86/86 86/85/85
f 313/311/305 89/88/88 91/90/90
f 91/90/90 678/713/678 313/311/305
f 316/314/308 304/302/296 574/590/570
f 323/321/315 68/67/67 746/784/743
f 746/784/743 745/783/742 323/321/315
f 757/326/320 96/96/96 97/95/95
f 96/96/96 94/93/93 93/92/92
f 71/70/70 330/329/323 331/330/324
f 331/330/324 74/73/73 71/70/70
f 329/328/322 330/329/323 676/711/676
f 205/209/205 333/332/326 206/210/206
f 529/540/524 682/717/682 333/332/326
f 337/336/330 39/38/38 580/596/576
f 580/596/576 579/595/575 337/336/330
f 339/936/332 43/908/42 709/907/853
f 244/244/240 343/343/336 342/342/335
f 342/342/335 245/245/241 244/244/240
f 344/345/338 247/246/242 246/248/244
f 347/347/340 348/349/342 577/593/573
f 250/250/246 353/355/348 38/36/36
f 250/250/246 38/36/36 251/251/247
f 351/353/346 350/352/345 914/919/859
f 914/919/859 623/653/624 351/353/346
f 138/139/137 350/352/345 352/354/347
f 352/354/347 141/142/140 138/139/137
f 355/795/754 49/48/48 46/44/44
f 354/356/349 355/795/754 910/909/854
f 910/909/854 615/637/613 354/356/349
f 253/252/248 360/361/354 359/360/353
f 569/585/565 708/937/868 360/361/354
f 126/127/125 712/746/709 362/363/356
f 149/150/148 632/797/756 363/364/357
f 150/151/149 149/150/148 365/366/359
f 370/371/364 371/372/365 612/631/608
f 60/59/59 371/372/365 372/373/366
f 372/373/366 61/60/60 60/59/59
f 373/374/367 171/173/171 174/176/174
f 174/176/174 594/611/590 373/374/367
f 378/938/372 107/915/106 738/777/736
f 166/168/166 382/383/376 381/382/375
f 381/382/375 167/169/167 166/168/166
f 475/482/469 386/387/380 382/383/376
f 384/385/378 114/114/113 117/117/116
f 117/117/116 610/629/606 384/385/378
f 387/388/381 74/73/73 331/330/324
f 331/330/324 588/605/584 387/388/381
f 391/392/385 392/393/386 761/803/761
f 394/395/388 396/397/390 686/723/686
f 686/723/686 685/722/685 394/395/388
f 215/219/215 399/400/393 216/220/216
f 401/402/395 402/403/396 666/699/666
f 666/699/666 665/698/665 401/402/395
f 212/216/212 402/403/396 403/404/397
f 403/404/397 213/217/213 212/216/212
f 405/406/399 94/93/93 96/96/96
f 96/96/96 654/687/654 405/406/399
f 406/407/400 407/730/693 918/930/864
f 918/930/864 679/714/679 406/407/400
f 516/527/511 670/705/670 408/408/401
f 410/939/403 230/927/226 507/520/504
f 507/520/504 662/695/662 410/939/403
f 413/413/406 231/231/227 230/230/226
f 415/415/408 414/414/407 785/940/869
f 785/940/869 784/417/410 415/415/408
f 419/421/414 116/116/115 643/673/642
f 162/163/161 161/162/160 164/165/163
f 112/112/111 155/158/156 157/157/155
f 156/156/154 155/158/156 421/423/416
f 421/423/416 159/160/158 156/156/154
f 256/572/555 428/431/423 427/430/422
f 427/430/422 255/559/542 256/572/555
f 430/433/425 151/152/150 153/154/152
f 153/154/152 762/804/762 430/433/425
f 431/434/426 432/435/427 920/941/870
f 279/277/271 650/683/650 437/440/432
f 133/134/132 132/133/131 438/441/433
f 439/443/434 234/442/230 237/652/233
f 237/652/233 622/651/623 439/443/434
f 442/446/436 223/225/221 226/228/224
f 226/228/224 638/669/638 442/446/436
f 443/447/437 113/113/112 620/647/621
f 445/449/439 116/116/115 113/113/112
f 448/453/442 61/60/60 372/373/366
f 372/373/366 636/668/637 448/453/442
f 187/189/187 451/457/446 190/192/190
f 456/461/450 173/175/173 638/669/638
f 459/464/453 167/169/167 381/382/375
f 381/382/375 641/672/641 459/464/453
f 467/472/461 184/186/184 181/183/181
f 465/470/459 181/183/181 180/182/180
f 180/182/180 648/681/648 465/470/459
f 472/478/465 156/156/154 158/159/157
f 158/159/157 651/684/651 472/478/465
f 474/481/468 159/160/158 421/423/416
f 421/423/416 652/685/652 474/481/468
f 478/485/472 81/80/80 911/911/856
f 911/911/856 653/686/653 478/485/472
f 480/487/474 87/86/86 315/313/307
f 315/313/307 655/688/655 480/487/474
f 483/493/477 193/921/193 915/923/861
f 915/923/861 640/799/758 483/493/477
f 490/502/484 492/501/486 582/942/578
f 99/98/98 102/101/101 522/505/489
f 522/505/489 100/99/99 99/98/98
f 204/208/204 102/101/101 104/103/103
f 496/507/491 261/259/255 262/260/256
f 262/260/256 614/634/610 496/507/491
f 211/215/211 265/263/259 268/266/262
f 135/137/135 619/646/620 134/135/133
f 499/943/495 83/935/82 300/298/292
f 300/298/292 667/700/667 499/943/495
f 635/667/636 517/528/512 103/102/102
f 229/944/225 273/273/267 276/276/270
f 276/276/270 508/649/505 229/944/225
f 502/515/499 90/89/89 912/913/857
f 912/913/857 661/694/661 502/515/499
f 143/144/142 147/148/146 144/145/143
f 506/519/503 236/236/232 663/696/663
f 216/220/216 664/697/664 509/522/506
f 512/702/508 225/925/223 667/700/667
f 515/529/513 231/231/227 413/413/406
f 413/413/406 409/409/402 515/529/513
f 209/213/209 719/755/716 518/530/514
f 206/210/206 675/710/675 521/533/517
f 202/206/202 311/309/303 203/207/203
f 528/539/523 228/541/525 408/408/401
f 530/635/611 213/945/213 403/721/397
f 403/721/397 684/720/684 530/635/611
f 533/543/527 535/545/529 689/726/689
f 537/547/531 219/548/532 407/730/693
f 407/730/693 692/729/692 537/547/531
f 539/550/534 184/186/184 467/472/461
f 467/472/461 604/623/600 539/550/534
f 248/551/243 133/134/132 438/441/433
f 541/553/536 177/179/177 651/684/651
f 542/554/537 543/555/538 800/946/871
f 800/946/871 544/556/539 542/554/537
f 548/561/544 549/562/545 702/740/703
f 551/564/547 552/565/548 699/735/698
f 269/931/263 139/140/138 142/143/141
f 142/143/141 694/932/865 269/931/263
f 277/568/551 141/142/140 352/354/347
f 352/354/347 697/733/696 277/568/551
f 555/570/553 152/153/151 154/155/153
f 154/155/153 710/745/708 555/570/553
f 556/643/618 245/245/241 342/342/335
f 342/342/335 693/933/866 556/643/618
f 558/571/554 275/275/269 694/932/865
f 694/932/865 695/731/694 558/571/554
f 251/251/247 336/335/329 561/574/557
f 565/660/631 255/559/542 427/430/422
f 427/430/422 701/737/700 565/660/631
f 566/581/563 262/260/256 704/739/702
f 704/739/702 703/738/701 566/581/563
f 344/345/338 708/947/868 247/246/242
f 284/281/275 711/744/707 571/587/567
f 290/288/282 919/934/867 754/793/752
f 754/793/752 292/290/284 290/288/282
f 576/592/572 919/934/867 909/904/852
f 287/285/279 286/284/278 855/863/815
f 855/863/815 289/287/281 287/285/279
f 573/589/569 316/314/308 574/590/570
f 347/347/340 577/593/573 580/596/576
f 580/596/576 36/348/341 347/347/340
f 577/593/573 581/597/577 578/594/574
f 337/336/330 579/595/575 341/340/334
f 341/340/334 30/30/30 337/336/330
f 582/598/578 491/500/485 490/499/484
f 582/942/578 452/456/445 583/602/579
f 533/543/527 532/542/526 844/948/872
f 844/948/872 536/546/530 533/543/527
f 323/321/315 745/783/742 834/852/804
f 834/852/804 833/851/803 323/321/315
f 587/604/583 328/327/321 29/29/29
f 29/29/29 592/609/588 587/604/583
f 387/388/381 588/605/584 590/607/586
f 590/607/586 389/390/383 387/388/381
f 594/611/590 455/460/449 458/463/452
f 458/463/452 595/612/591 594/611/590
f 373/374/367 594/611/590 375/376/369
f 458/949/452 192/194/192 450/455/444
f 595/950/591 450/455/444 54/53/53
f 298/296/290 596/613/592 6/6/6
f 6/6/6 5/5/5 298/296/290
f 597/614/593 596/613/592 82/81/81
f 82/81/81 477/484/471 597/614/593
f 598/615/594 235/444/231 441/445/435
f 441/445/435 601/620/597 598/615/594
f 490/499/484 489/498/483 823/951/873
f 823/951/873 493/952/487 490/499/484
f 18/18/18 17/17/17 757/326/320
f 603/622/599 324/322/316 326/324/318
f 522/505/489 214/218/214 100/99/99
f 204/208/204 104/103/103 527/538/522
f 539/550/534 604/623/600 562/575/558
f 562/575/558 243/243/239 539/550/534
f 605/624/601 604/623/600 467/472/461
f 467/472/461 466/471/460 605/624/601
f 466/471/460 540/552/535 605/624/601
f 378/938/372 738/777/736 817/837/791
f 817/837/791 816/836/790 378/938/372
f 161/162/160 468/473/462 109/108/108
f 384/385/378 610/629/606 612/631/608
f 612/631/608 385/386/379 384/385/378
f 609/628/605 610/629/606 117/117/116
f 117/117/116 418/420/413 609/628/605
f 379/380/373 611/630/607 609/628/605
f 613/633/609 497/632/492 213/945/213
f 213/945/213 530/635/611 613/633/609
f 496/507/491 614/634/610 531/636/612
f 531/636/612 207/211/207 496/507/491
f 362/363/356 712/746/709 910/909/854
f 910/909/854 45/46/46 362/363/356
f 616/638/614 615/637/613 910/909/854
f 910/909/854 617/639/615 616/638/614
f 354/356/349 615/637/613 358/359/352
f 358/359/352 41/40/40 354/356/349
f 563/577/560 283/419/412 101/100/100
f 101/100/100 217/221/217 563/577/560
f 211/215/211 268/266/262 510/640/616
f 248/247/243 438/641/433 557/644/619
f 557/644/619 246/248/244 248/247/243
f 438/441/433 165/166/164 618/645/617
f 134/135/133 619/646/620 526/537/521
f 526/537/521 218/510/494 134/135/133
f 135/137/135 920/941/870 619/646/620
f 431/434/426 920/941/870 135/137/135
f 920/941/870 503/516/500 619/646/620
f 112/112/111 157/157/155 620/647/621
f 621/648/622 437/440/432 160/161/159
f 160/161/159 473/480/467 621/648/622
f 439/443/434 622/651/623 476/483/470
f 476/483/470 440/167/165 439/443/434
f 624/654/625 623/653/624 914/919/859
f 914/919/859 758/796/755 624/654/625
f 347/347/340 346/346/339 810/953/874
f 810/953/874 809/350/343 347/347/340
f 758/796/755 626/657/628 624/654/625
f 436/439/431 758/796/755 914/919/859
f 914/919/859 137/138/136 436/439/431
f 256/572/555 255/559/542 145/146/144
f 628/659/630 495/506/490 210/214/210
f 210/214/210 519/531/515 628/659/630
f 717/754/715 238/238/234 504/517/501
f 431/434/426 136/136/134 801/954/875
f 801/954/875 433/436/428 431/434/426
f 632/797/756 367/368/361 363/364/357
f 633/798/757 632/797/756 149/150/148
f 149/150/148 429/432/424 633/798/757
f 633/798/757 429/432/424 127/128/126
f 634/666/635 500/513/497 231/231/227
f 231/231/227 515/529/513 634/666/635
f 282/283/277 285/282/276 635/667/636
f 635/667/636 98/97/97 282/283/277
f 517/528/512 227/512/496 103/102/102
f 636/668/637 449/454/443 192/194/192
f 192/194/192 637/920/860 636/668/637
f 448/453/442 636/668/637 637/920/860
f 637/920/860 186/188/186 448/453/442
f 451/457/446 637/920/860 192/194/192
f 192/194/192 453/458/447 451/457/446
f 640/799/758 486/494/480 483/493/477
f 639/670/639 640/799/758 915/923/861
f 915/923/861 456/461/450 639/670/639
f 639/670/639 638/669/638 226/228/224
f 638/669/638 168/172/170 442/446/436
f 915/923/861 457/462/451 456/461/450
f 642/671/640 448/453/442 186/188/186
f 641/672/641 381/382/375 62/61/61
f 62/61/61 642/671/640 641/672/641
f 459/464/453 641/672/641 462/467/456
f 643/673/642 646/677/646 644/674/643
f 419/421/414 643/673/642 645/675/644
f 645/675/644 105/104/104 419/421/414
f 110/800/109 645/679/644 180/182/180
f 465/470/459 648/681/648 789/819/775
f 789/819/775 792/821/777 465/470/459
f 649/682/649 224/226/222 170/171/169
f 170/171/169 163/164/162 649/682/649
f 164/476/163 420/955/415 183/185/183
f 183/185/183 182/184/182 164/476/163
f 559/573/556 249/249/245 541/553/536
f 650/683/650 541/553/536 651/684/651
f 437/440/432 650/683/650 158/159/157
f 474/481/468 652/685/652 475/482/469
f 421/423/416 115/115/114 652/685/652
f 386/387/380 59/58/58 382/383/376
f 478/485/472 653/686/653 20/20/20
f 20/20/20 19/19/19 478/485/472
f 327/325/319 653/686/653 911/911/856
f 911/911/856 654/687/654 327/325/319
f 405/406/399 654/687/654 911/911/856
f 911/911/856 76/75/75 405/406/399
f 480/487/474 655/688/655 658/691/658
f 658/691/658 481/488/475 480/487/474
f 656/689/656 655/688/655 315/313/307
f 315/313/307 659/692/659 656/689/656
f 302/300/294 657/690/657 660/693/660
f 660/693/660 306/304/298 302/300/294
f 759/801/759 312/310/304 314/312/306
f 502/515/499 661/694/661 663/696/663
f 663/696/663 232/233/229 502/515/499
f 662/695/662 661/694/661 912/913/857
f 410/939/403 662/695/662 912/913/857
f 912/913/857 411/912/404 410/939/403
f 664/697/664 398/399/392 73/72/72
f 73/72/72 665/698/665 664/697/664
f 509/522/506 664/697/664 666/699/666
f 666/699/666 510/640/616 509/522/506
f 401/402/395 665/698/665 73/72/72
f 73/72/72 72/71/71 401/402/395
f 667/700/667 220/926/220 499/943/495
f 668/701/668 667/700/667 300/298/292
f 300/298/292 297/295/289 668/701/668
f 294/292/286 669/703/669 299/297/291
f 299/297/291 295/293/287 294/292/286
f 412/412/405 670/705/670 409/409/402
f 515/529/513 409/409/402 516/527/511
f 408/408/401 670/705/670 412/412/405
f 412/412/405 85/84/84 408/408/401
f 671/706/671 393/394/387 395/396/389
f 395/396/389 761/803/761 671/706/671
f 518/530/514 719/755/716 780/956/876
f 780/956/876 779/957/877 518/530/514
f 415/415/408 416/416/409 760/802/760
f 760/802/760 92/91/91 415/415/408
f 761/803/761 673/708/673 671/706/671
f 391/392/385 761/803/761 395/396/389
f 395/396/389 67/66/66 391/392/385
f 675/710/675 332/331/325 335/334/328
f 335/334/328 676/711/676 675/710/675
f 521/533/517 675/710/675 399/400/393
f 676/711/676 70/69/69 399/400/393
f 329/328/322 676/711/676 335/334/328
f 335/334/328 26/26/26 329/328/322
f 677/712/677 309/307/301 10/10/10
f 10/10/10 678/713/678 677/712/677
f 313/311/305 678/713/678 10/10/10
f 10/10/10 9/9/9 313/311/305
f 680/715/680 414/414/407 95/94/94
f 95/94/94 404/405/398 680/715/680
f 918/930/864 526/537/521 242/242/238
f 680/715/680 679/714/679 918/930/864
f 918/930/864 681/716/681 680/715/680
f 406/407/400 679/714/679 79/78/78
f 79/78/78 78/77/77 406/407/400
f 682/717/682 408/408/401 88/87/87
f 88/87/87 479/486/473 682/717/682
f 333/332/326 682/717/682 482/489/476
f 482/489/476 334/333/327 333/332/326
f 683/719/683 400/718/394 75/74/74
f 75/74/74 388/389/382 683/719/683
f 530/635/611 684/720/684 686/723/686
f 686/723/686 531/636/612 530/635/611
f 394/395/388 685/722/685 66/65/65
f 66/65/65 65/64/64 394/395/388
f 691/728/691 534/544/528 533/543/527
f 688/725/688 533/543/527 689/726/689
f 310/308/302 691/728/691 7/7/7
f 287/285/279 687/724/687 296/294/288
f 296/294/288 1/1/1 287/285/279
f 687/724/687 690/727/690 688/725/688
f 692/729/692 406/407/400 84/83/83
f 84/83/83 222/223/219 692/729/692
f 537/547/531 692/729/692 222/223/219
f 222/223/219 221/222/218 537/547/531
f 693/933/866 342/342/335 35/35/35
f 693/933/866 557/644/619 556/643/618
f 344/345/338 693/933/866 35/35/35
f 35/35/35 34/34/34 344/345/338
f 695/731/694 694/932/865 142/143/141
f 142/143/141 277/568/551 695/731/694
f 558/571/554 695/731/694 278/279/273
f 361/362/355 696/732/695 359/360/353
f 253/252/248 359/360/353 428/431/423
f 428/431/423 256/572/555 253/252/248
f 696/732/695 121/121/120 428/431/423
f 120/918/119 696/732/695 361/362/355
f 361/362/355 357/906/351 120/918/119
f 277/568/551 697/733/696 281/280/274
f 561/574/557 336/335/329 698/734/697
f 343/343/336 698/734/697 33/33/33
f 33/33/33 32/32/32 343/343/336
f 551/564/547 699/735/698 267/265/261
f 267/265/261 263/262/258 551/564/547
f 430/433/425 762/804/762 130/131/129
f 130/131/129 124/125/123 430/433/425
f 701/737/700 427/430/422 123/124/122
f 123/124/122 547/560/543 701/737/700
f 565/660/631 701/737/700 260/258/254
f 260/258/254 259/257/253 565/660/631
f 548/561/544 702/740/703 704/739/702
f 704/739/702 257/255/251 548/561/544
f 702/740/703 707/743/706 703/738/701
f 566/581/563 703/738/701 567/579/562
f 551/564/547 550/563/546 770/958/878
f 770/958/878 553/566/549 551/564/547
f 423/427/418 425/429/421 913/917/858
f 913/917/858 118/916/117 423/427/418
f 708/947/868 344/345/338 345/344/337
f 345/344/337 709/959/853 708/947/868
f 247/584/242 708/937/868 569/585/565
f 360/361/354 708/937/868 709/907/853
f 709/907/853 361/362/355 360/361/354
f 339/338/332 709/959/853 345/344/337
f 345/344/337 340/339/333 339/338/332
f 555/570/553 710/745/708 284/281/275
f 284/281/275 282/283/277 555/570/553
f 711/744/707 710/745/708 154/155/153
f 154/155/153 435/438/430 711/744/707
f 571/587/567 711/744/707 272/270/266
f 272/270/266 271/269/265 571/587/567
f 764/806/764 763/960/879 128/129/127
f 130/131/129 762/804/762 552/565/548
f 550/563/546 705/747/704 768/961/880
f 768/961/880 767/962/881 550/563/546
f 425/429/421 707/743/706 702/740/703
f 702/740/703 549/562/545 425/429/421
f 128/129/127 763/960/879 424/426/419
f 550/563/546 767/962/881 770/958/878
f 718/753/714 520/532/516 772/963/882
f 772/963/882 917/929/863 718/753/714
f 774/812/770 773/964/883 241/241/237
f 719/755/716 671/706/671 776/815/773
f 776/815/773 775/965/884 719/755/716
f 761/803/761 760/802/760 673/708/673
f 719/755/716 775/965/884 780/956/876
f 771/966/885 917/929/863 772/963/882
f 241/241/237 773/964/883 785/940/869
f 785/940/869 414/414/407 241/241/237
f 443/447/437 471/479/466 178/180/178
f 175/177/175 465/470/459 787/822/778
f 787/822/778 916/924/862 175/177/175
f 643/673/642 445/449/439 646/677/646
f 790/817/645 789/819/775 648/681/648
f 786/824/780 916/924/862 787/822/778
f 432/435/427 147/148/146 143/144/142
f 543/555/538 144/145/143 797/967/886
f 797/967/886 796/968/887 543/555/538
f 136/136/134 798/831/785 801/954/875
f 543/555/538 796/968/887 800/946/871
f 632/797/756 47/45/45 367/368/361
f 355/795/754 581/597/577 49/48/48
f 805/969/888 804/970/889 625/655/626
f 364/365/358 626/657/628 758/796/755
f 758/796/755 365/366/359 364/365/358
f 625/655/626 804/970/889 810/953/874
f 810/953/874 346/346/339 625/655/626
f 375/774/369 595/950/591 56/55/55
f 737/776/735 380/381/374 813/838/792
f 813/838/792 812/971/890 737/776/735
f 737/776/735 812/971/890 818/910/855
f 606/625/602 814/843/795 817/837/791
f 817/837/791 738/777/736 606/625/602
f 462/467/456 642/671/640 188/190/188
f 190/192/190 452/456/445 492/501/486
f 489/498/483 599/618/595 822/972/891
f 822/972/891 821/973/892 489/498/483
f 460/465/454 601/620/597 441/445/435
f 489/498/483 821/973/892 823/951/873
f 320/318/312 576/592/572 23/23/23
f 744/782/741 589/606/585 828/855/807
f 828/855/807 827/974/893 744/782/741
f 317/315/309 592/609/588 29/29/29
f 29/29/29 28/28/28 317/315/309
f 831/849/801 15/15/15 825/780/739
f 744/782/741 827/974/893 834/852/804
f 834/852/804 745/783/742 744/782/741
f 640/799/758 514/526/510 486/494/480
f 197/199/197 293/291/285 535/545/529
f 842/975/894 841/976/895 584/600/580
f 454/459/448 453/458/447 484/491/478
f 839/977/896 198/200/198 536/546/530
f 536/546/530 840/978/897 839/977/896
f 584/600/580 841/976/895 844/948/872
f 844/948/872 532/542/526 584/600/580
f 660/693/660 759/801/759 306/304/298
f 846/858/810 12/12/12 7/7/7
f 7/7/7 690/727/690 846/858/810
f 573/589/569 753/792/751 754/793/752
f 754/793/752 576/592/572 573/589/569
f 849/865/817 848/979/898 753/792/751
f 753/792/751 848/979/898 855/863/815
f 855/863/815 286/284/278 753/792/751
f 752/791/750 292/290/284 754/793/752
f 27/27/27 304/302/296 318/316/310
f 318/316/310 28/28/28 27/27/27
f 754/793/752 919/934/867 576/592/572
f 23/23/23 576/592/572 909/904/852
f 49/48/48 581/597/577 577/593/573
f 577/593/573 348/349/342 49/48/48
f 192/194/192 194/196/194 453/458/447
f 484/491/478 453/458/447 194/196/194
f 492/501/486 452/456/445 582/942/578
f 317/315/309 28/28/28 318/316/310
f 590/607/586 743/781/740 389/390/383
f 458/949/452 450/455/444 595/950/591
f 56/55/55 595/950/591 54/53/53
f 460/465/454 441/445/435 167/169/167
f 757/326/320 603/622/599 326/324/318
f 326/324/318 18/18/18 757/326/320
f 466/471/460 177/179/177 540/552/535
f 712/746/709 617/639/615 910/909/854
f 920/941/870 143/144/142 503/516/500
f 432/435/427 143/144/142 920/941/870
f 734/772/733 351/353/346 623/653/624
f 504/517/501 628/659/630 519/531/515
f 519/531/515 717/754/715 504/517/501
f 629/662/632 568/583/564 252/254/250
f 252/254/250 542/554/537 629/662/632
f 47/45/45 633/798/757 127/128/126
f 127/128/126 362/363/356 47/45/45
f 47/45/45 46/44/44 367/368/361
f 514/526/510 639/670/639 226/228/224
f 226/228/224 511/523/507 514/526/510
f 514/526/510 199/201/199 486/494/480
f 62/61/61 448/453/442 642/671/640
f 188/190/188 642/671/640 186/188/186
f 445/449/439 444/448/438 646/677/646
f 759/801/759 659/692/659 315/313/307
f 315/313/307 312/310/304 759/801/759
f 306/304/298 759/801/759 314/312/306
f 314/312/306 13/13/13 306/304/298
f 397/398/391 208/212/208 686/723/686
f 686/723/686 396/397/390 397/398/391
f 392/393/386 93/92/92 760/802/760
f 760/802/760 416/416/409 673/708/673
f 918/930/864 242/242/238 681/716/681
f 535/545/529 293/291/285 689/726/689
f 846/858/810 690/727/690 687/724/687
f 687/724/687 288/286/280 846/858/810
f 762/804/762 700/736/699 699/735/698
f 552/565/548 762/804/762 699/735/698
f 549/562/545 122/123/121 913/917/858
f 425/429/421 549/562/545 913/917/858
f 857/868/819 763/960/879 764/806/764
f 858/980/818 765/567/550 766/807/765
f 860/981/899 767/962/881 768/961/880
f 861/982/900 713/749/710 426/428/420
f 703/738/701 706/742/705 768/983/880
f 768/983/880 705/741/704 703/738/701
f 125/126/124 129/130/128 764/806/764
f 764/806/764 128/129/127 125/126/124
f 862/869/820 771/966/885 772/963/882
f 772/963/882 863/870/821 862/869/820
f 864/871/822 773/964/883 774/812/770
f 865/872/823 775/965/884 776/815/773
f 776/815/773 866/813/771 865/872/823
f 867/814/772 674/709/674 777/756/717
f 518/530/514 779/957/877 772/963/882
f 772/963/882 520/532/516 518/530/514
f 239/239/235 782/810/768 774/812/770
f 774/812/770 241/241/237 239/239/235
f 917/929/863 783/811/769 782/810/768
f 771/966/885 783/811/769 917/929/863
f 671/706/671 672/707/672 776/815/773
f 794/826/781 446/450/440 723/760/721
f 726/874/724 723/760/721 724/816/722
f 793/823/779 786/824/780 787/822/778
f 787/822/778 869/820/776 793/823/779
f 725/762/723 789/819/775 791/818/774
f 465/470/459 792/821/777 787/822/778
f 916/924/862 786/824/780 179/181/179
f 790/817/645 648/681/648 644/680/643
f 802/832/786 148/149/147 727/764/725
f 802/832/786 727/764/725 795/828/783
f 870/984/901 796/968/887 797/967/886
f 797/967/886 730/766/727 870/984/901
f 871/985/902 728/765/726 545/557/540
f 629/665/632 630/829/634 798/831/785
f 798/831/785 136/136/134 629/665/632
f 144/145/143 146/147/145 797/967/886
f 872/880/829 733/770/731 51/50/50
f 51/50/50 735/878/827 872/880/829
f 874/879/828 803/771/732 349/351/344
f 349/351/344 873/986/903 874/879/828
f 876/987/904 804/970/889 805/969/888
f 805/969/888 875/988/905 876/987/904
f 877/877/826 806/773/734 369/370/363
f 369/370/363 878/833/787 877/877/826
f 624/654/625 807/656/627 805/969/888
f 805/969/888 625/655/626 624/654/625
f 739/989/906 58/57/57 811/844/796
f 880/840/789 812/971/890 813/838/792
f 881/882/831 814/843/795 815/842/794
f 882/841/793 608/627/604 377/378/371
f 378/379/372 816/839/790 813/838/792
f 813/838/792 380/381/374 378/379/372
f 468/473/462 607/626/603 814/843/795
f 814/843/795 606/625/602 468/473/462
f 886/990/907 820/778/737 494/504/488
f 888/991/908 821/973/892 822/972/891
f 822/972/891 887/992/909 888/991/908
f 464/469/458 890/993/833 889/994/832
f 598/617/594 600/995/596 822/972/891
f 822/972/891 599/618/595 598/617/594
f 891/893/841 824/779/738 25/25/25
f 893/887/835 825/780/739 826/847/799
f 895/890/838 827/974/893 828/855/807
f 828/855/807 894/891/839 895/890/838
f 896/892/840 829/785/744 322/320/314
f 322/320/314 748/888/836 896/892/840
f 323/321/315 833/851/803 325/323/317
f 587/604/583 591/608/587 828/855/807
f 828/855/807 589/606/585 587/604/583
f 899/996/910 839/977/896 840/978/897
f 900/997/911 841/976/895 842/975/894
f 583/599/579 585/998/581 842/975/894
f 842/975/894 584/600/580 583/599/579
f 843/999/912 536/546/530 844/948/872
f 843/999/912 840/978/897 536/546/530
f 198/200/198 839/977/896 195/197/195
f 902/902/850 845/790/749 14/14/14
f 14/14/14 755/900/848 902/902/850
f 904/896/844 846/858/810 847/857/809
f 853/861/813 12/12/12 846/858/810
f 906/898/846 848/979/898 849/865/817
f 849/865/817 907/899/847 906/898/846
f 908/901/849 850/794/753 308/306/300
f 573/589/569 572/588/568 849/865/817
f 849/865/817 753/792/751 573/589/569
f 857/868/819 714/750/711 716/752/713
f 858/866/818 715/751/712 714/750/711
f 859/1000/913 716/752/713 715/751/712
f 860/981/899 859/1001/913 715/1002/712
f 861/1003/900 716/752/713 859/1000/913
f 716/752/713 423/425/418 424/426/419
f 716/1004/713 861/982/900 426/428/420
f 426/428/420 423/427/418 716/1004/713
f 857/868/819 716/752/713 424/426/419
f 424/426/419 763/960/879 857/868/819
f 859/1005/913 706/742/705 707/743/706
f 859/1005/913 860/1006/899 768/983/880
f 768/983/880 706/742/705 859/1005/913
f 861/982/900 859/1005/913 707/743/706
f 707/743/706 713/749/710 861/982/900
f 715/1002/712 553/566/549 770/958/878
f 766/807/765 553/566/549 715/1002/712
f 860/981/899 715/1002/712 770/958/878
f 770/958/878 767/962/881 860/981/899
f 131/132/130 858/866/818 769/805/763
f 769/805/763 857/868/819 764/806/764
f 131/132/130 765/567/550 858/980/818
f 862/869/820 720/759/720 722/758/719
f 721/757/718 868/873/824 864/871/822
f 721/757/718 720/759/720 867/814/772
f 778/808/766 721/757/718 867/814/772
f 867/814/772 777/756/717 778/808/766
f 868/873/824 784/417/410 785/940/869
f 778/808/766 784/417/410 868/873/824
f 864/871/822 868/873/824 785/940/869
f 785/940/869 773/964/883 864/871/822
f 783/811/769 722/758/719 781/809/767
f 781/809/767 864/871/822 774/812/770
f 862/869/820 722/758/719 783/811/769
f 783/811/769 771/966/885 862/869/820
f 863/870/821 779/957/877 780/956/876
f 780/956/876 865/872/823 863/870/821
f 772/963/882 779/957/877 863/870/821
f 780/956/876 775/965/884 865/872/823
f 724/761/722 869/820/776 725/762/723
f 793/1007/779 869/820/776 724/761/722
f 788/875/782 726/763/724 725/762/723
f 725/762/723 869/820/776 789/819/775
f 794/826/781 723/760/721 726/874/724
f 647/678/647 788/827/782 791/825/774
f 647/678/647 447/451/441 788/827/782
f 802/832/786 729/767/728 730/766/727
f 870/984/901 730/766/727 731/768/729
f 871/985/902 731/768/729 732/769/730
f 799/1008/784 732/769/730 729/767/728
f 731/768/729 544/556/539 800/946/871
f 731/768/729 871/985/902 545/557/540
f 545/557/540 544/556/539 731/768/729
f 870/984/901 731/768/729 800/946/871
f 800/946/871 796/968/887 870/984/901
f 732/769/730 630/664/634 631/663/633
f 799/830/784 630/829/634 732/1009/730
f 871/985/902 732/769/730 631/663/633
f 631/663/633 728/765/726 871/985/902
f 730/766/727 146/147/145 802/832/786
f 797/967/886 146/147/145 730/766/727
f 729/767/728 433/436/428 801/954/875
f 795/828/783 433/436/428 729/767/728
f 799/830/784 729/767/728 801/954/875
f 801/954/875 798/831/785 799/830/784
f 735/878/827 873/986/903 736/876/825
f 872/880/829 735/878/827 736/876/825
f 874/879/828 873/986/903 735/878/827
f 873/986/903 875/988/905 736/876/825
f 876/987/904 875/988/905 873/986/903
f 873/986/903 879/1010/914 876/987/904
f 877/877/826 736/876/825 875/988/905
f 875/988/905 807/656/627 627/658/629
f 627/658/629 877/877/826 875/988/905
f 805/969/888 807/656/627 875/988/905
f 627/658/629 806/773/734 877/877/826
f 50/49/49 874/879/828 808/834/788
f 808/834/788 735/878/827 51/50/50
f 50/49/49 803/771/732 874/879/828
f 368/369/362 872/880/829 878/833/787
f 368/369/362 733/770/731 872/880/829
f 879/1010/914 809/350/343 810/953/874
f 879/1010/914 873/986/903 349/351/344
f 349/351/344 809/350/343 879/1010/914
f 876/987/904 879/1010/914 810/953/874
f 810/953/874 804/970/889 876/987/904
f 740/1011/830 739/989/906 811/844/796
f 880/840/789 740/1011/830 811/844/796
f 811/844/796 884/1012/915 880/840/789
f 815/1013/794 739/989/906 740/1011/830
f 882/841/793 739/1014/906 815/842/794
f 815/842/794 883/1015/916 882/841/793
f 883/1015/916 607/626/603 608/627/604
f 815/842/794 607/626/603 883/1015/916
f 882/841/793 883/1015/916 608/627/604
f 817/837/791 881/882/831 880/835/789
f 817/837/791 814/843/795 881/882/831
f 884/1012/915 57/56/56 818/910/855
f 811/844/796 57/56/56 884/1012/915
f 880/840/789 884/1012/915 818/910/855
f 818/910/855 812/971/890 880/840/789
f 376/377/370 739/1014/906 882/841/793
f 376/775/370 58/57/57 739/989/906
f 741/1016/917 885/1017/918 742/883/798
f 819/845/797 741/1018/917 742/846/798
f 886/1019/907 885/1017/918 741/1016/917
f 885/1017/918 887/992/909 742/883/798
f 888/991/908 887/992/909 885/1017/918
f 889/884/832 742/883/798 887/992/909
f 885/1017/918 493/952/487 823/951/873
f 885/1020/918 886/990/907 494/504/488
f 494/504/488 493/503/487 885/1020/918
f 888/991/908 885/1017/918 823/951/873
f 823/951/873 821/973/892 888/991/908
f 890/993/833 461/466/455 742/846/798
f 464/469/458 461/466/455 890/993/833
f 742/846/798 463/468/457 819/845/797
f 887/1021/909 600/619/596 602/621/598
f 602/621/598 889/994/832 887/1021/909
f 822/972/891 600/995/596 887/992/909
f 602/621/598 464/469/458 889/994/832
f 741/1018/917 189/191/189 191/193/191
f 819/845/797 189/191/189 741/1018/917
f 886/990/907 741/1018/917 191/193/191
f 191/193/191 820/778/737 886/990/907
f 891/893/841 747/894/842 748/888/836
f 748/888/836 897/889/837 891/893/841
f 893/887/835 892/886/834 747/894/842
f 892/886/834 894/891/839 747/894/842
f 894/891/839 748/888/836 747/894/842
f 895/890/838 894/891/839 892/886/834
f 896/892/840 748/888/836 894/891/839
f 321/319/313 897/889/837 835/853/805
f 835/853/805 748/888/836 322/320/314
f 891/893/841 897/889/837 321/319/313
f 321/319/313 824/779/738 891/893/841
f 834/852/804 895/890/838 832/850/802
f 834/852/804 827/974/893 895/890/838
f 593/610/589 896/892/840 836/854/806
f 836/854/806 894/891/839 828/855/807
f 593/610/589 829/785/744 896/892/840
f 831/849/801 893/887/835 830/848/800
f 830/848/800 891/893/841 25/25/25
f 831/849/801 825/780/739 893/887/835
f 749/787/746 898/1022/919 750/788/747
f 838/1023/808 749/787/746 751/789/748
f 899/1024/910 898/1022/919 749/787/746
f 900/1025/911 750/788/747 898/1022/919
f 901/1026/920 751/789/748 750/788/747
f 898/1027/919 843/999/912 844/948/872
f 898/1027/919 899/996/910 840/978/897
f 840/978/897 843/999/912 898/1027/919
f 900/997/911 898/1027/919 844/948/872
f 844/948/872 841/976/895 900/997/911
f 751/1028/748 485/492/479 487/495/481
f 751/789/748 901/1026/920 488/497/482
f 488/497/482 485/496/479 751/789/748
f 838/856/808 751/1028/748 487/495/481
f 487/495/481 837/786/745 838/856/808
f 749/1029/746 195/197/195 839/977/896
f 838/856/808 195/203/195 749/1030/746
f 899/996/910 749/1029/746 839/977/896
f 750/788/747 585/601/581 586/603/582
f 750/1031/747 900/997/911 842/975/894
f 842/975/894 585/998/581 750/1031/747
f 901/1026/920 750/788/747 586/603/582
f 586/603/582 488/497/482 901/1026/920
f 755/900/848 903/895/843 756/903/851
f 902/902/850 755/900/848 756/903/851
f 904/896/844 903/895/843 755/900/848
f 755/900/848 853/861/813 904/896/844
f 903/895/843 905/897/845 756/903/851
f 906/898/846 905/897/845 903/895/843
f 908/901/849 756/903/851 905/897/845
f 855/863/815 906/898/846 854/862/814
f 855/863/815 848/979/898 906/898/846
f 852/860/812 755/900/848 14/14/14
f 853/861/813 846/858/810 904/896/844
f 307/305/299 902/902/850 851/859/811
f 851/859/811 908/901/849 308/306/300
f 307/305/299 845/790/749 902/902/850
f 575/591/571 905/897/845 856/864/816
f 856/864/816 907/899/847 849/865/817
f 908/901/849 905/897/845 575/591/571
f 575/591/571 850/794/753 908/901/849
